date,rainfall,humidity,max_temp,min_temp,rainfall_occurrence,year,month,day,day_of_year,week_of_year,season
1990-01-01,9.12258064516129,81.71,26.27,17.8,1,1990,1,1,1,1,hot_rainy
1990-01-02,9.12258064516129,81.71,26.27,17.8,1,1990,1,2,2,1,hot_rainy
1990-01-03,9.12258064516129,81.71,26.27,17.8,1,1990,1,3,3,1,hot_rainy
1990-01-04,9.12258064516129,81.71,26.27,17.8,1,1990,1,4,4,1,hot_rainy
1990-01-05,9.12258064516129,81.71,26.27,17.8,1,1990,1,5,5,1,hot_rainy
1990-01-06,9.12258064516129,81.71,26.27,17.8,1,1990,1,6,6,1,hot_rainy
1990-01-07,9.12258064516129,81.71,26.27,17.8,1,1990,1,7,7,1,hot_rainy
1990-01-08,9.12258064516129,81.71,26.27,17.8,1,1990,1,8,8,2,hot_rainy
1990-01-09,9.12258064516129,81.71,26.27,17.8,1,1990,1,9,9,2,hot_rainy
1990-01-10,9.12258064516129,81.71,26.27,17.8,1,1990,1,10,10,2,hot_rainy
1990-01-11,9.12258064516129,81.71,26.27,17.8,1,1990,1,11,11,2,hot_rainy
1990-01-12,9.12258064516129,81.71,26.27,17.8,1,1990,1,12,12,2,hot_rainy
1990-01-13,9.12258064516129,81.71,26.27,17.8,1,1990,1,13,13,2,hot_rainy
1990-01-14,9.12258064516129,81.71,26.27,17.8,1,1990,1,14,14,2,hot_rainy
1990-01-15,9.12258064516129,81.71,26.27,17.8,1,1990,1,15,15,3,hot_rainy
1990-01-16,9.12258064516129,81.71,26.27,17.8,1,1990,1,16,16,3,hot_rainy
1990-01-17,9.12258064516129,81.71,26.27,17.8,1,1990,1,17,17,3,hot_rainy
1990-01-18,9.12258064516129,81.71,26.27,17.8,1,1990,1,18,18,3,hot_rainy
1990-01-19,9.12258064516129,81.71,26.27,17.8,1,1990,1,19,19,3,hot_rainy
1990-01-20,9.12258064516129,81.71,26.27,17.8,1,1990,1,20,20,3,hot_rainy
1990-01-21,9.12258064516129,81.71,26.27,17.8,1,1990,1,21,21,3,hot_rainy
1990-01-22,9.12258064516129,81.71,26.27,17.8,1,1990,1,22,22,4,hot_rainy
1990-01-23,9.12258064516129,81.71,26.27,17.8,1,1990,1,23,23,4,hot_rainy
1990-01-24,9.12258064516129,81.71,26.27,17.8,1,1990,1,24,24,4,hot_rainy
1990-01-25,9.12258064516129,81.71,26.27,17.8,1,1990,1,25,25,4,hot_rainy
1990-01-26,9.12258064516129,81.71,26.27,17.8,1,1990,1,26,26,4,hot_rainy
1990-01-27,9.12258064516129,81.71,26.27,17.8,1,1990,1,27,27,4,hot_rainy
1990-01-28,9.12258064516129,81.71,26.27,17.8,1,1990,1,28,28,4,hot_rainy
1990-01-29,9.12258064516129,81.71,26.27,17.8,1,1990,1,29,29,5,hot_rainy
1990-01-30,9.12258064516129,81.71,26.27,17.8,1,1990,1,30,30,5,hot_rainy
1990-01-31,9.12258064516129,81.71,26.27,17.8,1,1990,1,31,31,5,hot_rainy
1990-02-01,8.964285714285714,78.43,27.26,16.52,1,1990,2,1,32,5,hot_rainy
1990-02-02,8.964285714285714,78.43,27.26,16.52,1,1990,2,2,33,5,hot_rainy
1990-02-03,8.964285714285714,78.43,27.26,16.52,1,1990,2,3,34,5,hot_rainy
1990-02-04,8.964285714285714,78.43,27.26,16.52,1,1990,2,4,35,5,hot_rainy
1990-02-05,8.964285714285714,78.43,27.26,16.52,1,1990,2,5,36,6,hot_rainy
1990-02-06,8.964285714285714,78.43,27.26,16.52,1,1990,2,6,37,6,hot_rainy
1990-02-07,8.964285714285714,78.43,27.26,16.52,1,1990,2,7,38,6,hot_rainy
1990-02-08,8.964285714285714,78.43,27.26,16.52,1,1990,2,8,39,6,hot_rainy
1990-02-09,8.964285714285714,78.43,27.26,16.52,1,1990,2,9,40,6,hot_rainy
1990-02-10,8.964285714285714,78.43,27.26,16.52,1,1990,2,10,41,6,hot_rainy
1990-02-11,8.964285714285714,78.43,27.26,16.52,1,1990,2,11,42,6,hot_rainy
1990-02-12,8.964285714285714,78.43,27.26,16.52,1,1990,2,12,43,7,hot_rainy
1990-02-13,8.964285714285714,78.43,27.26,16.52,1,1990,2,13,44,7,hot_rainy
1990-02-14,8.964285714285714,78.43,27.26,16.52,1,1990,2,14,45,7,hot_rainy
1990-02-15,8.964285714285714,78.43,27.26,16.52,1,1990,2,15,46,7,hot_rainy
1990-02-16,8.964285714285714,78.43,27.26,16.52,1,1990,2,16,47,7,hot_rainy
1990-02-17,8.964285714285714,78.43,27.26,16.52,1,1990,2,17,48,7,hot_rainy
1990-02-18,8.964285714285714,78.43,27.26,16.52,1,1990,2,18,49,7,hot_rainy
1990-02-19,8.964285714285714,78.43,27.26,16.52,1,1990,2,19,50,8,hot_rainy
1990-02-20,8.964285714285714,78.43,27.26,16.52,1,1990,2,20,51,8,hot_rainy
1990-02-21,8.964285714285714,78.43,27.26,16.52,1,1990,2,21,52,8,hot_rainy
1990-02-22,8.964285714285714,78.43,27.26,16.52,1,1990,2,22,53,8,hot_rainy
1990-02-23,8.964285714285714,78.43,27.26,16.52,1,1990,2,23,54,8,hot_rainy
1990-02-24,8.964285714285714,78.43,27.26,16.52,1,1990,2,24,55,8,hot_rainy
1990-02-25,8.964285714285714,78.43,27.26,16.52,1,1990,2,25,56,8,hot_rainy
1990-02-26,8.964285714285714,78.43,27.26,16.52,1,1990,2,26,57,9,hot_rainy
1990-02-27,8.964285714285714,78.43,27.26,16.52,1,1990,2,27,58,9,hot_rainy
1990-02-28,8.964285714285714,78.43,27.26,16.52,1,1990,2,28,59,9,hot_rainy
1990-03-01,0.9064516129032258,68.76,28.22,14.8,0,1990,3,1,60,9,hot_rainy
1990-03-02,0.9064516129032258,68.76,28.22,14.8,0,1990,3,2,61,9,hot_rainy
1990-03-03,0.9064516129032258,68.76,28.22,14.8,0,1990,3,3,62,9,hot_rainy
1990-03-04,0.9064516129032258,68.76,28.22,14.8,0,1990,3,4,63,9,hot_rainy
1990-03-05,0.9064516129032258,68.76,28.22,14.8,0,1990,3,5,64,10,hot_rainy
1990-03-06,0.9064516129032258,68.76,28.22,14.8,0,1990,3,6,65,10,hot_rainy
1990-03-07,0.9064516129032258,68.76,28.22,14.8,0,1990,3,7,66,10,hot_rainy
1990-03-08,0.9064516129032258,68.76,28.22,14.8,0,1990,3,8,67,10,hot_rainy
1990-03-09,0.9064516129032258,68.76,28.22,14.8,0,1990,3,9,68,10,hot_rainy
1990-03-10,0.9064516129032258,68.76,28.22,14.8,0,1990,3,10,69,10,hot_rainy
1990-03-11,0.9064516129032258,68.76,28.22,14.8,0,1990,3,11,70,10,hot_rainy
1990-03-12,0.9064516129032258,68.76,28.22,14.8,0,1990,3,12,71,11,hot_rainy
1990-03-13,0.9064516129032258,68.76,28.22,14.8,0,1990,3,13,72,11,hot_rainy
1990-03-14,0.9064516129032258,68.76,28.22,14.8,0,1990,3,14,73,11,hot_rainy
1990-03-15,0.9064516129032258,68.76,28.22,14.8,0,1990,3,15,74,11,hot_rainy
1990-03-16,0.9064516129032258,68.76,28.22,14.8,0,1990,3,16,75,11,hot_rainy
1990-03-17,0.9064516129032258,68.76,28.22,14.8,0,1990,3,17,76,11,hot_rainy
1990-03-18,0.9064516129032258,68.76,28.22,14.8,0,1990,3,18,77,11,hot_rainy
1990-03-19,0.9064516129032258,68.76,28.22,14.8,0,1990,3,19,78,12,hot_rainy
1990-03-20,0.9064516129032258,68.76,28.22,14.8,0,1990,3,20,79,12,hot_rainy
1990-03-21,0.9064516129032258,68.76,28.22,14.8,0,1990,3,21,80,12,hot_rainy
1990-03-22,0.9064516129032258,68.76,28.22,14.8,0,1990,3,22,81,12,hot_rainy
1990-03-23,0.9064516129032258,68.76,28.22,14.8,0,1990,3,23,82,12,hot_rainy
1990-03-24,0.9064516129032258,68.76,28.22,14.8,0,1990,3,24,83,12,hot_rainy
1990-03-25,0.9064516129032258,68.76,28.22,14.8,0,1990,3,25,84,12,hot_rainy
1990-03-26,0.9064516129032258,68.76,28.22,14.8,0,1990,3,26,85,13,hot_rainy
1990-03-27,0.9064516129032258,68.76,28.22,14.8,0,1990,3,27,86,13,hot_rainy
1990-03-28,0.9064516129032258,68.76,28.22,14.8,0,1990,3,28,87,13,hot_rainy
1990-03-29,0.9064516129032258,68.76,28.22,14.8,0,1990,3,29,88,13,hot_rainy
1990-03-30,0.9064516129032258,68.76,28.22,14.8,0,1990,3,30,89,13,hot_rainy
1990-03-31,0.9064516129032258,68.76,28.22,14.8,0,1990,3,31,90,13,hot_rainy
1990-04-01,2.013333333333333,69.46,27.19,13.36,1,1990,4,1,91,13,hot_rainy
1990-04-02,2.013333333333333,69.46,27.19,13.36,1,1990,4,2,92,14,hot_rainy
1990-04-03,2.013333333333333,69.46,27.19,13.36,1,1990,4,3,93,14,hot_rainy
1990-04-04,2.013333333333333,69.46,27.19,13.36,1,1990,4,4,94,14,hot_rainy
1990-04-05,2.013333333333333,69.46,27.19,13.36,1,1990,4,5,95,14,hot_rainy
1990-04-06,2.013333333333333,69.46,27.19,13.36,1,1990,4,6,96,14,hot_rainy
1990-04-07,2.013333333333333,69.46,27.19,13.36,1,1990,4,7,97,14,hot_rainy
1990-04-08,2.013333333333333,69.46,27.19,13.36,1,1990,4,8,98,14,hot_rainy
1990-04-09,2.013333333333333,69.46,27.19,13.36,1,1990,4,9,99,15,hot_rainy
1990-04-10,2.013333333333333,69.46,27.19,13.36,1,1990,4,10,100,15,hot_rainy
1990-04-11,2.013333333333333,69.46,27.19,13.36,1,1990,4,11,101,15,hot_rainy
1990-04-12,2.013333333333333,69.46,27.19,13.36,1,1990,4,12,102,15,hot_rainy
1990-04-13,2.013333333333333,69.46,27.19,13.36,1,1990,4,13,103,15,hot_rainy
1990-04-14,2.013333333333333,69.46,27.19,13.36,1,1990,4,14,104,15,hot_rainy
1990-04-15,2.013333333333333,69.46,27.19,13.36,1,1990,4,15,105,15,hot_rainy
1990-04-16,2.013333333333333,69.46,27.19,13.36,1,1990,4,16,106,16,hot_rainy
1990-04-17,2.013333333333333,69.46,27.19,13.36,1,1990,4,17,107,16,hot_rainy
1990-04-18,2.013333333333333,69.46,27.19,13.36,1,1990,4,18,108,16,hot_rainy
1990-04-19,2.013333333333333,69.46,27.19,13.36,1,1990,4,19,109,16,hot_rainy
1990-04-20,2.013333333333333,69.46,27.19,13.36,1,1990,4,20,110,16,hot_rainy
1990-04-21,2.013333333333333,69.46,27.19,13.36,1,1990,4,21,111,16,hot_rainy
1990-04-22,2.013333333333333,69.46,27.19,13.36,1,1990,4,22,112,16,hot_rainy
1990-04-23,2.013333333333333,69.46,27.19,13.36,1,1990,4,23,113,17,hot_rainy
1990-04-24,2.013333333333333,69.46,27.19,13.36,1,1990,4,24,114,17,hot_rainy
1990-04-25,2.013333333333333,69.46,27.19,13.36,1,1990,4,25,115,17,hot_rainy
1990-04-26,2.013333333333333,69.46,27.19,13.36,1,1990,4,26,116,17,hot_rainy
1990-04-27,2.013333333333333,69.46,27.19,13.36,1,1990,4,27,117,17,hot_rainy
1990-04-28,2.013333333333333,69.46,27.19,13.36,1,1990,4,28,118,17,hot_rainy
1990-04-29,2.013333333333333,69.46,27.19,13.36,1,1990,4,29,119,17,hot_rainy
1990-04-30,2.013333333333333,69.46,27.19,13.36,1,1990,4,30,120,18,hot_rainy
1990-05-01,0.04838709677419355,66.26,25.58,9.82,0,1990,5,1,121,18,cool_dry
1990-05-02,0.04838709677419355,66.26,25.58,9.82,0,1990,5,2,122,18,cool_dry
1990-05-03,0.04838709677419355,66.26,25.58,9.82,0,1990,5,3,123,18,cool_dry
1990-05-04,0.04838709677419355,66.26,25.58,9.82,0,1990,5,4,124,18,cool_dry
1990-05-05,0.04838709677419355,66.26,25.58,9.82,0,1990,5,5,125,18,cool_dry
1990-05-06,0.04838709677419355,66.26,25.58,9.82,0,1990,5,6,126,18,cool_dry
1990-05-07,0.04838709677419355,66.26,25.58,9.82,0,1990,5,7,127,19,cool_dry
1990-05-08,0.04838709677419355,66.26,25.58,9.82,0,1990,5,8,128,19,cool_dry
1990-05-09,0.04838709677419355,66.26,25.58,9.82,0,1990,5,9,129,19,cool_dry
1990-05-10,0.04838709677419355,66.26,25.58,9.82,0,1990,5,10,130,19,cool_dry
1990-05-11,0.04838709677419355,66.26,25.58,9.82,0,1990,5,11,131,19,cool_dry
1990-05-12,0.04838709677419355,66.26,25.58,9.82,0,1990,5,12,132,19,cool_dry
1990-05-13,0.04838709677419355,66.26,25.58,9.82,0,1990,5,13,133,19,cool_dry
1990-05-14,0.04838709677419355,66.26,25.58,9.82,0,1990,5,14,134,20,cool_dry
1990-05-15,0.04838709677419355,66.26,25.58,9.82,0,1990,5,15,135,20,cool_dry
1990-05-16,0.04838709677419355,66.26,25.58,9.82,0,1990,5,16,136,20,cool_dry
1990-05-17,0.04838709677419355,66.26,25.58,9.82,0,1990,5,17,137,20,cool_dry
1990-05-18,0.04838709677419355,66.26,25.58,9.82,0,1990,5,18,138,20,cool_dry
1990-05-19,0.04838709677419355,66.26,25.58,9.82,0,1990,5,19,139,20,cool_dry
1990-05-20,0.04838709677419355,66.26,25.58,9.82,0,1990,5,20,140,20,cool_dry
1990-05-21,0.04838709677419355,66.26,25.58,9.82,0,1990,5,21,141,21,cool_dry
1990-05-22,0.04838709677419355,66.26,25.58,9.82,0,1990,5,22,142,21,cool_dry
1990-05-23,0.04838709677419355,66.26,25.58,9.82,0,1990,5,23,143,21,cool_dry
1990-05-24,0.04838709677419355,66.26,25.58,9.82,0,1990,5,24,144,21,cool_dry
1990-05-25,0.04838709677419355,66.26,25.58,9.82,0,1990,5,25,145,21,cool_dry
1990-05-26,0.04838709677419355,66.26,25.58,9.82,0,1990,5,26,146,21,cool_dry
1990-05-27,0.04838709677419355,66.26,25.58,9.82,0,1990,5,27,147,21,cool_dry
1990-05-28,0.04838709677419355,66.26,25.58,9.82,0,1990,5,28,148,22,cool_dry
1990-05-29,0.04838709677419355,66.26,25.58,9.82,0,1990,5,29,149,22,cool_dry
1990-05-30,0.04838709677419355,66.26,25.58,9.82,0,1990,5,30,150,22,cool_dry
1990-05-31,0.04838709677419355,66.26,25.58,9.82,0,1990,5,31,151,22,cool_dry
1990-06-01,0.0,56.97,25.34,7.89,0,1990,6,1,152,22,cool_dry
1990-06-02,0.0,56.97,25.34,7.89,0,1990,6,2,153,22,cool_dry
1990-06-03,0.0,56.97,25.34,7.89,0,1990,6,3,154,22,cool_dry
1990-06-04,0.0,56.97,25.34,7.89,0,1990,6,4,155,23,cool_dry
1990-06-05,0.0,56.97,25.34,7.89,0,1990,6,5,156,23,cool_dry
1990-06-06,0.0,56.97,25.34,7.89,0,1990,6,6,157,23,cool_dry
1990-06-07,0.0,56.97,25.34,7.89,0,1990,6,7,158,23,cool_dry
1990-06-08,0.0,56.97,25.34,7.89,0,1990,6,8,159,23,cool_dry
1990-06-09,0.0,56.97,25.34,7.89,0,1990,6,9,160,23,cool_dry
1990-06-10,0.0,56.97,25.34,7.89,0,1990,6,10,161,23,cool_dry
1990-06-11,0.0,56.97,25.34,7.89,0,1990,6,11,162,24,cool_dry
1990-06-12,0.0,56.97,25.34,7.89,0,1990,6,12,163,24,cool_dry
1990-06-13,0.0,56.97,25.34,7.89,0,1990,6,13,164,24,cool_dry
1990-06-14,0.0,56.97,25.34,7.89,0,1990,6,14,165,24,cool_dry
1990-06-15,0.0,56.97,25.34,7.89,0,1990,6,15,166,24,cool_dry
1990-06-16,0.0,56.97,25.34,7.89,0,1990,6,16,167,24,cool_dry
1990-06-17,0.0,56.97,25.34,7.89,0,1990,6,17,168,24,cool_dry
1990-06-18,0.0,56.97,25.34,7.89,0,1990,6,18,169,25,cool_dry
1990-06-19,0.0,56.97,25.34,7.89,0,1990,6,19,170,25,cool_dry
1990-06-20,0.0,56.97,25.34,7.89,0,1990,6,20,171,25,cool_dry
1990-06-21,0.0,56.97,25.34,7.89,0,1990,6,21,172,25,cool_dry
1990-06-22,0.0,56.97,25.34,7.89,0,1990,6,22,173,25,cool_dry
1990-06-23,0.0,56.97,25.34,7.89,0,1990,6,23,174,25,cool_dry
1990-06-24,0.0,56.97,25.34,7.89,0,1990,6,24,175,25,cool_dry
1990-06-25,0.0,56.97,25.34,7.89,0,1990,6,25,176,26,cool_dry
1990-06-26,0.0,56.97,25.34,7.89,0,1990,6,26,177,26,cool_dry
1990-06-27,0.0,56.97,25.34,7.89,0,1990,6,27,178,26,cool_dry
1990-06-28,0.0,56.97,25.34,7.89,0,1990,6,28,179,26,cool_dry
1990-06-29,0.0,56.97,25.34,7.89,0,1990,6,29,180,26,cool_dry
1990-06-30,0.0,56.97,25.34,7.89,0,1990,6,30,181,26,cool_dry
1990-07-01,0.0,51.43,25.47,5.9,0,1990,7,1,182,26,cool_dry
1990-07-02,0.0,51.43,25.47,5.9,0,1990,7,2,183,27,cool_dry
1990-07-03,0.0,51.43,25.47,5.9,0,1990,7,3,184,27,cool_dry
1990-07-04,0.0,51.43,25.47,5.9,0,1990,7,4,185,27,cool_dry
1990-07-05,0.0,51.43,25.47,5.9,0,1990,7,5,186,27,cool_dry
1990-07-06,0.0,51.43,25.47,5.9,0,1990,7,6,187,27,cool_dry
1990-07-07,0.0,51.43,25.47,5.9,0,1990,7,7,188,27,cool_dry
1990-07-08,0.0,51.43,25.47,5.9,0,1990,7,8,189,27,cool_dry
1990-07-09,0.0,51.43,25.47,5.9,0,1990,7,9,190,28,cool_dry
1990-07-10,0.0,51.43,25.47,5.9,0,1990,7,10,191,28,cool_dry
1990-07-11,0.0,51.43,25.47,5.9,0,1990,7,11,192,28,cool_dry
1990-07-12,0.0,51.43,25.47,5.9,0,1990,7,12,193,28,cool_dry
1990-07-13,0.0,51.43,25.47,5.9,0,1990,7,13,194,28,cool_dry
1990-07-14,0.0,51.43,25.47,5.9,0,1990,7,14,195,28,cool_dry
1990-07-15,0.0,51.43,25.47,5.9,0,1990,7,15,196,28,cool_dry
1990-07-16,0.0,51.43,25.47,5.9,0,1990,7,16,197,29,cool_dry
1990-07-17,0.0,51.43,25.47,5.9,0,1990,7,17,198,29,cool_dry
1990-07-18,0.0,51.43,25.47,5.9,0,1990,7,18,199,29,cool_dry
1990-07-19,0.0,51.43,25.47,5.9,0,1990,7,19,200,29,cool_dry
1990-07-20,0.0,51.43,25.47,5.9,0,1990,7,20,201,29,cool_dry
1990-07-21,0.0,51.43,25.47,5.9,0,1990,7,21,202,29,cool_dry
1990-07-22,0.0,51.43,25.47,5.9,0,1990,7,22,203,29,cool_dry
1990-07-23,0.0,51.43,25.47,5.9,0,1990,7,23,204,30,cool_dry
1990-07-24,0.0,51.43,25.47,5.9,0,1990,7,24,205,30,cool_dry
1990-07-25,0.0,51.43,25.47,5.9,0,1990,7,25,206,30,cool_dry
1990-07-26,0.0,51.43,25.47,5.9,0,1990,7,26,207,30,cool_dry
1990-07-27,0.0,51.43,25.47,5.9,0,1990,7,27,208,30,cool_dry
1990-07-28,0.0,51.43,25.47,5.9,0,1990,7,28,209,30,cool_dry
1990-07-29,0.0,51.43,25.47,5.9,0,1990,7,29,210,30,cool_dry
1990-07-30,0.0,51.43,25.47,5.9,0,1990,7,30,211,31,cool_dry
1990-07-31,0.0,51.43,25.47,5.9,0,1990,7,31,212,31,cool_dry
1990-08-01,0.0,49.88,25.27,7.5,0,1990,8,1,213,31,cool_dry
1990-08-02,0.0,49.88,25.27,7.5,0,1990,8,2,214,31,cool_dry
1990-08-03,0.0,49.88,25.27,7.5,0,1990,8,3,215,31,cool_dry
1990-08-04,0.0,49.88,25.27,7.5,0,1990,8,4,216,31,cool_dry
1990-08-05,0.0,49.88,25.27,7.5,0,1990,8,5,217,31,cool_dry
1990-08-06,0.0,49.88,25.27,7.5,0,1990,8,6,218,32,cool_dry
1990-08-07,0.0,49.88,25.27,7.5,0,1990,8,7,219,32,cool_dry
1990-08-08,0.0,49.88,25.27,7.5,0,1990,8,8,220,32,cool_dry
1990-08-09,0.0,49.88,25.27,7.5,0,1990,8,9,221,32,cool_dry
1990-08-10,0.0,49.88,25.27,7.5,0,1990,8,10,222,32,cool_dry
1990-08-11,0.0,49.88,25.27,7.5,0,1990,8,11,223,32,cool_dry
1990-08-12,0.0,49.88,25.27,7.5,0,1990,8,12,224,32,cool_dry
1990-08-13,0.0,49.88,25.27,7.5,0,1990,8,13,225,33,cool_dry
1990-08-14,0.0,49.88,25.27,7.5,0,1990,8,14,226,33,cool_dry
1990-08-15,0.0,49.88,25.27,7.5,0,1990,8,15,227,33,cool_dry
1990-08-16,0.0,49.88,25.27,7.5,0,1990,8,16,228,33,cool_dry
1990-08-17,0.0,49.88,25.27,7.5,0,1990,8,17,229,33,cool_dry
1990-08-18,0.0,49.88,25.27,7.5,0,1990,8,18,230,33,cool_dry
1990-08-19,0.0,49.88,25.27,7.5,0,1990,8,19,231,33,cool_dry
1990-08-20,0.0,49.88,25.27,7.5,0,1990,8,20,232,34,cool_dry
1990-08-21,0.0,49.88,25.27,7.5,0,1990,8,21,233,34,cool_dry
1990-08-22,0.0,49.88,25.27,7.5,0,1990,8,22,234,34,cool_dry
1990-08-23,0.0,49.88,25.27,7.5,0,1990,8,23,235,34,cool_dry
1990-08-24,0.0,49.88,25.27,7.5,0,1990,8,24,236,34,cool_dry
1990-08-25,0.0,49.88,25.27,7.5,0,1990,8,25,237,34,cool_dry
1990-08-26,0.0,49.88,25.27,7.5,0,1990,8,26,238,34,cool_dry
1990-08-27,0.0,49.88,25.27,7.5,0,1990,8,27,239,35,cool_dry
1990-08-28,0.0,49.88,25.27,7.5,0,1990,8,28,240,35,cool_dry
1990-08-29,0.0,49.88,25.27,7.5,0,1990,8,29,241,35,cool_dry
1990-08-30,0.0,49.88,25.27,7.5,0,1990,8,30,242,35,cool_dry
1990-08-31,0.0,49.88,25.27,7.5,0,1990,8,31,243,35,cool_dry
1990-09-01,0.0,41.2,28.71,11.49,0,1990,9,1,244,35,hot_dry
1990-09-02,0.0,41.2,28.71,11.49,0,1990,9,2,245,35,hot_dry
1990-09-03,0.0,41.2,28.71,11.49,0,1990,9,3,246,36,hot_dry
1990-09-04,0.0,41.2,28.71,11.49,0,1990,9,4,247,36,hot_dry
1990-09-05,0.0,41.2,28.71,11.49,0,1990,9,5,248,36,hot_dry
1990-09-06,0.0,41.2,28.71,11.49,0,1990,9,6,249,36,hot_dry
1990-09-07,0.0,41.2,28.71,11.49,0,1990,9,7,250,36,hot_dry
1990-09-08,0.0,41.2,28.71,11.49,0,1990,9,8,251,36,hot_dry
1990-09-09,0.0,41.2,28.71,11.49,0,1990,9,9,252,36,hot_dry
1990-09-10,0.0,41.2,28.71,11.49,0,1990,9,10,253,37,hot_dry
1990-09-11,0.0,41.2,28.71,11.49,0,1990,9,11,254,37,hot_dry
1990-09-12,0.0,41.2,28.71,11.49,0,1990,9,12,255,37,hot_dry
1990-09-13,0.0,41.2,28.71,11.49,0,1990,9,13,256,37,hot_dry
1990-09-14,0.0,41.2,28.71,11.49,0,1990,9,14,257,37,hot_dry
1990-09-15,0.0,41.2,28.71,11.49,0,1990,9,15,258,37,hot_dry
1990-09-16,0.0,41.2,28.71,11.49,0,1990,9,16,259,37,hot_dry
1990-09-17,0.0,41.2,28.71,11.49,0,1990,9,17,260,38,hot_dry
1990-09-18,0.0,41.2,28.71,11.49,0,1990,9,18,261,38,hot_dry
1990-09-19,0.0,41.2,28.71,11.49,0,1990,9,19,262,38,hot_dry
1990-09-20,0.0,41.2,28.71,11.49,0,1990,9,20,263,38,hot_dry
1990-09-21,0.0,41.2,28.71,11.49,0,1990,9,21,264,38,hot_dry
1990-09-22,0.0,41.2,28.71,11.49,0,1990,9,22,265,38,hot_dry
1990-09-23,0.0,41.2,28.71,11.49,0,1990,9,23,266,38,hot_dry
1990-09-24,0.0,41.2,28.71,11.49,0,1990,9,24,267,39,hot_dry
1990-09-25,0.0,41.2,28.71,11.49,0,1990,9,25,268,39,hot_dry
1990-09-26,0.0,41.2,28.71,11.49,0,1990,9,26,269,39,hot_dry
1990-09-27,0.0,41.2,28.71,11.49,0,1990,9,27,270,39,hot_dry
1990-09-28,0.0,41.2,28.71,11.49,0,1990,9,28,271,39,hot_dry
1990-09-29,0.0,41.2,28.71,11.49,0,1990,9,29,272,39,hot_dry
1990-09-30,0.0,41.2,28.71,11.49,0,1990,9,30,273,39,hot_dry
1990-10-01,0.16774193548387098,41.62,32.07,15.94,0,1990,10,1,274,40,hot_dry
1990-10-02,0.16774193548387098,41.62,32.07,15.94,0,1990,10,2,275,40,hot_dry
1990-10-03,0.16774193548387098,41.62,32.07,15.94,0,1990,10,3,276,40,hot_dry
1990-10-04,0.16774193548387098,41.62,32.07,15.94,0,1990,10,4,277,40,hot_dry
1990-10-05,0.16774193548387098,41.62,32.07,15.94,0,1990,10,5,278,40,hot_dry
1990-10-06,0.16774193548387098,41.62,32.07,15.94,0,1990,10,6,279,40,hot_dry
1990-10-07,0.16774193548387098,41.62,32.07,15.94,0,1990,10,7,280,40,hot_dry
1990-10-08,0.16774193548387098,41.62,32.07,15.94,0,1990,10,8,281,41,hot_dry
1990-10-09,0.16774193548387098,41.62,32.07,15.94,0,1990,10,9,282,41,hot_dry
1990-10-10,0.16774193548387098,41.62,32.07,15.94,0,1990,10,10,283,41,hot_dry
1990-10-11,0.16774193548387098,41.62,32.07,15.94,0,1990,10,11,284,41,hot_dry
1990-10-12,0.16774193548387098,41.62,32.07,15.94,0,1990,10,12,285,41,hot_dry
1990-10-13,0.16774193548387098,41.62,32.07,15.94,0,1990,10,13,286,41,hot_dry
1990-10-14,0.16774193548387098,41.62,32.07,15.94,0,1990,10,14,287,41,hot_dry
1990-10-15,0.16774193548387098,41.62,32.07,15.94,0,1990,10,15,288,42,hot_dry
1990-10-16,0.16774193548387098,41.62,32.07,15.94,0,1990,10,16,289,42,hot_dry
1990-10-17,0.16774193548387098,41.62,32.07,15.94,0,1990,10,17,290,42,hot_dry
1990-10-18,0.16774193548387098,41.62,32.07,15.94,0,1990,10,18,291,42,hot_dry
1990-10-19,0.16774193548387098,41.62,32.07,15.94,0,1990,10,19,292,42,hot_dry
1990-10-20,0.16774193548387098,41.62,32.07,15.94,0,1990,10,20,293,42,hot_dry
1990-10-21,0.16774193548387098,41.62,32.07,15.94,0,1990,10,21,294,42,hot_dry
1990-10-22,0.16774193548387098,41.62,32.07,15.94,0,1990,10,22,295,43,hot_dry
1990-10-23,0.16774193548387098,41.62,32.07,15.94,0,1990,10,23,296,43,hot_dry
1990-10-24,0.16774193548387098,41.62,32.07,15.94,0,1990,10,24,297,43,hot_dry
1990-10-25,0.16774193548387098,41.62,32.07,15.94,0,1990,10,25,298,43,hot_dry
1990-10-26,0.16774193548387098,41.62,32.07,15.94,0,1990,10,26,299,43,hot_dry
1990-10-27,0.16774193548387098,41.62,32.07,15.94,0,1990,10,27,300,43,hot_dry
1990-10-28,0.16774193548387098,41.62,32.07,15.94,0,1990,10,28,301,43,hot_dry
1990-10-29,0.16774193548387098,41.62,32.07,15.94,0,1990,10,29,302,44,hot_dry
1990-10-30,0.16774193548387098,41.62,32.07,15.94,0,1990,10,30,303,44,hot_dry
1990-10-31,0.16774193548387098,41.62,32.07,15.94,0,1990,10,31,304,44,hot_dry
1990-11-01,1.77,50.27,30.81,16.86,1,1990,11,1,305,44,hot_rainy
1990-11-02,1.77,50.27,30.81,16.86,1,1990,11,2,306,44,hot_rainy
1990-11-03,1.77,50.27,30.81,16.86,1,1990,11,3,307,44,hot_rainy
1990-11-04,1.77,50.27,30.81,16.86,1,1990,11,4,308,44,hot_rainy
1990-11-05,1.77,50.27,30.81,16.86,1,1990,11,5,309,45,hot_rainy
1990-11-06,1.77,50.27,30.81,16.86,1,1990,11,6,310,45,hot_rainy
1990-11-07,1.77,50.27,30.81,16.86,1,1990,11,7,311,45,hot_rainy
1990-11-08,1.77,50.27,30.81,16.86,1,1990,11,8,312,45,hot_rainy
1990-11-09,1.77,50.27,30.81,16.86,1,1990,11,9,313,45,hot_rainy
1990-11-10,1.77,50.27,30.81,16.86,1,1990,11,10,314,45,hot_rainy
1990-11-11,1.77,50.27,30.81,16.86,1,1990,11,11,315,45,hot_rainy
1990-11-12,1.77,50.27,30.81,16.86,1,1990,11,12,316,46,hot_rainy
1990-11-13,1.77,50.27,30.81,16.86,1,1990,11,13,317,46,hot_rainy
1990-11-14,1.77,50.27,30.81,16.86,1,1990,11,14,318,46,hot_rainy
1990-11-15,1.77,50.27,30.81,16.86,1,1990,11,15,319,46,hot_rainy
1990-11-16,1.77,50.27,30.81,16.86,1,1990,11,16,320,46,hot_rainy
1990-11-17,1.77,50.27,30.81,16.86,1,1990,11,17,321,46,hot_rainy
1990-11-18,1.77,50.27,30.81,16.86,1,1990,11,18,322,46,hot_rainy
1990-11-19,1.77,50.27,30.81,16.86,1,1990,11,19,323,47,hot_rainy
1990-11-20,1.77,50.27,30.81,16.86,1,1990,11,20,324,47,hot_rainy
1990-11-21,1.77,50.27,30.81,16.86,1,1990,11,21,325,47,hot_rainy
1990-11-22,1.77,50.27,30.81,16.86,1,1990,11,22,326,47,hot_rainy
1990-11-23,1.77,50.27,30.81,16.86,1,1990,11,23,327,47,hot_rainy
1990-11-24,1.77,50.27,30.81,16.86,1,1990,11,24,328,47,hot_rainy
1990-11-25,1.77,50.27,30.81,16.86,1,1990,11,25,329,47,hot_rainy
1990-11-26,1.77,50.27,30.81,16.86,1,1990,11,26,330,48,hot_rainy
1990-11-27,1.77,50.27,30.81,16.86,1,1990,11,27,331,48,hot_rainy
1990-11-28,1.77,50.27,30.81,16.86,1,1990,11,28,332,48,hot_rainy
1990-11-29,1.77,50.27,30.81,16.86,1,1990,11,29,333,48,hot_rainy
1990-11-30,1.77,50.27,30.81,16.86,1,1990,11,30,334,48,hot_rainy
1990-12-01,5.448387096774193,68.13,28.32,17.15,1,1990,12,1,335,48,hot_rainy
1990-12-02,5.448387096774193,68.13,28.32,17.15,1,1990,12,2,336,48,hot_rainy
1990-12-03,5.448387096774193,68.13,28.32,17.15,1,1990,12,3,337,49,hot_rainy
1990-12-04,5.448387096774193,68.13,28.32,17.15,1,1990,12,4,338,49,hot_rainy
1990-12-05,5.448387096774193,68.13,28.32,17.15,1,1990,12,5,339,49,hot_rainy
1990-12-06,5.448387096774193,68.13,28.32,17.15,1,1990,12,6,340,49,hot_rainy
1990-12-07,5.448387096774193,68.13,28.32,17.15,1,1990,12,7,341,49,hot_rainy
1990-12-08,5.448387096774193,68.13,28.32,17.15,1,1990,12,8,342,49,hot_rainy
1990-12-09,5.448387096774193,68.13,28.32,17.15,1,1990,12,9,343,49,hot_rainy
1990-12-10,5.448387096774193,68.13,28.32,17.15,1,1990,12,10,344,50,hot_rainy
1990-12-11,5.448387096774193,68.13,28.32,17.15,1,1990,12,11,345,50,hot_rainy
1990-12-12,5.448387096774193,68.13,28.32,17.15,1,1990,12,12,346,50,hot_rainy
1990-12-13,5.448387096774193,68.13,28.32,17.15,1,1990,12,13,347,50,hot_rainy
1990-12-14,5.448387096774193,68.13,28.32,17.15,1,1990,12,14,348,50,hot_rainy
1990-12-15,5.448387096774193,68.13,28.32,17.15,1,1990,12,15,349,50,hot_rainy
1990-12-16,5.448387096774193,68.13,28.32,17.15,1,1990,12,16,350,50,hot_rainy
1990-12-17,5.448387096774193,68.13,28.32,17.15,1,1990,12,17,351,51,hot_rainy
1990-12-18,5.448387096774193,68.13,28.32,17.15,1,1990,12,18,352,51,hot_rainy
1990-12-19,5.448387096774193,68.13,28.32,17.15,1,1990,12,19,353,51,hot_rainy
1990-12-20,5.448387096774193,68.13,28.32,17.15,1,1990,12,20,354,51,hot_rainy
1990-12-21,5.448387096774193,68.13,28.32,17.15,1,1990,12,21,355,51,hot_rainy
1990-12-22,5.448387096774193,68.13,28.32,17.15,1,1990,12,22,356,51,hot_rainy
1990-12-23,5.448387096774193,68.13,28.32,17.15,1,1990,12,23,357,51,hot_rainy
1990-12-24,5.448387096774193,68.13,28.32,17.15,1,1990,12,24,358,52,hot_rainy
1990-12-25,5.448387096774193,68.13,28.32,17.15,1,1990,12,25,359,52,hot_rainy
1990-12-26,5.448387096774193,68.13,28.32,17.15,1,1990,12,26,360,52,hot_rainy
1990-12-27,5.448387096774193,68.13,28.32,17.15,1,1990,12,27,361,52,hot_rainy
1990-12-28,5.448387096774193,68.13,28.32,17.15,1,1990,12,28,362,52,hot_rainy
1990-12-29,5.448387096774193,68.13,28.32,17.15,1,1990,12,29,363,52,hot_rainy
1990-12-30,5.448387096774193,68.13,28.32,17.15,1,1990,12,30,364,52,hot_rainy
1990-12-31,5.448387096774193,68.13,28.32,17.15,1,1990,12,31,365,1,hot_rainy
1991-01-01,3.9419354838709677,80.55,26.41,17.69,1,1991,1,1,1,1,hot_rainy
1991-01-02,3.9419354838709677,80.55,26.41,17.69,1,1991,1,2,2,1,hot_rainy
1991-01-03,3.9419354838709677,80.55,26.41,17.69,1,1991,1,3,3,1,hot_rainy
1991-01-04,3.9419354838709677,80.55,26.41,17.69,1,1991,1,4,4,1,hot_rainy
1991-01-05,3.9419354838709677,80.55,26.41,17.69,1,1991,1,5,5,1,hot_rainy
1991-01-06,3.9419354838709677,80.55,26.41,17.69,1,1991,1,6,6,1,hot_rainy
1991-01-07,3.9419354838709677,80.55,26.41,17.69,1,1991,1,7,7,2,hot_rainy
1991-01-08,3.9419354838709677,80.55,26.41,17.69,1,1991,1,8,8,2,hot_rainy
1991-01-09,3.9419354838709677,80.55,26.41,17.69,1,1991,1,9,9,2,hot_rainy
1991-01-10,3.9419354838709677,80.55,26.41,17.69,1,1991,1,10,10,2,hot_rainy
1991-01-11,3.9419354838709677,80.55,26.41,17.69,1,1991,1,11,11,2,hot_rainy
1991-01-12,3.9419354838709677,80.55,26.41,17.69,1,1991,1,12,12,2,hot_rainy
1991-01-13,3.9419354838709677,80.55,26.41,17.69,1,1991,1,13,13,2,hot_rainy
1991-01-14,3.9419354838709677,80.55,26.41,17.69,1,1991,1,14,14,3,hot_rainy
1991-01-15,3.9419354838709677,80.55,26.41,17.69,1,1991,1,15,15,3,hot_rainy
1991-01-16,3.9419354838709677,80.55,26.41,17.69,1,1991,1,16,16,3,hot_rainy
1991-01-17,3.9419354838709677,80.55,26.41,17.69,1,1991,1,17,17,3,hot_rainy
1991-01-18,3.9419354838709677,80.55,26.41,17.69,1,1991,1,18,18,3,hot_rainy
1991-01-19,3.9419354838709677,80.55,26.41,17.69,1,1991,1,19,19,3,hot_rainy
1991-01-20,3.9419354838709677,80.55,26.41,17.69,1,1991,1,20,20,3,hot_rainy
1991-01-21,3.9419354838709677,80.55,26.41,17.69,1,1991,1,21,21,4,hot_rainy
1991-01-22,3.9419354838709677,80.55,26.41,17.69,1,1991,1,22,22,4,hot_rainy
1991-01-23,3.9419354838709677,80.55,26.41,17.69,1,1991,1,23,23,4,hot_rainy
1991-01-24,3.9419354838709677,80.55,26.41,17.69,1,1991,1,24,24,4,hot_rainy
1991-01-25,3.9419354838709677,80.55,26.41,17.69,1,1991,1,25,25,4,hot_rainy
1991-01-26,3.9419354838709677,80.55,26.41,17.69,1,1991,1,26,26,4,hot_rainy
1991-01-27,3.9419354838709677,80.55,26.41,17.69,1,1991,1,27,27,4,hot_rainy
1991-01-28,3.9419354838709677,80.55,26.41,17.69,1,1991,1,28,28,5,hot_rainy
1991-01-29,3.9419354838709677,80.55,26.41,17.69,1,1991,1,29,29,5,hot_rainy
1991-01-30,3.9419354838709677,80.55,26.41,17.69,1,1991,1,30,30,5,hot_rainy
1991-01-31,3.9419354838709677,80.55,26.41,17.69,1,1991,1,31,31,5,hot_rainy
1991-02-01,5.460714285714286,76.75,27.7,16.9,1,1991,2,1,32,5,hot_rainy
1991-02-02,5.460714285714286,76.75,27.7,16.9,1,1991,2,2,33,5,hot_rainy
1991-02-03,5.460714285714286,76.75,27.7,16.9,1,1991,2,3,34,5,hot_rainy
1991-02-04,5.460714285714286,76.75,27.7,16.9,1,1991,2,4,35,6,hot_rainy
1991-02-05,5.460714285714286,76.75,27.7,16.9,1,1991,2,5,36,6,hot_rainy
1991-02-06,5.460714285714286,76.75,27.7,16.9,1,1991,2,6,37,6,hot_rainy
1991-02-07,5.460714285714286,76.75,27.7,16.9,1,1991,2,7,38,6,hot_rainy
1991-02-08,5.460714285714286,76.75,27.7,16.9,1,1991,2,8,39,6,hot_rainy
1991-02-09,5.460714285714286,76.75,27.7,16.9,1,1991,2,9,40,6,hot_rainy
1991-02-10,5.460714285714286,76.75,27.7,16.9,1,1991,2,10,41,6,hot_rainy
1991-02-11,5.460714285714286,76.75,27.7,16.9,1,1991,2,11,42,7,hot_rainy
1991-02-12,5.460714285714286,76.75,27.7,16.9,1,1991,2,12,43,7,hot_rainy
1991-02-13,5.460714285714286,76.75,27.7,16.9,1,1991,2,13,44,7,hot_rainy
1991-02-14,5.460714285714286,76.75,27.7,16.9,1,1991,2,14,45,7,hot_rainy
1991-02-15,5.460714285714286,76.75,27.7,16.9,1,1991,2,15,46,7,hot_rainy
1991-02-16,5.460714285714286,76.75,27.7,16.9,1,1991,2,16,47,7,hot_rainy
1991-02-17,5.460714285714286,76.75,27.7,16.9,1,1991,2,17,48,7,hot_rainy
1991-02-18,5.460714285714286,76.75,27.7,16.9,1,1991,2,18,49,8,hot_rainy
1991-02-19,5.460714285714286,76.75,27.7,16.9,1,1991,2,19,50,8,hot_rainy
1991-02-20,5.460714285714286,76.75,27.7,16.9,1,1991,2,20,51,8,hot_rainy
1991-02-21,5.460714285714286,76.75,27.7,16.9,1,1991,2,21,52,8,hot_rainy
1991-02-22,5.460714285714286,76.75,27.7,16.9,1,1991,2,22,53,8,hot_rainy
1991-02-23,5.460714285714286,76.75,27.7,16.9,1,1991,2,23,54,8,hot_rainy
1991-02-24,5.460714285714286,76.75,27.7,16.9,1,1991,2,24,55,8,hot_rainy
1991-02-25,5.460714285714286,76.75,27.7,16.9,1,1991,2,25,56,9,hot_rainy
1991-02-26,5.460714285714286,76.75,27.7,16.9,1,1991,2,26,57,9,hot_rainy
1991-02-27,5.460714285714286,76.75,27.7,16.9,1,1991,2,27,58,9,hot_rainy
1991-02-28,5.460714285714286,76.75,27.7,16.9,1,1991,2,28,59,9,hot_rainy
1991-03-01,3.051612903225806,76.81,27.19,16.36,1,1991,3,1,60,9,hot_rainy
1991-03-02,3.051612903225806,76.81,27.19,16.36,1,1991,3,2,61,9,hot_rainy
1991-03-03,3.051612903225806,76.81,27.19,16.36,1,1991,3,3,62,9,hot_rainy
1991-03-04,3.051612903225806,76.81,27.19,16.36,1,1991,3,4,63,10,hot_rainy
1991-03-05,3.051612903225806,76.81,27.19,16.36,1,1991,3,5,64,10,hot_rainy
1991-03-06,3.051612903225806,76.81,27.19,16.36,1,1991,3,6,65,10,hot_rainy
1991-03-07,3.051612903225806,76.81,27.19,16.36,1,1991,3,7,66,10,hot_rainy
1991-03-08,3.051612903225806,76.81,27.19,16.36,1,1991,3,8,67,10,hot_rainy
1991-03-09,3.051612903225806,76.81,27.19,16.36,1,1991,3,9,68,10,hot_rainy
1991-03-10,3.051612903225806,76.81,27.19,16.36,1,1991,3,10,69,10,hot_rainy
1991-03-11,3.051612903225806,76.81,27.19,16.36,1,1991,3,11,70,11,hot_rainy
1991-03-12,3.051612903225806,76.81,27.19,16.36,1,1991,3,12,71,11,hot_rainy
1991-03-13,3.051612903225806,76.81,27.19,16.36,1,1991,3,13,72,11,hot_rainy
1991-03-14,3.051612903225806,76.81,27.19,16.36,1,1991,3,14,73,11,hot_rainy
1991-03-15,3.051612903225806,76.81,27.19,16.36,1,1991,3,15,74,11,hot_rainy
1991-03-16,3.051612903225806,76.81,27.19,16.36,1,1991,3,16,75,11,hot_rainy
1991-03-17,3.051612903225806,76.81,27.19,16.36,1,1991,3,17,76,11,hot_rainy
1991-03-18,3.051612903225806,76.81,27.19,16.36,1,1991,3,18,77,12,hot_rainy
1991-03-19,3.051612903225806,76.81,27.19,16.36,1,1991,3,19,78,12,hot_rainy
1991-03-20,3.051612903225806,76.81,27.19,16.36,1,1991,3,20,79,12,hot_rainy
1991-03-21,3.051612903225806,76.81,27.19,16.36,1,1991,3,21,80,12,hot_rainy
1991-03-22,3.051612903225806,76.81,27.19,16.36,1,1991,3,22,81,12,hot_rainy
1991-03-23,3.051612903225806,76.81,27.19,16.36,1,1991,3,23,82,12,hot_rainy
1991-03-24,3.051612903225806,76.81,27.19,16.36,1,1991,3,24,83,12,hot_rainy
1991-03-25,3.051612903225806,76.81,27.19,16.36,1,1991,3,25,84,13,hot_rainy
1991-03-26,3.051612903225806,76.81,27.19,16.36,1,1991,3,26,85,13,hot_rainy
1991-03-27,3.051612903225806,76.81,27.19,16.36,1,1991,3,27,86,13,hot_rainy
1991-03-28,3.051612903225806,76.81,27.19,16.36,1,1991,3,28,87,13,hot_rainy
1991-03-29,3.051612903225806,76.81,27.19,16.36,1,1991,3,29,88,13,hot_rainy
1991-03-30,3.051612903225806,76.81,27.19,16.36,1,1991,3,30,89,13,hot_rainy
1991-03-31,3.051612903225806,76.81,27.19,16.36,1,1991,3,31,90,13,hot_rainy
1991-04-01,0.0,65.57,25.88,10.74,0,1991,4,1,91,14,hot_rainy
1991-04-02,0.0,65.57,25.88,10.74,0,1991,4,2,92,14,hot_rainy
1991-04-03,0.0,65.57,25.88,10.74,0,1991,4,3,93,14,hot_rainy
1991-04-04,0.0,65.57,25.88,10.74,0,1991,4,4,94,14,hot_rainy
1991-04-05,0.0,65.57,25.88,10.74,0,1991,4,5,95,14,hot_rainy
1991-04-06,0.0,65.57,25.88,10.74,0,1991,4,6,96,14,hot_rainy
1991-04-07,0.0,65.57,25.88,10.74,0,1991,4,7,97,14,hot_rainy
1991-04-08,0.0,65.57,25.88,10.74,0,1991,4,8,98,15,hot_rainy
1991-04-09,0.0,65.57,25.88,10.74,0,1991,4,9,99,15,hot_rainy
1991-04-10,0.0,65.57,25.88,10.74,0,1991,4,10,100,15,hot_rainy
1991-04-11,0.0,65.57,25.88,10.74,0,1991,4,11,101,15,hot_rainy
1991-04-12,0.0,65.57,25.88,10.74,0,1991,4,12,102,15,hot_rainy
1991-04-13,0.0,65.57,25.88,10.74,0,1991,4,13,103,15,hot_rainy
1991-04-14,0.0,65.57,25.88,10.74,0,1991,4,14,104,15,hot_rainy
1991-04-15,0.0,65.57,25.88,10.74,0,1991,4,15,105,16,hot_rainy
1991-04-16,0.0,65.57,25.88,10.74,0,1991,4,16,106,16,hot_rainy
1991-04-17,0.0,65.57,25.88,10.74,0,1991,4,17,107,16,hot_rainy
1991-04-18,0.0,65.57,25.88,10.74,0,1991,4,18,108,16,hot_rainy
1991-04-19,0.0,65.57,25.88,10.74,0,1991,4,19,109,16,hot_rainy
1991-04-20,0.0,65.57,25.88,10.74,0,1991,4,20,110,16,hot_rainy
1991-04-21,0.0,65.57,25.88,10.74,0,1991,4,21,111,16,hot_rainy
1991-04-22,0.0,65.57,25.88,10.74,0,1991,4,22,112,17,hot_rainy
1991-04-23,0.0,65.57,25.88,10.74,0,1991,4,23,113,17,hot_rainy
1991-04-24,0.0,65.57,25.88,10.74,0,1991,4,24,114,17,hot_rainy
1991-04-25,0.0,65.57,25.88,10.74,0,1991,4,25,115,17,hot_rainy
1991-04-26,0.0,65.57,25.88,10.74,0,1991,4,26,116,17,hot_rainy
1991-04-27,0.0,65.57,25.88,10.74,0,1991,4,27,117,17,hot_rainy
1991-04-28,0.0,65.57,25.88,10.74,0,1991,4,28,118,17,hot_rainy
1991-04-29,0.0,65.57,25.88,10.74,0,1991,4,29,119,18,hot_rainy
1991-04-30,0.0,65.57,25.88,10.74,0,1991,4,30,120,18,hot_rainy
1991-05-01,0.0,57.74,25.39,8.47,0,1991,5,1,121,18,cool_dry
1991-05-02,0.0,57.74,25.39,8.47,0,1991,5,2,122,18,cool_dry
1991-05-03,0.0,57.74,25.39,8.47,0,1991,5,3,123,18,cool_dry
1991-05-04,0.0,57.74,25.39,8.47,0,1991,5,4,124,18,cool_dry
1991-05-05,0.0,57.74,25.39,8.47,0,1991,5,5,125,18,cool_dry
1991-05-06,0.0,57.74,25.39,8.47,0,1991,5,6,126,19,cool_dry
1991-05-07,0.0,57.74,25.39,8.47,0,1991,5,7,127,19,cool_dry
1991-05-08,0.0,57.74,25.39,8.47,0,1991,5,8,128,19,cool_dry
1991-05-09,0.0,57.74,25.39,8.47,0,1991,5,9,129,19,cool_dry
1991-05-10,0.0,57.74,25.39,8.47,0,1991,5,10,130,19,cool_dry
1991-05-11,0.0,57.74,25.39,8.47,0,1991,5,11,131,19,cool_dry
1991-05-12,0.0,57.74,25.39,8.47,0,1991,5,12,132,19,cool_dry
1991-05-13,0.0,57.74,25.39,8.47,0,1991,5,13,133,20,cool_dry
1991-05-14,0.0,57.74,25.39,8.47,0,1991,5,14,134,20,cool_dry
1991-05-15,0.0,57.74,25.39,8.47,0,1991,5,15,135,20,cool_dry
1991-05-16,0.0,57.74,25.39,8.47,0,1991,5,16,136,20,cool_dry
1991-05-17,0.0,57.74,25.39,8.47,0,1991,5,17,137,20,cool_dry
1991-05-18,0.0,57.74,25.39,8.47,0,1991,5,18,138,20,cool_dry
1991-05-19,0.0,57.74,25.39,8.47,0,1991,5,19,139,20,cool_dry
1991-05-20,0.0,57.74,25.39,8.47,0,1991,5,20,140,21,cool_dry
1991-05-21,0.0,57.74,25.39,8.47,0,1991,5,21,141,21,cool_dry
1991-05-22,0.0,57.74,25.39,8.47,0,1991,5,22,142,21,cool_dry
1991-05-23,0.0,57.74,25.39,8.47,0,1991,5,23,143,21,cool_dry
1991-05-24,0.0,57.74,25.39,8.47,0,1991,5,24,144,21,cool_dry
1991-05-25,0.0,57.74,25.39,8.47,0,1991,5,25,145,21,cool_dry
1991-05-26,0.0,57.74,25.39,8.47,0,1991,5,26,146,21,cool_dry
1991-05-27,0.0,57.74,25.39,8.47,0,1991,5,27,147,22,cool_dry
1991-05-28,0.0,57.74,25.39,8.47,0,1991,5,28,148,22,cool_dry
1991-05-29,0.0,57.74,25.39,8.47,0,1991,5,29,149,22,cool_dry
1991-05-30,0.0,57.74,25.39,8.47,0,1991,5,30,150,22,cool_dry
1991-05-31,0.0,57.74,25.39,8.47,0,1991,5,31,151,22,cool_dry
1991-06-01,0.0,55.63,24.17,5.83,0,1991,6,1,152,22,cool_dry
1991-06-02,0.0,55.63,24.17,5.83,0,1991,6,2,153,22,cool_dry
1991-06-03,0.0,55.63,24.17,5.83,0,1991,6,3,154,23,cool_dry
1991-06-04,0.0,55.63,24.17,5.83,0,1991,6,4,155,23,cool_dry
1991-06-05,0.0,55.63,24.17,5.83,0,1991,6,5,156,23,cool_dry
1991-06-06,0.0,55.63,24.17,5.83,0,1991,6,6,157,23,cool_dry
1991-06-07,0.0,55.63,24.17,5.83,0,1991,6,7,158,23,cool_dry
1991-06-08,0.0,55.63,24.17,5.83,0,1991,6,8,159,23,cool_dry
1991-06-09,0.0,55.63,24.17,5.83,0,1991,6,9,160,23,cool_dry
1991-06-10,0.0,55.63,24.17,5.83,0,1991,6,10,161,24,cool_dry
1991-06-11,0.0,55.63,24.17,5.83,0,1991,6,11,162,24,cool_dry
1991-06-12,0.0,55.63,24.17,5.83,0,1991,6,12,163,24,cool_dry
1991-06-13,0.0,55.63,24.17,5.83,0,1991,6,13,164,24,cool_dry
1991-06-14,0.0,55.63,24.17,5.83,0,1991,6,14,165,24,cool_dry
1991-06-15,0.0,55.63,24.17,5.83,0,1991,6,15,166,24,cool_dry
1991-06-16,0.0,55.63,24.17,5.83,0,1991,6,16,167,24,cool_dry
1991-06-17,0.0,55.63,24.17,5.83,0,1991,6,17,168,25,cool_dry
1991-06-18,0.0,55.63,24.17,5.83,0,1991,6,18,169,25,cool_dry
1991-06-19,0.0,55.63,24.17,5.83,0,1991,6,19,170,25,cool_dry
1991-06-20,0.0,55.63,24.17,5.83,0,1991,6,20,171,25,cool_dry
1991-06-21,0.0,55.63,24.17,5.83,0,1991,6,21,172,25,cool_dry
1991-06-22,0.0,55.63,24.17,5.83,0,1991,6,22,173,25,cool_dry
1991-06-23,0.0,55.63,24.17,5.83,0,1991,6,23,174,25,cool_dry
1991-06-24,0.0,55.63,24.17,5.83,0,1991,6,24,175,26,cool_dry
1991-06-25,0.0,55.63,24.17,5.83,0,1991,6,25,176,26,cool_dry
1991-06-26,0.0,55.63,24.17,5.83,0,1991,6,26,177,26,cool_dry
1991-06-27,0.0,55.63,24.17,5.83,0,1991,6,27,178,26,cool_dry
1991-06-28,0.0,55.63,24.17,5.83,0,1991,6,28,179,26,cool_dry
1991-06-29,0.0,55.63,24.17,5.83,0,1991,6,29,180,26,cool_dry
1991-06-30,0.0,55.63,24.17,5.83,0,1991,6,30,181,26,cool_dry
1991-07-01,0.0,52.9,23.0,5.98,0,1991,7,1,182,27,cool_dry
1991-07-02,0.0,52.9,23.0,5.98,0,1991,7,2,183,27,cool_dry
1991-07-03,0.0,52.9,23.0,5.98,0,1991,7,3,184,27,cool_dry
1991-07-04,0.0,52.9,23.0,5.98,0,1991,7,4,185,27,cool_dry
1991-07-05,0.0,52.9,23.0,5.98,0,1991,7,5,186,27,cool_dry
1991-07-06,0.0,52.9,23.0,5.98,0,1991,7,6,187,27,cool_dry
1991-07-07,0.0,52.9,23.0,5.98,0,1991,7,7,188,27,cool_dry
1991-07-08,0.0,52.9,23.0,5.98,0,1991,7,8,189,28,cool_dry
1991-07-09,0.0,52.9,23.0,5.98,0,1991,7,9,190,28,cool_dry
1991-07-10,0.0,52.9,23.0,5.98,0,1991,7,10,191,28,cool_dry
1991-07-11,0.0,52.9,23.0,5.98,0,1991,7,11,192,28,cool_dry
1991-07-12,0.0,52.9,23.0,5.98,0,1991,7,12,193,28,cool_dry
1991-07-13,0.0,52.9,23.0,5.98,0,1991,7,13,194,28,cool_dry
1991-07-14,0.0,52.9,23.0,5.98,0,1991,7,14,195,28,cool_dry
1991-07-15,0.0,52.9,23.0,5.98,0,1991,7,15,196,29,cool_dry
1991-07-16,0.0,52.9,23.0,5.98,0,1991,7,16,197,29,cool_dry
1991-07-17,0.0,52.9,23.0,5.98,0,1991,7,17,198,29,cool_dry
1991-07-18,0.0,52.9,23.0,5.98,0,1991,7,18,199,29,cool_dry
1991-07-19,0.0,52.9,23.0,5.98,0,1991,7,19,200,29,cool_dry
1991-07-20,0.0,52.9,23.0,5.98,0,1991,7,20,201,29,cool_dry
1991-07-21,0.0,52.9,23.0,5.98,0,1991,7,21,202,29,cool_dry
1991-07-22,0.0,52.9,23.0,5.98,0,1991,7,22,203,30,cool_dry
1991-07-23,0.0,52.9,23.0,5.98,0,1991,7,23,204,30,cool_dry
1991-07-24,0.0,52.9,23.0,5.98,0,1991,7,24,205,30,cool_dry
1991-07-25,0.0,52.9,23.0,5.98,0,1991,7,25,206,30,cool_dry
1991-07-26,0.0,52.9,23.0,5.98,0,1991,7,26,207,30,cool_dry
1991-07-27,0.0,52.9,23.0,5.98,0,1991,7,27,208,30,cool_dry
1991-07-28,0.0,52.9,23.0,5.98,0,1991,7,28,209,30,cool_dry
1991-07-29,0.0,52.9,23.0,5.98,0,1991,7,29,210,31,cool_dry
1991-07-30,0.0,52.9,23.0,5.98,0,1991,7,30,211,31,cool_dry
1991-07-31,0.0,52.9,23.0,5.98,0,1991,7,31,212,31,cool_dry
1991-08-01,0.0,46.29,26.28,7.24,0,1991,8,1,213,31,cool_dry
1991-08-02,0.0,46.29,26.28,7.24,0,1991,8,2,214,31,cool_dry
1991-08-03,0.0,46.29,26.28,7.24,0,1991,8,3,215,31,cool_dry
1991-08-04,0.0,46.29,26.28,7.24,0,1991,8,4,216,31,cool_dry
1991-08-05,0.0,46.29,26.28,7.24,0,1991,8,5,217,32,cool_dry
1991-08-06,0.0,46.29,26.28,7.24,0,1991,8,6,218,32,cool_dry
1991-08-07,0.0,46.29,26.28,7.24,0,1991,8,7,219,32,cool_dry
1991-08-08,0.0,46.29,26.28,7.24,0,1991,8,8,220,32,cool_dry
1991-08-09,0.0,46.29,26.28,7.24,0,1991,8,9,221,32,cool_dry
1991-08-10,0.0,46.29,26.28,7.24,0,1991,8,10,222,32,cool_dry
1991-08-11,0.0,46.29,26.28,7.24,0,1991,8,11,223,32,cool_dry
1991-08-12,0.0,46.29,26.28,7.24,0,1991,8,12,224,33,cool_dry
1991-08-13,0.0,46.29,26.28,7.24,0,1991,8,13,225,33,cool_dry
1991-08-14,0.0,46.29,26.28,7.24,0,1991,8,14,226,33,cool_dry
1991-08-15,0.0,46.29,26.28,7.24,0,1991,8,15,227,33,cool_dry
1991-08-16,0.0,46.29,26.28,7.24,0,1991,8,16,228,33,cool_dry
1991-08-17,0.0,46.29,26.28,7.24,0,1991,8,17,229,33,cool_dry
1991-08-18,0.0,46.29,26.28,7.24,0,1991,8,18,230,33,cool_dry
1991-08-19,0.0,46.29,26.28,7.24,0,1991,8,19,231,34,cool_dry
1991-08-20,0.0,46.29,26.28,7.24,0,1991,8,20,232,34,cool_dry
1991-08-21,0.0,46.29,26.28,7.24,0,1991,8,21,233,34,cool_dry
1991-08-22,0.0,46.29,26.28,7.24,0,1991,8,22,234,34,cool_dry
1991-08-23,0.0,46.29,26.28,7.24,0,1991,8,23,235,34,cool_dry
1991-08-24,0.0,46.29,26.28,7.24,0,1991,8,24,236,34,cool_dry
1991-08-25,0.0,46.29,26.28,7.24,0,1991,8,25,237,34,cool_dry
1991-08-26,0.0,46.29,26.28,7.24,0,1991,8,26,238,35,cool_dry
1991-08-27,0.0,46.29,26.28,7.24,0,1991,8,27,239,35,cool_dry
1991-08-28,0.0,46.29,26.28,7.24,0,1991,8,28,240,35,cool_dry
1991-08-29,0.0,46.29,26.28,7.24,0,1991,8,29,241,35,cool_dry
1991-08-30,0.0,46.29,26.28,7.24,0,1991,8,30,242,35,cool_dry
1991-08-31,0.0,46.29,26.28,7.24,0,1991,8,31,243,35,cool_dry
1991-09-01,0.0,35.28,30.66,13.09,0,1991,9,1,244,35,hot_dry
1991-09-02,0.0,35.28,30.66,13.09,0,1991,9,2,245,36,hot_dry
1991-09-03,0.0,35.28,30.66,13.09,0,1991,9,3,246,36,hot_dry
1991-09-04,0.0,35.28,30.66,13.09,0,1991,9,4,247,36,hot_dry
1991-09-05,0.0,35.28,30.66,13.09,0,1991,9,5,248,36,hot_dry
1991-09-06,0.0,35.28,30.66,13.09,0,1991,9,6,249,36,hot_dry
1991-09-07,0.0,35.28,30.66,13.09,0,1991,9,7,250,36,hot_dry
1991-09-08,0.0,35.28,30.66,13.09,0,1991,9,8,251,36,hot_dry
1991-09-09,0.0,35.28,30.66,13.09,0,1991,9,9,252,37,hot_dry
1991-09-10,0.0,35.28,30.66,13.09,0,1991,9,10,253,37,hot_dry
1991-09-11,0.0,35.28,30.66,13.09,0,1991,9,11,254,37,hot_dry
1991-09-12,0.0,35.28,30.66,13.09,0,1991,9,12,255,37,hot_dry
1991-09-13,0.0,35.28,30.66,13.09,0,1991,9,13,256,37,hot_dry
1991-09-14,0.0,35.28,30.66,13.09,0,1991,9,14,257,37,hot_dry
1991-09-15,0.0,35.28,30.66,13.09,0,1991,9,15,258,37,hot_dry
1991-09-16,0.0,35.28,30.66,13.09,0,1991,9,16,259,38,hot_dry
1991-09-17,0.0,35.28,30.66,13.09,0,1991,9,17,260,38,hot_dry
1991-09-18,0.0,35.28,30.66,13.09,0,1991,9,18,261,38,hot_dry
1991-09-19,0.0,35.28,30.66,13.09,0,1991,9,19,262,38,hot_dry
1991-09-20,0.0,35.28,30.66,13.09,0,1991,9,20,263,38,hot_dry
1991-09-21,0.0,35.28,30.66,13.09,0,1991,9,21,264,38,hot_dry
1991-09-22,0.0,35.28,30.66,13.09,0,1991,9,22,265,38,hot_dry
1991-09-23,0.0,35.28,30.66,13.09,0,1991,9,23,266,39,hot_dry
1991-09-24,0.0,35.28,30.66,13.09,0,1991,9,24,267,39,hot_dry
1991-09-25,0.0,35.28,30.66,13.09,0,1991,9,25,268,39,hot_dry
1991-09-26,0.0,35.28,30.66,13.09,0,1991,9,26,269,39,hot_dry
1991-09-27,0.0,35.28,30.66,13.09,0,1991,9,27,270,39,hot_dry
1991-09-28,0.0,35.28,30.66,13.09,0,1991,9,28,271,39,hot_dry
1991-09-29,0.0,35.28,30.66,13.09,0,1991,9,29,272,39,hot_dry
1991-09-30,0.0,35.28,30.66,13.09,0,1991,9,30,273,40,hot_dry
1991-10-01,0.7935483870967742,44.34952380952381,32.03296296296296,16.126923076923077,0,1991,10,1,274,40,hot_dry
1991-10-02,0.7935483870967742,44.34952380952381,32.03296296296296,16.126923076923077,0,1991,10,2,275,40,hot_dry
1991-10-03,0.7935483870967742,44.34952380952381,32.03296296296296,16.126923076923077,0,1991,10,3,276,40,hot_dry
1991-10-04,0.7935483870967742,44.34952380952381,32.03296296296296,16.126923076923077,0,1991,10,4,277,40,hot_dry
1991-10-05,0.7935483870967742,44.34952380952381,32.03296296296296,16.126923076923077,0,1991,10,5,278,40,hot_dry
1991-10-06,0.7935483870967742,44.34952380952381,32.03296296296296,16.126923076923077,0,1991,10,6,279,40,hot_dry
1991-10-07,0.7935483870967742,44.34952380952381,32.03296296296296,16.126923076923077,0,1991,10,7,280,41,hot_dry
1991-10-08,0.7935483870967742,44.34952380952381,32.03296296296296,16.126923076923077,0,1991,10,8,281,41,hot_dry
1991-10-09,0.7935483870967742,44.34952380952381,32.03296296296296,16.126923076923077,0,1991,10,9,282,41,hot_dry
1991-10-10,0.7935483870967742,44.34952380952381,32.03296296296296,16.126923076923077,0,1991,10,10,283,41,hot_dry
1991-10-11,0.7935483870967742,44.34952380952381,32.03296296296296,16.126923076923077,0,1991,10,11,284,41,hot_dry
1991-10-12,0.7935483870967742,44.34952380952381,32.03296296296296,16.126923076923077,0,1991,10,12,285,41,hot_dry
1991-10-13,0.7935483870967742,44.34952380952381,32.03296296296296,16.126923076923077,0,1991,10,13,286,41,hot_dry
1991-10-14,0.7935483870967742,44.34952380952381,32.03296296296296,16.126923076923077,0,1991,10,14,287,42,hot_dry
1991-10-15,0.7935483870967742,44.34952380952381,32.03296296296296,16.126923076923077,0,1991,10,15,288,42,hot_dry
1991-10-16,0.7935483870967742,44.34952380952381,32.03296296296296,16.126923076923077,0,1991,10,16,289,42,hot_dry
1991-10-17,0.7935483870967742,44.34952380952381,32.03296296296296,16.126923076923077,0,1991,10,17,290,42,hot_dry
1991-10-18,0.7935483870967742,44.34952380952381,32.03296296296296,16.126923076923077,0,1991,10,18,291,42,hot_dry
1991-10-19,0.7935483870967742,44.34952380952381,32.03296296296296,16.126923076923077,0,1991,10,19,292,42,hot_dry
1991-10-20,0.7935483870967742,44.34952380952381,32.03296296296296,16.126923076923077,0,1991,10,20,293,42,hot_dry
1991-10-21,0.7935483870967742,44.34952380952381,32.03296296296296,16.126923076923077,0,1991,10,21,294,43,hot_dry
1991-10-22,0.7935483870967742,44.34952380952381,32.03296296296296,16.126923076923077,0,1991,10,22,295,43,hot_dry
1991-10-23,0.7935483870967742,44.34952380952381,32.03296296296296,16.126923076923077,0,1991,10,23,296,43,hot_dry
1991-10-24,0.7935483870967742,44.34952380952381,32.03296296296296,16.126923076923077,0,1991,10,24,297,43,hot_dry
1991-10-25,0.7935483870967742,44.34952380952381,32.03296296296296,16.126923076923077,0,1991,10,25,298,43,hot_dry
1991-10-26,0.7935483870967742,44.34952380952381,32.03296296296296,16.126923076923077,0,1991,10,26,299,43,hot_dry
1991-10-27,0.7935483870967742,44.34952380952381,32.03296296296296,16.126923076923077,0,1991,10,27,300,43,hot_dry
1991-10-28,0.7935483870967742,44.34952380952381,32.03296296296296,16.126923076923077,0,1991,10,28,301,44,hot_dry
1991-10-29,0.7935483870967742,44.34952380952381,32.03296296296296,16.126923076923077,0,1991,10,29,302,44,hot_dry
1991-10-30,0.7935483870967742,44.34952380952381,32.03296296296296,16.126923076923077,0,1991,10,30,303,44,hot_dry
1991-10-31,0.7935483870967742,44.34952380952381,32.03296296296296,16.126923076923077,0,1991,10,31,304,44,hot_dry
1991-11-01,1.7033333333333334,58.68,28.89,16.51,1,1991,11,1,305,44,hot_rainy
1991-11-02,1.7033333333333334,58.68,28.89,16.51,1,1991,11,2,306,44,hot_rainy
1991-11-03,1.7033333333333334,58.68,28.89,16.51,1,1991,11,3,307,44,hot_rainy
1991-11-04,1.7033333333333334,58.68,28.89,16.51,1,1991,11,4,308,45,hot_rainy
1991-11-05,1.7033333333333334,58.68,28.89,16.51,1,1991,11,5,309,45,hot_rainy
1991-11-06,1.7033333333333334,58.68,28.89,16.51,1,1991,11,6,310,45,hot_rainy
1991-11-07,1.7033333333333334,58.68,28.89,16.51,1,1991,11,7,311,45,hot_rainy
1991-11-08,1.7033333333333334,58.68,28.89,16.51,1,1991,11,8,312,45,hot_rainy
1991-11-09,1.7033333333333334,58.68,28.89,16.51,1,1991,11,9,313,45,hot_rainy
1991-11-10,1.7033333333333334,58.68,28.89,16.51,1,1991,11,10,314,45,hot_rainy
1991-11-11,1.7033333333333334,58.68,28.89,16.51,1,1991,11,11,315,46,hot_rainy
1991-11-12,1.7033333333333334,58.68,28.89,16.51,1,1991,11,12,316,46,hot_rainy
1991-11-13,1.7033333333333334,58.68,28.89,16.51,1,1991,11,13,317,46,hot_rainy
1991-11-14,1.7033333333333334,58.68,28.89,16.51,1,1991,11,14,318,46,hot_rainy
1991-11-15,1.7033333333333334,58.68,28.89,16.51,1,1991,11,15,319,46,hot_rainy
1991-11-16,1.7033333333333334,58.68,28.89,16.51,1,1991,11,16,320,46,hot_rainy
1991-11-17,1.7033333333333334,58.68,28.89,16.51,1,1991,11,17,321,46,hot_rainy
1991-11-18,1.7033333333333334,58.68,28.89,16.51,1,1991,11,18,322,47,hot_rainy
1991-11-19,1.7033333333333334,58.68,28.89,16.51,1,1991,11,19,323,47,hot_rainy
1991-11-20,1.7033333333333334,58.68,28.89,16.51,1,1991,11,20,324,47,hot_rainy
1991-11-21,1.7033333333333334,58.68,28.89,16.51,1,1991,11,21,325,47,hot_rainy
1991-11-22,1.7033333333333334,58.68,28.89,16.51,1,1991,11,22,326,47,hot_rainy
1991-11-23,1.7033333333333334,58.68,28.89,16.51,1,1991,11,23,327,47,hot_rainy
1991-11-24,1.7033333333333334,58.68,28.89,16.51,1,1991,11,24,328,47,hot_rainy
1991-11-25,1.7033333333333334,58.68,28.89,16.51,1,1991,11,25,329,48,hot_rainy
1991-11-26,1.7033333333333334,58.68,28.89,16.51,1,1991,11,26,330,48,hot_rainy
1991-11-27,1.7033333333333334,58.68,28.89,16.51,1,1991,11,27,331,48,hot_rainy
1991-11-28,1.7033333333333334,58.68,28.89,16.51,1,1991,11,28,332,48,hot_rainy
1991-11-29,1.7033333333333334,58.68,28.89,16.51,1,1991,11,29,333,48,hot_rainy
1991-11-30,1.7033333333333334,58.68,28.89,16.51,1,1991,11,30,334,48,hot_rainy
1991-12-01,4.790322580645161,70.1,27.43,17.1,1,1991,12,1,335,48,hot_rainy
1991-12-02,4.790322580645161,70.1,27.43,17.1,1,1991,12,2,336,49,hot_rainy
1991-12-03,4.790322580645161,70.1,27.43,17.1,1,1991,12,3,337,49,hot_rainy
1991-12-04,4.790322580645161,70.1,27.43,17.1,1,1991,12,4,338,49,hot_rainy
1991-12-05,4.790322580645161,70.1,27.43,17.1,1,1991,12,5,339,49,hot_rainy
1991-12-06,4.790322580645161,70.1,27.43,17.1,1,1991,12,6,340,49,hot_rainy
1991-12-07,4.790322580645161,70.1,27.43,17.1,1,1991,12,7,341,49,hot_rainy
1991-12-08,4.790322580645161,70.1,27.43,17.1,1,1991,12,8,342,49,hot_rainy
1991-12-09,4.790322580645161,70.1,27.43,17.1,1,1991,12,9,343,50,hot_rainy
1991-12-10,4.790322580645161,70.1,27.43,17.1,1,1991,12,10,344,50,hot_rainy
1991-12-11,4.790322580645161,70.1,27.43,17.1,1,1991,12,11,345,50,hot_rainy
1991-12-12,4.790322580645161,70.1,27.43,17.1,1,1991,12,12,346,50,hot_rainy
1991-12-13,4.790322580645161,70.1,27.43,17.1,1,1991,12,13,347,50,hot_rainy
1991-12-14,4.790322580645161,70.1,27.43,17.1,1,1991,12,14,348,50,hot_rainy
1991-12-15,4.790322580645161,70.1,27.43,17.1,1,1991,12,15,349,50,hot_rainy
1991-12-16,4.790322580645161,70.1,27.43,17.1,1,1991,12,16,350,51,hot_rainy
1991-12-17,4.790322580645161,70.1,27.43,17.1,1,1991,12,17,351,51,hot_rainy
1991-12-18,4.790322580645161,70.1,27.43,17.1,1,1991,12,18,352,51,hot_rainy
1991-12-19,4.790322580645161,70.1,27.43,17.1,1,1991,12,19,353,51,hot_rainy
1991-12-20,4.790322580645161,70.1,27.43,17.1,1,1991,12,20,354,51,hot_rainy
1991-12-21,4.790322580645161,70.1,27.43,17.1,1,1991,12,21,355,51,hot_rainy
1991-12-22,4.790322580645161,70.1,27.43,17.1,1,1991,12,22,356,51,hot_rainy
1991-12-23,4.790322580645161,70.1,27.43,17.1,1,1991,12,23,357,52,hot_rainy
1991-12-24,4.790322580645161,70.1,27.43,17.1,1,1991,12,24,358,52,hot_rainy
1991-12-25,4.790322580645161,70.1,27.43,17.1,1,1991,12,25,359,52,hot_rainy
1991-12-26,4.790322580645161,70.1,27.43,17.1,1,1991,12,26,360,52,hot_rainy
1991-12-27,4.790322580645161,70.1,27.43,17.1,1,1991,12,27,361,52,hot_rainy
1991-12-28,4.790322580645161,70.1,27.43,17.1,1,1991,12,28,362,52,hot_rainy
1991-12-29,4.790322580645161,70.1,27.43,17.1,1,1991,12,29,363,52,hot_rainy
1991-12-30,4.790322580645161,70.1,27.43,17.1,1,1991,12,30,364,1,hot_rainy
1991-12-31,4.790322580645161,70.1,27.43,17.1,1,1991,12,31,365,1,hot_rainy
1992-01-01,3.148387096774193,65.72,28.77,16.46,1,1992,1,1,1,1,hot_rainy
1992-01-02,3.148387096774193,65.72,28.77,16.46,1,1992,1,2,2,1,hot_rainy
1992-01-03,3.148387096774193,65.72,28.77,16.46,1,1992,1,3,3,1,hot_rainy
1992-01-04,3.148387096774193,65.72,28.77,16.46,1,1992,1,4,4,1,hot_rainy
1992-01-05,3.148387096774193,65.72,28.77,16.46,1,1992,1,5,5,1,hot_rainy
1992-01-06,3.148387096774193,65.72,28.77,16.46,1,1992,1,6,6,2,hot_rainy
1992-01-07,3.148387096774193,65.72,28.77,16.46,1,1992,1,7,7,2,hot_rainy
1992-01-08,3.148387096774193,65.72,28.77,16.46,1,1992,1,8,8,2,hot_rainy
1992-01-09,3.148387096774193,65.72,28.77,16.46,1,1992,1,9,9,2,hot_rainy
1992-01-10,3.148387096774193,65.72,28.77,16.46,1,1992,1,10,10,2,hot_rainy
1992-01-11,3.148387096774193,65.72,28.77,16.46,1,1992,1,11,11,2,hot_rainy
1992-01-12,3.148387096774193,65.72,28.77,16.46,1,1992,1,12,12,2,hot_rainy
1992-01-13,3.148387096774193,65.72,28.77,16.46,1,1992,1,13,13,3,hot_rainy
1992-01-14,3.148387096774193,65.72,28.77,16.46,1,1992,1,14,14,3,hot_rainy
1992-01-15,3.148387096774193,65.72,28.77,16.46,1,1992,1,15,15,3,hot_rainy
1992-01-16,3.148387096774193,65.72,28.77,16.46,1,1992,1,16,16,3,hot_rainy
1992-01-17,3.148387096774193,65.72,28.77,16.46,1,1992,1,17,17,3,hot_rainy
1992-01-18,3.148387096774193,65.72,28.77,16.46,1,1992,1,18,18,3,hot_rainy
1992-01-19,3.148387096774193,65.72,28.77,16.46,1,1992,1,19,19,3,hot_rainy
1992-01-20,3.148387096774193,65.72,28.77,16.46,1,1992,1,20,20,4,hot_rainy
1992-01-21,3.148387096774193,65.72,28.77,16.46,1,1992,1,21,21,4,hot_rainy
1992-01-22,3.148387096774193,65.72,28.77,16.46,1,1992,1,22,22,4,hot_rainy
1992-01-23,3.148387096774193,65.72,28.77,16.46,1,1992,1,23,23,4,hot_rainy
1992-01-24,3.148387096774193,65.72,28.77,16.46,1,1992,1,24,24,4,hot_rainy
1992-01-25,3.148387096774193,65.72,28.77,16.46,1,1992,1,25,25,4,hot_rainy
1992-01-26,3.148387096774193,65.72,28.77,16.46,1,1992,1,26,26,4,hot_rainy
1992-01-27,3.148387096774193,65.72,28.77,16.46,1,1992,1,27,27,5,hot_rainy
1992-01-28,3.148387096774193,65.72,28.77,16.46,1,1992,1,28,28,5,hot_rainy
1992-01-29,3.148387096774193,65.72,28.77,16.46,1,1992,1,29,29,5,hot_rainy
1992-01-30,3.148387096774193,65.72,28.77,16.46,1,1992,1,30,30,5,hot_rainy
1992-01-31,3.148387096774193,65.72,28.77,16.46,1,1992,1,31,31,5,hot_rainy
1992-02-01,0.3724137931034483,54.9,31.64,16.68,0,1992,2,1,32,5,hot_rainy
1992-02-02,0.3724137931034483,54.9,31.64,16.68,0,1992,2,2,33,5,hot_rainy
1992-02-03,0.3724137931034483,54.9,31.64,16.68,0,1992,2,3,34,6,hot_rainy
1992-02-04,0.3724137931034483,54.9,31.64,16.68,0,1992,2,4,35,6,hot_rainy
1992-02-05,0.3724137931034483,54.9,31.64,16.68,0,1992,2,5,36,6,hot_rainy
1992-02-06,0.3724137931034483,54.9,31.64,16.68,0,1992,2,6,37,6,hot_rainy
1992-02-07,0.3724137931034483,54.9,31.64,16.68,0,1992,2,7,38,6,hot_rainy
1992-02-08,0.3724137931034483,54.9,31.64,16.68,0,1992,2,8,39,6,hot_rainy
1992-02-09,0.3724137931034483,54.9,31.64,16.68,0,1992,2,9,40,6,hot_rainy
1992-02-10,0.3724137931034483,54.9,31.64,16.68,0,1992,2,10,41,7,hot_rainy
1992-02-11,0.3724137931034483,54.9,31.64,16.68,0,1992,2,11,42,7,hot_rainy
1992-02-12,0.3724137931034483,54.9,31.64,16.68,0,1992,2,12,43,7,hot_rainy
1992-02-13,0.3724137931034483,54.9,31.64,16.68,0,1992,2,13,44,7,hot_rainy
1992-02-14,0.3724137931034483,54.9,31.64,16.68,0,1992,2,14,45,7,hot_rainy
1992-02-15,0.3724137931034483,54.9,31.64,16.68,0,1992,2,15,46,7,hot_rainy
1992-02-16,0.3724137931034483,54.9,31.64,16.68,0,1992,2,16,47,7,hot_rainy
1992-02-17,0.3724137931034483,54.9,31.64,16.68,0,1992,2,17,48,8,hot_rainy
1992-02-18,0.3724137931034483,54.9,31.64,16.68,0,1992,2,18,49,8,hot_rainy
1992-02-19,0.3724137931034483,54.9,31.64,16.68,0,1992,2,19,50,8,hot_rainy
1992-02-20,0.3724137931034483,54.9,31.64,16.68,0,1992,2,20,51,8,hot_rainy
1992-02-21,0.3724137931034483,54.9,31.64,16.68,0,1992,2,21,52,8,hot_rainy
1992-02-22,0.3724137931034483,54.9,31.64,16.68,0,1992,2,22,53,8,hot_rainy
1992-02-23,0.3724137931034483,54.9,31.64,16.68,0,1992,2,23,54,8,hot_rainy
1992-02-24,0.3724137931034483,54.9,31.64,16.68,0,1992,2,24,55,9,hot_rainy
1992-02-25,0.3724137931034483,54.9,31.64,16.68,0,1992,2,25,56,9,hot_rainy
1992-02-26,0.3724137931034483,54.9,31.64,16.68,0,1992,2,26,57,9,hot_rainy
1992-02-27,0.3724137931034483,54.9,31.64,16.68,0,1992,2,27,58,9,hot_rainy
1992-02-28,0.3724137931034483,54.9,31.64,16.68,0,1992,2,28,59,9,hot_rainy
1992-02-29,0.3724137931034483,54.9,31.64,16.68,0,1992,2,29,60,9,hot_rainy
1992-03-01,4.683870967741935,70.26,28.57,17.45,1,1992,3,1,61,9,hot_rainy
1992-03-02,4.683870967741935,70.26,28.57,17.45,1,1992,3,2,62,10,hot_rainy
1992-03-03,4.683870967741935,70.26,28.57,17.45,1,1992,3,3,63,10,hot_rainy
1992-03-04,4.683870967741935,70.26,28.57,17.45,1,1992,3,4,64,10,hot_rainy
1992-03-05,4.683870967741935,70.26,28.57,17.45,1,1992,3,5,65,10,hot_rainy
1992-03-06,4.683870967741935,70.26,28.57,17.45,1,1992,3,6,66,10,hot_rainy
1992-03-07,4.683870967741935,70.26,28.57,17.45,1,1992,3,7,67,10,hot_rainy
1992-03-08,4.683870967741935,70.26,28.57,17.45,1,1992,3,8,68,10,hot_rainy
1992-03-09,4.683870967741935,70.26,28.57,17.45,1,1992,3,9,69,11,hot_rainy
1992-03-10,4.683870967741935,70.26,28.57,17.45,1,1992,3,10,70,11,hot_rainy
1992-03-11,4.683870967741935,70.26,28.57,17.45,1,1992,3,11,71,11,hot_rainy
1992-03-12,4.683870967741935,70.26,28.57,17.45,1,1992,3,12,72,11,hot_rainy
1992-03-13,4.683870967741935,70.26,28.57,17.45,1,1992,3,13,73,11,hot_rainy
1992-03-14,4.683870967741935,70.26,28.57,17.45,1,1992,3,14,74,11,hot_rainy
1992-03-15,4.683870967741935,70.26,28.57,17.45,1,1992,3,15,75,11,hot_rainy
1992-03-16,4.683870967741935,70.26,28.57,17.45,1,1992,3,16,76,12,hot_rainy
1992-03-17,4.683870967741935,70.26,28.57,17.45,1,1992,3,17,77,12,hot_rainy
1992-03-18,4.683870967741935,70.26,28.57,17.45,1,1992,3,18,78,12,hot_rainy
1992-03-19,4.683870967741935,70.26,28.57,17.45,1,1992,3,19,79,12,hot_rainy
1992-03-20,4.683870967741935,70.26,28.57,17.45,1,1992,3,20,80,12,hot_rainy
1992-03-21,4.683870967741935,70.26,28.57,17.45,1,1992,3,21,81,12,hot_rainy
1992-03-22,4.683870967741935,70.26,28.57,17.45,1,1992,3,22,82,12,hot_rainy
1992-03-23,4.683870967741935,70.26,28.57,17.45,1,1992,3,23,83,13,hot_rainy
1992-03-24,4.683870967741935,70.26,28.57,17.45,1,1992,3,24,84,13,hot_rainy
1992-03-25,4.683870967741935,70.26,28.57,17.45,1,1992,3,25,85,13,hot_rainy
1992-03-26,4.683870967741935,70.26,28.57,17.45,1,1992,3,26,86,13,hot_rainy
1992-03-27,4.683870967741935,70.26,28.57,17.45,1,1992,3,27,87,13,hot_rainy
1992-03-28,4.683870967741935,70.26,28.57,17.45,1,1992,3,28,88,13,hot_rainy
1992-03-29,4.683870967741935,70.26,28.57,17.45,1,1992,3,29,89,13,hot_rainy
1992-03-30,4.683870967741935,70.26,28.57,17.45,1,1992,3,30,90,14,hot_rainy
1992-03-31,4.683870967741935,70.26,28.57,17.45,1,1992,3,31,91,14,hot_rainy
1992-04-01,0.0,61.77,27.98,13.26,0,1992,4,1,92,14,hot_rainy
1992-04-02,0.0,61.77,27.98,13.26,0,1992,4,2,93,14,hot_rainy
1992-04-03,0.0,61.77,27.98,13.26,0,1992,4,3,94,14,hot_rainy
1992-04-04,0.0,61.77,27.98,13.26,0,1992,4,4,95,14,hot_rainy
1992-04-05,0.0,61.77,27.98,13.26,0,1992,4,5,96,14,hot_rainy
1992-04-06,0.0,61.77,27.98,13.26,0,1992,4,6,97,15,hot_rainy
1992-04-07,0.0,61.77,27.98,13.26,0,1992,4,7,98,15,hot_rainy
1992-04-08,0.0,61.77,27.98,13.26,0,1992,4,8,99,15,hot_rainy
1992-04-09,0.0,61.77,27.98,13.26,0,1992,4,9,100,15,hot_rainy
1992-04-10,0.0,61.77,27.98,13.26,0,1992,4,10,101,15,hot_rainy
1992-04-11,0.0,61.77,27.98,13.26,0,1992,4,11,102,15,hot_rainy
1992-04-12,0.0,61.77,27.98,13.26,0,1992,4,12,103,15,hot_rainy
1992-04-13,0.0,61.77,27.98,13.26,0,1992,4,13,104,16,hot_rainy
1992-04-14,0.0,61.77,27.98,13.26,0,1992,4,14,105,16,hot_rainy
1992-04-15,0.0,61.77,27.98,13.26,0,1992,4,15,106,16,hot_rainy
1992-04-16,0.0,61.77,27.98,13.26,0,1992,4,16,107,16,hot_rainy
1992-04-17,0.0,61.77,27.98,13.26,0,1992,4,17,108,16,hot_rainy
1992-04-18,0.0,61.77,27.98,13.26,0,1992,4,18,109,16,hot_rainy
1992-04-19,0.0,61.77,27.98,13.26,0,1992,4,19,110,16,hot_rainy
1992-04-20,0.0,61.77,27.98,13.26,0,1992,4,20,111,17,hot_rainy
1992-04-21,0.0,61.77,27.98,13.26,0,1992,4,21,112,17,hot_rainy
1992-04-22,0.0,61.77,27.98,13.26,0,1992,4,22,113,17,hot_rainy
1992-04-23,0.0,61.77,27.98,13.26,0,1992,4,23,114,17,hot_rainy
1992-04-24,0.0,61.77,27.98,13.26,0,1992,4,24,115,17,hot_rainy
1992-04-25,0.0,61.77,27.98,13.26,0,1992,4,25,116,17,hot_rainy
1992-04-26,0.0,61.77,27.98,13.26,0,1992,4,26,117,17,hot_rainy
1992-04-27,0.0,61.77,27.98,13.26,0,1992,4,27,118,18,hot_rainy
1992-04-28,0.0,61.77,27.98,13.26,0,1992,4,28,119,18,hot_rainy
1992-04-29,0.0,61.77,27.98,13.26,0,1992,4,29,120,18,hot_rainy
1992-04-30,0.0,61.77,27.98,13.26,0,1992,4,30,121,18,hot_rainy
1992-05-01,0.15161290322580645,46.95,26.35,9.17,0,1992,5,1,122,18,cool_dry
1992-05-02,0.15161290322580645,46.95,26.35,9.17,0,1992,5,2,123,18,cool_dry
1992-05-03,0.15161290322580645,46.95,26.35,9.17,0,1992,5,3,124,18,cool_dry
1992-05-04,0.15161290322580645,46.95,26.35,9.17,0,1992,5,4,125,19,cool_dry
1992-05-05,0.15161290322580645,46.95,26.35,9.17,0,1992,5,5,126,19,cool_dry
1992-05-06,0.15161290322580645,46.95,26.35,9.17,0,1992,5,6,127,19,cool_dry
1992-05-07,0.15161290322580645,46.95,26.35,9.17,0,1992,5,7,128,19,cool_dry
1992-05-08,0.15161290322580645,46.95,26.35,9.17,0,1992,5,8,129,19,cool_dry
1992-05-09,0.15161290322580645,46.95,26.35,9.17,0,1992,5,9,130,19,cool_dry
1992-05-10,0.15161290322580645,46.95,26.35,9.17,0,1992,5,10,131,19,cool_dry
1992-05-11,0.15161290322580645,46.95,26.35,9.17,0,1992,5,11,132,20,cool_dry
1992-05-12,0.15161290322580645,46.95,26.35,9.17,0,1992,5,12,133,20,cool_dry
1992-05-13,0.15161290322580645,46.95,26.35,9.17,0,1992,5,13,134,20,cool_dry
1992-05-14,0.15161290322580645,46.95,26.35,9.17,0,1992,5,14,135,20,cool_dry
1992-05-15,0.15161290322580645,46.95,26.35,9.17,0,1992,5,15,136,20,cool_dry
1992-05-16,0.15161290322580645,46.95,26.35,9.17,0,1992,5,16,137,20,cool_dry
1992-05-17,0.15161290322580645,46.95,26.35,9.17,0,1992,5,17,138,20,cool_dry
1992-05-18,0.15161290322580645,46.95,26.35,9.17,0,1992,5,18,139,21,cool_dry
1992-05-19,0.15161290322580645,46.95,26.35,9.17,0,1992,5,19,140,21,cool_dry
1992-05-20,0.15161290322580645,46.95,26.35,9.17,0,1992,5,20,141,21,cool_dry
1992-05-21,0.15161290322580645,46.95,26.35,9.17,0,1992,5,21,142,21,cool_dry
1992-05-22,0.15161290322580645,46.95,26.35,9.17,0,1992,5,22,143,21,cool_dry
1992-05-23,0.15161290322580645,46.95,26.35,9.17,0,1992,5,23,144,21,cool_dry
1992-05-24,0.15161290322580645,46.95,26.35,9.17,0,1992,5,24,145,21,cool_dry
1992-05-25,0.15161290322580645,46.95,26.35,9.17,0,1992,5,25,146,22,cool_dry
1992-05-26,0.15161290322580645,46.95,26.35,9.17,0,1992,5,26,147,22,cool_dry
1992-05-27,0.15161290322580645,46.95,26.35,9.17,0,1992,5,27,148,22,cool_dry
1992-05-28,0.15161290322580645,46.95,26.35,9.17,0,1992,5,28,149,22,cool_dry
1992-05-29,0.15161290322580645,46.95,26.35,9.17,0,1992,5,29,150,22,cool_dry
1992-05-30,0.15161290322580645,46.95,26.35,9.17,0,1992,5,30,151,22,cool_dry
1992-05-31,0.15161290322580645,46.95,26.35,9.17,0,1992,5,31,152,22,cool_dry
1992-06-01,0.0,53.05,23.99,5.8,0,1992,6,1,153,23,cool_dry
1992-06-02,0.0,53.05,23.99,5.8,0,1992,6,2,154,23,cool_dry
1992-06-03,0.0,53.05,23.99,5.8,0,1992,6,3,155,23,cool_dry
1992-06-04,0.0,53.05,23.99,5.8,0,1992,6,4,156,23,cool_dry
1992-06-05,0.0,53.05,23.99,5.8,0,1992,6,5,157,23,cool_dry
1992-06-06,0.0,53.05,23.99,5.8,0,1992,6,6,158,23,cool_dry
1992-06-07,0.0,53.05,23.99,5.8,0,1992,6,7,159,23,cool_dry
1992-06-08,0.0,53.05,23.99,5.8,0,1992,6,8,160,24,cool_dry
1992-06-09,0.0,53.05,23.99,5.8,0,1992,6,9,161,24,cool_dry
1992-06-10,0.0,53.05,23.99,5.8,0,1992,6,10,162,24,cool_dry
1992-06-11,0.0,53.05,23.99,5.8,0,1992,6,11,163,24,cool_dry
1992-06-12,0.0,53.05,23.99,5.8,0,1992,6,12,164,24,cool_dry
1992-06-13,0.0,53.05,23.99,5.8,0,1992,6,13,165,24,cool_dry
1992-06-14,0.0,53.05,23.99,5.8,0,1992,6,14,166,24,cool_dry
1992-06-15,0.0,53.05,23.99,5.8,0,1992,6,15,167,25,cool_dry
1992-06-16,0.0,53.05,23.99,5.8,0,1992,6,16,168,25,cool_dry
1992-06-17,0.0,53.05,23.99,5.8,0,1992,6,17,169,25,cool_dry
1992-06-18,0.0,53.05,23.99,5.8,0,1992,6,18,170,25,cool_dry
1992-06-19,0.0,53.05,23.99,5.8,0,1992,6,19,171,25,cool_dry
1992-06-20,0.0,53.05,23.99,5.8,0,1992,6,20,172,25,cool_dry
1992-06-21,0.0,53.05,23.99,5.8,0,1992,6,21,173,25,cool_dry
1992-06-22,0.0,53.05,23.99,5.8,0,1992,6,22,174,26,cool_dry
1992-06-23,0.0,53.05,23.99,5.8,0,1992,6,23,175,26,cool_dry
1992-06-24,0.0,53.05,23.99,5.8,0,1992,6,24,176,26,cool_dry
1992-06-25,0.0,53.05,23.99,5.8,0,1992,6,25,177,26,cool_dry
1992-06-26,0.0,53.05,23.99,5.8,0,1992,6,26,178,26,cool_dry
1992-06-27,0.0,53.05,23.99,5.8,0,1992,6,27,179,26,cool_dry
1992-06-28,0.0,53.05,23.99,5.8,0,1992,6,28,180,26,cool_dry
1992-06-29,0.0,53.05,23.99,5.8,0,1992,6,29,181,27,cool_dry
1992-06-30,0.0,53.05,23.99,5.8,0,1992,6,30,182,27,cool_dry
1992-07-01,0.0,48.17,22.84,5.19,0,1992,7,1,183,27,cool_dry
1992-07-02,0.0,48.17,22.84,5.19,0,1992,7,2,184,27,cool_dry
1992-07-03,0.0,48.17,22.84,5.19,0,1992,7,3,185,27,cool_dry
1992-07-04,0.0,48.17,22.84,5.19,0,1992,7,4,186,27,cool_dry
1992-07-05,0.0,48.17,22.84,5.19,0,1992,7,5,187,27,cool_dry
1992-07-06,0.0,48.17,22.84,5.19,0,1992,7,6,188,28,cool_dry
1992-07-07,0.0,48.17,22.84,5.19,0,1992,7,7,189,28,cool_dry
1992-07-08,0.0,48.17,22.84,5.19,0,1992,7,8,190,28,cool_dry
1992-07-09,0.0,48.17,22.84,5.19,0,1992,7,9,191,28,cool_dry
1992-07-10,0.0,48.17,22.84,5.19,0,1992,7,10,192,28,cool_dry
1992-07-11,0.0,48.17,22.84,5.19,0,1992,7,11,193,28,cool_dry
1992-07-12,0.0,48.17,22.84,5.19,0,1992,7,12,194,28,cool_dry
1992-07-13,0.0,48.17,22.84,5.19,0,1992,7,13,195,29,cool_dry
1992-07-14,0.0,48.17,22.84,5.19,0,1992,7,14,196,29,cool_dry
1992-07-15,0.0,48.17,22.84,5.19,0,1992,7,15,197,29,cool_dry
1992-07-16,0.0,48.17,22.84,5.19,0,1992,7,16,198,29,cool_dry
1992-07-17,0.0,48.17,22.84,5.19,0,1992,7,17,199,29,cool_dry
1992-07-18,0.0,48.17,22.84,5.19,0,1992,7,18,200,29,cool_dry
1992-07-19,0.0,48.17,22.84,5.19,0,1992,7,19,201,29,cool_dry
1992-07-20,0.0,48.17,22.84,5.19,0,1992,7,20,202,30,cool_dry
1992-07-21,0.0,48.17,22.84,5.19,0,1992,7,21,203,30,cool_dry
1992-07-22,0.0,48.17,22.84,5.19,0,1992,7,22,204,30,cool_dry
1992-07-23,0.0,48.17,22.84,5.19,0,1992,7,23,205,30,cool_dry
1992-07-24,0.0,48.17,22.84,5.19,0,1992,7,24,206,30,cool_dry
1992-07-25,0.0,48.17,22.84,5.19,0,1992,7,25,207,30,cool_dry
1992-07-26,0.0,48.17,22.84,5.19,0,1992,7,26,208,30,cool_dry
1992-07-27,0.0,48.17,22.84,5.19,0,1992,7,27,209,31,cool_dry
1992-07-28,0.0,48.17,22.84,5.19,0,1992,7,28,210,31,cool_dry
1992-07-29,0.0,48.17,22.84,5.19,0,1992,7,29,211,31,cool_dry
1992-07-30,0.0,48.17,22.84,5.19,0,1992,7,30,212,31,cool_dry
1992-07-31,0.0,48.17,22.84,5.19,0,1992,7,31,213,31,cool_dry
1992-08-01,0.0,42.09,25.3,8.04,0,1992,8,1,214,31,cool_dry
1992-08-02,0.0,42.09,25.3,8.04,0,1992,8,2,215,31,cool_dry
1992-08-03,0.0,42.09,25.3,8.04,0,1992,8,3,216,32,cool_dry
1992-08-04,0.0,42.09,25.3,8.04,0,1992,8,4,217,32,cool_dry
1992-08-05,0.0,42.09,25.3,8.04,0,1992,8,5,218,32,cool_dry
1992-08-06,0.0,42.09,25.3,8.04,0,1992,8,6,219,32,cool_dry
1992-08-07,0.0,42.09,25.3,8.04,0,1992,8,7,220,32,cool_dry
1992-08-08,0.0,42.09,25.3,8.04,0,1992,8,8,221,32,cool_dry
1992-08-09,0.0,42.09,25.3,8.04,0,1992,8,9,222,32,cool_dry
1992-08-10,0.0,42.09,25.3,8.04,0,1992,8,10,223,33,cool_dry
1992-08-11,0.0,42.09,25.3,8.04,0,1992,8,11,224,33,cool_dry
1992-08-12,0.0,42.09,25.3,8.04,0,1992,8,12,225,33,cool_dry
1992-08-13,0.0,42.09,25.3,8.04,0,1992,8,13,226,33,cool_dry
1992-08-14,0.0,42.09,25.3,8.04,0,1992,8,14,227,33,cool_dry
1992-08-15,0.0,42.09,25.3,8.04,0,1992,8,15,228,33,cool_dry
1992-08-16,0.0,42.09,25.3,8.04,0,1992,8,16,229,33,cool_dry
1992-08-17,0.0,42.09,25.3,8.04,0,1992,8,17,230,34,cool_dry
1992-08-18,0.0,42.09,25.3,8.04,0,1992,8,18,231,34,cool_dry
1992-08-19,0.0,42.09,25.3,8.04,0,1992,8,19,232,34,cool_dry
1992-08-20,0.0,42.09,25.3,8.04,0,1992,8,20,233,34,cool_dry
1992-08-21,0.0,42.09,25.3,8.04,0,1992,8,21,234,34,cool_dry
1992-08-22,0.0,42.09,25.3,8.04,0,1992,8,22,235,34,cool_dry
1992-08-23,0.0,42.09,25.3,8.04,0,1992,8,23,236,34,cool_dry
1992-08-24,0.0,42.09,25.3,8.04,0,1992,8,24,237,35,cool_dry
1992-08-25,0.0,42.09,25.3,8.04,0,1992,8,25,238,35,cool_dry
1992-08-26,0.0,42.09,25.3,8.04,0,1992,8,26,239,35,cool_dry
1992-08-27,0.0,42.09,25.3,8.04,0,1992,8,27,240,35,cool_dry
1992-08-28,0.0,42.09,25.3,8.04,0,1992,8,28,241,35,cool_dry
1992-08-29,0.0,42.09,25.3,8.04,0,1992,8,29,242,35,cool_dry
1992-08-30,0.0,42.09,25.3,8.04,0,1992,8,30,243,35,cool_dry
1992-08-31,0.0,42.09,25.3,8.04,0,1992,8,31,244,36,cool_dry
1992-09-01,0.0,31.59,30.42,12.87,0,1992,9,1,245,36,hot_dry
1992-09-02,0.0,31.59,30.42,12.87,0,1992,9,2,246,36,hot_dry
1992-09-03,0.0,31.59,30.42,12.87,0,1992,9,3,247,36,hot_dry
1992-09-04,0.0,31.59,30.42,12.87,0,1992,9,4,248,36,hot_dry
1992-09-05,0.0,31.59,30.42,12.87,0,1992,9,5,249,36,hot_dry
1992-09-06,0.0,31.59,30.42,12.87,0,1992,9,6,250,36,hot_dry
1992-09-07,0.0,31.59,30.42,12.87,0,1992,9,7,251,37,hot_dry
1992-09-08,0.0,31.59,30.42,12.87,0,1992,9,8,252,37,hot_dry
1992-09-09,0.0,31.59,30.42,12.87,0,1992,9,9,253,37,hot_dry
1992-09-10,0.0,31.59,30.42,12.87,0,1992,9,10,254,37,hot_dry
1992-09-11,0.0,31.59,30.42,12.87,0,1992,9,11,255,37,hot_dry
1992-09-12,0.0,31.59,30.42,12.87,0,1992,9,12,256,37,hot_dry
1992-09-13,0.0,31.59,30.42,12.87,0,1992,9,13,257,37,hot_dry
1992-09-14,0.0,31.59,30.42,12.87,0,1992,9,14,258,38,hot_dry
1992-09-15,0.0,31.59,30.42,12.87,0,1992,9,15,259,38,hot_dry
1992-09-16,0.0,31.59,30.42,12.87,0,1992,9,16,260,38,hot_dry
1992-09-17,0.0,31.59,30.42,12.87,0,1992,9,17,261,38,hot_dry
1992-09-18,0.0,31.59,30.42,12.87,0,1992,9,18,262,38,hot_dry
1992-09-19,0.0,31.59,30.42,12.87,0,1992,9,19,263,38,hot_dry
1992-09-20,0.0,31.59,30.42,12.87,0,1992,9,20,264,38,hot_dry
1992-09-21,0.0,31.59,30.42,12.87,0,1992,9,21,265,39,hot_dry
1992-09-22,0.0,31.59,30.42,12.87,0,1992,9,22,266,39,hot_dry
1992-09-23,0.0,31.59,30.42,12.87,0,1992,9,23,267,39,hot_dry
1992-09-24,0.0,31.59,30.42,12.87,0,1992,9,24,268,39,hot_dry
1992-09-25,0.0,31.59,30.42,12.87,0,1992,9,25,269,39,hot_dry
1992-09-26,0.0,31.59,30.42,12.87,0,1992,9,26,270,39,hot_dry
1992-09-27,0.0,31.59,30.42,12.87,0,1992,9,27,271,39,hot_dry
1992-09-28,0.0,31.59,30.42,12.87,0,1992,9,28,272,40,hot_dry
1992-09-29,0.0,31.59,30.42,12.87,0,1992,9,29,273,40,hot_dry
1992-09-30,0.0,31.59,30.42,12.87,0,1992,9,30,274,40,hot_dry
1992-10-01,0.11290322580645161,38.04,32.16,17.28,0,1992,10,1,275,40,hot_dry
1992-10-02,0.11290322580645161,38.04,32.16,17.28,0,1992,10,2,276,40,hot_dry
1992-10-03,0.11290322580645161,38.04,32.16,17.28,0,1992,10,3,277,40,hot_dry
1992-10-04,0.11290322580645161,38.04,32.16,17.28,0,1992,10,4,278,40,hot_dry
1992-10-05,0.11290322580645161,38.04,32.16,17.28,0,1992,10,5,279,41,hot_dry
1992-10-06,0.11290322580645161,38.04,32.16,17.28,0,1992,10,6,280,41,hot_dry
1992-10-07,0.11290322580645161,38.04,32.16,17.28,0,1992,10,7,281,41,hot_dry
1992-10-08,0.11290322580645161,38.04,32.16,17.28,0,1992,10,8,282,41,hot_dry
1992-10-09,0.11290322580645161,38.04,32.16,17.28,0,1992,10,9,283,41,hot_dry
1992-10-10,0.11290322580645161,38.04,32.16,17.28,0,1992,10,10,284,41,hot_dry
1992-10-11,0.11290322580645161,38.04,32.16,17.28,0,1992,10,11,285,41,hot_dry
1992-10-12,0.11290322580645161,38.04,32.16,17.28,0,1992,10,12,286,42,hot_dry
1992-10-13,0.11290322580645161,38.04,32.16,17.28,0,1992,10,13,287,42,hot_dry
1992-10-14,0.11290322580645161,38.04,32.16,17.28,0,1992,10,14,288,42,hot_dry
1992-10-15,0.11290322580645161,38.04,32.16,17.28,0,1992,10,15,289,42,hot_dry
1992-10-16,0.11290322580645161,38.04,32.16,17.28,0,1992,10,16,290,42,hot_dry
1992-10-17,0.11290322580645161,38.04,32.16,17.28,0,1992,10,17,291,42,hot_dry
1992-10-18,0.11290322580645161,38.04,32.16,17.28,0,1992,10,18,292,42,hot_dry
1992-10-19,0.11290322580645161,38.04,32.16,17.28,0,1992,10,19,293,43,hot_dry
1992-10-20,0.11290322580645161,38.04,32.16,17.28,0,1992,10,20,294,43,hot_dry
1992-10-21,0.11290322580645161,38.04,32.16,17.28,0,1992,10,21,295,43,hot_dry
1992-10-22,0.11290322580645161,38.04,32.16,17.28,0,1992,10,22,296,43,hot_dry
1992-10-23,0.11290322580645161,38.04,32.16,17.28,0,1992,10,23,297,43,hot_dry
1992-10-24,0.11290322580645161,38.04,32.16,17.28,0,1992,10,24,298,43,hot_dry
1992-10-25,0.11290322580645161,38.04,32.16,17.28,0,1992,10,25,299,43,hot_dry
1992-10-26,0.11290322580645161,38.04,32.16,17.28,0,1992,10,26,300,44,hot_dry
1992-10-27,0.11290322580645161,38.04,32.16,17.28,0,1992,10,27,301,44,hot_dry
1992-10-28,0.11290322580645161,38.04,32.16,17.28,0,1992,10,28,302,44,hot_dry
1992-10-29,0.11290322580645161,38.04,32.16,17.28,0,1992,10,29,303,44,hot_dry
1992-10-30,0.11290322580645161,38.04,32.16,17.28,0,1992,10,30,304,44,hot_dry
1992-10-31,0.11290322580645161,38.04,32.16,17.28,0,1992,10,31,305,44,hot_dry
1992-11-01,2.6366666666666663,56.6,29.73,17.54,1,1992,11,1,306,44,hot_rainy
1992-11-02,2.6366666666666663,56.6,29.73,17.54,1,1992,11,2,307,45,hot_rainy
1992-11-03,2.6366666666666663,56.6,29.73,17.54,1,1992,11,3,308,45,hot_rainy
1992-11-04,2.6366666666666663,56.6,29.73,17.54,1,1992,11,4,309,45,hot_rainy
1992-11-05,2.6366666666666663,56.6,29.73,17.54,1,1992,11,5,310,45,hot_rainy
1992-11-06,2.6366666666666663,56.6,29.73,17.54,1,1992,11,6,311,45,hot_rainy
1992-11-07,2.6366666666666663,56.6,29.73,17.54,1,1992,11,7,312,45,hot_rainy
1992-11-08,2.6366666666666663,56.6,29.73,17.54,1,1992,11,8,313,45,hot_rainy
1992-11-09,2.6366666666666663,56.6,29.73,17.54,1,1992,11,9,314,46,hot_rainy
1992-11-10,2.6366666666666663,56.6,29.73,17.54,1,1992,11,10,315,46,hot_rainy
1992-11-11,2.6366666666666663,56.6,29.73,17.54,1,1992,11,11,316,46,hot_rainy
1992-11-12,2.6366666666666663,56.6,29.73,17.54,1,1992,11,12,317,46,hot_rainy
1992-11-13,2.6366666666666663,56.6,29.73,17.54,1,1992,11,13,318,46,hot_rainy
1992-11-14,2.6366666666666663,56.6,29.73,17.54,1,1992,11,14,319,46,hot_rainy
1992-11-15,2.6366666666666663,56.6,29.73,17.54,1,1992,11,15,320,46,hot_rainy
1992-11-16,2.6366666666666663,56.6,29.73,17.54,1,1992,11,16,321,47,hot_rainy
1992-11-17,2.6366666666666663,56.6,29.73,17.54,1,1992,11,17,322,47,hot_rainy
1992-11-18,2.6366666666666663,56.6,29.73,17.54,1,1992,11,18,323,47,hot_rainy
1992-11-19,2.6366666666666663,56.6,29.73,17.54,1,1992,11,19,324,47,hot_rainy
1992-11-20,2.6366666666666663,56.6,29.73,17.54,1,1992,11,20,325,47,hot_rainy
1992-11-21,2.6366666666666663,56.6,29.73,17.54,1,1992,11,21,326,47,hot_rainy
1992-11-22,2.6366666666666663,56.6,29.73,17.54,1,1992,11,22,327,47,hot_rainy
1992-11-23,2.6366666666666663,56.6,29.73,17.54,1,1992,11,23,328,48,hot_rainy
1992-11-24,2.6366666666666663,56.6,29.73,17.54,1,1992,11,24,329,48,hot_rainy
1992-11-25,2.6366666666666663,56.6,29.73,17.54,1,1992,11,25,330,48,hot_rainy
1992-11-26,2.6366666666666663,56.6,29.73,17.54,1,1992,11,26,331,48,hot_rainy
1992-11-27,2.6366666666666663,56.6,29.73,17.54,1,1992,11,27,332,48,hot_rainy
1992-11-28,2.6366666666666663,56.6,29.73,17.54,1,1992,11,28,333,48,hot_rainy
1992-11-29,2.6366666666666663,56.6,29.73,17.54,1,1992,11,29,334,48,hot_rainy
1992-11-30,2.6366666666666663,56.6,29.73,17.54,1,1992,11,30,335,49,hot_rainy
1992-12-01,6.012903225806451,69.86,27.11,17.15,1,1992,12,1,336,49,hot_rainy
1992-12-02,6.012903225806451,69.86,27.11,17.15,1,1992,12,2,337,49,hot_rainy
1992-12-03,6.012903225806451,69.86,27.11,17.15,1,1992,12,3,338,49,hot_rainy
1992-12-04,6.012903225806451,69.86,27.11,17.15,1,1992,12,4,339,49,hot_rainy
1992-12-05,6.012903225806451,69.86,27.11,17.15,1,1992,12,5,340,49,hot_rainy
1992-12-06,6.012903225806451,69.86,27.11,17.15,1,1992,12,6,341,49,hot_rainy
1992-12-07,6.012903225806451,69.86,27.11,17.15,1,1992,12,7,342,50,hot_rainy
1992-12-08,6.012903225806451,69.86,27.11,17.15,1,1992,12,8,343,50,hot_rainy
1992-12-09,6.012903225806451,69.86,27.11,17.15,1,1992,12,9,344,50,hot_rainy
1992-12-10,6.012903225806451,69.86,27.11,17.15,1,1992,12,10,345,50,hot_rainy
1992-12-11,6.012903225806451,69.86,27.11,17.15,1,1992,12,11,346,50,hot_rainy
1992-12-12,6.012903225806451,69.86,27.11,17.15,1,1992,12,12,347,50,hot_rainy
1992-12-13,6.012903225806451,69.86,27.11,17.15,1,1992,12,13,348,50,hot_rainy
1992-12-14,6.012903225806451,69.86,27.11,17.15,1,1992,12,14,349,51,hot_rainy
1992-12-15,6.012903225806451,69.86,27.11,17.15,1,1992,12,15,350,51,hot_rainy
1992-12-16,6.012903225806451,69.86,27.11,17.15,1,1992,12,16,351,51,hot_rainy
1992-12-17,6.012903225806451,69.86,27.11,17.15,1,1992,12,17,352,51,hot_rainy
1992-12-18,6.012903225806451,69.86,27.11,17.15,1,1992,12,18,353,51,hot_rainy
1992-12-19,6.012903225806451,69.86,27.11,17.15,1,1992,12,19,354,51,hot_rainy
1992-12-20,6.012903225806451,69.86,27.11,17.15,1,1992,12,20,355,51,hot_rainy
1992-12-21,6.012903225806451,69.86,27.11,17.15,1,1992,12,21,356,52,hot_rainy
1992-12-22,6.012903225806451,69.86,27.11,17.15,1,1992,12,22,357,52,hot_rainy
1992-12-23,6.012903225806451,69.86,27.11,17.15,1,1992,12,23,358,52,hot_rainy
1992-12-24,6.012903225806451,69.86,27.11,17.15,1,1992,12,24,359,52,hot_rainy
1992-12-25,6.012903225806451,69.86,27.11,17.15,1,1992,12,25,360,52,hot_rainy
1992-12-26,6.012903225806451,69.86,27.11,17.15,1,1992,12,26,361,52,hot_rainy
1992-12-27,6.012903225806451,69.86,27.11,17.15,1,1992,12,27,362,52,hot_rainy
1992-12-28,6.012903225806451,69.86,27.11,17.15,1,1992,12,28,363,53,hot_rainy
1992-12-29,6.012903225806451,69.86,27.11,17.15,1,1992,12,29,364,53,hot_rainy
1992-12-30,6.012903225806451,69.86,27.11,17.15,1,1992,12,30,365,53,hot_rainy
1992-12-31,6.012903225806451,69.86,27.11,17.15,1,1992,12,31,366,53,hot_rainy
1993-01-01,4.858064516129032,75.03,26.99,16.63,1,1993,1,1,1,53,hot_rainy
1993-01-02,4.858064516129032,75.03,26.99,16.63,1,1993,1,2,2,53,hot_rainy
1993-01-03,4.858064516129032,75.03,26.99,16.63,1,1993,1,3,3,53,hot_rainy
1993-01-04,4.858064516129032,75.03,26.99,16.63,1,1993,1,4,4,1,hot_rainy
1993-01-05,4.858064516129032,75.03,26.99,16.63,1,1993,1,5,5,1,hot_rainy
1993-01-06,4.858064516129032,75.03,26.99,16.63,1,1993,1,6,6,1,hot_rainy
1993-01-07,4.858064516129032,75.03,26.99,16.63,1,1993,1,7,7,1,hot_rainy
1993-01-08,4.858064516129032,75.03,26.99,16.63,1,1993,1,8,8,1,hot_rainy
1993-01-09,4.858064516129032,75.03,26.99,16.63,1,1993,1,9,9,1,hot_rainy
1993-01-10,4.858064516129032,75.03,26.99,16.63,1,1993,1,10,10,1,hot_rainy
1993-01-11,4.858064516129032,75.03,26.99,16.63,1,1993,1,11,11,2,hot_rainy
1993-01-12,4.858064516129032,75.03,26.99,16.63,1,1993,1,12,12,2,hot_rainy
1993-01-13,4.858064516129032,75.03,26.99,16.63,1,1993,1,13,13,2,hot_rainy
1993-01-14,4.858064516129032,75.03,26.99,16.63,1,1993,1,14,14,2,hot_rainy
1993-01-15,4.858064516129032,75.03,26.99,16.63,1,1993,1,15,15,2,hot_rainy
1993-01-16,4.858064516129032,75.03,26.99,16.63,1,1993,1,16,16,2,hot_rainy
1993-01-17,4.858064516129032,75.03,26.99,16.63,1,1993,1,17,17,2,hot_rainy
1993-01-18,4.858064516129032,75.03,26.99,16.63,1,1993,1,18,18,3,hot_rainy
1993-01-19,4.858064516129032,75.03,26.99,16.63,1,1993,1,19,19,3,hot_rainy
1993-01-20,4.858064516129032,75.03,26.99,16.63,1,1993,1,20,20,3,hot_rainy
1993-01-21,4.858064516129032,75.03,26.99,16.63,1,1993,1,21,21,3,hot_rainy
1993-01-22,4.858064516129032,75.03,26.99,16.63,1,1993,1,22,22,3,hot_rainy
1993-01-23,4.858064516129032,75.03,26.99,16.63,1,1993,1,23,23,3,hot_rainy
1993-01-24,4.858064516129032,75.03,26.99,16.63,1,1993,1,24,24,3,hot_rainy
1993-01-25,4.858064516129032,75.03,26.99,16.63,1,1993,1,25,25,4,hot_rainy
1993-01-26,4.858064516129032,75.03,26.99,16.63,1,1993,1,26,26,4,hot_rainy
1993-01-27,4.858064516129032,75.03,26.99,16.63,1,1993,1,27,27,4,hot_rainy
1993-01-28,4.858064516129032,75.03,26.99,16.63,1,1993,1,28,28,4,hot_rainy
1993-01-29,4.858064516129032,75.03,26.99,16.63,1,1993,1,29,29,4,hot_rainy
1993-01-30,4.858064516129032,75.03,26.99,16.63,1,1993,1,30,30,4,hot_rainy
1993-01-31,4.858064516129032,75.03,26.99,16.63,1,1993,1,31,31,4,hot_rainy
1993-02-01,9.674999999999999,81.11,26.11,17.42,1,1993,2,1,32,5,hot_rainy
1993-02-02,9.674999999999999,81.11,26.11,17.42,1,1993,2,2,33,5,hot_rainy
1993-02-03,9.674999999999999,81.11,26.11,17.42,1,1993,2,3,34,5,hot_rainy
1993-02-04,9.674999999999999,81.11,26.11,17.42,1,1993,2,4,35,5,hot_rainy
1993-02-05,9.674999999999999,81.11,26.11,17.42,1,1993,2,5,36,5,hot_rainy
1993-02-06,9.674999999999999,81.11,26.11,17.42,1,1993,2,6,37,5,hot_rainy
1993-02-07,9.674999999999999,81.11,26.11,17.42,1,1993,2,7,38,5,hot_rainy
1993-02-08,9.674999999999999,81.11,26.11,17.42,1,1993,2,8,39,6,hot_rainy
1993-02-09,9.674999999999999,81.11,26.11,17.42,1,1993,2,9,40,6,hot_rainy
1993-02-10,9.674999999999999,81.11,26.11,17.42,1,1993,2,10,41,6,hot_rainy
1993-02-11,9.674999999999999,81.11,26.11,17.42,1,1993,2,11,42,6,hot_rainy
1993-02-12,9.674999999999999,81.11,26.11,17.42,1,1993,2,12,43,6,hot_rainy
1993-02-13,9.674999999999999,81.11,26.11,17.42,1,1993,2,13,44,6,hot_rainy
1993-02-14,9.674999999999999,81.11,26.11,17.42,1,1993,2,14,45,6,hot_rainy
1993-02-15,9.674999999999999,81.11,26.11,17.42,1,1993,2,15,46,7,hot_rainy
1993-02-16,9.674999999999999,81.11,26.11,17.42,1,1993,2,16,47,7,hot_rainy
1993-02-17,9.674999999999999,81.11,26.11,17.42,1,1993,2,17,48,7,hot_rainy
1993-02-18,9.674999999999999,81.11,26.11,17.42,1,1993,2,18,49,7,hot_rainy
1993-02-19,9.674999999999999,81.11,26.11,17.42,1,1993,2,19,50,7,hot_rainy
1993-02-20,9.674999999999999,81.11,26.11,17.42,1,1993,2,20,51,7,hot_rainy
1993-02-21,9.674999999999999,81.11,26.11,17.42,1,1993,2,21,52,7,hot_rainy
1993-02-22,9.674999999999999,81.11,26.11,17.42,1,1993,2,22,53,8,hot_rainy
1993-02-23,9.674999999999999,81.11,26.11,17.42,1,1993,2,23,54,8,hot_rainy
1993-02-24,9.674999999999999,81.11,26.11,17.42,1,1993,2,24,55,8,hot_rainy
1993-02-25,9.674999999999999,81.11,26.11,17.42,1,1993,2,25,56,8,hot_rainy
1993-02-26,9.674999999999999,81.11,26.11,17.42,1,1993,2,26,57,8,hot_rainy
1993-02-27,9.674999999999999,81.11,26.11,17.42,1,1993,2,27,58,8,hot_rainy
1993-02-28,9.674999999999999,81.11,26.11,17.42,1,1993,2,28,59,8,hot_rainy
1993-03-01,2.7129032258064516,77.5,26.17,15.95,1,1993,3,1,60,9,hot_rainy
1993-03-02,2.7129032258064516,77.5,26.17,15.95,1,1993,3,2,61,9,hot_rainy
1993-03-03,2.7129032258064516,77.5,26.17,15.95,1,1993,3,3,62,9,hot_rainy
1993-03-04,2.7129032258064516,77.5,26.17,15.95,1,1993,3,4,63,9,hot_rainy
1993-03-05,2.7129032258064516,77.5,26.17,15.95,1,1993,3,5,64,9,hot_rainy
1993-03-06,2.7129032258064516,77.5,26.17,15.95,1,1993,3,6,65,9,hot_rainy
1993-03-07,2.7129032258064516,77.5,26.17,15.95,1,1993,3,7,66,9,hot_rainy
1993-03-08,2.7129032258064516,77.5,26.17,15.95,1,1993,3,8,67,10,hot_rainy
1993-03-09,2.7129032258064516,77.5,26.17,15.95,1,1993,3,9,68,10,hot_rainy
1993-03-10,2.7129032258064516,77.5,26.17,15.95,1,1993,3,10,69,10,hot_rainy
1993-03-11,2.7129032258064516,77.5,26.17,15.95,1,1993,3,11,70,10,hot_rainy
1993-03-12,2.7129032258064516,77.5,26.17,15.95,1,1993,3,12,71,10,hot_rainy
1993-03-13,2.7129032258064516,77.5,26.17,15.95,1,1993,3,13,72,10,hot_rainy
1993-03-14,2.7129032258064516,77.5,26.17,15.95,1,1993,3,14,73,10,hot_rainy
1993-03-15,2.7129032258064516,77.5,26.17,15.95,1,1993,3,15,74,11,hot_rainy
1993-03-16,2.7129032258064516,77.5,26.17,15.95,1,1993,3,16,75,11,hot_rainy
1993-03-17,2.7129032258064516,77.5,26.17,15.95,1,1993,3,17,76,11,hot_rainy
1993-03-18,2.7129032258064516,77.5,26.17,15.95,1,1993,3,18,77,11,hot_rainy
1993-03-19,2.7129032258064516,77.5,26.17,15.95,1,1993,3,19,78,11,hot_rainy
1993-03-20,2.7129032258064516,77.5,26.17,15.95,1,1993,3,20,79,11,hot_rainy
1993-03-21,2.7129032258064516,77.5,26.17,15.95,1,1993,3,21,80,11,hot_rainy
1993-03-22,2.7129032258064516,77.5,26.17,15.95,1,1993,3,22,81,12,hot_rainy
1993-03-23,2.7129032258064516,77.5,26.17,15.95,1,1993,3,23,82,12,hot_rainy
1993-03-24,2.7129032258064516,77.5,26.17,15.95,1,1993,3,24,83,12,hot_rainy
1993-03-25,2.7129032258064516,77.5,26.17,15.95,1,1993,3,25,84,12,hot_rainy
1993-03-26,2.7129032258064516,77.5,26.17,15.95,1,1993,3,26,85,12,hot_rainy
1993-03-27,2.7129032258064516,77.5,26.17,15.95,1,1993,3,27,86,12,hot_rainy
1993-03-28,2.7129032258064516,77.5,26.17,15.95,1,1993,3,28,87,12,hot_rainy
1993-03-29,2.7129032258064516,77.5,26.17,15.95,1,1993,3,29,88,13,hot_rainy
1993-03-30,2.7129032258064516,77.5,26.17,15.95,1,1993,3,30,89,13,hot_rainy
1993-03-31,2.7129032258064516,77.5,26.17,15.95,1,1993,3,31,90,13,hot_rainy
1993-04-01,0.5566666666666666,69.5,26.83,14.22,0,1993,4,1,91,13,hot_rainy
1993-04-02,0.5566666666666666,69.5,26.83,14.22,0,1993,4,2,92,13,hot_rainy
1993-04-03,0.5566666666666666,69.5,26.83,14.22,0,1993,4,3,93,13,hot_rainy
1993-04-04,0.5566666666666666,69.5,26.83,14.22,0,1993,4,4,94,13,hot_rainy
1993-04-05,0.5566666666666666,69.5,26.83,14.22,0,1993,4,5,95,14,hot_rainy
1993-04-06,0.5566666666666666,69.5,26.83,14.22,0,1993,4,6,96,14,hot_rainy
1993-04-07,0.5566666666666666,69.5,26.83,14.22,0,1993,4,7,97,14,hot_rainy
1993-04-08,0.5566666666666666,69.5,26.83,14.22,0,1993,4,8,98,14,hot_rainy
1993-04-09,0.5566666666666666,69.5,26.83,14.22,0,1993,4,9,99,14,hot_rainy
1993-04-10,0.5566666666666666,69.5,26.83,14.22,0,1993,4,10,100,14,hot_rainy
1993-04-11,0.5566666666666666,69.5,26.83,14.22,0,1993,4,11,101,14,hot_rainy
1993-04-12,0.5566666666666666,69.5,26.83,14.22,0,1993,4,12,102,15,hot_rainy
1993-04-13,0.5566666666666666,69.5,26.83,14.22,0,1993,4,13,103,15,hot_rainy
1993-04-14,0.5566666666666666,69.5,26.83,14.22,0,1993,4,14,104,15,hot_rainy
1993-04-15,0.5566666666666666,69.5,26.83,14.22,0,1993,4,15,105,15,hot_rainy
1993-04-16,0.5566666666666666,69.5,26.83,14.22,0,1993,4,16,106,15,hot_rainy
1993-04-17,0.5566666666666666,69.5,26.83,14.22,0,1993,4,17,107,15,hot_rainy
1993-04-18,0.5566666666666666,69.5,26.83,14.22,0,1993,4,18,108,15,hot_rainy
1993-04-19,0.5566666666666666,69.5,26.83,14.22,0,1993,4,19,109,16,hot_rainy
1993-04-20,0.5566666666666666,69.5,26.83,14.22,0,1993,4,20,110,16,hot_rainy
1993-04-21,0.5566666666666666,69.5,26.83,14.22,0,1993,4,21,111,16,hot_rainy
1993-04-22,0.5566666666666666,69.5,26.83,14.22,0,1993,4,22,112,16,hot_rainy
1993-04-23,0.5566666666666666,69.5,26.83,14.22,0,1993,4,23,113,16,hot_rainy
1993-04-24,0.5566666666666666,69.5,26.83,14.22,0,1993,4,24,114,16,hot_rainy
1993-04-25,0.5566666666666666,69.5,26.83,14.22,0,1993,4,25,115,16,hot_rainy
1993-04-26,0.5566666666666666,69.5,26.83,14.22,0,1993,4,26,116,17,hot_rainy
1993-04-27,0.5566666666666666,69.5,26.83,14.22,0,1993,4,27,117,17,hot_rainy
1993-04-28,0.5566666666666666,69.5,26.83,14.22,0,1993,4,28,118,17,hot_rainy
1993-04-29,0.5566666666666666,69.5,26.83,14.22,0,1993,4,29,119,17,hot_rainy
1993-04-30,0.5566666666666666,69.5,26.83,14.22,0,1993,4,30,120,17,hot_rainy
1993-05-01,0.0,55.37,25.666428571428572,9.065185185185186,0,1993,5,1,121,17,cool_dry
1993-05-02,0.0,55.37,25.666428571428572,9.065185185185186,0,1993,5,2,122,17,cool_dry
1993-05-03,0.0,55.37,25.666428571428572,9.065185185185186,0,1993,5,3,123,18,cool_dry
1993-05-04,0.0,55.37,25.666428571428572,9.065185185185186,0,1993,5,4,124,18,cool_dry
1993-05-05,0.0,55.37,25.666428571428572,9.065185185185186,0,1993,5,5,125,18,cool_dry
1993-05-06,0.0,55.37,25.666428571428572,9.065185185185186,0,1993,5,6,126,18,cool_dry
1993-05-07,0.0,55.37,25.666428571428572,9.065185185185186,0,1993,5,7,127,18,cool_dry
1993-05-08,0.0,55.37,25.666428571428572,9.065185185185186,0,1993,5,8,128,18,cool_dry
1993-05-09,0.0,55.37,25.666428571428572,9.065185185185186,0,1993,5,9,129,18,cool_dry
1993-05-10,0.0,55.37,25.666428571428572,9.065185185185186,0,1993,5,10,130,19,cool_dry
1993-05-11,0.0,55.37,25.666428571428572,9.065185185185186,0,1993,5,11,131,19,cool_dry
1993-05-12,0.0,55.37,25.666428571428572,9.065185185185186,0,1993,5,12,132,19,cool_dry
1993-05-13,0.0,55.37,25.666428571428572,9.065185185185186,0,1993,5,13,133,19,cool_dry
1993-05-14,0.0,55.37,25.666428571428572,9.065185185185186,0,1993,5,14,134,19,cool_dry
1993-05-15,0.0,55.37,25.666428571428572,9.065185185185186,0,1993,5,15,135,19,cool_dry
1993-05-16,0.0,55.37,25.666428571428572,9.065185185185186,0,1993,5,16,136,19,cool_dry
1993-05-17,0.0,55.37,25.666428571428572,9.065185185185186,0,1993,5,17,137,20,cool_dry
1993-05-18,0.0,55.37,25.666428571428572,9.065185185185186,0,1993,5,18,138,20,cool_dry
1993-05-19,0.0,55.37,25.666428571428572,9.065185185185186,0,1993,5,19,139,20,cool_dry
1993-05-20,0.0,55.37,25.666428571428572,9.065185185185186,0,1993,5,20,140,20,cool_dry
1993-05-21,0.0,55.37,25.666428571428572,9.065185185185186,0,1993,5,21,141,20,cool_dry
1993-05-22,0.0,55.37,25.666428571428572,9.065185185185186,0,1993,5,22,142,20,cool_dry
1993-05-23,0.0,55.37,25.666428571428572,9.065185185185186,0,1993,5,23,143,20,cool_dry
1993-05-24,0.0,55.37,25.666428571428572,9.065185185185186,0,1993,5,24,144,21,cool_dry
1993-05-25,0.0,55.37,25.666428571428572,9.065185185185186,0,1993,5,25,145,21,cool_dry
1993-05-26,0.0,55.37,25.666428571428572,9.065185185185186,0,1993,5,26,146,21,cool_dry
1993-05-27,0.0,55.37,25.666428571428572,9.065185185185186,0,1993,5,27,147,21,cool_dry
1993-05-28,0.0,55.37,25.666428571428572,9.065185185185186,0,1993,5,28,148,21,cool_dry
1993-05-29,0.0,55.37,25.666428571428572,9.065185185185186,0,1993,5,29,149,21,cool_dry
1993-05-30,0.0,55.37,25.666428571428572,9.065185185185186,0,1993,5,30,150,21,cool_dry
1993-05-31,0.0,55.37,25.666428571428572,9.065185185185186,0,1993,5,31,151,22,cool_dry
1993-06-01,0.0,58.4,23.01,5.44,0,1993,6,1,152,22,cool_dry
1993-06-02,0.0,58.4,23.01,5.44,0,1993,6,2,153,22,cool_dry
1993-06-03,0.0,58.4,23.01,5.44,0,1993,6,3,154,22,cool_dry
1993-06-04,0.0,58.4,23.01,5.44,0,1993,6,4,155,22,cool_dry
1993-06-05,0.0,58.4,23.01,5.44,0,1993,6,5,156,22,cool_dry
1993-06-06,0.0,58.4,23.01,5.44,0,1993,6,6,157,22,cool_dry
1993-06-07,0.0,58.4,23.01,5.44,0,1993,6,7,158,23,cool_dry
1993-06-08,0.0,58.4,23.01,5.44,0,1993,6,8,159,23,cool_dry
1993-06-09,0.0,58.4,23.01,5.44,0,1993,6,9,160,23,cool_dry
1993-06-10,0.0,58.4,23.01,5.44,0,1993,6,10,161,23,cool_dry
1993-06-11,0.0,58.4,23.01,5.44,0,1993,6,11,162,23,cool_dry
1993-06-12,0.0,58.4,23.01,5.44,0,1993,6,12,163,23,cool_dry
1993-06-13,0.0,58.4,23.01,5.44,0,1993,6,13,164,23,cool_dry
1993-06-14,0.0,58.4,23.01,5.44,0,1993,6,14,165,24,cool_dry
1993-06-15,0.0,58.4,23.01,5.44,0,1993,6,15,166,24,cool_dry
1993-06-16,0.0,58.4,23.01,5.44,0,1993,6,16,167,24,cool_dry
1993-06-17,0.0,58.4,23.01,5.44,0,1993,6,17,168,24,cool_dry
1993-06-18,0.0,58.4,23.01,5.44,0,1993,6,18,169,24,cool_dry
1993-06-19,0.0,58.4,23.01,5.44,0,1993,6,19,170,24,cool_dry
1993-06-20,0.0,58.4,23.01,5.44,0,1993,6,20,171,24,cool_dry
1993-06-21,0.0,58.4,23.01,5.44,0,1993,6,21,172,25,cool_dry
1993-06-22,0.0,58.4,23.01,5.44,0,1993,6,22,173,25,cool_dry
1993-06-23,0.0,58.4,23.01,5.44,0,1993,6,23,174,25,cool_dry
1993-06-24,0.0,58.4,23.01,5.44,0,1993,6,24,175,25,cool_dry
1993-06-25,0.0,58.4,23.01,5.44,0,1993,6,25,176,25,cool_dry
1993-06-26,0.0,58.4,23.01,5.44,0,1993,6,26,177,25,cool_dry
1993-06-27,0.0,58.4,23.01,5.44,0,1993,6,27,178,25,cool_dry
1993-06-28,0.0,58.4,23.01,5.44,0,1993,6,28,179,26,cool_dry
1993-06-29,0.0,58.4,23.01,5.44,0,1993,6,29,180,26,cool_dry
1993-06-30,0.0,58.4,23.01,5.44,0,1993,6,30,181,26,cool_dry
1993-07-01,0.0032258064516129032,60.13,21.87,7.33,0,1993,7,1,182,26,cool_dry
1993-07-02,0.0032258064516129032,60.13,21.87,7.33,0,1993,7,2,183,26,cool_dry
1993-07-03,0.0032258064516129032,60.13,21.87,7.33,0,1993,7,3,184,26,cool_dry
1993-07-04,0.0032258064516129032,60.13,21.87,7.33,0,1993,7,4,185,26,cool_dry
1993-07-05,0.0032258064516129032,60.13,21.87,7.33,0,1993,7,5,186,27,cool_dry
1993-07-06,0.0032258064516129032,60.13,21.87,7.33,0,1993,7,6,187,27,cool_dry
1993-07-07,0.0032258064516129032,60.13,21.87,7.33,0,1993,7,7,188,27,cool_dry
1993-07-08,0.0032258064516129032,60.13,21.87,7.33,0,1993,7,8,189,27,cool_dry
1993-07-09,0.0032258064516129032,60.13,21.87,7.33,0,1993,7,9,190,27,cool_dry
1993-07-10,0.0032258064516129032,60.13,21.87,7.33,0,1993,7,10,191,27,cool_dry
1993-07-11,0.0032258064516129032,60.13,21.87,7.33,0,1993,7,11,192,27,cool_dry
1993-07-12,0.0032258064516129032,60.13,21.87,7.33,0,1993,7,12,193,28,cool_dry
1993-07-13,0.0032258064516129032,60.13,21.87,7.33,0,1993,7,13,194,28,cool_dry
1993-07-14,0.0032258064516129032,60.13,21.87,7.33,0,1993,7,14,195,28,cool_dry
1993-07-15,0.0032258064516129032,60.13,21.87,7.33,0,1993,7,15,196,28,cool_dry
1993-07-16,0.0032258064516129032,60.13,21.87,7.33,0,1993,7,16,197,28,cool_dry
1993-07-17,0.0032258064516129032,60.13,21.87,7.33,0,1993,7,17,198,28,cool_dry
1993-07-18,0.0032258064516129032,60.13,21.87,7.33,0,1993,7,18,199,28,cool_dry
1993-07-19,0.0032258064516129032,60.13,21.87,7.33,0,1993,7,19,200,29,cool_dry
1993-07-20,0.0032258064516129032,60.13,21.87,7.33,0,1993,7,20,201,29,cool_dry
1993-07-21,0.0032258064516129032,60.13,21.87,7.33,0,1993,7,21,202,29,cool_dry
1993-07-22,0.0032258064516129032,60.13,21.87,7.33,0,1993,7,22,203,29,cool_dry
1993-07-23,0.0032258064516129032,60.13,21.87,7.33,0,1993,7,23,204,29,cool_dry
1993-07-24,0.0032258064516129032,60.13,21.87,7.33,0,1993,7,24,205,29,cool_dry
1993-07-25,0.0032258064516129032,60.13,21.87,7.33,0,1993,7,25,206,29,cool_dry
1993-07-26,0.0032258064516129032,60.13,21.87,7.33,0,1993,7,26,207,30,cool_dry
1993-07-27,0.0032258064516129032,60.13,21.87,7.33,0,1993,7,27,208,30,cool_dry
1993-07-28,0.0032258064516129032,60.13,21.87,7.33,0,1993,7,28,209,30,cool_dry
1993-07-29,0.0032258064516129032,60.13,21.87,7.33,0,1993,7,29,210,30,cool_dry
1993-07-30,0.0032258064516129032,60.13,21.87,7.33,0,1993,7,30,211,30,cool_dry
1993-07-31,0.0032258064516129032,60.13,21.87,7.33,0,1993,7,31,212,30,cool_dry
1993-08-01,0.1903225806451613,48.48,25.03,7.92,0,1993,8,1,213,30,cool_dry
1993-08-02,0.1903225806451613,48.48,25.03,7.92,0,1993,8,2,214,31,cool_dry
1993-08-03,0.1903225806451613,48.48,25.03,7.92,0,1993,8,3,215,31,cool_dry
1993-08-04,0.1903225806451613,48.48,25.03,7.92,0,1993,8,4,216,31,cool_dry
1993-08-05,0.1903225806451613,48.48,25.03,7.92,0,1993,8,5,217,31,cool_dry
1993-08-06,0.1903225806451613,48.48,25.03,7.92,0,1993,8,6,218,31,cool_dry
1993-08-07,0.1903225806451613,48.48,25.03,7.92,0,1993,8,7,219,31,cool_dry
1993-08-08,0.1903225806451613,48.48,25.03,7.92,0,1993,8,8,220,31,cool_dry
1993-08-09,0.1903225806451613,48.48,25.03,7.92,0,1993,8,9,221,32,cool_dry
1993-08-10,0.1903225806451613,48.48,25.03,7.92,0,1993,8,10,222,32,cool_dry
1993-08-11,0.1903225806451613,48.48,25.03,7.92,0,1993,8,11,223,32,cool_dry
1993-08-12,0.1903225806451613,48.48,25.03,7.92,0,1993,8,12,224,32,cool_dry
1993-08-13,0.1903225806451613,48.48,25.03,7.92,0,1993,8,13,225,32,cool_dry
1993-08-14,0.1903225806451613,48.48,25.03,7.92,0,1993,8,14,226,32,cool_dry
1993-08-15,0.1903225806451613,48.48,25.03,7.92,0,1993,8,15,227,32,cool_dry
1993-08-16,0.1903225806451613,48.48,25.03,7.92,0,1993,8,16,228,33,cool_dry
1993-08-17,0.1903225806451613,48.48,25.03,7.92,0,1993,8,17,229,33,cool_dry
1993-08-18,0.1903225806451613,48.48,25.03,7.92,0,1993,8,18,230,33,cool_dry
1993-08-19,0.1903225806451613,48.48,25.03,7.92,0,1993,8,19,231,33,cool_dry
1993-08-20,0.1903225806451613,48.48,25.03,7.92,0,1993,8,20,232,33,cool_dry
1993-08-21,0.1903225806451613,48.48,25.03,7.92,0,1993,8,21,233,33,cool_dry
1993-08-22,0.1903225806451613,48.48,25.03,7.92,0,1993,8,22,234,33,cool_dry
1993-08-23,0.1903225806451613,48.48,25.03,7.92,0,1993,8,23,235,34,cool_dry
1993-08-24,0.1903225806451613,48.48,25.03,7.92,0,1993,8,24,236,34,cool_dry
1993-08-25,0.1903225806451613,48.48,25.03,7.92,0,1993,8,25,237,34,cool_dry
1993-08-26,0.1903225806451613,48.48,25.03,7.92,0,1993,8,26,238,34,cool_dry
1993-08-27,0.1903225806451613,48.48,25.03,7.92,0,1993,8,27,239,34,cool_dry
1993-08-28,0.1903225806451613,48.48,25.03,7.92,0,1993,8,28,240,34,cool_dry
1993-08-29,0.1903225806451613,48.48,25.03,7.92,0,1993,8,29,241,34,cool_dry
1993-08-30,0.1903225806451613,48.48,25.03,7.92,0,1993,8,30,242,35,cool_dry
1993-08-31,0.1903225806451613,48.48,25.03,7.92,0,1993,8,31,243,35,cool_dry
1993-09-01,0.15333333333333332,40.07,28.13,11.06,0,1993,9,1,244,35,hot_dry
1993-09-02,0.15333333333333332,40.07,28.13,11.06,0,1993,9,2,245,35,hot_dry
1993-09-03,0.15333333333333332,40.07,28.13,11.06,0,1993,9,3,246,35,hot_dry
1993-09-04,0.15333333333333332,40.07,28.13,11.06,0,1993,9,4,247,35,hot_dry
1993-09-05,0.15333333333333332,40.07,28.13,11.06,0,1993,9,5,248,35,hot_dry
1993-09-06,0.15333333333333332,40.07,28.13,11.06,0,1993,9,6,249,36,hot_dry
1993-09-07,0.15333333333333332,40.07,28.13,11.06,0,1993,9,7,250,36,hot_dry
1993-09-08,0.15333333333333332,40.07,28.13,11.06,0,1993,9,8,251,36,hot_dry
1993-09-09,0.15333333333333332,40.07,28.13,11.06,0,1993,9,9,252,36,hot_dry
1993-09-10,0.15333333333333332,40.07,28.13,11.06,0,1993,9,10,253,36,hot_dry
1993-09-11,0.15333333333333332,40.07,28.13,11.06,0,1993,9,11,254,36,hot_dry
1993-09-12,0.15333333333333332,40.07,28.13,11.06,0,1993,9,12,255,36,hot_dry
1993-09-13,0.15333333333333332,40.07,28.13,11.06,0,1993,9,13,256,37,hot_dry
1993-09-14,0.15333333333333332,40.07,28.13,11.06,0,1993,9,14,257,37,hot_dry
1993-09-15,0.15333333333333332,40.07,28.13,11.06,0,1993,9,15,258,37,hot_dry
1993-09-16,0.15333333333333332,40.07,28.13,11.06,0,1993,9,16,259,37,hot_dry
1993-09-17,0.15333333333333332,40.07,28.13,11.06,0,1993,9,17,260,37,hot_dry
1993-09-18,0.15333333333333332,40.07,28.13,11.06,0,1993,9,18,261,37,hot_dry
1993-09-19,0.15333333333333332,40.07,28.13,11.06,0,1993,9,19,262,37,hot_dry
1993-09-20,0.15333333333333332,40.07,28.13,11.06,0,1993,9,20,263,38,hot_dry
1993-09-21,0.15333333333333332,40.07,28.13,11.06,0,1993,9,21,264,38,hot_dry
1993-09-22,0.15333333333333332,40.07,28.13,11.06,0,1993,9,22,265,38,hot_dry
1993-09-23,0.15333333333333332,40.07,28.13,11.06,0,1993,9,23,266,38,hot_dry
1993-09-24,0.15333333333333332,40.07,28.13,11.06,0,1993,9,24,267,38,hot_dry
1993-09-25,0.15333333333333332,40.07,28.13,11.06,0,1993,9,25,268,38,hot_dry
1993-09-26,0.15333333333333332,40.07,28.13,11.06,0,1993,9,26,269,38,hot_dry
1993-09-27,0.15333333333333332,40.07,28.13,11.06,0,1993,9,27,270,39,hot_dry
1993-09-28,0.15333333333333332,40.07,28.13,11.06,0,1993,9,28,271,39,hot_dry
1993-09-29,0.15333333333333332,40.07,28.13,11.06,0,1993,9,29,272,39,hot_dry
1993-09-30,0.15333333333333332,40.07,28.13,11.06,0,1993,9,30,273,39,hot_dry
1993-10-01,0.0,41.83,32.01,16.23,0,1993,10,1,274,39,hot_dry
1993-10-02,0.0,41.83,32.01,16.23,0,1993,10,2,275,39,hot_dry
1993-10-03,0.0,41.83,32.01,16.23,0,1993,10,3,276,39,hot_dry
1993-10-04,0.0,41.83,32.01,16.23,0,1993,10,4,277,40,hot_dry
1993-10-05,0.0,41.83,32.01,16.23,0,1993,10,5,278,40,hot_dry
1993-10-06,0.0,41.83,32.01,16.23,0,1993,10,6,279,40,hot_dry
1993-10-07,0.0,41.83,32.01,16.23,0,1993,10,7,280,40,hot_dry
1993-10-08,0.0,41.83,32.01,16.23,0,1993,10,8,281,40,hot_dry
1993-10-09,0.0,41.83,32.01,16.23,0,1993,10,9,282,40,hot_dry
1993-10-10,0.0,41.83,32.01,16.23,0,1993,10,10,283,40,hot_dry
1993-10-11,0.0,41.83,32.01,16.23,0,1993,10,11,284,41,hot_dry
1993-10-12,0.0,41.83,32.01,16.23,0,1993,10,12,285,41,hot_dry
1993-10-13,0.0,41.83,32.01,16.23,0,1993,10,13,286,41,hot_dry
1993-10-14,0.0,41.83,32.01,16.23,0,1993,10,14,287,41,hot_dry
1993-10-15,0.0,41.83,32.01,16.23,0,1993,10,15,288,41,hot_dry
1993-10-16,0.0,41.83,32.01,16.23,0,1993,10,16,289,41,hot_dry
1993-10-17,0.0,41.83,32.01,16.23,0,1993,10,17,290,41,hot_dry
1993-10-18,0.0,41.83,32.01,16.23,0,1993,10,18,291,42,hot_dry
1993-10-19,0.0,41.83,32.01,16.23,0,1993,10,19,292,42,hot_dry
1993-10-20,0.0,41.83,32.01,16.23,0,1993,10,20,293,42,hot_dry
1993-10-21,0.0,41.83,32.01,16.23,0,1993,10,21,294,42,hot_dry
1993-10-22,0.0,41.83,32.01,16.23,0,1993,10,22,295,42,hot_dry
1993-10-23,0.0,41.83,32.01,16.23,0,1993,10,23,296,42,hot_dry
1993-10-24,0.0,41.83,32.01,16.23,0,1993,10,24,297,42,hot_dry
1993-10-25,0.0,41.83,32.01,16.23,0,1993,10,25,298,43,hot_dry
1993-10-26,0.0,41.83,32.01,16.23,0,1993,10,26,299,43,hot_dry
1993-10-27,0.0,41.83,32.01,16.23,0,1993,10,27,300,43,hot_dry
1993-10-28,0.0,41.83,32.01,16.23,0,1993,10,28,301,43,hot_dry
1993-10-29,0.0,41.83,32.01,16.23,0,1993,10,29,302,43,hot_dry
1993-10-30,0.0,41.83,32.01,16.23,0,1993,10,30,303,43,hot_dry
1993-10-31,0.0,41.83,32.01,16.23,0,1993,10,31,304,43,hot_dry
1993-11-01,3.33,57.29,29.66,17.5,1,1993,11,1,305,44,hot_rainy
1993-11-02,3.33,57.29,29.66,17.5,1,1993,11,2,306,44,hot_rainy
1993-11-03,3.33,57.29,29.66,17.5,1,1993,11,3,307,44,hot_rainy
1993-11-04,3.33,57.29,29.66,17.5,1,1993,11,4,308,44,hot_rainy
1993-11-05,3.33,57.29,29.66,17.5,1,1993,11,5,309,44,hot_rainy
1993-11-06,3.33,57.29,29.66,17.5,1,1993,11,6,310,44,hot_rainy
1993-11-07,3.33,57.29,29.66,17.5,1,1993,11,7,311,44,hot_rainy
1993-11-08,3.33,57.29,29.66,17.5,1,1993,11,8,312,45,hot_rainy
1993-11-09,3.33,57.29,29.66,17.5,1,1993,11,9,313,45,hot_rainy
1993-11-10,3.33,57.29,29.66,17.5,1,1993,11,10,314,45,hot_rainy
1993-11-11,3.33,57.29,29.66,17.5,1,1993,11,11,315,45,hot_rainy
1993-11-12,3.33,57.29,29.66,17.5,1,1993,11,12,316,45,hot_rainy
1993-11-13,3.33,57.29,29.66,17.5,1,1993,11,13,317,45,hot_rainy
1993-11-14,3.33,57.29,29.66,17.5,1,1993,11,14,318,45,hot_rainy
1993-11-15,3.33,57.29,29.66,17.5,1,1993,11,15,319,46,hot_rainy
1993-11-16,3.33,57.29,29.66,17.5,1,1993,11,16,320,46,hot_rainy
1993-11-17,3.33,57.29,29.66,17.5,1,1993,11,17,321,46,hot_rainy
1993-11-18,3.33,57.29,29.66,17.5,1,1993,11,18,322,46,hot_rainy
1993-11-19,3.33,57.29,29.66,17.5,1,1993,11,19,323,46,hot_rainy
1993-11-20,3.33,57.29,29.66,17.5,1,1993,11,20,324,46,hot_rainy
1993-11-21,3.33,57.29,29.66,17.5,1,1993,11,21,325,46,hot_rainy
1993-11-22,3.33,57.29,29.66,17.5,1,1993,11,22,326,47,hot_rainy
1993-11-23,3.33,57.29,29.66,17.5,1,1993,11,23,327,47,hot_rainy
1993-11-24,3.33,57.29,29.66,17.5,1,1993,11,24,328,47,hot_rainy
1993-11-25,3.33,57.29,29.66,17.5,1,1993,11,25,329,47,hot_rainy
1993-11-26,3.33,57.29,29.66,17.5,1,1993,11,26,330,47,hot_rainy
1993-11-27,3.33,57.29,29.66,17.5,1,1993,11,27,331,47,hot_rainy
1993-11-28,3.33,57.29,29.66,17.5,1,1993,11,28,332,47,hot_rainy
1993-11-29,3.33,57.29,29.66,17.5,1,1993,11,29,333,48,hot_rainy
1993-11-30,3.33,57.29,29.66,17.5,1,1993,11,30,334,48,hot_rainy
1993-12-01,4.541935483870968,69.95,28.06,16.98,1,1993,12,1,335,48,hot_rainy
1993-12-02,4.541935483870968,69.95,28.06,16.98,1,1993,12,2,336,48,hot_rainy
1993-12-03,4.541935483870968,69.95,28.06,16.98,1,1993,12,3,337,48,hot_rainy
1993-12-04,4.541935483870968,69.95,28.06,16.98,1,1993,12,4,338,48,hot_rainy
1993-12-05,4.541935483870968,69.95,28.06,16.98,1,1993,12,5,339,48,hot_rainy
1993-12-06,4.541935483870968,69.95,28.06,16.98,1,1993,12,6,340,49,hot_rainy
1993-12-07,4.541935483870968,69.95,28.06,16.98,1,1993,12,7,341,49,hot_rainy
1993-12-08,4.541935483870968,69.95,28.06,16.98,1,1993,12,8,342,49,hot_rainy
1993-12-09,4.541935483870968,69.95,28.06,16.98,1,1993,12,9,343,49,hot_rainy
1993-12-10,4.541935483870968,69.95,28.06,16.98,1,1993,12,10,344,49,hot_rainy
1993-12-11,4.541935483870968,69.95,28.06,16.98,1,1993,12,11,345,49,hot_rainy
1993-12-12,4.541935483870968,69.95,28.06,16.98,1,1993,12,12,346,49,hot_rainy
1993-12-13,4.541935483870968,69.95,28.06,16.98,1,1993,12,13,347,50,hot_rainy
1993-12-14,4.541935483870968,69.95,28.06,16.98,1,1993,12,14,348,50,hot_rainy
1993-12-15,4.541935483870968,69.95,28.06,16.98,1,1993,12,15,349,50,hot_rainy
1993-12-16,4.541935483870968,69.95,28.06,16.98,1,1993,12,16,350,50,hot_rainy
1993-12-17,4.541935483870968,69.95,28.06,16.98,1,1993,12,17,351,50,hot_rainy
1993-12-18,4.541935483870968,69.95,28.06,16.98,1,1993,12,18,352,50,hot_rainy
1993-12-19,4.541935483870968,69.95,28.06,16.98,1,1993,12,19,353,50,hot_rainy
1993-12-20,4.541935483870968,69.95,28.06,16.98,1,1993,12,20,354,51,hot_rainy
1993-12-21,4.541935483870968,69.95,28.06,16.98,1,1993,12,21,355,51,hot_rainy
1993-12-22,4.541935483870968,69.95,28.06,16.98,1,1993,12,22,356,51,hot_rainy
1993-12-23,4.541935483870968,69.95,28.06,16.98,1,1993,12,23,357,51,hot_rainy
1993-12-24,4.541935483870968,69.95,28.06,16.98,1,1993,12,24,358,51,hot_rainy
1993-12-25,4.541935483870968,69.95,28.06,16.98,1,1993,12,25,359,51,hot_rainy
1993-12-26,4.541935483870968,69.95,28.06,16.98,1,1993,12,26,360,51,hot_rainy
1993-12-27,4.541935483870968,69.95,28.06,16.98,1,1993,12,27,361,52,hot_rainy
1993-12-28,4.541935483870968,69.95,28.06,16.98,1,1993,12,28,362,52,hot_rainy
1993-12-29,4.541935483870968,69.95,28.06,16.98,1,1993,12,29,363,52,hot_rainy
1993-12-30,4.541935483870968,69.95,28.06,16.98,1,1993,12,30,364,52,hot_rainy
1993-12-31,4.541935483870968,69.95,28.06,16.98,1,1993,12,31,365,52,hot_rainy
1994-01-01,5.054838709677419,80.45,26.19,17.22,1,1994,1,1,1,52,hot_rainy
1994-01-02,5.054838709677419,80.45,26.19,17.22,1,1994,1,2,2,52,hot_rainy
1994-01-03,5.054838709677419,80.45,26.19,17.22,1,1994,1,3,3,1,hot_rainy
1994-01-04,5.054838709677419,80.45,26.19,17.22,1,1994,1,4,4,1,hot_rainy
1994-01-05,5.054838709677419,80.45,26.19,17.22,1,1994,1,5,5,1,hot_rainy
1994-01-06,5.054838709677419,80.45,26.19,17.22,1,1994,1,6,6,1,hot_rainy
1994-01-07,5.054838709677419,80.45,26.19,17.22,1,1994,1,7,7,1,hot_rainy
1994-01-08,5.054838709677419,80.45,26.19,17.22,1,1994,1,8,8,1,hot_rainy
1994-01-09,5.054838709677419,80.45,26.19,17.22,1,1994,1,9,9,1,hot_rainy
1994-01-10,5.054838709677419,80.45,26.19,17.22,1,1994,1,10,10,2,hot_rainy
1994-01-11,5.054838709677419,80.45,26.19,17.22,1,1994,1,11,11,2,hot_rainy
1994-01-12,5.054838709677419,80.45,26.19,17.22,1,1994,1,12,12,2,hot_rainy
1994-01-13,5.054838709677419,80.45,26.19,17.22,1,1994,1,13,13,2,hot_rainy
1994-01-14,5.054838709677419,80.45,26.19,17.22,1,1994,1,14,14,2,hot_rainy
1994-01-15,5.054838709677419,80.45,26.19,17.22,1,1994,1,15,15,2,hot_rainy
1994-01-16,5.054838709677419,80.45,26.19,17.22,1,1994,1,16,16,2,hot_rainy
1994-01-17,5.054838709677419,80.45,26.19,17.22,1,1994,1,17,17,3,hot_rainy
1994-01-18,5.054838709677419,80.45,26.19,17.22,1,1994,1,18,18,3,hot_rainy
1994-01-19,5.054838709677419,80.45,26.19,17.22,1,1994,1,19,19,3,hot_rainy
1994-01-20,5.054838709677419,80.45,26.19,17.22,1,1994,1,20,20,3,hot_rainy
1994-01-21,5.054838709677419,80.45,26.19,17.22,1,1994,1,21,21,3,hot_rainy
1994-01-22,5.054838709677419,80.45,26.19,17.22,1,1994,1,22,22,3,hot_rainy
1994-01-23,5.054838709677419,80.45,26.19,17.22,1,1994,1,23,23,3,hot_rainy
1994-01-24,5.054838709677419,80.45,26.19,17.22,1,1994,1,24,24,4,hot_rainy
1994-01-25,5.054838709677419,80.45,26.19,17.22,1,1994,1,25,25,4,hot_rainy
1994-01-26,5.054838709677419,80.45,26.19,17.22,1,1994,1,26,26,4,hot_rainy
1994-01-27,5.054838709677419,80.45,26.19,17.22,1,1994,1,27,27,4,hot_rainy
1994-01-28,5.054838709677419,80.45,26.19,17.22,1,1994,1,28,28,4,hot_rainy
1994-01-29,5.054838709677419,80.45,26.19,17.22,1,1994,1,29,29,4,hot_rainy
1994-01-30,5.054838709677419,80.45,26.19,17.22,1,1994,1,30,30,4,hot_rainy
1994-01-31,5.054838709677419,80.45,26.19,17.22,1,1994,1,31,31,5,hot_rainy
1994-02-01,4.385714285714285,77.73,26.68,16.27,1,1994,2,1,32,5,hot_rainy
1994-02-02,4.385714285714285,77.73,26.68,16.27,1,1994,2,2,33,5,hot_rainy
1994-02-03,4.385714285714285,77.73,26.68,16.27,1,1994,2,3,34,5,hot_rainy
1994-02-04,4.385714285714285,77.73,26.68,16.27,1,1994,2,4,35,5,hot_rainy
1994-02-05,4.385714285714285,77.73,26.68,16.27,1,1994,2,5,36,5,hot_rainy
1994-02-06,4.385714285714285,77.73,26.68,16.27,1,1994,2,6,37,5,hot_rainy
1994-02-07,4.385714285714285,77.73,26.68,16.27,1,1994,2,7,38,6,hot_rainy
1994-02-08,4.385714285714285,77.73,26.68,16.27,1,1994,2,8,39,6,hot_rainy
1994-02-09,4.385714285714285,77.73,26.68,16.27,1,1994,2,9,40,6,hot_rainy
1994-02-10,4.385714285714285,77.73,26.68,16.27,1,1994,2,10,41,6,hot_rainy
1994-02-11,4.385714285714285,77.73,26.68,16.27,1,1994,2,11,42,6,hot_rainy
1994-02-12,4.385714285714285,77.73,26.68,16.27,1,1994,2,12,43,6,hot_rainy
1994-02-13,4.385714285714285,77.73,26.68,16.27,1,1994,2,13,44,6,hot_rainy
1994-02-14,4.385714285714285,77.73,26.68,16.27,1,1994,2,14,45,7,hot_rainy
1994-02-15,4.385714285714285,77.73,26.68,16.27,1,1994,2,15,46,7,hot_rainy
1994-02-16,4.385714285714285,77.73,26.68,16.27,1,1994,2,16,47,7,hot_rainy
1994-02-17,4.385714285714285,77.73,26.68,16.27,1,1994,2,17,48,7,hot_rainy
1994-02-18,4.385714285714285,77.73,26.68,16.27,1,1994,2,18,49,7,hot_rainy
1994-02-19,4.385714285714285,77.73,26.68,16.27,1,1994,2,19,50,7,hot_rainy
1994-02-20,4.385714285714285,77.73,26.68,16.27,1,1994,2,20,51,7,hot_rainy
1994-02-21,4.385714285714285,77.73,26.68,16.27,1,1994,2,21,52,8,hot_rainy
1994-02-22,4.385714285714285,77.73,26.68,16.27,1,1994,2,22,53,8,hot_rainy
1994-02-23,4.385714285714285,77.73,26.68,16.27,1,1994,2,23,54,8,hot_rainy
1994-02-24,4.385714285714285,77.73,26.68,16.27,1,1994,2,24,55,8,hot_rainy
1994-02-25,4.385714285714285,77.73,26.68,16.27,1,1994,2,25,56,8,hot_rainy
1994-02-26,4.385714285714285,77.73,26.68,16.27,1,1994,2,26,57,8,hot_rainy
1994-02-27,4.385714285714285,77.73,26.68,16.27,1,1994,2,27,58,8,hot_rainy
1994-02-28,4.385714285714285,77.73,26.68,16.27,1,1994,2,28,59,9,hot_rainy
1994-03-01,0.4483870967741936,64.69,28.92,14.19,0,1994,3,1,60,9,hot_rainy
1994-03-02,0.4483870967741936,64.69,28.92,14.19,0,1994,3,2,61,9,hot_rainy
1994-03-03,0.4483870967741936,64.69,28.92,14.19,0,1994,3,3,62,9,hot_rainy
1994-03-04,0.4483870967741936,64.69,28.92,14.19,0,1994,3,4,63,9,hot_rainy
1994-03-05,0.4483870967741936,64.69,28.92,14.19,0,1994,3,5,64,9,hot_rainy
1994-03-06,0.4483870967741936,64.69,28.92,14.19,0,1994,3,6,65,9,hot_rainy
1994-03-07,0.4483870967741936,64.69,28.92,14.19,0,1994,3,7,66,10,hot_rainy
1994-03-08,0.4483870967741936,64.69,28.92,14.19,0,1994,3,8,67,10,hot_rainy
1994-03-09,0.4483870967741936,64.69,28.92,14.19,0,1994,3,9,68,10,hot_rainy
1994-03-10,0.4483870967741936,64.69,28.92,14.19,0,1994,3,10,69,10,hot_rainy
1994-03-11,0.4483870967741936,64.69,28.92,14.19,0,1994,3,11,70,10,hot_rainy
1994-03-12,0.4483870967741936,64.69,28.92,14.19,0,1994,3,12,71,10,hot_rainy
1994-03-13,0.4483870967741936,64.69,28.92,14.19,0,1994,3,13,72,10,hot_rainy
1994-03-14,0.4483870967741936,64.69,28.92,14.19,0,1994,3,14,73,11,hot_rainy
1994-03-15,0.4483870967741936,64.69,28.92,14.19,0,1994,3,15,74,11,hot_rainy
1994-03-16,0.4483870967741936,64.69,28.92,14.19,0,1994,3,16,75,11,hot_rainy
1994-03-17,0.4483870967741936,64.69,28.92,14.19,0,1994,3,17,76,11,hot_rainy
1994-03-18,0.4483870967741936,64.69,28.92,14.19,0,1994,3,18,77,11,hot_rainy
1994-03-19,0.4483870967741936,64.69,28.92,14.19,0,1994,3,19,78,11,hot_rainy
1994-03-20,0.4483870967741936,64.69,28.92,14.19,0,1994,3,20,79,11,hot_rainy
1994-03-21,0.4483870967741936,64.69,28.92,14.19,0,1994,3,21,80,12,hot_rainy
1994-03-22,0.4483870967741936,64.69,28.92,14.19,0,1994,3,22,81,12,hot_rainy
1994-03-23,0.4483870967741936,64.69,28.92,14.19,0,1994,3,23,82,12,hot_rainy
1994-03-24,0.4483870967741936,64.69,28.92,14.19,0,1994,3,24,83,12,hot_rainy
1994-03-25,0.4483870967741936,64.69,28.92,14.19,0,1994,3,25,84,12,hot_rainy
1994-03-26,0.4483870967741936,64.69,28.92,14.19,0,1994,3,26,85,12,hot_rainy
1994-03-27,0.4483870967741936,64.69,28.92,14.19,0,1994,3,27,86,12,hot_rainy
1994-03-28,0.4483870967741936,64.69,28.92,14.19,0,1994,3,28,87,13,hot_rainy
1994-03-29,0.4483870967741936,64.69,28.92,14.19,0,1994,3,29,88,13,hot_rainy
1994-03-30,0.4483870967741936,64.69,28.92,14.19,0,1994,3,30,89,13,hot_rainy
1994-03-31,0.4483870967741936,64.69,28.92,14.19,0,1994,3,31,90,13,hot_rainy
1994-04-01,0.056666666666666664,55.6,28.07,12.02,0,1994,4,1,91,13,hot_rainy
1994-04-02,0.056666666666666664,55.6,28.07,12.02,0,1994,4,2,92,13,hot_rainy
1994-04-03,0.056666666666666664,55.6,28.07,12.02,0,1994,4,3,93,13,hot_rainy
1994-04-04,0.056666666666666664,55.6,28.07,12.02,0,1994,4,4,94,14,hot_rainy
1994-04-05,0.056666666666666664,55.6,28.07,12.02,0,1994,4,5,95,14,hot_rainy
1994-04-06,0.056666666666666664,55.6,28.07,12.02,0,1994,4,6,96,14,hot_rainy
1994-04-07,0.056666666666666664,55.6,28.07,12.02,0,1994,4,7,97,14,hot_rainy
1994-04-08,0.056666666666666664,55.6,28.07,12.02,0,1994,4,8,98,14,hot_rainy
1994-04-09,0.056666666666666664,55.6,28.07,12.02,0,1994,4,9,99,14,hot_rainy
1994-04-10,0.056666666666666664,55.6,28.07,12.02,0,1994,4,10,100,14,hot_rainy
1994-04-11,0.056666666666666664,55.6,28.07,12.02,0,1994,4,11,101,15,hot_rainy
1994-04-12,0.056666666666666664,55.6,28.07,12.02,0,1994,4,12,102,15,hot_rainy
1994-04-13,0.056666666666666664,55.6,28.07,12.02,0,1994,4,13,103,15,hot_rainy
1994-04-14,0.056666666666666664,55.6,28.07,12.02,0,1994,4,14,104,15,hot_rainy
1994-04-15,0.056666666666666664,55.6,28.07,12.02,0,1994,4,15,105,15,hot_rainy
1994-04-16,0.056666666666666664,55.6,28.07,12.02,0,1994,4,16,106,15,hot_rainy
1994-04-17,0.056666666666666664,55.6,28.07,12.02,0,1994,4,17,107,15,hot_rainy
1994-04-18,0.056666666666666664,55.6,28.07,12.02,0,1994,4,18,108,16,hot_rainy
1994-04-19,0.056666666666666664,55.6,28.07,12.02,0,1994,4,19,109,16,hot_rainy
1994-04-20,0.056666666666666664,55.6,28.07,12.02,0,1994,4,20,110,16,hot_rainy
1994-04-21,0.056666666666666664,55.6,28.07,12.02,0,1994,4,21,111,16,hot_rainy
1994-04-22,0.056666666666666664,55.6,28.07,12.02,0,1994,4,22,112,16,hot_rainy
1994-04-23,0.056666666666666664,55.6,28.07,12.02,0,1994,4,23,113,16,hot_rainy
1994-04-24,0.056666666666666664,55.6,28.07,12.02,0,1994,4,24,114,16,hot_rainy
1994-04-25,0.056666666666666664,55.6,28.07,12.02,0,1994,4,25,115,17,hot_rainy
1994-04-26,0.056666666666666664,55.6,28.07,12.02,0,1994,4,26,116,17,hot_rainy
1994-04-27,0.056666666666666664,55.6,28.07,12.02,0,1994,4,27,117,17,hot_rainy
1994-04-28,0.056666666666666664,55.6,28.07,12.02,0,1994,4,28,118,17,hot_rainy
1994-04-29,0.056666666666666664,55.6,28.07,12.02,0,1994,4,29,119,17,hot_rainy
1994-04-30,0.056666666666666664,55.6,28.07,12.02,0,1994,4,30,120,17,hot_rainy
1994-05-01,0.0,52.58,25.67,7.36,0,1994,5,1,121,17,cool_dry
1994-05-02,0.0,52.58,25.67,7.36,0,1994,5,2,122,18,cool_dry
1994-05-03,0.0,52.58,25.67,7.36,0,1994,5,3,123,18,cool_dry
1994-05-04,0.0,52.58,25.67,7.36,0,1994,5,4,124,18,cool_dry
1994-05-05,0.0,52.58,25.67,7.36,0,1994,5,5,125,18,cool_dry
1994-05-06,0.0,52.58,25.67,7.36,0,1994,5,6,126,18,cool_dry
1994-05-07,0.0,52.58,25.67,7.36,0,1994,5,7,127,18,cool_dry
1994-05-08,0.0,52.58,25.67,7.36,0,1994,5,8,128,18,cool_dry
1994-05-09,0.0,52.58,25.67,7.36,0,1994,5,9,129,19,cool_dry
1994-05-10,0.0,52.58,25.67,7.36,0,1994,5,10,130,19,cool_dry
1994-05-11,0.0,52.58,25.67,7.36,0,1994,5,11,131,19,cool_dry
1994-05-12,0.0,52.58,25.67,7.36,0,1994,5,12,132,19,cool_dry
1994-05-13,0.0,52.58,25.67,7.36,0,1994,5,13,133,19,cool_dry
1994-05-14,0.0,52.58,25.67,7.36,0,1994,5,14,134,19,cool_dry
1994-05-15,0.0,52.58,25.67,7.36,0,1994,5,15,135,19,cool_dry
1994-05-16,0.0,52.58,25.67,7.36,0,1994,5,16,136,20,cool_dry
1994-05-17,0.0,52.58,25.67,7.36,0,1994,5,17,137,20,cool_dry
1994-05-18,0.0,52.58,25.67,7.36,0,1994,5,18,138,20,cool_dry
1994-05-19,0.0,52.58,25.67,7.36,0,1994,5,19,139,20,cool_dry
1994-05-20,0.0,52.58,25.67,7.36,0,1994,5,20,140,20,cool_dry
1994-05-21,0.0,52.58,25.67,7.36,0,1994,5,21,141,20,cool_dry
1994-05-22,0.0,52.58,25.67,7.36,0,1994,5,22,142,20,cool_dry
1994-05-23,0.0,52.58,25.67,7.36,0,1994,5,23,143,21,cool_dry
1994-05-24,0.0,52.58,25.67,7.36,0,1994,5,24,144,21,cool_dry
1994-05-25,0.0,52.58,25.67,7.36,0,1994,5,25,145,21,cool_dry
1994-05-26,0.0,52.58,25.67,7.36,0,1994,5,26,146,21,cool_dry
1994-05-27,0.0,52.58,25.67,7.36,0,1994,5,27,147,21,cool_dry
1994-05-28,0.0,52.58,25.67,7.36,0,1994,5,28,148,21,cool_dry
1994-05-29,0.0,52.58,25.67,7.36,0,1994,5,29,149,21,cool_dry
1994-05-30,0.0,52.58,25.67,7.36,0,1994,5,30,150,22,cool_dry
1994-05-31,0.0,52.58,25.67,7.36,0,1994,5,31,151,22,cool_dry
1994-06-01,0.0,52.8,22.85,4.97,0,1994,6,1,152,22,cool_dry
1994-06-02,0.0,52.8,22.85,4.97,0,1994,6,2,153,22,cool_dry
1994-06-03,0.0,52.8,22.85,4.97,0,1994,6,3,154,22,cool_dry
1994-06-04,0.0,52.8,22.85,4.97,0,1994,6,4,155,22,cool_dry
1994-06-05,0.0,52.8,22.85,4.97,0,1994,6,5,156,22,cool_dry
1994-06-06,0.0,52.8,22.85,4.97,0,1994,6,6,157,23,cool_dry
1994-06-07,0.0,52.8,22.85,4.97,0,1994,6,7,158,23,cool_dry
1994-06-08,0.0,52.8,22.85,4.97,0,1994,6,8,159,23,cool_dry
1994-06-09,0.0,52.8,22.85,4.97,0,1994,6,9,160,23,cool_dry
1994-06-10,0.0,52.8,22.85,4.97,0,1994,6,10,161,23,cool_dry
1994-06-11,0.0,52.8,22.85,4.97,0,1994,6,11,162,23,cool_dry
1994-06-12,0.0,52.8,22.85,4.97,0,1994,6,12,163,23,cool_dry
1994-06-13,0.0,52.8,22.85,4.97,0,1994,6,13,164,24,cool_dry
1994-06-14,0.0,52.8,22.85,4.97,0,1994,6,14,165,24,cool_dry
1994-06-15,0.0,52.8,22.85,4.97,0,1994,6,15,166,24,cool_dry
1994-06-16,0.0,52.8,22.85,4.97,0,1994,6,16,167,24,cool_dry
1994-06-17,0.0,52.8,22.85,4.97,0,1994,6,17,168,24,cool_dry
1994-06-18,0.0,52.8,22.85,4.97,0,1994,6,18,169,24,cool_dry
1994-06-19,0.0,52.8,22.85,4.97,0,1994,6,19,170,24,cool_dry
1994-06-20,0.0,52.8,22.85,4.97,0,1994,6,20,171,25,cool_dry
1994-06-21,0.0,52.8,22.85,4.97,0,1994,6,21,172,25,cool_dry
1994-06-22,0.0,52.8,22.85,4.97,0,1994,6,22,173,25,cool_dry
1994-06-23,0.0,52.8,22.85,4.97,0,1994,6,23,174,25,cool_dry
1994-06-24,0.0,52.8,22.85,4.97,0,1994,6,24,175,25,cool_dry
1994-06-25,0.0,52.8,22.85,4.97,0,1994,6,25,176,25,cool_dry
1994-06-26,0.0,52.8,22.85,4.97,0,1994,6,26,177,25,cool_dry
1994-06-27,0.0,52.8,22.85,4.97,0,1994,6,27,178,26,cool_dry
1994-06-28,0.0,52.8,22.85,4.97,0,1994,6,28,179,26,cool_dry
1994-06-29,0.0,52.8,22.85,4.97,0,1994,6,29,180,26,cool_dry
1994-06-30,0.0,52.8,22.85,4.97,0,1994,6,30,181,26,cool_dry
1994-07-01,0.0,51.79,22.22,4.98,0,1994,7,1,182,26,cool_dry
1994-07-02,0.0,51.79,22.22,4.98,0,1994,7,2,183,26,cool_dry
1994-07-03,0.0,51.79,22.22,4.98,0,1994,7,3,184,26,cool_dry
1994-07-04,0.0,51.79,22.22,4.98,0,1994,7,4,185,27,cool_dry
1994-07-05,0.0,51.79,22.22,4.98,0,1994,7,5,186,27,cool_dry
1994-07-06,0.0,51.79,22.22,4.98,0,1994,7,6,187,27,cool_dry
1994-07-07,0.0,51.79,22.22,4.98,0,1994,7,7,188,27,cool_dry
1994-07-08,0.0,51.79,22.22,4.98,0,1994,7,8,189,27,cool_dry
1994-07-09,0.0,51.79,22.22,4.98,0,1994,7,9,190,27,cool_dry
1994-07-10,0.0,51.79,22.22,4.98,0,1994,7,10,191,27,cool_dry
1994-07-11,0.0,51.79,22.22,4.98,0,1994,7,11,192,28,cool_dry
1994-07-12,0.0,51.79,22.22,4.98,0,1994,7,12,193,28,cool_dry
1994-07-13,0.0,51.79,22.22,4.98,0,1994,7,13,194,28,cool_dry
1994-07-14,0.0,51.79,22.22,4.98,0,1994,7,14,195,28,cool_dry
1994-07-15,0.0,51.79,22.22,4.98,0,1994,7,15,196,28,cool_dry
1994-07-16,0.0,51.79,22.22,4.98,0,1994,7,16,197,28,cool_dry
1994-07-17,0.0,51.79,22.22,4.98,0,1994,7,17,198,28,cool_dry
1994-07-18,0.0,51.79,22.22,4.98,0,1994,7,18,199,29,cool_dry
1994-07-19,0.0,51.79,22.22,4.98,0,1994,7,19,200,29,cool_dry
1994-07-20,0.0,51.79,22.22,4.98,0,1994,7,20,201,29,cool_dry
1994-07-21,0.0,51.79,22.22,4.98,0,1994,7,21,202,29,cool_dry
1994-07-22,0.0,51.79,22.22,4.98,0,1994,7,22,203,29,cool_dry
1994-07-23,0.0,51.79,22.22,4.98,0,1994,7,23,204,29,cool_dry
1994-07-24,0.0,51.79,22.22,4.98,0,1994,7,24,205,29,cool_dry
1994-07-25,0.0,51.79,22.22,4.98,0,1994,7,25,206,30,cool_dry
1994-07-26,0.0,51.79,22.22,4.98,0,1994,7,26,207,30,cool_dry
1994-07-27,0.0,51.79,22.22,4.98,0,1994,7,27,208,30,cool_dry
1994-07-28,0.0,51.79,22.22,4.98,0,1994,7,28,209,30,cool_dry
1994-07-29,0.0,51.79,22.22,4.98,0,1994,7,29,210,30,cool_dry
1994-07-30,0.0,51.79,22.22,4.98,0,1994,7,30,211,30,cool_dry
1994-07-31,0.0,51.79,22.22,4.98,0,1994,7,31,212,30,cool_dry
1994-08-01,0.0,49.72,25.35,7.79,0,1994,8,1,213,31,cool_dry
1994-08-02,0.0,49.72,25.35,7.79,0,1994,8,2,214,31,cool_dry
1994-08-03,0.0,49.72,25.35,7.79,0,1994,8,3,215,31,cool_dry
1994-08-04,0.0,49.72,25.35,7.79,0,1994,8,4,216,31,cool_dry
1994-08-05,0.0,49.72,25.35,7.79,0,1994,8,5,217,31,cool_dry
1994-08-06,0.0,49.72,25.35,7.79,0,1994,8,6,218,31,cool_dry
1994-08-07,0.0,49.72,25.35,7.79,0,1994,8,7,219,31,cool_dry
1994-08-08,0.0,49.72,25.35,7.79,0,1994,8,8,220,32,cool_dry
1994-08-09,0.0,49.72,25.35,7.79,0,1994,8,9,221,32,cool_dry
1994-08-10,0.0,49.72,25.35,7.79,0,1994,8,10,222,32,cool_dry
1994-08-11,0.0,49.72,25.35,7.79,0,1994,8,11,223,32,cool_dry
1994-08-12,0.0,49.72,25.35,7.79,0,1994,8,12,224,32,cool_dry
1994-08-13,0.0,49.72,25.35,7.79,0,1994,8,13,225,32,cool_dry
1994-08-14,0.0,49.72,25.35,7.79,0,1994,8,14,226,32,cool_dry
1994-08-15,0.0,49.72,25.35,7.79,0,1994,8,15,227,33,cool_dry
1994-08-16,0.0,49.72,25.35,7.79,0,1994,8,16,228,33,cool_dry
1994-08-17,0.0,49.72,25.35,7.79,0,1994,8,17,229,33,cool_dry
1994-08-18,0.0,49.72,25.35,7.79,0,1994,8,18,230,33,cool_dry
1994-08-19,0.0,49.72,25.35,7.79,0,1994,8,19,231,33,cool_dry
1994-08-20,0.0,49.72,25.35,7.79,0,1994,8,20,232,33,cool_dry
1994-08-21,0.0,49.72,25.35,7.79,0,1994,8,21,233,33,cool_dry
1994-08-22,0.0,49.72,25.35,7.79,0,1994,8,22,234,34,cool_dry
1994-08-23,0.0,49.72,25.35,7.79,0,1994,8,23,235,34,cool_dry
1994-08-24,0.0,49.72,25.35,7.79,0,1994,8,24,236,34,cool_dry
1994-08-25,0.0,49.72,25.35,7.79,0,1994,8,25,237,34,cool_dry
1994-08-26,0.0,49.72,25.35,7.79,0,1994,8,26,238,34,cool_dry
1994-08-27,0.0,49.72,25.35,7.79,0,1994,8,27,239,34,cool_dry
1994-08-28,0.0,49.72,25.35,7.79,0,1994,8,28,240,34,cool_dry
1994-08-29,0.0,49.72,25.35,7.79,0,1994,8,29,241,35,cool_dry
1994-08-30,0.0,49.72,25.35,7.79,0,1994,8,30,242,35,cool_dry
1994-08-31,0.0,49.72,25.35,7.79,0,1994,8,31,243,35,cool_dry
1994-09-01,0.0,37.1,29.58,12.13,0,1994,9,1,244,35,hot_dry
1994-09-02,0.0,37.1,29.58,12.13,0,1994,9,2,245,35,hot_dry
1994-09-03,0.0,37.1,29.58,12.13,0,1994,9,3,246,35,hot_dry
1994-09-04,0.0,37.1,29.58,12.13,0,1994,9,4,247,35,hot_dry
1994-09-05,0.0,37.1,29.58,12.13,0,1994,9,5,248,36,hot_dry
1994-09-06,0.0,37.1,29.58,12.13,0,1994,9,6,249,36,hot_dry
1994-09-07,0.0,37.1,29.58,12.13,0,1994,9,7,250,36,hot_dry
1994-09-08,0.0,37.1,29.58,12.13,0,1994,9,8,251,36,hot_dry
1994-09-09,0.0,37.1,29.58,12.13,0,1994,9,9,252,36,hot_dry
1994-09-10,0.0,37.1,29.58,12.13,0,1994,9,10,253,36,hot_dry
1994-09-11,0.0,37.1,29.58,12.13,0,1994,9,11,254,36,hot_dry
1994-09-12,0.0,37.1,29.58,12.13,0,1994,9,12,255,37,hot_dry
1994-09-13,0.0,37.1,29.58,12.13,0,1994,9,13,256,37,hot_dry
1994-09-14,0.0,37.1,29.58,12.13,0,1994,9,14,257,37,hot_dry
1994-09-15,0.0,37.1,29.58,12.13,0,1994,9,15,258,37,hot_dry
1994-09-16,0.0,37.1,29.58,12.13,0,1994,9,16,259,37,hot_dry
1994-09-17,0.0,37.1,29.58,12.13,0,1994,9,17,260,37,hot_dry
1994-09-18,0.0,37.1,29.58,12.13,0,1994,9,18,261,37,hot_dry
1994-09-19,0.0,37.1,29.58,12.13,0,1994,9,19,262,38,hot_dry
1994-09-20,0.0,37.1,29.58,12.13,0,1994,9,20,263,38,hot_dry
1994-09-21,0.0,37.1,29.58,12.13,0,1994,9,21,264,38,hot_dry
1994-09-22,0.0,37.1,29.58,12.13,0,1994,9,22,265,38,hot_dry
1994-09-23,0.0,37.1,29.58,12.13,0,1994,9,23,266,38,hot_dry
1994-09-24,0.0,37.1,29.58,12.13,0,1994,9,24,267,38,hot_dry
1994-09-25,0.0,37.1,29.58,12.13,0,1994,9,25,268,38,hot_dry
1994-09-26,0.0,37.1,29.58,12.13,0,1994,9,26,269,39,hot_dry
1994-09-27,0.0,37.1,29.58,12.13,0,1994,9,27,270,39,hot_dry
1994-09-28,0.0,37.1,29.58,12.13,0,1994,9,28,271,39,hot_dry
1994-09-29,0.0,37.1,29.58,12.13,0,1994,9,29,272,39,hot_dry
1994-09-30,0.0,37.1,29.58,12.13,0,1994,9,30,273,39,hot_dry
1994-10-01,0.6645161290322581,46.48,29.65,14.68,0,1994,10,1,274,39,hot_dry
1994-10-02,0.6645161290322581,46.48,29.65,14.68,0,1994,10,2,275,39,hot_dry
1994-10-03,0.6645161290322581,46.48,29.65,14.68,0,1994,10,3,276,40,hot_dry
1994-10-04,0.6645161290322581,46.48,29.65,14.68,0,1994,10,4,277,40,hot_dry
1994-10-05,0.6645161290322581,46.48,29.65,14.68,0,1994,10,5,278,40,hot_dry
1994-10-06,0.6645161290322581,46.48,29.65,14.68,0,1994,10,6,279,40,hot_dry
1994-10-07,0.6645161290322581,46.48,29.65,14.68,0,1994,10,7,280,40,hot_dry
1994-10-08,0.6645161290322581,46.48,29.65,14.68,0,1994,10,8,281,40,hot_dry
1994-10-09,0.6645161290322581,46.48,29.65,14.68,0,1994,10,9,282,40,hot_dry
1994-10-10,0.6645161290322581,46.48,29.65,14.68,0,1994,10,10,283,41,hot_dry
1994-10-11,0.6645161290322581,46.48,29.65,14.68,0,1994,10,11,284,41,hot_dry
1994-10-12,0.6645161290322581,46.48,29.65,14.68,0,1994,10,12,285,41,hot_dry
1994-10-13,0.6645161290322581,46.48,29.65,14.68,0,1994,10,13,286,41,hot_dry
1994-10-14,0.6645161290322581,46.48,29.65,14.68,0,1994,10,14,287,41,hot_dry
1994-10-15,0.6645161290322581,46.48,29.65,14.68,0,1994,10,15,288,41,hot_dry
1994-10-16,0.6645161290322581,46.48,29.65,14.68,0,1994,10,16,289,41,hot_dry
1994-10-17,0.6645161290322581,46.48,29.65,14.68,0,1994,10,17,290,42,hot_dry
1994-10-18,0.6645161290322581,46.48,29.65,14.68,0,1994,10,18,291,42,hot_dry
1994-10-19,0.6645161290322581,46.48,29.65,14.68,0,1994,10,19,292,42,hot_dry
1994-10-20,0.6645161290322581,46.48,29.65,14.68,0,1994,10,20,293,42,hot_dry
1994-10-21,0.6645161290322581,46.48,29.65,14.68,0,1994,10,21,294,42,hot_dry
1994-10-22,0.6645161290322581,46.48,29.65,14.68,0,1994,10,22,295,42,hot_dry
1994-10-23,0.6645161290322581,46.48,29.65,14.68,0,1994,10,23,296,42,hot_dry
1994-10-24,0.6645161290322581,46.48,29.65,14.68,0,1994,10,24,297,43,hot_dry
1994-10-25,0.6645161290322581,46.48,29.65,14.68,0,1994,10,25,298,43,hot_dry
1994-10-26,0.6645161290322581,46.48,29.65,14.68,0,1994,10,26,299,43,hot_dry
1994-10-27,0.6645161290322581,46.48,29.65,14.68,0,1994,10,27,300,43,hot_dry
1994-10-28,0.6645161290322581,46.48,29.65,14.68,0,1994,10,28,301,43,hot_dry
1994-10-29,0.6645161290322581,46.48,29.65,14.68,0,1994,10,29,302,43,hot_dry
1994-10-30,0.6645161290322581,46.48,29.65,14.68,0,1994,10,30,303,43,hot_dry
1994-10-31,0.6645161290322581,46.48,29.65,14.68,0,1994,10,31,304,44,hot_dry
1994-11-01,3.3133333333333335,58.865454545454554,32.14,18.23,1,1994,11,1,305,44,hot_rainy
1994-11-02,3.3133333333333335,58.865454545454554,32.14,18.23,1,1994,11,2,306,44,hot_rainy
1994-11-03,3.3133333333333335,58.865454545454554,32.14,18.23,1,1994,11,3,307,44,hot_rainy
1994-11-04,3.3133333333333335,58.865454545454554,32.14,18.23,1,1994,11,4,308,44,hot_rainy
1994-11-05,3.3133333333333335,58.865454545454554,32.14,18.23,1,1994,11,5,309,44,hot_rainy
1994-11-06,3.3133333333333335,58.865454545454554,32.14,18.23,1,1994,11,6,310,44,hot_rainy
1994-11-07,3.3133333333333335,58.865454545454554,32.14,18.23,1,1994,11,7,311,45,hot_rainy
1994-11-08,3.3133333333333335,58.865454545454554,32.14,18.23,1,1994,11,8,312,45,hot_rainy
1994-11-09,3.3133333333333335,58.865454545454554,32.14,18.23,1,1994,11,9,313,45,hot_rainy
1994-11-10,3.3133333333333335,58.865454545454554,32.14,18.23,1,1994,11,10,314,45,hot_rainy
1994-11-11,3.3133333333333335,58.865454545454554,32.14,18.23,1,1994,11,11,315,45,hot_rainy
1994-11-12,3.3133333333333335,58.865454545454554,32.14,18.23,1,1994,11,12,316,45,hot_rainy
1994-11-13,3.3133333333333335,58.865454545454554,32.14,18.23,1,1994,11,13,317,45,hot_rainy
1994-11-14,3.3133333333333335,58.865454545454554,32.14,18.23,1,1994,11,14,318,46,hot_rainy
1994-11-15,3.3133333333333335,58.865454545454554,32.14,18.23,1,1994,11,15,319,46,hot_rainy
1994-11-16,3.3133333333333335,58.865454545454554,32.14,18.23,1,1994,11,16,320,46,hot_rainy
1994-11-17,3.3133333333333335,58.865454545454554,32.14,18.23,1,1994,11,17,321,46,hot_rainy
1994-11-18,3.3133333333333335,58.865454545454554,32.14,18.23,1,1994,11,18,322,46,hot_rainy
1994-11-19,3.3133333333333335,58.865454545454554,32.14,18.23,1,1994,11,19,323,46,hot_rainy
1994-11-20,3.3133333333333335,58.865454545454554,32.14,18.23,1,1994,11,20,324,46,hot_rainy
1994-11-21,3.3133333333333335,58.865454545454554,32.14,18.23,1,1994,11,21,325,47,hot_rainy
1994-11-22,3.3133333333333335,58.865454545454554,32.14,18.23,1,1994,11,22,326,47,hot_rainy
1994-11-23,3.3133333333333335,58.865454545454554,32.14,18.23,1,1994,11,23,327,47,hot_rainy
1994-11-24,3.3133333333333335,58.865454545454554,32.14,18.23,1,1994,11,24,328,47,hot_rainy
1994-11-25,3.3133333333333335,58.865454545454554,32.14,18.23,1,1994,11,25,329,47,hot_rainy
1994-11-26,3.3133333333333335,58.865454545454554,32.14,18.23,1,1994,11,26,330,47,hot_rainy
1994-11-27,3.3133333333333335,58.865454545454554,32.14,18.23,1,1994,11,27,331,47,hot_rainy
1994-11-28,3.3133333333333335,58.865454545454554,32.14,18.23,1,1994,11,28,332,48,hot_rainy
1994-11-29,3.3133333333333335,58.865454545454554,32.14,18.23,1,1994,11,29,333,48,hot_rainy
1994-11-30,3.3133333333333335,58.865454545454554,32.14,18.23,1,1994,11,30,334,48,hot_rainy
1994-12-01,2.141935483870968,73.86277777777778,28.87,17.46,1,1994,12,1,335,48,hot_rainy
1994-12-02,2.141935483870968,73.86277777777778,28.87,17.46,1,1994,12,2,336,48,hot_rainy
1994-12-03,2.141935483870968,73.86277777777778,28.87,17.46,1,1994,12,3,337,48,hot_rainy
1994-12-04,2.141935483870968,73.86277777777778,28.87,17.46,1,1994,12,4,338,48,hot_rainy
1994-12-05,2.141935483870968,73.86277777777778,28.87,17.46,1,1994,12,5,339,49,hot_rainy
1994-12-06,2.141935483870968,73.86277777777778,28.87,17.46,1,1994,12,6,340,49,hot_rainy
1994-12-07,2.141935483870968,73.86277777777778,28.87,17.46,1,1994,12,7,341,49,hot_rainy
1994-12-08,2.141935483870968,73.86277777777778,28.87,17.46,1,1994,12,8,342,49,hot_rainy
1994-12-09,2.141935483870968,73.86277777777778,28.87,17.46,1,1994,12,9,343,49,hot_rainy
1994-12-10,2.141935483870968,73.86277777777778,28.87,17.46,1,1994,12,10,344,49,hot_rainy
1994-12-11,2.141935483870968,73.86277777777778,28.87,17.46,1,1994,12,11,345,49,hot_rainy
1994-12-12,2.141935483870968,73.86277777777778,28.87,17.46,1,1994,12,12,346,50,hot_rainy
1994-12-13,2.141935483870968,73.86277777777778,28.87,17.46,1,1994,12,13,347,50,hot_rainy
1994-12-14,2.141935483870968,73.86277777777778,28.87,17.46,1,1994,12,14,348,50,hot_rainy
1994-12-15,2.141935483870968,73.86277777777778,28.87,17.46,1,1994,12,15,349,50,hot_rainy
1994-12-16,2.141935483870968,73.86277777777778,28.87,17.46,1,1994,12,16,350,50,hot_rainy
1994-12-17,2.141935483870968,73.86277777777778,28.87,17.46,1,1994,12,17,351,50,hot_rainy
1994-12-18,2.141935483870968,73.86277777777778,28.87,17.46,1,1994,12,18,352,50,hot_rainy
1994-12-19,2.141935483870968,73.86277777777778,28.87,17.46,1,1994,12,19,353,51,hot_rainy
1994-12-20,2.141935483870968,73.86277777777778,28.87,17.46,1,1994,12,20,354,51,hot_rainy
1994-12-21,2.141935483870968,73.86277777777778,28.87,17.46,1,1994,12,21,355,51,hot_rainy
1994-12-22,2.141935483870968,73.86277777777778,28.87,17.46,1,1994,12,22,356,51,hot_rainy
1994-12-23,2.141935483870968,73.86277777777778,28.87,17.46,1,1994,12,23,357,51,hot_rainy
1994-12-24,2.141935483870968,73.86277777777778,28.87,17.46,1,1994,12,24,358,51,hot_rainy
1994-12-25,2.141935483870968,73.86277777777778,28.87,17.46,1,1994,12,25,359,51,hot_rainy
1994-12-26,2.141935483870968,73.86277777777778,28.87,17.46,1,1994,12,26,360,52,hot_rainy
1994-12-27,2.141935483870968,73.86277777777778,28.87,17.46,1,1994,12,27,361,52,hot_rainy
1994-12-28,2.141935483870968,73.86277777777778,28.87,17.46,1,1994,12,28,362,52,hot_rainy
1994-12-29,2.141935483870968,73.86277777777778,28.87,17.46,1,1994,12,29,363,52,hot_rainy
1994-12-30,2.141935483870968,73.86277777777778,28.87,17.46,1,1994,12,30,364,52,hot_rainy
1994-12-31,2.141935483870968,73.86277777777778,28.87,17.46,1,1994,12,31,365,52,hot_rainy
1995-01-01,1.6,67.57,28.91,17.08,1,1995,1,1,1,52,hot_rainy
1995-01-02,1.6,67.57,28.91,17.08,1,1995,1,2,2,1,hot_rainy
1995-01-03,1.6,67.57,28.91,17.08,1,1995,1,3,3,1,hot_rainy
1995-01-04,1.6,67.57,28.91,17.08,1,1995,1,4,4,1,hot_rainy
1995-01-05,1.6,67.57,28.91,17.08,1,1995,1,5,5,1,hot_rainy
1995-01-06,1.6,67.57,28.91,17.08,1,1995,1,6,6,1,hot_rainy
1995-01-07,1.6,67.57,28.91,17.08,1,1995,1,7,7,1,hot_rainy
1995-01-08,1.6,67.57,28.91,17.08,1,1995,1,8,8,1,hot_rainy
1995-01-09,1.6,67.57,28.91,17.08,1,1995,1,9,9,2,hot_rainy
1995-01-10,1.6,67.57,28.91,17.08,1,1995,1,10,10,2,hot_rainy
1995-01-11,1.6,67.57,28.91,17.08,1,1995,1,11,11,2,hot_rainy
1995-01-12,1.6,67.57,28.91,17.08,1,1995,1,12,12,2,hot_rainy
1995-01-13,1.6,67.57,28.91,17.08,1,1995,1,13,13,2,hot_rainy
1995-01-14,1.6,67.57,28.91,17.08,1,1995,1,14,14,2,hot_rainy
1995-01-15,1.6,67.57,28.91,17.08,1,1995,1,15,15,2,hot_rainy
1995-01-16,1.6,67.57,28.91,17.08,1,1995,1,16,16,3,hot_rainy
1995-01-17,1.6,67.57,28.91,17.08,1,1995,1,17,17,3,hot_rainy
1995-01-18,1.6,67.57,28.91,17.08,1,1995,1,18,18,3,hot_rainy
1995-01-19,1.6,67.57,28.91,17.08,1,1995,1,19,19,3,hot_rainy
1995-01-20,1.6,67.57,28.91,17.08,1,1995,1,20,20,3,hot_rainy
1995-01-21,1.6,67.57,28.91,17.08,1,1995,1,21,21,3,hot_rainy
1995-01-22,1.6,67.57,28.91,17.08,1,1995,1,22,22,3,hot_rainy
1995-01-23,1.6,67.57,28.91,17.08,1,1995,1,23,23,4,hot_rainy
1995-01-24,1.6,67.57,28.91,17.08,1,1995,1,24,24,4,hot_rainy
1995-01-25,1.6,67.57,28.91,17.08,1,1995,1,25,25,4,hot_rainy
1995-01-26,1.6,67.57,28.91,17.08,1,1995,1,26,26,4,hot_rainy
1995-01-27,1.6,67.57,28.91,17.08,1,1995,1,27,27,4,hot_rainy
1995-01-28,1.6,67.57,28.91,17.08,1,1995,1,28,28,4,hot_rainy
1995-01-29,1.6,67.57,28.91,17.08,1,1995,1,29,29,4,hot_rainy
1995-01-30,1.6,67.57,28.91,17.08,1,1995,1,30,30,5,hot_rainy
1995-01-31,1.6,67.57,28.91,17.08,1,1995,1,31,31,5,hot_rainy
1995-02-01,4.564285714285714,78.5,27.36,17.24,1,1995,2,1,32,5,hot_rainy
1995-02-02,4.564285714285714,78.5,27.36,17.24,1,1995,2,2,33,5,hot_rainy
1995-02-03,4.564285714285714,78.5,27.36,17.24,1,1995,2,3,34,5,hot_rainy
1995-02-04,4.564285714285714,78.5,27.36,17.24,1,1995,2,4,35,5,hot_rainy
1995-02-05,4.564285714285714,78.5,27.36,17.24,1,1995,2,5,36,5,hot_rainy
1995-02-06,4.564285714285714,78.5,27.36,17.24,1,1995,2,6,37,6,hot_rainy
1995-02-07,4.564285714285714,78.5,27.36,17.24,1,1995,2,7,38,6,hot_rainy
1995-02-08,4.564285714285714,78.5,27.36,17.24,1,1995,2,8,39,6,hot_rainy
1995-02-09,4.564285714285714,78.5,27.36,17.24,1,1995,2,9,40,6,hot_rainy
1995-02-10,4.564285714285714,78.5,27.36,17.24,1,1995,2,10,41,6,hot_rainy
1995-02-11,4.564285714285714,78.5,27.36,17.24,1,1995,2,11,42,6,hot_rainy
1995-02-12,4.564285714285714,78.5,27.36,17.24,1,1995,2,12,43,6,hot_rainy
1995-02-13,4.564285714285714,78.5,27.36,17.24,1,1995,2,13,44,7,hot_rainy
1995-02-14,4.564285714285714,78.5,27.36,17.24,1,1995,2,14,45,7,hot_rainy
1995-02-15,4.564285714285714,78.5,27.36,17.24,1,1995,2,15,46,7,hot_rainy
1995-02-16,4.564285714285714,78.5,27.36,17.24,1,1995,2,16,47,7,hot_rainy
1995-02-17,4.564285714285714,78.5,27.36,17.24,1,1995,2,17,48,7,hot_rainy
1995-02-18,4.564285714285714,78.5,27.36,17.24,1,1995,2,18,49,7,hot_rainy
1995-02-19,4.564285714285714,78.5,27.36,17.24,1,1995,2,19,50,7,hot_rainy
1995-02-20,4.564285714285714,78.5,27.36,17.24,1,1995,2,20,51,8,hot_rainy
1995-02-21,4.564285714285714,78.5,27.36,17.24,1,1995,2,21,52,8,hot_rainy
1995-02-22,4.564285714285714,78.5,27.36,17.24,1,1995,2,22,53,8,hot_rainy
1995-02-23,4.564285714285714,78.5,27.36,17.24,1,1995,2,23,54,8,hot_rainy
1995-02-24,4.564285714285714,78.5,27.36,17.24,1,1995,2,24,55,8,hot_rainy
1995-02-25,4.564285714285714,78.5,27.36,17.24,1,1995,2,25,56,8,hot_rainy
1995-02-26,4.564285714285714,78.5,27.36,17.24,1,1995,2,26,57,8,hot_rainy
1995-02-27,4.564285714285714,78.5,27.36,17.24,1,1995,2,27,58,9,hot_rainy
1995-02-28,4.564285714285714,78.5,27.36,17.24,1,1995,2,28,59,9,hot_rainy
1995-03-01,1.4548387096774194,65.7,28.41,15.84,1,1995,3,1,60,9,hot_rainy
1995-03-02,1.4548387096774194,65.7,28.41,15.84,1,1995,3,2,61,9,hot_rainy
1995-03-03,1.4548387096774194,65.7,28.41,15.84,1,1995,3,3,62,9,hot_rainy
1995-03-04,1.4548387096774194,65.7,28.41,15.84,1,1995,3,4,63,9,hot_rainy
1995-03-05,1.4548387096774194,65.7,28.41,15.84,1,1995,3,5,64,9,hot_rainy
1995-03-06,1.4548387096774194,65.7,28.41,15.84,1,1995,3,6,65,10,hot_rainy
1995-03-07,1.4548387096774194,65.7,28.41,15.84,1,1995,3,7,66,10,hot_rainy
1995-03-08,1.4548387096774194,65.7,28.41,15.84,1,1995,3,8,67,10,hot_rainy
1995-03-09,1.4548387096774194,65.7,28.41,15.84,1,1995,3,9,68,10,hot_rainy
1995-03-10,1.4548387096774194,65.7,28.41,15.84,1,1995,3,10,69,10,hot_rainy
1995-03-11,1.4548387096774194,65.7,28.41,15.84,1,1995,3,11,70,10,hot_rainy
1995-03-12,1.4548387096774194,65.7,28.41,15.84,1,1995,3,12,71,10,hot_rainy
1995-03-13,1.4548387096774194,65.7,28.41,15.84,1,1995,3,13,72,11,hot_rainy
1995-03-14,1.4548387096774194,65.7,28.41,15.84,1,1995,3,14,73,11,hot_rainy
1995-03-15,1.4548387096774194,65.7,28.41,15.84,1,1995,3,15,74,11,hot_rainy
1995-03-16,1.4548387096774194,65.7,28.41,15.84,1,1995,3,16,75,11,hot_rainy
1995-03-17,1.4548387096774194,65.7,28.41,15.84,1,1995,3,17,76,11,hot_rainy
1995-03-18,1.4548387096774194,65.7,28.41,15.84,1,1995,3,18,77,11,hot_rainy
1995-03-19,1.4548387096774194,65.7,28.41,15.84,1,1995,3,19,78,11,hot_rainy
1995-03-20,1.4548387096774194,65.7,28.41,15.84,1,1995,3,20,79,12,hot_rainy
1995-03-21,1.4548387096774194,65.7,28.41,15.84,1,1995,3,21,80,12,hot_rainy
1995-03-22,1.4548387096774194,65.7,28.41,15.84,1,1995,3,22,81,12,hot_rainy
1995-03-23,1.4548387096774194,65.7,28.41,15.84,1,1995,3,23,82,12,hot_rainy
1995-03-24,1.4548387096774194,65.7,28.41,15.84,1,1995,3,24,83,12,hot_rainy
1995-03-25,1.4548387096774194,65.7,28.41,15.84,1,1995,3,25,84,12,hot_rainy
1995-03-26,1.4548387096774194,65.7,28.41,15.84,1,1995,3,26,85,12,hot_rainy
1995-03-27,1.4548387096774194,65.7,28.41,15.84,1,1995,3,27,86,13,hot_rainy
1995-03-28,1.4548387096774194,65.7,28.41,15.84,1,1995,3,28,87,13,hot_rainy
1995-03-29,1.4548387096774194,65.7,28.41,15.84,1,1995,3,29,88,13,hot_rainy
1995-03-30,1.4548387096774194,65.7,28.41,15.84,1,1995,3,30,89,13,hot_rainy
1995-03-31,1.4548387096774194,65.7,28.41,15.84,1,1995,3,31,90,13,hot_rainy
1995-04-01,0.0,50.86,28.91,13.26,0,1995,4,1,91,13,hot_rainy
1995-04-02,0.0,50.86,28.91,13.26,0,1995,4,2,92,13,hot_rainy
1995-04-03,0.0,50.86,28.91,13.26,0,1995,4,3,93,14,hot_rainy
1995-04-04,0.0,50.86,28.91,13.26,0,1995,4,4,94,14,hot_rainy
1995-04-05,0.0,50.86,28.91,13.26,0,1995,4,5,95,14,hot_rainy
1995-04-06,0.0,50.86,28.91,13.26,0,1995,4,6,96,14,hot_rainy
1995-04-07,0.0,50.86,28.91,13.26,0,1995,4,7,97,14,hot_rainy
1995-04-08,0.0,50.86,28.91,13.26,0,1995,4,8,98,14,hot_rainy
1995-04-09,0.0,50.86,28.91,13.26,0,1995,4,9,99,14,hot_rainy
1995-04-10,0.0,50.86,28.91,13.26,0,1995,4,10,100,15,hot_rainy
1995-04-11,0.0,50.86,28.91,13.26,0,1995,4,11,101,15,hot_rainy
1995-04-12,0.0,50.86,28.91,13.26,0,1995,4,12,102,15,hot_rainy
1995-04-13,0.0,50.86,28.91,13.26,0,1995,4,13,103,15,hot_rainy
1995-04-14,0.0,50.86,28.91,13.26,0,1995,4,14,104,15,hot_rainy
1995-04-15,0.0,50.86,28.91,13.26,0,1995,4,15,105,15,hot_rainy
1995-04-16,0.0,50.86,28.91,13.26,0,1995,4,16,106,15,hot_rainy
1995-04-17,0.0,50.86,28.91,13.26,0,1995,4,17,107,16,hot_rainy
1995-04-18,0.0,50.86,28.91,13.26,0,1995,4,18,108,16,hot_rainy
1995-04-19,0.0,50.86,28.91,13.26,0,1995,4,19,109,16,hot_rainy
1995-04-20,0.0,50.86,28.91,13.26,0,1995,4,20,110,16,hot_rainy
1995-04-21,0.0,50.86,28.91,13.26,0,1995,4,21,111,16,hot_rainy
1995-04-22,0.0,50.86,28.91,13.26,0,1995,4,22,112,16,hot_rainy
1995-04-23,0.0,50.86,28.91,13.26,0,1995,4,23,113,16,hot_rainy
1995-04-24,0.0,50.86,28.91,13.26,0,1995,4,24,114,17,hot_rainy
1995-04-25,0.0,50.86,28.91,13.26,0,1995,4,25,115,17,hot_rainy
1995-04-26,0.0,50.86,28.91,13.26,0,1995,4,26,116,17,hot_rainy
1995-04-27,0.0,50.86,28.91,13.26,0,1995,4,27,117,17,hot_rainy
1995-04-28,0.0,50.86,28.91,13.26,0,1995,4,28,118,17,hot_rainy
1995-04-29,0.0,50.86,28.91,13.26,0,1995,4,29,119,17,hot_rainy
1995-04-30,0.0,50.86,28.91,13.26,0,1995,4,30,120,17,hot_rainy
1995-05-01,0.0,57.56,26.27,11.79,0,1995,5,1,121,18,cool_dry
1995-05-02,0.0,57.56,26.27,11.79,0,1995,5,2,122,18,cool_dry
1995-05-03,0.0,57.56,26.27,11.79,0,1995,5,3,123,18,cool_dry
1995-05-04,0.0,57.56,26.27,11.79,0,1995,5,4,124,18,cool_dry
1995-05-05,0.0,57.56,26.27,11.79,0,1995,5,5,125,18,cool_dry
1995-05-06,0.0,57.56,26.27,11.79,0,1995,5,6,126,18,cool_dry
1995-05-07,0.0,57.56,26.27,11.79,0,1995,5,7,127,18,cool_dry
1995-05-08,0.0,57.56,26.27,11.79,0,1995,5,8,128,19,cool_dry
1995-05-09,0.0,57.56,26.27,11.79,0,1995,5,9,129,19,cool_dry
1995-05-10,0.0,57.56,26.27,11.79,0,1995,5,10,130,19,cool_dry
1995-05-11,0.0,57.56,26.27,11.79,0,1995,5,11,131,19,cool_dry
1995-05-12,0.0,57.56,26.27,11.79,0,1995,5,12,132,19,cool_dry
1995-05-13,0.0,57.56,26.27,11.79,0,1995,5,13,133,19,cool_dry
1995-05-14,0.0,57.56,26.27,11.79,0,1995,5,14,134,19,cool_dry
1995-05-15,0.0,57.56,26.27,11.79,0,1995,5,15,135,20,cool_dry
1995-05-16,0.0,57.56,26.27,11.79,0,1995,5,16,136,20,cool_dry
1995-05-17,0.0,57.56,26.27,11.79,0,1995,5,17,137,20,cool_dry
1995-05-18,0.0,57.56,26.27,11.79,0,1995,5,18,138,20,cool_dry
1995-05-19,0.0,57.56,26.27,11.79,0,1995,5,19,139,20,cool_dry
1995-05-20,0.0,57.56,26.27,11.79,0,1995,5,20,140,20,cool_dry
1995-05-21,0.0,57.56,26.27,11.79,0,1995,5,21,141,20,cool_dry
1995-05-22,0.0,57.56,26.27,11.79,0,1995,5,22,142,21,cool_dry
1995-05-23,0.0,57.56,26.27,11.79,0,1995,5,23,143,21,cool_dry
1995-05-24,0.0,57.56,26.27,11.79,0,1995,5,24,144,21,cool_dry
1995-05-25,0.0,57.56,26.27,11.79,0,1995,5,25,145,21,cool_dry
1995-05-26,0.0,57.56,26.27,11.79,0,1995,5,26,146,21,cool_dry
1995-05-27,0.0,57.56,26.27,11.79,0,1995,5,27,147,21,cool_dry
1995-05-28,0.0,57.56,26.27,11.79,0,1995,5,28,148,21,cool_dry
1995-05-29,0.0,57.56,26.27,11.79,0,1995,5,29,149,22,cool_dry
1995-05-30,0.0,57.56,26.27,11.79,0,1995,5,30,150,22,cool_dry
1995-05-31,0.0,57.56,26.27,11.79,0,1995,5,31,151,22,cool_dry
1995-06-01,0.0,50.53,23.56,5.72,0,1995,6,1,152,22,cool_dry
1995-06-02,0.0,50.53,23.56,5.72,0,1995,6,2,153,22,cool_dry
1995-06-03,0.0,50.53,23.56,5.72,0,1995,6,3,154,22,cool_dry
1995-06-04,0.0,50.53,23.56,5.72,0,1995,6,4,155,22,cool_dry
1995-06-05,0.0,50.53,23.56,5.72,0,1995,6,5,156,23,cool_dry
1995-06-06,0.0,50.53,23.56,5.72,0,1995,6,6,157,23,cool_dry
1995-06-07,0.0,50.53,23.56,5.72,0,1995,6,7,158,23,cool_dry
1995-06-08,0.0,50.53,23.56,5.72,0,1995,6,8,159,23,cool_dry
1995-06-09,0.0,50.53,23.56,5.72,0,1995,6,9,160,23,cool_dry
1995-06-10,0.0,50.53,23.56,5.72,0,1995,6,10,161,23,cool_dry
1995-06-11,0.0,50.53,23.56,5.72,0,1995,6,11,162,23,cool_dry
1995-06-12,0.0,50.53,23.56,5.72,0,1995,6,12,163,24,cool_dry
1995-06-13,0.0,50.53,23.56,5.72,0,1995,6,13,164,24,cool_dry
1995-06-14,0.0,50.53,23.56,5.72,0,1995,6,14,165,24,cool_dry
1995-06-15,0.0,50.53,23.56,5.72,0,1995,6,15,166,24,cool_dry
1995-06-16,0.0,50.53,23.56,5.72,0,1995,6,16,167,24,cool_dry
1995-06-17,0.0,50.53,23.56,5.72,0,1995,6,17,168,24,cool_dry
1995-06-18,0.0,50.53,23.56,5.72,0,1995,6,18,169,24,cool_dry
1995-06-19,0.0,50.53,23.56,5.72,0,1995,6,19,170,25,cool_dry
1995-06-20,0.0,50.53,23.56,5.72,0,1995,6,20,171,25,cool_dry
1995-06-21,0.0,50.53,23.56,5.72,0,1995,6,21,172,25,cool_dry
1995-06-22,0.0,50.53,23.56,5.72,0,1995,6,22,173,25,cool_dry
1995-06-23,0.0,50.53,23.56,5.72,0,1995,6,23,174,25,cool_dry
1995-06-24,0.0,50.53,23.56,5.72,0,1995,6,24,175,25,cool_dry
1995-06-25,0.0,50.53,23.56,5.72,0,1995,6,25,176,25,cool_dry
1995-06-26,0.0,50.53,23.56,5.72,0,1995,6,26,177,26,cool_dry
1995-06-27,0.0,50.53,23.56,5.72,0,1995,6,27,178,26,cool_dry
1995-06-28,0.0,50.53,23.56,5.72,0,1995,6,28,179,26,cool_dry
1995-06-29,0.0,50.53,23.56,5.72,0,1995,6,29,180,26,cool_dry
1995-06-30,0.0,50.53,23.56,5.72,0,1995,6,30,181,26,cool_dry
1995-07-01,0.0,53.67,23.23,5.64,0,1995,7,1,182,26,cool_dry
1995-07-02,0.0,53.67,23.23,5.64,0,1995,7,2,183,26,cool_dry
1995-07-03,0.0,53.67,23.23,5.64,0,1995,7,3,184,27,cool_dry
1995-07-04,0.0,53.67,23.23,5.64,0,1995,7,4,185,27,cool_dry
1995-07-05,0.0,53.67,23.23,5.64,0,1995,7,5,186,27,cool_dry
1995-07-06,0.0,53.67,23.23,5.64,0,1995,7,6,187,27,cool_dry
1995-07-07,0.0,53.67,23.23,5.64,0,1995,7,7,188,27,cool_dry
1995-07-08,0.0,53.67,23.23,5.64,0,1995,7,8,189,27,cool_dry
1995-07-09,0.0,53.67,23.23,5.64,0,1995,7,9,190,27,cool_dry
1995-07-10,0.0,53.67,23.23,5.64,0,1995,7,10,191,28,cool_dry
1995-07-11,0.0,53.67,23.23,5.64,0,1995,7,11,192,28,cool_dry
1995-07-12,0.0,53.67,23.23,5.64,0,1995,7,12,193,28,cool_dry
1995-07-13,0.0,53.67,23.23,5.64,0,1995,7,13,194,28,cool_dry
1995-07-14,0.0,53.67,23.23,5.64,0,1995,7,14,195,28,cool_dry
1995-07-15,0.0,53.67,23.23,5.64,0,1995,7,15,196,28,cool_dry
1995-07-16,0.0,53.67,23.23,5.64,0,1995,7,16,197,28,cool_dry
1995-07-17,0.0,53.67,23.23,5.64,0,1995,7,17,198,29,cool_dry
1995-07-18,0.0,53.67,23.23,5.64,0,1995,7,18,199,29,cool_dry
1995-07-19,0.0,53.67,23.23,5.64,0,1995,7,19,200,29,cool_dry
1995-07-20,0.0,53.67,23.23,5.64,0,1995,7,20,201,29,cool_dry
1995-07-21,0.0,53.67,23.23,5.64,0,1995,7,21,202,29,cool_dry
1995-07-22,0.0,53.67,23.23,5.64,0,1995,7,22,203,29,cool_dry
1995-07-23,0.0,53.67,23.23,5.64,0,1995,7,23,204,29,cool_dry
1995-07-24,0.0,53.67,23.23,5.64,0,1995,7,24,205,30,cool_dry
1995-07-25,0.0,53.67,23.23,5.64,0,1995,7,25,206,30,cool_dry
1995-07-26,0.0,53.67,23.23,5.64,0,1995,7,26,207,30,cool_dry
1995-07-27,0.0,53.67,23.23,5.64,0,1995,7,27,208,30,cool_dry
1995-07-28,0.0,53.67,23.23,5.64,0,1995,7,28,209,30,cool_dry
1995-07-29,0.0,53.67,23.23,5.64,0,1995,7,29,210,30,cool_dry
1995-07-30,0.0,53.67,23.23,5.64,0,1995,7,30,211,30,cool_dry
1995-07-31,0.0,53.67,23.23,5.64,0,1995,7,31,212,31,cool_dry
1995-08-01,0.0,46.67,26.9,10.85,0,1995,8,1,213,31,cool_dry
1995-08-02,0.0,46.67,26.9,10.85,0,1995,8,2,214,31,cool_dry
1995-08-03,0.0,46.67,26.9,10.85,0,1995,8,3,215,31,cool_dry
1995-08-04,0.0,46.67,26.9,10.85,0,1995,8,4,216,31,cool_dry
1995-08-05,0.0,46.67,26.9,10.85,0,1995,8,5,217,31,cool_dry
1995-08-06,0.0,46.67,26.9,10.85,0,1995,8,6,218,31,cool_dry
1995-08-07,0.0,46.67,26.9,10.85,0,1995,8,7,219,32,cool_dry
1995-08-08,0.0,46.67,26.9,10.85,0,1995,8,8,220,32,cool_dry
1995-08-09,0.0,46.67,26.9,10.85,0,1995,8,9,221,32,cool_dry
1995-08-10,0.0,46.67,26.9,10.85,0,1995,8,10,222,32,cool_dry
1995-08-11,0.0,46.67,26.9,10.85,0,1995,8,11,223,32,cool_dry
1995-08-12,0.0,46.67,26.9,10.85,0,1995,8,12,224,32,cool_dry
1995-08-13,0.0,46.67,26.9,10.85,0,1995,8,13,225,32,cool_dry
1995-08-14,0.0,46.67,26.9,10.85,0,1995,8,14,226,33,cool_dry
1995-08-15,0.0,46.67,26.9,10.85,0,1995,8,15,227,33,cool_dry
1995-08-16,0.0,46.67,26.9,10.85,0,1995,8,16,228,33,cool_dry
1995-08-17,0.0,46.67,26.9,10.85,0,1995,8,17,229,33,cool_dry
1995-08-18,0.0,46.67,26.9,10.85,0,1995,8,18,230,33,cool_dry
1995-08-19,0.0,46.67,26.9,10.85,0,1995,8,19,231,33,cool_dry
1995-08-20,0.0,46.67,26.9,10.85,0,1995,8,20,232,33,cool_dry
1995-08-21,0.0,46.67,26.9,10.85,0,1995,8,21,233,34,cool_dry
1995-08-22,0.0,46.67,26.9,10.85,0,1995,8,22,234,34,cool_dry
1995-08-23,0.0,46.67,26.9,10.85,0,1995,8,23,235,34,cool_dry
1995-08-24,0.0,46.67,26.9,10.85,0,1995,8,24,236,34,cool_dry
1995-08-25,0.0,46.67,26.9,10.85,0,1995,8,25,237,34,cool_dry
1995-08-26,0.0,46.67,26.9,10.85,0,1995,8,26,238,34,cool_dry
1995-08-27,0.0,46.67,26.9,10.85,0,1995,8,27,239,34,cool_dry
1995-08-28,0.0,46.67,26.9,10.85,0,1995,8,28,240,35,cool_dry
1995-08-29,0.0,46.67,26.9,10.85,0,1995,8,29,241,35,cool_dry
1995-08-30,0.0,46.67,26.9,10.85,0,1995,8,30,242,35,cool_dry
1995-08-31,0.0,46.67,26.9,10.85,0,1995,8,31,243,35,cool_dry
1995-09-01,0.0,36.27,29.98,13.51,0,1995,9,1,244,35,hot_dry
1995-09-02,0.0,36.27,29.98,13.51,0,1995,9,2,245,35,hot_dry
1995-09-03,0.0,36.27,29.98,13.51,0,1995,9,3,246,35,hot_dry
1995-09-04,0.0,36.27,29.98,13.51,0,1995,9,4,247,36,hot_dry
1995-09-05,0.0,36.27,29.98,13.51,0,1995,9,5,248,36,hot_dry
1995-09-06,0.0,36.27,29.98,13.51,0,1995,9,6,249,36,hot_dry
1995-09-07,0.0,36.27,29.98,13.51,0,1995,9,7,250,36,hot_dry
1995-09-08,0.0,36.27,29.98,13.51,0,1995,9,8,251,36,hot_dry
1995-09-09,0.0,36.27,29.98,13.51,0,1995,9,9,252,36,hot_dry
1995-09-10,0.0,36.27,29.98,13.51,0,1995,9,10,253,36,hot_dry
1995-09-11,0.0,36.27,29.98,13.51,0,1995,9,11,254,37,hot_dry
1995-09-12,0.0,36.27,29.98,13.51,0,1995,9,12,255,37,hot_dry
1995-09-13,0.0,36.27,29.98,13.51,0,1995,9,13,256,37,hot_dry
1995-09-14,0.0,36.27,29.98,13.51,0,1995,9,14,257,37,hot_dry
1995-09-15,0.0,36.27,29.98,13.51,0,1995,9,15,258,37,hot_dry
1995-09-16,0.0,36.27,29.98,13.51,0,1995,9,16,259,37,hot_dry
1995-09-17,0.0,36.27,29.98,13.51,0,1995,9,17,260,37,hot_dry
1995-09-18,0.0,36.27,29.98,13.51,0,1995,9,18,261,38,hot_dry
1995-09-19,0.0,36.27,29.98,13.51,0,1995,9,19,262,38,hot_dry
1995-09-20,0.0,36.27,29.98,13.51,0,1995,9,20,263,38,hot_dry
1995-09-21,0.0,36.27,29.98,13.51,0,1995,9,21,264,38,hot_dry
1995-09-22,0.0,36.27,29.98,13.51,0,1995,9,22,265,38,hot_dry
1995-09-23,0.0,36.27,29.98,13.51,0,1995,9,23,266,38,hot_dry
1995-09-24,0.0,36.27,29.98,13.51,0,1995,9,24,267,38,hot_dry
1995-09-25,0.0,36.27,29.98,13.51,0,1995,9,25,268,39,hot_dry
1995-09-26,0.0,36.27,29.98,13.51,0,1995,9,26,269,39,hot_dry
1995-09-27,0.0,36.27,29.98,13.51,0,1995,9,27,270,39,hot_dry
1995-09-28,0.0,36.27,29.98,13.51,0,1995,9,28,271,39,hot_dry
1995-09-29,0.0,36.27,29.98,13.51,0,1995,9,29,272,39,hot_dry
1995-09-30,0.0,36.27,29.98,13.51,0,1995,9,30,273,39,hot_dry
1995-10-01,4.0,39.1,32.56,18.19,1,1995,10,1,274,39,hot_dry
1995-10-02,4.0,39.1,32.56,18.19,1,1995,10,2,275,40,hot_dry
1995-10-03,4.0,39.1,32.56,18.19,1,1995,10,3,276,40,hot_dry
1995-10-04,4.0,39.1,32.56,18.19,1,1995,10,4,277,40,hot_dry
1995-10-05,4.0,39.1,32.56,18.19,1,1995,10,5,278,40,hot_dry
1995-10-06,4.0,39.1,32.56,18.19,1,1995,10,6,279,40,hot_dry
1995-10-07,4.0,39.1,32.56,18.19,1,1995,10,7,280,40,hot_dry
1995-10-08,4.0,39.1,32.56,18.19,1,1995,10,8,281,40,hot_dry
1995-10-09,4.0,39.1,32.56,18.19,1,1995,10,9,282,41,hot_dry
1995-10-10,4.0,39.1,32.56,18.19,1,1995,10,10,283,41,hot_dry
1995-10-11,4.0,39.1,32.56,18.19,1,1995,10,11,284,41,hot_dry
1995-10-12,4.0,39.1,32.56,18.19,1,1995,10,12,285,41,hot_dry
1995-10-13,4.0,39.1,32.56,18.19,1,1995,10,13,286,41,hot_dry
1995-10-14,4.0,39.1,32.56,18.19,1,1995,10,14,287,41,hot_dry
1995-10-15,4.0,39.1,32.56,18.19,1,1995,10,15,288,41,hot_dry
1995-10-16,4.0,39.1,32.56,18.19,1,1995,10,16,289,42,hot_dry
1995-10-17,4.0,39.1,32.56,18.19,1,1995,10,17,290,42,hot_dry
1995-10-18,4.0,39.1,32.56,18.19,1,1995,10,18,291,42,hot_dry
1995-10-19,4.0,39.1,32.56,18.19,1,1995,10,19,292,42,hot_dry
1995-10-20,4.0,39.1,32.56,18.19,1,1995,10,20,293,42,hot_dry
1995-10-21,4.0,39.1,32.56,18.19,1,1995,10,21,294,42,hot_dry
1995-10-22,4.0,39.1,32.56,18.19,1,1995,10,22,295,42,hot_dry
1995-10-23,4.0,39.1,32.56,18.19,1,1995,10,23,296,43,hot_dry
1995-10-24,4.0,39.1,32.56,18.19,1,1995,10,24,297,43,hot_dry
1995-10-25,4.0,39.1,32.56,18.19,1,1995,10,25,298,43,hot_dry
1995-10-26,4.0,39.1,32.56,18.19,1,1995,10,26,299,43,hot_dry
1995-10-27,4.0,39.1,32.56,18.19,1,1995,10,27,300,43,hot_dry
1995-10-28,4.0,39.1,32.56,18.19,1,1995,10,28,301,43,hot_dry
1995-10-29,4.0,39.1,32.56,18.19,1,1995,10,29,302,43,hot_dry
1995-10-30,4.0,39.1,32.56,18.19,1,1995,10,30,303,44,hot_dry
1995-10-31,4.0,39.1,32.56,18.19,1,1995,10,31,304,44,hot_dry
1995-11-01,1.5366666666666666,52.87,29.76,17.53,1,1995,11,1,305,44,hot_rainy
1995-11-02,1.5366666666666666,52.87,29.76,17.53,1,1995,11,2,306,44,hot_rainy
1995-11-03,1.5366666666666666,52.87,29.76,17.53,1,1995,11,3,307,44,hot_rainy
1995-11-04,1.5366666666666666,52.87,29.76,17.53,1,1995,11,4,308,44,hot_rainy
1995-11-05,1.5366666666666666,52.87,29.76,17.53,1,1995,11,5,309,44,hot_rainy
1995-11-06,1.5366666666666666,52.87,29.76,17.53,1,1995,11,6,310,45,hot_rainy
1995-11-07,1.5366666666666666,52.87,29.76,17.53,1,1995,11,7,311,45,hot_rainy
1995-11-08,1.5366666666666666,52.87,29.76,17.53,1,1995,11,8,312,45,hot_rainy
1995-11-09,1.5366666666666666,52.87,29.76,17.53,1,1995,11,9,313,45,hot_rainy
1995-11-10,1.5366666666666666,52.87,29.76,17.53,1,1995,11,10,314,45,hot_rainy
1995-11-11,1.5366666666666666,52.87,29.76,17.53,1,1995,11,11,315,45,hot_rainy
1995-11-12,1.5366666666666666,52.87,29.76,17.53,1,1995,11,12,316,45,hot_rainy
1995-11-13,1.5366666666666666,52.87,29.76,17.53,1,1995,11,13,317,46,hot_rainy
1995-11-14,1.5366666666666666,52.87,29.76,17.53,1,1995,11,14,318,46,hot_rainy
1995-11-15,1.5366666666666666,52.87,29.76,17.53,1,1995,11,15,319,46,hot_rainy
1995-11-16,1.5366666666666666,52.87,29.76,17.53,1,1995,11,16,320,46,hot_rainy
1995-11-17,1.5366666666666666,52.87,29.76,17.53,1,1995,11,17,321,46,hot_rainy
1995-11-18,1.5366666666666666,52.87,29.76,17.53,1,1995,11,18,322,46,hot_rainy
1995-11-19,1.5366666666666666,52.87,29.76,17.53,1,1995,11,19,323,46,hot_rainy
1995-11-20,1.5366666666666666,52.87,29.76,17.53,1,1995,11,20,324,47,hot_rainy
1995-11-21,1.5366666666666666,52.87,29.76,17.53,1,1995,11,21,325,47,hot_rainy
1995-11-22,1.5366666666666666,52.87,29.76,17.53,1,1995,11,22,326,47,hot_rainy
1995-11-23,1.5366666666666666,52.87,29.76,17.53,1,1995,11,23,327,47,hot_rainy
1995-11-24,1.5366666666666666,52.87,29.76,17.53,1,1995,11,24,328,47,hot_rainy
1995-11-25,1.5366666666666666,52.87,29.76,17.53,1,1995,11,25,329,47,hot_rainy
1995-11-26,1.5366666666666666,52.87,29.76,17.53,1,1995,11,26,330,47,hot_rainy
1995-11-27,1.5366666666666666,52.87,29.76,17.53,1,1995,11,27,331,48,hot_rainy
1995-11-28,1.5366666666666666,52.87,29.76,17.53,1,1995,11,28,332,48,hot_rainy
1995-11-29,1.5366666666666666,52.87,29.76,17.53,1,1995,11,29,333,48,hot_rainy
1995-11-30,1.5366666666666666,52.87,29.76,17.53,1,1995,11,30,334,48,hot_rainy
1995-12-01,5.109677419354839,75.26,27.09,16.84,1,1995,12,1,335,48,hot_rainy
1995-12-02,5.109677419354839,75.26,27.09,16.84,1,1995,12,2,336,48,hot_rainy
1995-12-03,5.109677419354839,75.26,27.09,16.84,1,1995,12,3,337,48,hot_rainy
1995-12-04,5.109677419354839,75.26,27.09,16.84,1,1995,12,4,338,49,hot_rainy
1995-12-05,5.109677419354839,75.26,27.09,16.84,1,1995,12,5,339,49,hot_rainy
1995-12-06,5.109677419354839,75.26,27.09,16.84,1,1995,12,6,340,49,hot_rainy
1995-12-07,5.109677419354839,75.26,27.09,16.84,1,1995,12,7,341,49,hot_rainy
1995-12-08,5.109677419354839,75.26,27.09,16.84,1,1995,12,8,342,49,hot_rainy
1995-12-09,5.109677419354839,75.26,27.09,16.84,1,1995,12,9,343,49,hot_rainy
1995-12-10,5.109677419354839,75.26,27.09,16.84,1,1995,12,10,344,49,hot_rainy
1995-12-11,5.109677419354839,75.26,27.09,16.84,1,1995,12,11,345,50,hot_rainy
1995-12-12,5.109677419354839,75.26,27.09,16.84,1,1995,12,12,346,50,hot_rainy
1995-12-13,5.109677419354839,75.26,27.09,16.84,1,1995,12,13,347,50,hot_rainy
1995-12-14,5.109677419354839,75.26,27.09,16.84,1,1995,12,14,348,50,hot_rainy
1995-12-15,5.109677419354839,75.26,27.09,16.84,1,1995,12,15,349,50,hot_rainy
1995-12-16,5.109677419354839,75.26,27.09,16.84,1,1995,12,16,350,50,hot_rainy
1995-12-17,5.109677419354839,75.26,27.09,16.84,1,1995,12,17,351,50,hot_rainy
1995-12-18,5.109677419354839,75.26,27.09,16.84,1,1995,12,18,352,51,hot_rainy
1995-12-19,5.109677419354839,75.26,27.09,16.84,1,1995,12,19,353,51,hot_rainy
1995-12-20,5.109677419354839,75.26,27.09,16.84,1,1995,12,20,354,51,hot_rainy
1995-12-21,5.109677419354839,75.26,27.09,16.84,1,1995,12,21,355,51,hot_rainy
1995-12-22,5.109677419354839,75.26,27.09,16.84,1,1995,12,22,356,51,hot_rainy
1995-12-23,5.109677419354839,75.26,27.09,16.84,1,1995,12,23,357,51,hot_rainy
1995-12-24,5.109677419354839,75.26,27.09,16.84,1,1995,12,24,358,51,hot_rainy
1995-12-25,5.109677419354839,75.26,27.09,16.84,1,1995,12,25,359,52,hot_rainy
1995-12-26,5.109677419354839,75.26,27.09,16.84,1,1995,12,26,360,52,hot_rainy
1995-12-27,5.109677419354839,75.26,27.09,16.84,1,1995,12,27,361,52,hot_rainy
1995-12-28,5.109677419354839,75.26,27.09,16.84,1,1995,12,28,362,52,hot_rainy
1995-12-29,5.109677419354839,75.26,27.09,16.84,1,1995,12,29,363,52,hot_rainy
1995-12-30,5.109677419354839,75.26,27.09,16.84,1,1995,12,30,364,52,hot_rainy
1995-12-31,5.109677419354839,75.26,27.09,16.84,1,1995,12,31,365,52,hot_rainy
1996-01-01,8.883870967741935,76.9,26.73,17.33,1,1996,1,1,1,1,hot_rainy
1996-01-02,8.883870967741935,76.9,26.73,17.33,1,1996,1,2,2,1,hot_rainy
1996-01-03,8.883870967741935,76.9,26.73,17.33,1,1996,1,3,3,1,hot_rainy
1996-01-04,8.883870967741935,76.9,26.73,17.33,1,1996,1,4,4,1,hot_rainy
1996-01-05,8.883870967741935,76.9,26.73,17.33,1,1996,1,5,5,1,hot_rainy
1996-01-06,8.883870967741935,76.9,26.73,17.33,1,1996,1,6,6,1,hot_rainy
1996-01-07,8.883870967741935,76.9,26.73,17.33,1,1996,1,7,7,1,hot_rainy
1996-01-08,8.883870967741935,76.9,26.73,17.33,1,1996,1,8,8,2,hot_rainy
1996-01-09,8.883870967741935,76.9,26.73,17.33,1,1996,1,9,9,2,hot_rainy
1996-01-10,8.883870967741935,76.9,26.73,17.33,1,1996,1,10,10,2,hot_rainy
1996-01-11,8.883870967741935,76.9,26.73,17.33,1,1996,1,11,11,2,hot_rainy
1996-01-12,8.883870967741935,76.9,26.73,17.33,1,1996,1,12,12,2,hot_rainy
1996-01-13,8.883870967741935,76.9,26.73,17.33,1,1996,1,13,13,2,hot_rainy
1996-01-14,8.883870967741935,76.9,26.73,17.33,1,1996,1,14,14,2,hot_rainy
1996-01-15,8.883870967741935,76.9,26.73,17.33,1,1996,1,15,15,3,hot_rainy
1996-01-16,8.883870967741935,76.9,26.73,17.33,1,1996,1,16,16,3,hot_rainy
1996-01-17,8.883870967741935,76.9,26.73,17.33,1,1996,1,17,17,3,hot_rainy
1996-01-18,8.883870967741935,76.9,26.73,17.33,1,1996,1,18,18,3,hot_rainy
1996-01-19,8.883870967741935,76.9,26.73,17.33,1,1996,1,19,19,3,hot_rainy
1996-01-20,8.883870967741935,76.9,26.73,17.33,1,1996,1,20,20,3,hot_rainy
1996-01-21,8.883870967741935,76.9,26.73,17.33,1,1996,1,21,21,3,hot_rainy
1996-01-22,8.883870967741935,76.9,26.73,17.33,1,1996,1,22,22,4,hot_rainy
1996-01-23,8.883870967741935,76.9,26.73,17.33,1,1996,1,23,23,4,hot_rainy
1996-01-24,8.883870967741935,76.9,26.73,17.33,1,1996,1,24,24,4,hot_rainy
1996-01-25,8.883870967741935,76.9,26.73,17.33,1,1996,1,25,25,4,hot_rainy
1996-01-26,8.883870967741935,76.9,26.73,17.33,1,1996,1,26,26,4,hot_rainy
1996-01-27,8.883870967741935,76.9,26.73,17.33,1,1996,1,27,27,4,hot_rainy
1996-01-28,8.883870967741935,76.9,26.73,17.33,1,1996,1,28,28,4,hot_rainy
1996-01-29,8.883870967741935,76.9,26.73,17.33,1,1996,1,29,29,5,hot_rainy
1996-01-30,8.883870967741935,76.9,26.73,17.33,1,1996,1,30,30,5,hot_rainy
1996-01-31,8.883870967741935,76.9,26.73,17.33,1,1996,1,31,31,5,hot_rainy
1996-02-01,6.675862068965517,80.14,26.39,17.35,1,1996,2,1,32,5,hot_rainy
1996-02-02,6.675862068965517,80.14,26.39,17.35,1,1996,2,2,33,5,hot_rainy
1996-02-03,6.675862068965517,80.14,26.39,17.35,1,1996,2,3,34,5,hot_rainy
1996-02-04,6.675862068965517,80.14,26.39,17.35,1,1996,2,4,35,5,hot_rainy
1996-02-05,6.675862068965517,80.14,26.39,17.35,1,1996,2,5,36,6,hot_rainy
1996-02-06,6.675862068965517,80.14,26.39,17.35,1,1996,2,6,37,6,hot_rainy
1996-02-07,6.675862068965517,80.14,26.39,17.35,1,1996,2,7,38,6,hot_rainy
1996-02-08,6.675862068965517,80.14,26.39,17.35,1,1996,2,8,39,6,hot_rainy
1996-02-09,6.675862068965517,80.14,26.39,17.35,1,1996,2,9,40,6,hot_rainy
1996-02-10,6.675862068965517,80.14,26.39,17.35,1,1996,2,10,41,6,hot_rainy
1996-02-11,6.675862068965517,80.14,26.39,17.35,1,1996,2,11,42,6,hot_rainy
1996-02-12,6.675862068965517,80.14,26.39,17.35,1,1996,2,12,43,7,hot_rainy
1996-02-13,6.675862068965517,80.14,26.39,17.35,1,1996,2,13,44,7,hot_rainy
1996-02-14,6.675862068965517,80.14,26.39,17.35,1,1996,2,14,45,7,hot_rainy
1996-02-15,6.675862068965517,80.14,26.39,17.35,1,1996,2,15,46,7,hot_rainy
1996-02-16,6.675862068965517,80.14,26.39,17.35,1,1996,2,16,47,7,hot_rainy
1996-02-17,6.675862068965517,80.14,26.39,17.35,1,1996,2,17,48,7,hot_rainy
1996-02-18,6.675862068965517,80.14,26.39,17.35,1,1996,2,18,49,7,hot_rainy
1996-02-19,6.675862068965517,80.14,26.39,17.35,1,1996,2,19,50,8,hot_rainy
1996-02-20,6.675862068965517,80.14,26.39,17.35,1,1996,2,20,51,8,hot_rainy
1996-02-21,6.675862068965517,80.14,26.39,17.35,1,1996,2,21,52,8,hot_rainy
1996-02-22,6.675862068965517,80.14,26.39,17.35,1,1996,2,22,53,8,hot_rainy
1996-02-23,6.675862068965517,80.14,26.39,17.35,1,1996,2,23,54,8,hot_rainy
1996-02-24,6.675862068965517,80.14,26.39,17.35,1,1996,2,24,55,8,hot_rainy
1996-02-25,6.675862068965517,80.14,26.39,17.35,1,1996,2,25,56,8,hot_rainy
1996-02-26,6.675862068965517,80.14,26.39,17.35,1,1996,2,26,57,9,hot_rainy
1996-02-27,6.675862068965517,80.14,26.39,17.35,1,1996,2,27,58,9,hot_rainy
1996-02-28,6.675862068965517,80.14,26.39,17.35,1,1996,2,28,59,9,hot_rainy
1996-02-29,6.675862068965517,80.14,26.39,17.35,1,1996,2,29,60,9,hot_rainy
1996-03-01,3.403225806451613,74.96,26.47,15.84,1,1996,3,1,61,9,hot_rainy
1996-03-02,3.403225806451613,74.96,26.47,15.84,1,1996,3,2,62,9,hot_rainy
1996-03-03,3.403225806451613,74.96,26.47,15.84,1,1996,3,3,63,9,hot_rainy
1996-03-04,3.403225806451613,74.96,26.47,15.84,1,1996,3,4,64,10,hot_rainy
1996-03-05,3.403225806451613,74.96,26.47,15.84,1,1996,3,5,65,10,hot_rainy
1996-03-06,3.403225806451613,74.96,26.47,15.84,1,1996,3,6,66,10,hot_rainy
1996-03-07,3.403225806451613,74.96,26.47,15.84,1,1996,3,7,67,10,hot_rainy
1996-03-08,3.403225806451613,74.96,26.47,15.84,1,1996,3,8,68,10,hot_rainy
1996-03-09,3.403225806451613,74.96,26.47,15.84,1,1996,3,9,69,10,hot_rainy
1996-03-10,3.403225806451613,74.96,26.47,15.84,1,1996,3,10,70,10,hot_rainy
1996-03-11,3.403225806451613,74.96,26.47,15.84,1,1996,3,11,71,11,hot_rainy
1996-03-12,3.403225806451613,74.96,26.47,15.84,1,1996,3,12,72,11,hot_rainy
1996-03-13,3.403225806451613,74.96,26.47,15.84,1,1996,3,13,73,11,hot_rainy
1996-03-14,3.403225806451613,74.96,26.47,15.84,1,1996,3,14,74,11,hot_rainy
1996-03-15,3.403225806451613,74.96,26.47,15.84,1,1996,3,15,75,11,hot_rainy
1996-03-16,3.403225806451613,74.96,26.47,15.84,1,1996,3,16,76,11,hot_rainy
1996-03-17,3.403225806451613,74.96,26.47,15.84,1,1996,3,17,77,11,hot_rainy
1996-03-18,3.403225806451613,74.96,26.47,15.84,1,1996,3,18,78,12,hot_rainy
1996-03-19,3.403225806451613,74.96,26.47,15.84,1,1996,3,19,79,12,hot_rainy
1996-03-20,3.403225806451613,74.96,26.47,15.84,1,1996,3,20,80,12,hot_rainy
1996-03-21,3.403225806451613,74.96,26.47,15.84,1,1996,3,21,81,12,hot_rainy
1996-03-22,3.403225806451613,74.96,26.47,15.84,1,1996,3,22,82,12,hot_rainy
1996-03-23,3.403225806451613,74.96,26.47,15.84,1,1996,3,23,83,12,hot_rainy
1996-03-24,3.403225806451613,74.96,26.47,15.84,1,1996,3,24,84,12,hot_rainy
1996-03-25,3.403225806451613,74.96,26.47,15.84,1,1996,3,25,85,13,hot_rainy
1996-03-26,3.403225806451613,74.96,26.47,15.84,1,1996,3,26,86,13,hot_rainy
1996-03-27,3.403225806451613,74.96,26.47,15.84,1,1996,3,27,87,13,hot_rainy
1996-03-28,3.403225806451613,74.96,26.47,15.84,1,1996,3,28,88,13,hot_rainy
1996-03-29,3.403225806451613,74.96,26.47,15.84,1,1996,3,29,89,13,hot_rainy
1996-03-30,3.403225806451613,74.96,26.47,15.84,1,1996,3,30,90,13,hot_rainy
1996-03-31,3.403225806451613,74.96,26.47,15.84,1,1996,3,31,91,13,hot_rainy
1996-04-01,0.0,70.12,25.79,11.5,0,1996,4,1,92,14,hot_rainy
1996-04-02,0.0,70.12,25.79,11.5,0,1996,4,2,93,14,hot_rainy
1996-04-03,0.0,70.12,25.79,11.5,0,1996,4,3,94,14,hot_rainy
1996-04-04,0.0,70.12,25.79,11.5,0,1996,4,4,95,14,hot_rainy
1996-04-05,0.0,70.12,25.79,11.5,0,1996,4,5,96,14,hot_rainy
1996-04-06,0.0,70.12,25.79,11.5,0,1996,4,6,97,14,hot_rainy
1996-04-07,0.0,70.12,25.79,11.5,0,1996,4,7,98,14,hot_rainy
1996-04-08,0.0,70.12,25.79,11.5,0,1996,4,8,99,15,hot_rainy
1996-04-09,0.0,70.12,25.79,11.5,0,1996,4,9,100,15,hot_rainy
1996-04-10,0.0,70.12,25.79,11.5,0,1996,4,10,101,15,hot_rainy
1996-04-11,0.0,70.12,25.79,11.5,0,1996,4,11,102,15,hot_rainy
1996-04-12,0.0,70.12,25.79,11.5,0,1996,4,12,103,15,hot_rainy
1996-04-13,0.0,70.12,25.79,11.5,0,1996,4,13,104,15,hot_rainy
1996-04-14,0.0,70.12,25.79,11.5,0,1996,4,14,105,15,hot_rainy
1996-04-15,0.0,70.12,25.79,11.5,0,1996,4,15,106,16,hot_rainy
1996-04-16,0.0,70.12,25.79,11.5,0,1996,4,16,107,16,hot_rainy
1996-04-17,0.0,70.12,25.79,11.5,0,1996,4,17,108,16,hot_rainy
1996-04-18,0.0,70.12,25.79,11.5,0,1996,4,18,109,16,hot_rainy
1996-04-19,0.0,70.12,25.79,11.5,0,1996,4,19,110,16,hot_rainy
1996-04-20,0.0,70.12,25.79,11.5,0,1996,4,20,111,16,hot_rainy
1996-04-21,0.0,70.12,25.79,11.5,0,1996,4,21,112,16,hot_rainy
1996-04-22,0.0,70.12,25.79,11.5,0,1996,4,22,113,17,hot_rainy
1996-04-23,0.0,70.12,25.79,11.5,0,1996,4,23,114,17,hot_rainy
1996-04-24,0.0,70.12,25.79,11.5,0,1996,4,24,115,17,hot_rainy
1996-04-25,0.0,70.12,25.79,11.5,0,1996,4,25,116,17,hot_rainy
1996-04-26,0.0,70.12,25.79,11.5,0,1996,4,26,117,17,hot_rainy
1996-04-27,0.0,70.12,25.79,11.5,0,1996,4,27,118,17,hot_rainy
1996-04-28,0.0,70.12,25.79,11.5,0,1996,4,28,119,17,hot_rainy
1996-04-29,0.0,70.12,25.79,11.5,0,1996,4,29,120,18,hot_rainy
1996-04-30,0.0,70.12,25.79,11.5,0,1996,4,30,121,18,hot_rainy
1996-05-01,0.8064516129032258,68.94,24.83,9.88,0,1996,5,1,122,18,cool_dry
1996-05-02,0.8064516129032258,68.94,24.83,9.88,0,1996,5,2,123,18,cool_dry
1996-05-03,0.8064516129032258,68.94,24.83,9.88,0,1996,5,3,124,18,cool_dry
1996-05-04,0.8064516129032258,68.94,24.83,9.88,0,1996,5,4,125,18,cool_dry
1996-05-05,0.8064516129032258,68.94,24.83,9.88,0,1996,5,5,126,18,cool_dry
1996-05-06,0.8064516129032258,68.94,24.83,9.88,0,1996,5,6,127,19,cool_dry
1996-05-07,0.8064516129032258,68.94,24.83,9.88,0,1996,5,7,128,19,cool_dry
1996-05-08,0.8064516129032258,68.94,24.83,9.88,0,1996,5,8,129,19,cool_dry
1996-05-09,0.8064516129032258,68.94,24.83,9.88,0,1996,5,9,130,19,cool_dry
1996-05-10,0.8064516129032258,68.94,24.83,9.88,0,1996,5,10,131,19,cool_dry
1996-05-11,0.8064516129032258,68.94,24.83,9.88,0,1996,5,11,132,19,cool_dry
1996-05-12,0.8064516129032258,68.94,24.83,9.88,0,1996,5,12,133,19,cool_dry
1996-05-13,0.8064516129032258,68.94,24.83,9.88,0,1996,5,13,134,20,cool_dry
1996-05-14,0.8064516129032258,68.94,24.83,9.88,0,1996,5,14,135,20,cool_dry
1996-05-15,0.8064516129032258,68.94,24.83,9.88,0,1996,5,15,136,20,cool_dry
1996-05-16,0.8064516129032258,68.94,24.83,9.88,0,1996,5,16,137,20,cool_dry
1996-05-17,0.8064516129032258,68.94,24.83,9.88,0,1996,5,17,138,20,cool_dry
1996-05-18,0.8064516129032258,68.94,24.83,9.88,0,1996,5,18,139,20,cool_dry
1996-05-19,0.8064516129032258,68.94,24.83,9.88,0,1996,5,19,140,20,cool_dry
1996-05-20,0.8064516129032258,68.94,24.83,9.88,0,1996,5,20,141,21,cool_dry
1996-05-21,0.8064516129032258,68.94,24.83,9.88,0,1996,5,21,142,21,cool_dry
1996-05-22,0.8064516129032258,68.94,24.83,9.88,0,1996,5,22,143,21,cool_dry
1996-05-23,0.8064516129032258,68.94,24.83,9.88,0,1996,5,23,144,21,cool_dry
1996-05-24,0.8064516129032258,68.94,24.83,9.88,0,1996,5,24,145,21,cool_dry
1996-05-25,0.8064516129032258,68.94,24.83,9.88,0,1996,5,25,146,21,cool_dry
1996-05-26,0.8064516129032258,68.94,24.83,9.88,0,1996,5,26,147,21,cool_dry
1996-05-27,0.8064516129032258,68.94,24.83,9.88,0,1996,5,27,148,22,cool_dry
1996-05-28,0.8064516129032258,68.94,24.83,9.88,0,1996,5,28,149,22,cool_dry
1996-05-29,0.8064516129032258,68.94,24.83,9.88,0,1996,5,29,150,22,cool_dry
1996-05-30,0.8064516129032258,68.94,24.83,9.88,0,1996,5,30,151,22,cool_dry
1996-05-31,0.8064516129032258,68.94,24.83,9.88,0,1996,5,31,152,22,cool_dry
1996-06-01,0.02,60.77,22.47,6.05,0,1996,6,1,153,22,cool_dry
1996-06-02,0.02,60.77,22.47,6.05,0,1996,6,2,154,22,cool_dry
1996-06-03,0.02,60.77,22.47,6.05,0,1996,6,3,155,23,cool_dry
1996-06-04,0.02,60.77,22.47,6.05,0,1996,6,4,156,23,cool_dry
1996-06-05,0.02,60.77,22.47,6.05,0,1996,6,5,157,23,cool_dry
1996-06-06,0.02,60.77,22.47,6.05,0,1996,6,6,158,23,cool_dry
1996-06-07,0.02,60.77,22.47,6.05,0,1996,6,7,159,23,cool_dry
1996-06-08,0.02,60.77,22.47,6.05,0,1996,6,8,160,23,cool_dry
1996-06-09,0.02,60.77,22.47,6.05,0,1996,6,9,161,23,cool_dry
1996-06-10,0.02,60.77,22.47,6.05,0,1996,6,10,162,24,cool_dry
1996-06-11,0.02,60.77,22.47,6.05,0,1996,6,11,163,24,cool_dry
1996-06-12,0.02,60.77,22.47,6.05,0,1996,6,12,164,24,cool_dry
1996-06-13,0.02,60.77,22.47,6.05,0,1996,6,13,165,24,cool_dry
1996-06-14,0.02,60.77,22.47,6.05,0,1996,6,14,166,24,cool_dry
1996-06-15,0.02,60.77,22.47,6.05,0,1996,6,15,167,24,cool_dry
1996-06-16,0.02,60.77,22.47,6.05,0,1996,6,16,168,24,cool_dry
1996-06-17,0.02,60.77,22.47,6.05,0,1996,6,17,169,25,cool_dry
1996-06-18,0.02,60.77,22.47,6.05,0,1996,6,18,170,25,cool_dry
1996-06-19,0.02,60.77,22.47,6.05,0,1996,6,19,171,25,cool_dry
1996-06-20,0.02,60.77,22.47,6.05,0,1996,6,20,172,25,cool_dry
1996-06-21,0.02,60.77,22.47,6.05,0,1996,6,21,173,25,cool_dry
1996-06-22,0.02,60.77,22.47,6.05,0,1996,6,22,174,25,cool_dry
1996-06-23,0.02,60.77,22.47,6.05,0,1996,6,23,175,25,cool_dry
1996-06-24,0.02,60.77,22.47,6.05,0,1996,6,24,176,26,cool_dry
1996-06-25,0.02,60.77,22.47,6.05,0,1996,6,25,177,26,cool_dry
1996-06-26,0.02,60.77,22.47,6.05,0,1996,6,26,178,26,cool_dry
1996-06-27,0.02,60.77,22.47,6.05,0,1996,6,27,179,26,cool_dry
1996-06-28,0.02,60.77,22.47,6.05,0,1996,6,28,180,26,cool_dry
1996-06-29,0.02,60.77,22.47,6.05,0,1996,6,29,181,26,cool_dry
1996-06-30,0.02,60.77,22.47,6.05,0,1996,6,30,182,26,cool_dry
1996-07-01,0.0,53.13,23.42,4.83,0,1996,7,1,183,27,cool_dry
1996-07-02,0.0,53.13,23.42,4.83,0,1996,7,2,184,27,cool_dry
1996-07-03,0.0,53.13,23.42,4.83,0,1996,7,3,185,27,cool_dry
1996-07-04,0.0,53.13,23.42,4.83,0,1996,7,4,186,27,cool_dry
1996-07-05,0.0,53.13,23.42,4.83,0,1996,7,5,187,27,cool_dry
1996-07-06,0.0,53.13,23.42,4.83,0,1996,7,6,188,27,cool_dry
1996-07-07,0.0,53.13,23.42,4.83,0,1996,7,7,189,27,cool_dry
1996-07-08,0.0,53.13,23.42,4.83,0,1996,7,8,190,28,cool_dry
1996-07-09,0.0,53.13,23.42,4.83,0,1996,7,9,191,28,cool_dry
1996-07-10,0.0,53.13,23.42,4.83,0,1996,7,10,192,28,cool_dry
1996-07-11,0.0,53.13,23.42,4.83,0,1996,7,11,193,28,cool_dry
1996-07-12,0.0,53.13,23.42,4.83,0,1996,7,12,194,28,cool_dry
1996-07-13,0.0,53.13,23.42,4.83,0,1996,7,13,195,28,cool_dry
1996-07-14,0.0,53.13,23.42,4.83,0,1996,7,14,196,28,cool_dry
1996-07-15,0.0,53.13,23.42,4.83,0,1996,7,15,197,29,cool_dry
1996-07-16,0.0,53.13,23.42,4.83,0,1996,7,16,198,29,cool_dry
1996-07-17,0.0,53.13,23.42,4.83,0,1996,7,17,199,29,cool_dry
1996-07-18,0.0,53.13,23.42,4.83,0,1996,7,18,200,29,cool_dry
1996-07-19,0.0,53.13,23.42,4.83,0,1996,7,19,201,29,cool_dry
1996-07-20,0.0,53.13,23.42,4.83,0,1996,7,20,202,29,cool_dry
1996-07-21,0.0,53.13,23.42,4.83,0,1996,7,21,203,29,cool_dry
1996-07-22,0.0,53.13,23.42,4.83,0,1996,7,22,204,30,cool_dry
1996-07-23,0.0,53.13,23.42,4.83,0,1996,7,23,205,30,cool_dry
1996-07-24,0.0,53.13,23.42,4.83,0,1996,7,24,206,30,cool_dry
1996-07-25,0.0,53.13,23.42,4.83,0,1996,7,25,207,30,cool_dry
1996-07-26,0.0,53.13,23.42,4.83,0,1996,7,26,208,30,cool_dry
1996-07-27,0.0,53.13,23.42,4.83,0,1996,7,27,209,30,cool_dry
1996-07-28,0.0,53.13,23.42,4.83,0,1996,7,28,210,30,cool_dry
1996-07-29,0.0,53.13,23.42,4.83,0,1996,7,29,211,31,cool_dry
1996-07-30,0.0,53.13,23.42,4.83,0,1996,7,30,212,31,cool_dry
1996-07-31,0.0,53.13,23.42,4.83,0,1996,7,31,213,31,cool_dry
1996-08-01,0.0,44.97,27.77,9.47,0,1996,8,1,214,31,cool_dry
1996-08-02,0.0,44.97,27.77,9.47,0,1996,8,2,215,31,cool_dry
1996-08-03,0.0,44.97,27.77,9.47,0,1996,8,3,216,31,cool_dry
1996-08-04,0.0,44.97,27.77,9.47,0,1996,8,4,217,31,cool_dry
1996-08-05,0.0,44.97,27.77,9.47,0,1996,8,5,218,32,cool_dry
1996-08-06,0.0,44.97,27.77,9.47,0,1996,8,6,219,32,cool_dry
1996-08-07,0.0,44.97,27.77,9.47,0,1996,8,7,220,32,cool_dry
1996-08-08,0.0,44.97,27.77,9.47,0,1996,8,8,221,32,cool_dry
1996-08-09,0.0,44.97,27.77,9.47,0,1996,8,9,222,32,cool_dry
1996-08-10,0.0,44.97,27.77,9.47,0,1996,8,10,223,32,cool_dry
1996-08-11,0.0,44.97,27.77,9.47,0,1996,8,11,224,32,cool_dry
1996-08-12,0.0,44.97,27.77,9.47,0,1996,8,12,225,33,cool_dry
1996-08-13,0.0,44.97,27.77,9.47,0,1996,8,13,226,33,cool_dry
1996-08-14,0.0,44.97,27.77,9.47,0,1996,8,14,227,33,cool_dry
1996-08-15,0.0,44.97,27.77,9.47,0,1996,8,15,228,33,cool_dry
1996-08-16,0.0,44.97,27.77,9.47,0,1996,8,16,229,33,cool_dry
1996-08-17,0.0,44.97,27.77,9.47,0,1996,8,17,230,33,cool_dry
1996-08-18,0.0,44.97,27.77,9.47,0,1996,8,18,231,33,cool_dry
1996-08-19,0.0,44.97,27.77,9.47,0,1996,8,19,232,34,cool_dry
1996-08-20,0.0,44.97,27.77,9.47,0,1996,8,20,233,34,cool_dry
1996-08-21,0.0,44.97,27.77,9.47,0,1996,8,21,234,34,cool_dry
1996-08-22,0.0,44.97,27.77,9.47,0,1996,8,22,235,34,cool_dry
1996-08-23,0.0,44.97,27.77,9.47,0,1996,8,23,236,34,cool_dry
1996-08-24,0.0,44.97,27.77,9.47,0,1996,8,24,237,34,cool_dry
1996-08-25,0.0,44.97,27.77,9.47,0,1996,8,25,238,34,cool_dry
1996-08-26,0.0,44.97,27.77,9.47,0,1996,8,26,239,35,cool_dry
1996-08-27,0.0,44.97,27.77,9.47,0,1996,8,27,240,35,cool_dry
1996-08-28,0.0,44.97,27.77,9.47,0,1996,8,28,241,35,cool_dry
1996-08-29,0.0,44.97,27.77,9.47,0,1996,8,29,242,35,cool_dry
1996-08-30,0.0,44.97,27.77,9.47,0,1996,8,30,243,35,cool_dry
1996-08-31,0.0,44.97,27.77,9.47,0,1996,8,31,244,35,cool_dry
1996-09-01,0.0,39.2,30.64,13.24,0,1996,9,1,245,35,hot_dry
1996-09-02,0.0,39.2,30.64,13.24,0,1996,9,2,246,36,hot_dry
1996-09-03,0.0,39.2,30.64,13.24,0,1996,9,3,247,36,hot_dry
1996-09-04,0.0,39.2,30.64,13.24,0,1996,9,4,248,36,hot_dry
1996-09-05,0.0,39.2,30.64,13.24,0,1996,9,5,249,36,hot_dry
1996-09-06,0.0,39.2,30.64,13.24,0,1996,9,6,250,36,hot_dry
1996-09-07,0.0,39.2,30.64,13.24,0,1996,9,7,251,36,hot_dry
1996-09-08,0.0,39.2,30.64,13.24,0,1996,9,8,252,36,hot_dry
1996-09-09,0.0,39.2,30.64,13.24,0,1996,9,9,253,37,hot_dry
1996-09-10,0.0,39.2,30.64,13.24,0,1996,9,10,254,37,hot_dry
1996-09-11,0.0,39.2,30.64,13.24,0,1996,9,11,255,37,hot_dry
1996-09-12,0.0,39.2,30.64,13.24,0,1996,9,12,256,37,hot_dry
1996-09-13,0.0,39.2,30.64,13.24,0,1996,9,13,257,37,hot_dry
1996-09-14,0.0,39.2,30.64,13.24,0,1996,9,14,258,37,hot_dry
1996-09-15,0.0,39.2,30.64,13.24,0,1996,9,15,259,37,hot_dry
1996-09-16,0.0,39.2,30.64,13.24,0,1996,9,16,260,38,hot_dry
1996-09-17,0.0,39.2,30.64,13.24,0,1996,9,17,261,38,hot_dry
1996-09-18,0.0,39.2,30.64,13.24,0,1996,9,18,262,38,hot_dry
1996-09-19,0.0,39.2,30.64,13.24,0,1996,9,19,263,38,hot_dry
1996-09-20,0.0,39.2,30.64,13.24,0,1996,9,20,264,38,hot_dry
1996-09-21,0.0,39.2,30.64,13.24,0,1996,9,21,265,38,hot_dry
1996-09-22,0.0,39.2,30.64,13.24,0,1996,9,22,266,38,hot_dry
1996-09-23,0.0,39.2,30.64,13.24,0,1996,9,23,267,39,hot_dry
1996-09-24,0.0,39.2,30.64,13.24,0,1996,9,24,268,39,hot_dry
1996-09-25,0.0,39.2,30.64,13.24,0,1996,9,25,269,39,hot_dry
1996-09-26,0.0,39.2,30.64,13.24,0,1996,9,26,270,39,hot_dry
1996-09-27,0.0,39.2,30.64,13.24,0,1996,9,27,271,39,hot_dry
1996-09-28,0.0,39.2,30.64,13.24,0,1996,9,28,272,39,hot_dry
1996-09-29,0.0,39.2,30.64,13.24,0,1996,9,29,273,39,hot_dry
1996-09-30,0.0,39.2,30.64,13.24,0,1996,9,30,274,40,hot_dry
1996-10-01,0.0,36.13,32.36,15.71,0,1996,10,1,275,40,hot_dry
1996-10-02,0.0,36.13,32.36,15.71,0,1996,10,2,276,40,hot_dry
1996-10-03,0.0,36.13,32.36,15.71,0,1996,10,3,277,40,hot_dry
1996-10-04,0.0,36.13,32.36,15.71,0,1996,10,4,278,40,hot_dry
1996-10-05,0.0,36.13,32.36,15.71,0,1996,10,5,279,40,hot_dry
1996-10-06,0.0,36.13,32.36,15.71,0,1996,10,6,280,40,hot_dry
1996-10-07,0.0,36.13,32.36,15.71,0,1996,10,7,281,41,hot_dry
1996-10-08,0.0,36.13,32.36,15.71,0,1996,10,8,282,41,hot_dry
1996-10-09,0.0,36.13,32.36,15.71,0,1996,10,9,283,41,hot_dry
1996-10-10,0.0,36.13,32.36,15.71,0,1996,10,10,284,41,hot_dry
1996-10-11,0.0,36.13,32.36,15.71,0,1996,10,11,285,41,hot_dry
1996-10-12,0.0,36.13,32.36,15.71,0,1996,10,12,286,41,hot_dry
1996-10-13,0.0,36.13,32.36,15.71,0,1996,10,13,287,41,hot_dry
1996-10-14,0.0,36.13,32.36,15.71,0,1996,10,14,288,42,hot_dry
1996-10-15,0.0,36.13,32.36,15.71,0,1996,10,15,289,42,hot_dry
1996-10-16,0.0,36.13,32.36,15.71,0,1996,10,16,290,42,hot_dry
1996-10-17,0.0,36.13,32.36,15.71,0,1996,10,17,291,42,hot_dry
1996-10-18,0.0,36.13,32.36,15.71,0,1996,10,18,292,42,hot_dry
1996-10-19,0.0,36.13,32.36,15.71,0,1996,10,19,293,42,hot_dry
1996-10-20,0.0,36.13,32.36,15.71,0,1996,10,20,294,42,hot_dry
1996-10-21,0.0,36.13,32.36,15.71,0,1996,10,21,295,43,hot_dry
1996-10-22,0.0,36.13,32.36,15.71,0,1996,10,22,296,43,hot_dry
1996-10-23,0.0,36.13,32.36,15.71,0,1996,10,23,297,43,hot_dry
1996-10-24,0.0,36.13,32.36,15.71,0,1996,10,24,298,43,hot_dry
1996-10-25,0.0,36.13,32.36,15.71,0,1996,10,25,299,43,hot_dry
1996-10-26,0.0,36.13,32.36,15.71,0,1996,10,26,300,43,hot_dry
1996-10-27,0.0,36.13,32.36,15.71,0,1996,10,27,301,43,hot_dry
1996-10-28,0.0,36.13,32.36,15.71,0,1996,10,28,302,44,hot_dry
1996-10-29,0.0,36.13,32.36,15.71,0,1996,10,29,303,44,hot_dry
1996-10-30,0.0,36.13,32.36,15.71,0,1996,10,30,304,44,hot_dry
1996-10-31,0.0,36.13,32.36,15.71,0,1996,10,31,305,44,hot_dry
1996-11-01,4.073333333333333,55.2,29.83,17.67,1,1996,11,1,306,44,hot_rainy
1996-11-02,4.073333333333333,55.2,29.83,17.67,1,1996,11,2,307,44,hot_rainy
1996-11-03,4.073333333333333,55.2,29.83,17.67,1,1996,11,3,308,44,hot_rainy
1996-11-04,4.073333333333333,55.2,29.83,17.67,1,1996,11,4,309,45,hot_rainy
1996-11-05,4.073333333333333,55.2,29.83,17.67,1,1996,11,5,310,45,hot_rainy
1996-11-06,4.073333333333333,55.2,29.83,17.67,1,1996,11,6,311,45,hot_rainy
1996-11-07,4.073333333333333,55.2,29.83,17.67,1,1996,11,7,312,45,hot_rainy
1996-11-08,4.073333333333333,55.2,29.83,17.67,1,1996,11,8,313,45,hot_rainy
1996-11-09,4.073333333333333,55.2,29.83,17.67,1,1996,11,9,314,45,hot_rainy
1996-11-10,4.073333333333333,55.2,29.83,17.67,1,1996,11,10,315,45,hot_rainy
1996-11-11,4.073333333333333,55.2,29.83,17.67,1,1996,11,11,316,46,hot_rainy
1996-11-12,4.073333333333333,55.2,29.83,17.67,1,1996,11,12,317,46,hot_rainy
1996-11-13,4.073333333333333,55.2,29.83,17.67,1,1996,11,13,318,46,hot_rainy
1996-11-14,4.073333333333333,55.2,29.83,17.67,1,1996,11,14,319,46,hot_rainy
1996-11-15,4.073333333333333,55.2,29.83,17.67,1,1996,11,15,320,46,hot_rainy
1996-11-16,4.073333333333333,55.2,29.83,17.67,1,1996,11,16,321,46,hot_rainy
1996-11-17,4.073333333333333,55.2,29.83,17.67,1,1996,11,17,322,46,hot_rainy
1996-11-18,4.073333333333333,55.2,29.83,17.67,1,1996,11,18,323,47,hot_rainy
1996-11-19,4.073333333333333,55.2,29.83,17.67,1,1996,11,19,324,47,hot_rainy
1996-11-20,4.073333333333333,55.2,29.83,17.67,1,1996,11,20,325,47,hot_rainy
1996-11-21,4.073333333333333,55.2,29.83,17.67,1,1996,11,21,326,47,hot_rainy
1996-11-22,4.073333333333333,55.2,29.83,17.67,1,1996,11,22,327,47,hot_rainy
1996-11-23,4.073333333333333,55.2,29.83,17.67,1,1996,11,23,328,47,hot_rainy
1996-11-24,4.073333333333333,55.2,29.83,17.67,1,1996,11,24,329,47,hot_rainy
1996-11-25,4.073333333333333,55.2,29.83,17.67,1,1996,11,25,330,48,hot_rainy
1996-11-26,4.073333333333333,55.2,29.83,17.67,1,1996,11,26,331,48,hot_rainy
1996-11-27,4.073333333333333,55.2,29.83,17.67,1,1996,11,27,332,48,hot_rainy
1996-11-28,4.073333333333333,55.2,29.83,17.67,1,1996,11,28,333,48,hot_rainy
1996-11-29,4.073333333333333,55.2,29.83,17.67,1,1996,11,29,334,48,hot_rainy
1996-11-30,4.073333333333333,55.2,29.83,17.67,1,1996,11,30,335,48,hot_rainy
1996-12-01,4.419354838709677,75.0,27.34,17.36,1,1996,12,1,336,48,hot_rainy
1996-12-02,4.419354838709677,75.0,27.34,17.36,1,1996,12,2,337,49,hot_rainy
1996-12-03,4.419354838709677,75.0,27.34,17.36,1,1996,12,3,338,49,hot_rainy
1996-12-04,4.419354838709677,75.0,27.34,17.36,1,1996,12,4,339,49,hot_rainy
1996-12-05,4.419354838709677,75.0,27.34,17.36,1,1996,12,5,340,49,hot_rainy
1996-12-06,4.419354838709677,75.0,27.34,17.36,1,1996,12,6,341,49,hot_rainy
1996-12-07,4.419354838709677,75.0,27.34,17.36,1,1996,12,7,342,49,hot_rainy
1996-12-08,4.419354838709677,75.0,27.34,17.36,1,1996,12,8,343,49,hot_rainy
1996-12-09,4.419354838709677,75.0,27.34,17.36,1,1996,12,9,344,50,hot_rainy
1996-12-10,4.419354838709677,75.0,27.34,17.36,1,1996,12,10,345,50,hot_rainy
1996-12-11,4.419354838709677,75.0,27.34,17.36,1,1996,12,11,346,50,hot_rainy
1996-12-12,4.419354838709677,75.0,27.34,17.36,1,1996,12,12,347,50,hot_rainy
1996-12-13,4.419354838709677,75.0,27.34,17.36,1,1996,12,13,348,50,hot_rainy
1996-12-14,4.419354838709677,75.0,27.34,17.36,1,1996,12,14,349,50,hot_rainy
1996-12-15,4.419354838709677,75.0,27.34,17.36,1,1996,12,15,350,50,hot_rainy
1996-12-16,4.419354838709677,75.0,27.34,17.36,1,1996,12,16,351,51,hot_rainy
1996-12-17,4.419354838709677,75.0,27.34,17.36,1,1996,12,17,352,51,hot_rainy
1996-12-18,4.419354838709677,75.0,27.34,17.36,1,1996,12,18,353,51,hot_rainy
1996-12-19,4.419354838709677,75.0,27.34,17.36,1,1996,12,19,354,51,hot_rainy
1996-12-20,4.419354838709677,75.0,27.34,17.36,1,1996,12,20,355,51,hot_rainy
1996-12-21,4.419354838709677,75.0,27.34,17.36,1,1996,12,21,356,51,hot_rainy
1996-12-22,4.419354838709677,75.0,27.34,17.36,1,1996,12,22,357,51,hot_rainy
1996-12-23,4.419354838709677,75.0,27.34,17.36,1,1996,12,23,358,52,hot_rainy
1996-12-24,4.419354838709677,75.0,27.34,17.36,1,1996,12,24,359,52,hot_rainy
1996-12-25,4.419354838709677,75.0,27.34,17.36,1,1996,12,25,360,52,hot_rainy
1996-12-26,4.419354838709677,75.0,27.34,17.36,1,1996,12,26,361,52,hot_rainy
1996-12-27,4.419354838709677,75.0,27.34,17.36,1,1996,12,27,362,52,hot_rainy
1996-12-28,4.419354838709677,75.0,27.34,17.36,1,1996,12,28,363,52,hot_rainy
1996-12-29,4.419354838709677,75.0,27.34,17.36,1,1996,12,29,364,52,hot_rainy
1996-12-30,4.419354838709677,75.0,27.34,17.36,1,1996,12,30,365,1,hot_rainy
1996-12-31,4.419354838709677,75.0,27.34,17.36,1,1996,12,31,366,1,hot_rainy
1997-01-01,9.03225806451613,82.45,26.02,17.72,1,1997,1,1,1,1,hot_rainy
1997-01-02,9.03225806451613,82.45,26.02,17.72,1,1997,1,2,2,1,hot_rainy
1997-01-03,9.03225806451613,82.45,26.02,17.72,1,1997,1,3,3,1,hot_rainy
1997-01-04,9.03225806451613,82.45,26.02,17.72,1,1997,1,4,4,1,hot_rainy
1997-01-05,9.03225806451613,82.45,26.02,17.72,1,1997,1,5,5,1,hot_rainy
1997-01-06,9.03225806451613,82.45,26.02,17.72,1,1997,1,6,6,2,hot_rainy
1997-01-07,9.03225806451613,82.45,26.02,17.72,1,1997,1,7,7,2,hot_rainy
1997-01-08,9.03225806451613,82.45,26.02,17.72,1,1997,1,8,8,2,hot_rainy
1997-01-09,9.03225806451613,82.45,26.02,17.72,1,1997,1,9,9,2,hot_rainy
1997-01-10,9.03225806451613,82.45,26.02,17.72,1,1997,1,10,10,2,hot_rainy
1997-01-11,9.03225806451613,82.45,26.02,17.72,1,1997,1,11,11,2,hot_rainy
1997-01-12,9.03225806451613,82.45,26.02,17.72,1,1997,1,12,12,2,hot_rainy
1997-01-13,9.03225806451613,82.45,26.02,17.72,1,1997,1,13,13,3,hot_rainy
1997-01-14,9.03225806451613,82.45,26.02,17.72,1,1997,1,14,14,3,hot_rainy
1997-01-15,9.03225806451613,82.45,26.02,17.72,1,1997,1,15,15,3,hot_rainy
1997-01-16,9.03225806451613,82.45,26.02,17.72,1,1997,1,16,16,3,hot_rainy
1997-01-17,9.03225806451613,82.45,26.02,17.72,1,1997,1,17,17,3,hot_rainy
1997-01-18,9.03225806451613,82.45,26.02,17.72,1,1997,1,18,18,3,hot_rainy
1997-01-19,9.03225806451613,82.45,26.02,17.72,1,1997,1,19,19,3,hot_rainy
1997-01-20,9.03225806451613,82.45,26.02,17.72,1,1997,1,20,20,4,hot_rainy
1997-01-21,9.03225806451613,82.45,26.02,17.72,1,1997,1,21,21,4,hot_rainy
1997-01-22,9.03225806451613,82.45,26.02,17.72,1,1997,1,22,22,4,hot_rainy
1997-01-23,9.03225806451613,82.45,26.02,17.72,1,1997,1,23,23,4,hot_rainy
1997-01-24,9.03225806451613,82.45,26.02,17.72,1,1997,1,24,24,4,hot_rainy
1997-01-25,9.03225806451613,82.45,26.02,17.72,1,1997,1,25,25,4,hot_rainy
1997-01-26,9.03225806451613,82.45,26.02,17.72,1,1997,1,26,26,4,hot_rainy
1997-01-27,9.03225806451613,82.45,26.02,17.72,1,1997,1,27,27,5,hot_rainy
1997-01-28,9.03225806451613,82.45,26.02,17.72,1,1997,1,28,28,5,hot_rainy
1997-01-29,9.03225806451613,82.45,26.02,17.72,1,1997,1,29,29,5,hot_rainy
1997-01-30,9.03225806451613,82.45,26.02,17.72,1,1997,1,30,30,5,hot_rainy
1997-01-31,9.03225806451613,82.45,26.02,17.72,1,1997,1,31,31,5,hot_rainy
1997-02-01,8.678571428571429,81.82,25.58,16.53,1,1997,2,1,32,5,hot_rainy
1997-02-02,8.678571428571429,81.82,25.58,16.53,1,1997,2,2,33,5,hot_rainy
1997-02-03,8.678571428571429,81.82,25.58,16.53,1,1997,2,3,34,6,hot_rainy
1997-02-04,8.678571428571429,81.82,25.58,16.53,1,1997,2,4,35,6,hot_rainy
1997-02-05,8.678571428571429,81.82,25.58,16.53,1,1997,2,5,36,6,hot_rainy
1997-02-06,8.678571428571429,81.82,25.58,16.53,1,1997,2,6,37,6,hot_rainy
1997-02-07,8.678571428571429,81.82,25.58,16.53,1,1997,2,7,38,6,hot_rainy
1997-02-08,8.678571428571429,81.82,25.58,16.53,1,1997,2,8,39,6,hot_rainy
1997-02-09,8.678571428571429,81.82,25.58,16.53,1,1997,2,9,40,6,hot_rainy
1997-02-10,8.678571428571429,81.82,25.58,16.53,1,1997,2,10,41,7,hot_rainy
1997-02-11,8.678571428571429,81.82,25.58,16.53,1,1997,2,11,42,7,hot_rainy
1997-02-12,8.678571428571429,81.82,25.58,16.53,1,1997,2,12,43,7,hot_rainy
1997-02-13,8.678571428571429,81.82,25.58,16.53,1,1997,2,13,44,7,hot_rainy
1997-02-14,8.678571428571429,81.82,25.58,16.53,1,1997,2,14,45,7,hot_rainy
1997-02-15,8.678571428571429,81.82,25.58,16.53,1,1997,2,15,46,7,hot_rainy
1997-02-16,8.678571428571429,81.82,25.58,16.53,1,1997,2,16,47,7,hot_rainy
1997-02-17,8.678571428571429,81.82,25.58,16.53,1,1997,2,17,48,8,hot_rainy
1997-02-18,8.678571428571429,81.82,25.58,16.53,1,1997,2,18,49,8,hot_rainy
1997-02-19,8.678571428571429,81.82,25.58,16.53,1,1997,2,19,50,8,hot_rainy
1997-02-20,8.678571428571429,81.82,25.58,16.53,1,1997,2,20,51,8,hot_rainy
1997-02-21,8.678571428571429,81.82,25.58,16.53,1,1997,2,21,52,8,hot_rainy
1997-02-22,8.678571428571429,81.82,25.58,16.53,1,1997,2,22,53,8,hot_rainy
1997-02-23,8.678571428571429,81.82,25.58,16.53,1,1997,2,23,54,8,hot_rainy
1997-02-24,8.678571428571429,81.82,25.58,16.53,1,1997,2,24,55,9,hot_rainy
1997-02-25,8.678571428571429,81.82,25.58,16.53,1,1997,2,25,56,9,hot_rainy
1997-02-26,8.678571428571429,81.82,25.58,16.53,1,1997,2,26,57,9,hot_rainy
1997-02-27,8.678571428571429,81.82,25.58,16.53,1,1997,2,27,58,9,hot_rainy
1997-02-28,8.678571428571429,81.82,25.58,16.53,1,1997,2,28,59,9,hot_rainy
1997-03-01,7.738709677419355,77.77,26.45,16.28,1,1997,3,1,60,9,hot_rainy
1997-03-02,7.738709677419355,77.77,26.45,16.28,1,1997,3,2,61,9,hot_rainy
1997-03-03,7.738709677419355,77.77,26.45,16.28,1,1997,3,3,62,10,hot_rainy
1997-03-04,7.738709677419355,77.77,26.45,16.28,1,1997,3,4,63,10,hot_rainy
1997-03-05,7.738709677419355,77.77,26.45,16.28,1,1997,3,5,64,10,hot_rainy
1997-03-06,7.738709677419355,77.77,26.45,16.28,1,1997,3,6,65,10,hot_rainy
1997-03-07,7.738709677419355,77.77,26.45,16.28,1,1997,3,7,66,10,hot_rainy
1997-03-08,7.738709677419355,77.77,26.45,16.28,1,1997,3,8,67,10,hot_rainy
1997-03-09,7.738709677419355,77.77,26.45,16.28,1,1997,3,9,68,10,hot_rainy
1997-03-10,7.738709677419355,77.77,26.45,16.28,1,1997,3,10,69,11,hot_rainy
1997-03-11,7.738709677419355,77.77,26.45,16.28,1,1997,3,11,70,11,hot_rainy
1997-03-12,7.738709677419355,77.77,26.45,16.28,1,1997,3,12,71,11,hot_rainy
1997-03-13,7.738709677419355,77.77,26.45,16.28,1,1997,3,13,72,11,hot_rainy
1997-03-14,7.738709677419355,77.77,26.45,16.28,1,1997,3,14,73,11,hot_rainy
1997-03-15,7.738709677419355,77.77,26.45,16.28,1,1997,3,15,74,11,hot_rainy
1997-03-16,7.738709677419355,77.77,26.45,16.28,1,1997,3,16,75,11,hot_rainy
1997-03-17,7.738709677419355,77.77,26.45,16.28,1,1997,3,17,76,12,hot_rainy
1997-03-18,7.738709677419355,77.77,26.45,16.28,1,1997,3,18,77,12,hot_rainy
1997-03-19,7.738709677419355,77.77,26.45,16.28,1,1997,3,19,78,12,hot_rainy
1997-03-20,7.738709677419355,77.77,26.45,16.28,1,1997,3,20,79,12,hot_rainy
1997-03-21,7.738709677419355,77.77,26.45,16.28,1,1997,3,21,80,12,hot_rainy
1997-03-22,7.738709677419355,77.77,26.45,16.28,1,1997,3,22,81,12,hot_rainy
1997-03-23,7.738709677419355,77.77,26.45,16.28,1,1997,3,23,82,12,hot_rainy
1997-03-24,7.738709677419355,77.77,26.45,16.28,1,1997,3,24,83,13,hot_rainy
1997-03-25,7.738709677419355,77.77,26.45,16.28,1,1997,3,25,84,13,hot_rainy
1997-03-26,7.738709677419355,77.77,26.45,16.28,1,1997,3,26,85,13,hot_rainy
1997-03-27,7.738709677419355,77.77,26.45,16.28,1,1997,3,27,86,13,hot_rainy
1997-03-28,7.738709677419355,77.77,26.45,16.28,1,1997,3,28,87,13,hot_rainy
1997-03-29,7.738709677419355,77.77,26.45,16.28,1,1997,3,29,88,13,hot_rainy
1997-03-30,7.738709677419355,77.77,26.45,16.28,1,1997,3,30,89,13,hot_rainy
1997-03-31,7.738709677419355,77.77,26.45,16.28,1,1997,3,31,90,14,hot_rainy
1997-04-01,1.68,68.03,25.94,12.82,1,1997,4,1,91,14,hot_rainy
1997-04-02,1.68,68.03,25.94,12.82,1,1997,4,2,92,14,hot_rainy
1997-04-03,1.68,68.03,25.94,12.82,1,1997,4,3,93,14,hot_rainy
1997-04-04,1.68,68.03,25.94,12.82,1,1997,4,4,94,14,hot_rainy
1997-04-05,1.68,68.03,25.94,12.82,1,1997,4,5,95,14,hot_rainy
1997-04-06,1.68,68.03,25.94,12.82,1,1997,4,6,96,14,hot_rainy
1997-04-07,1.68,68.03,25.94,12.82,1,1997,4,7,97,15,hot_rainy
1997-04-08,1.68,68.03,25.94,12.82,1,1997,4,8,98,15,hot_rainy
1997-04-09,1.68,68.03,25.94,12.82,1,1997,4,9,99,15,hot_rainy
1997-04-10,1.68,68.03,25.94,12.82,1,1997,4,10,100,15,hot_rainy
1997-04-11,1.68,68.03,25.94,12.82,1,1997,4,11,101,15,hot_rainy
1997-04-12,1.68,68.03,25.94,12.82,1,1997,4,12,102,15,hot_rainy
1997-04-13,1.68,68.03,25.94,12.82,1,1997,4,13,103,15,hot_rainy
1997-04-14,1.68,68.03,25.94,12.82,1,1997,4,14,104,16,hot_rainy
1997-04-15,1.68,68.03,25.94,12.82,1,1997,4,15,105,16,hot_rainy
1997-04-16,1.68,68.03,25.94,12.82,1,1997,4,16,106,16,hot_rainy
1997-04-17,1.68,68.03,25.94,12.82,1,1997,4,17,107,16,hot_rainy
1997-04-18,1.68,68.03,25.94,12.82,1,1997,4,18,108,16,hot_rainy
1997-04-19,1.68,68.03,25.94,12.82,1,1997,4,19,109,16,hot_rainy
1997-04-20,1.68,68.03,25.94,12.82,1,1997,4,20,110,16,hot_rainy
1997-04-21,1.68,68.03,25.94,12.82,1,1997,4,21,111,17,hot_rainy
1997-04-22,1.68,68.03,25.94,12.82,1,1997,4,22,112,17,hot_rainy
1997-04-23,1.68,68.03,25.94,12.82,1,1997,4,23,113,17,hot_rainy
1997-04-24,1.68,68.03,25.94,12.82,1,1997,4,24,114,17,hot_rainy
1997-04-25,1.68,68.03,25.94,12.82,1,1997,4,25,115,17,hot_rainy
1997-04-26,1.68,68.03,25.94,12.82,1,1997,4,26,116,17,hot_rainy
1997-04-27,1.68,68.03,25.94,12.82,1,1997,4,27,117,17,hot_rainy
1997-04-28,1.68,68.03,25.94,12.82,1,1997,4,28,118,18,hot_rainy
1997-04-29,1.68,68.03,25.94,12.82,1,1997,4,29,119,18,hot_rainy
1997-04-30,1.68,68.03,25.94,12.82,1,1997,4,30,120,18,hot_rainy
1997-05-01,0.0,61.45,24.54,8.11,0,1997,5,1,121,18,cool_dry
1997-05-02,0.0,61.45,24.54,8.11,0,1997,5,2,122,18,cool_dry
1997-05-03,0.0,61.45,24.54,8.11,0,1997,5,3,123,18,cool_dry
1997-05-04,0.0,61.45,24.54,8.11,0,1997,5,4,124,18,cool_dry
1997-05-05,0.0,61.45,24.54,8.11,0,1997,5,5,125,19,cool_dry
1997-05-06,0.0,61.45,24.54,8.11,0,1997,5,6,126,19,cool_dry
1997-05-07,0.0,61.45,24.54,8.11,0,1997,5,7,127,19,cool_dry
1997-05-08,0.0,61.45,24.54,8.11,0,1997,5,8,128,19,cool_dry
1997-05-09,0.0,61.45,24.54,8.11,0,1997,5,9,129,19,cool_dry
1997-05-10,0.0,61.45,24.54,8.11,0,1997,5,10,130,19,cool_dry
1997-05-11,0.0,61.45,24.54,8.11,0,1997,5,11,131,19,cool_dry
1997-05-12,0.0,61.45,24.54,8.11,0,1997,5,12,132,20,cool_dry
1997-05-13,0.0,61.45,24.54,8.11,0,1997,5,13,133,20,cool_dry
1997-05-14,0.0,61.45,24.54,8.11,0,1997,5,14,134,20,cool_dry
1997-05-15,0.0,61.45,24.54,8.11,0,1997,5,15,135,20,cool_dry
1997-05-16,0.0,61.45,24.54,8.11,0,1997,5,16,136,20,cool_dry
1997-05-17,0.0,61.45,24.54,8.11,0,1997,5,17,137,20,cool_dry
1997-05-18,0.0,61.45,24.54,8.11,0,1997,5,18,138,20,cool_dry
1997-05-19,0.0,61.45,24.54,8.11,0,1997,5,19,139,21,cool_dry
1997-05-20,0.0,61.45,24.54,8.11,0,1997,5,20,140,21,cool_dry
1997-05-21,0.0,61.45,24.54,8.11,0,1997,5,21,141,21,cool_dry
1997-05-22,0.0,61.45,24.54,8.11,0,1997,5,22,142,21,cool_dry
1997-05-23,0.0,61.45,24.54,8.11,0,1997,5,23,143,21,cool_dry
1997-05-24,0.0,61.45,24.54,8.11,0,1997,5,24,144,21,cool_dry
1997-05-25,0.0,61.45,24.54,8.11,0,1997,5,25,145,21,cool_dry
1997-05-26,0.0,61.45,24.54,8.11,0,1997,5,26,146,22,cool_dry
1997-05-27,0.0,61.45,24.54,8.11,0,1997,5,27,147,22,cool_dry
1997-05-28,0.0,61.45,24.54,8.11,0,1997,5,28,148,22,cool_dry
1997-05-29,0.0,61.45,24.54,8.11,0,1997,5,29,149,22,cool_dry
1997-05-30,0.0,61.45,24.54,8.11,0,1997,5,30,150,22,cool_dry
1997-05-31,0.0,61.45,24.54,8.11,0,1997,5,31,151,22,cool_dry
1997-06-01,0.15,60.09,24.97,7.5,0,1997,6,1,152,22,cool_dry
1997-06-02,0.15,60.09,24.97,7.5,0,1997,6,2,153,23,cool_dry
1997-06-03,0.15,60.09,24.97,7.5,0,1997,6,3,154,23,cool_dry
1997-06-04,0.15,60.09,24.97,7.5,0,1997,6,4,155,23,cool_dry
1997-06-05,0.15,60.09,24.97,7.5,0,1997,6,5,156,23,cool_dry
1997-06-06,0.15,60.09,24.97,7.5,0,1997,6,6,157,23,cool_dry
1997-06-07,0.15,60.09,24.97,7.5,0,1997,6,7,158,23,cool_dry
1997-06-08,0.15,60.09,24.97,7.5,0,1997,6,8,159,23,cool_dry
1997-06-09,0.15,60.09,24.97,7.5,0,1997,6,9,160,24,cool_dry
1997-06-10,0.15,60.09,24.97,7.5,0,1997,6,10,161,24,cool_dry
1997-06-11,0.15,60.09,24.97,7.5,0,1997,6,11,162,24,cool_dry
1997-06-12,0.15,60.09,24.97,7.5,0,1997,6,12,163,24,cool_dry
1997-06-13,0.15,60.09,24.97,7.5,0,1997,6,13,164,24,cool_dry
1997-06-14,0.15,60.09,24.97,7.5,0,1997,6,14,165,24,cool_dry
1997-06-15,0.15,60.09,24.97,7.5,0,1997,6,15,166,24,cool_dry
1997-06-16,0.15,60.09,24.97,7.5,0,1997,6,16,167,25,cool_dry
1997-06-17,0.15,60.09,24.97,7.5,0,1997,6,17,168,25,cool_dry
1997-06-18,0.15,60.09,24.97,7.5,0,1997,6,18,169,25,cool_dry
1997-06-19,0.15,60.09,24.97,7.5,0,1997,6,19,170,25,cool_dry
1997-06-20,0.15,60.09,24.97,7.5,0,1997,6,20,171,25,cool_dry
1997-06-21,0.15,60.09,24.97,7.5,0,1997,6,21,172,25,cool_dry
1997-06-22,0.15,60.09,24.97,7.5,0,1997,6,22,173,25,cool_dry
1997-06-23,0.15,60.09,24.97,7.5,0,1997,6,23,174,26,cool_dry
1997-06-24,0.15,60.09,24.97,7.5,0,1997,6,24,175,26,cool_dry
1997-06-25,0.15,60.09,24.97,7.5,0,1997,6,25,176,26,cool_dry
1997-06-26,0.15,60.09,24.97,7.5,0,1997,6,26,177,26,cool_dry
1997-06-27,0.15,60.09,24.97,7.5,0,1997,6,27,178,26,cool_dry
1997-06-28,0.15,60.09,24.97,7.5,0,1997,6,28,179,26,cool_dry
1997-06-29,0.15,60.09,24.97,7.5,0,1997,6,29,180,26,cool_dry
1997-06-30,0.15,60.09,24.97,7.5,0,1997,6,30,181,27,cool_dry
1997-07-01,0.0,60.11,22.15,7.2,0,1997,7,1,182,27,cool_dry
1997-07-02,0.0,60.11,22.15,7.2,0,1997,7,2,183,27,cool_dry
1997-07-03,0.0,60.11,22.15,7.2,0,1997,7,3,184,27,cool_dry
1997-07-04,0.0,60.11,22.15,7.2,0,1997,7,4,185,27,cool_dry
1997-07-05,0.0,60.11,22.15,7.2,0,1997,7,5,186,27,cool_dry
1997-07-06,0.0,60.11,22.15,7.2,0,1997,7,6,187,27,cool_dry
1997-07-07,0.0,60.11,22.15,7.2,0,1997,7,7,188,28,cool_dry
1997-07-08,0.0,60.11,22.15,7.2,0,1997,7,8,189,28,cool_dry
1997-07-09,0.0,60.11,22.15,7.2,0,1997,7,9,190,28,cool_dry
1997-07-10,0.0,60.11,22.15,7.2,0,1997,7,10,191,28,cool_dry
1997-07-11,0.0,60.11,22.15,7.2,0,1997,7,11,192,28,cool_dry
1997-07-12,0.0,60.11,22.15,7.2,0,1997,7,12,193,28,cool_dry
1997-07-13,0.0,60.11,22.15,7.2,0,1997,7,13,194,28,cool_dry
1997-07-14,0.0,60.11,22.15,7.2,0,1997,7,14,195,29,cool_dry
1997-07-15,0.0,60.11,22.15,7.2,0,1997,7,15,196,29,cool_dry
1997-07-16,0.0,60.11,22.15,7.2,0,1997,7,16,197,29,cool_dry
1997-07-17,0.0,60.11,22.15,7.2,0,1997,7,17,198,29,cool_dry
1997-07-18,0.0,60.11,22.15,7.2,0,1997,7,18,199,29,cool_dry
1997-07-19,0.0,60.11,22.15,7.2,0,1997,7,19,200,29,cool_dry
1997-07-20,0.0,60.11,22.15,7.2,0,1997,7,20,201,29,cool_dry
1997-07-21,0.0,60.11,22.15,7.2,0,1997,7,21,202,30,cool_dry
1997-07-22,0.0,60.11,22.15,7.2,0,1997,7,22,203,30,cool_dry
1997-07-23,0.0,60.11,22.15,7.2,0,1997,7,23,204,30,cool_dry
1997-07-24,0.0,60.11,22.15,7.2,0,1997,7,24,205,30,cool_dry
1997-07-25,0.0,60.11,22.15,7.2,0,1997,7,25,206,30,cool_dry
1997-07-26,0.0,60.11,22.15,7.2,0,1997,7,26,207,30,cool_dry
1997-07-27,0.0,60.11,22.15,7.2,0,1997,7,27,208,30,cool_dry
1997-07-28,0.0,60.11,22.15,7.2,0,1997,7,28,209,31,cool_dry
1997-07-29,0.0,60.11,22.15,7.2,0,1997,7,29,210,31,cool_dry
1997-07-30,0.0,60.11,22.15,7.2,0,1997,7,30,211,31,cool_dry
1997-07-31,0.0,60.11,22.15,7.2,0,1997,7,31,212,31,cool_dry
1997-08-01,0.0,45.39,26.38,8.77,0,1997,8,1,213,31,cool_dry
1997-08-02,0.0,45.39,26.38,8.77,0,1997,8,2,214,31,cool_dry
1997-08-03,0.0,45.39,26.38,8.77,0,1997,8,3,215,31,cool_dry
1997-08-04,0.0,45.39,26.38,8.77,0,1997,8,4,216,32,cool_dry
1997-08-05,0.0,45.39,26.38,8.77,0,1997,8,5,217,32,cool_dry
1997-08-06,0.0,45.39,26.38,8.77,0,1997,8,6,218,32,cool_dry
1997-08-07,0.0,45.39,26.38,8.77,0,1997,8,7,219,32,cool_dry
1997-08-08,0.0,45.39,26.38,8.77,0,1997,8,8,220,32,cool_dry
1997-08-09,0.0,45.39,26.38,8.77,0,1997,8,9,221,32,cool_dry
1997-08-10,0.0,45.39,26.38,8.77,0,1997,8,10,222,32,cool_dry
1997-08-11,0.0,45.39,26.38,8.77,0,1997,8,11,223,33,cool_dry
1997-08-12,0.0,45.39,26.38,8.77,0,1997,8,12,224,33,cool_dry
1997-08-13,0.0,45.39,26.38,8.77,0,1997,8,13,225,33,cool_dry
1997-08-14,0.0,45.39,26.38,8.77,0,1997,8,14,226,33,cool_dry
1997-08-15,0.0,45.39,26.38,8.77,0,1997,8,15,227,33,cool_dry
1997-08-16,0.0,45.39,26.38,8.77,0,1997,8,16,228,33,cool_dry
1997-08-17,0.0,45.39,26.38,8.77,0,1997,8,17,229,33,cool_dry
1997-08-18,0.0,45.39,26.38,8.77,0,1997,8,18,230,34,cool_dry
1997-08-19,0.0,45.39,26.38,8.77,0,1997,8,19,231,34,cool_dry
1997-08-20,0.0,45.39,26.38,8.77,0,1997,8,20,232,34,cool_dry
1997-08-21,0.0,45.39,26.38,8.77,0,1997,8,21,233,34,cool_dry
1997-08-22,0.0,45.39,26.38,8.77,0,1997,8,22,234,34,cool_dry
1997-08-23,0.0,45.39,26.38,8.77,0,1997,8,23,235,34,cool_dry
1997-08-24,0.0,45.39,26.38,8.77,0,1997,8,24,236,34,cool_dry
1997-08-25,0.0,45.39,26.38,8.77,0,1997,8,25,237,35,cool_dry
1997-08-26,0.0,45.39,26.38,8.77,0,1997,8,26,238,35,cool_dry
1997-08-27,0.0,45.39,26.38,8.77,0,1997,8,27,239,35,cool_dry
1997-08-28,0.0,45.39,26.38,8.77,0,1997,8,28,240,35,cool_dry
1997-08-29,0.0,45.39,26.38,8.77,0,1997,8,29,241,35,cool_dry
1997-08-30,0.0,45.39,26.38,8.77,0,1997,8,30,242,35,cool_dry
1997-08-31,0.0,45.39,26.38,8.77,0,1997,8,31,243,35,cool_dry
1997-09-01,0.6666666666666666,52.9,28.65,14.04,0,1997,9,1,244,36,hot_dry
1997-09-02,0.6666666666666666,52.9,28.65,14.04,0,1997,9,2,245,36,hot_dry
1997-09-03,0.6666666666666666,52.9,28.65,14.04,0,1997,9,3,246,36,hot_dry
1997-09-04,0.6666666666666666,52.9,28.65,14.04,0,1997,9,4,247,36,hot_dry
1997-09-05,0.6666666666666666,52.9,28.65,14.04,0,1997,9,5,248,36,hot_dry
1997-09-06,0.6666666666666666,52.9,28.65,14.04,0,1997,9,6,249,36,hot_dry
1997-09-07,0.6666666666666666,52.9,28.65,14.04,0,1997,9,7,250,36,hot_dry
1997-09-08,0.6666666666666666,52.9,28.65,14.04,0,1997,9,8,251,37,hot_dry
1997-09-09,0.6666666666666666,52.9,28.65,14.04,0,1997,9,9,252,37,hot_dry
1997-09-10,0.6666666666666666,52.9,28.65,14.04,0,1997,9,10,253,37,hot_dry
1997-09-11,0.6666666666666666,52.9,28.65,14.04,0,1997,9,11,254,37,hot_dry
1997-09-12,0.6666666666666666,52.9,28.65,14.04,0,1997,9,12,255,37,hot_dry
1997-09-13,0.6666666666666666,52.9,28.65,14.04,0,1997,9,13,256,37,hot_dry
1997-09-14,0.6666666666666666,52.9,28.65,14.04,0,1997,9,14,257,37,hot_dry
1997-09-15,0.6666666666666666,52.9,28.65,14.04,0,1997,9,15,258,38,hot_dry
1997-09-16,0.6666666666666666,52.9,28.65,14.04,0,1997,9,16,259,38,hot_dry
1997-09-17,0.6666666666666666,52.9,28.65,14.04,0,1997,9,17,260,38,hot_dry
1997-09-18,0.6666666666666666,52.9,28.65,14.04,0,1997,9,18,261,38,hot_dry
1997-09-19,0.6666666666666666,52.9,28.65,14.04,0,1997,9,19,262,38,hot_dry
1997-09-20,0.6666666666666666,52.9,28.65,14.04,0,1997,9,20,263,38,hot_dry
1997-09-21,0.6666666666666666,52.9,28.65,14.04,0,1997,9,21,264,38,hot_dry
1997-09-22,0.6666666666666666,52.9,28.65,14.04,0,1997,9,22,265,39,hot_dry
1997-09-23,0.6666666666666666,52.9,28.65,14.04,0,1997,9,23,266,39,hot_dry
1997-09-24,0.6666666666666666,52.9,28.65,14.04,0,1997,9,24,267,39,hot_dry
1997-09-25,0.6666666666666666,52.9,28.65,14.04,0,1997,9,25,268,39,hot_dry
1997-09-26,0.6666666666666666,52.9,28.65,14.04,0,1997,9,26,269,39,hot_dry
1997-09-27,0.6666666666666666,52.9,28.65,14.04,0,1997,9,27,270,39,hot_dry
1997-09-28,0.6666666666666666,52.9,28.65,14.04,0,1997,9,28,271,39,hot_dry
1997-09-29,0.6666666666666666,52.9,28.65,14.04,0,1997,9,29,272,40,hot_dry
1997-09-30,0.6666666666666666,52.9,28.65,14.04,0,1997,9,30,273,40,hot_dry
1997-10-01,0.0064516129032258064,46.68,29.78,16.03,0,1997,10,1,274,40,hot_dry
1997-10-02,0.0064516129032258064,46.68,29.78,16.03,0,1997,10,2,275,40,hot_dry
1997-10-03,0.0064516129032258064,46.68,29.78,16.03,0,1997,10,3,276,40,hot_dry
1997-10-04,0.0064516129032258064,46.68,29.78,16.03,0,1997,10,4,277,40,hot_dry
1997-10-05,0.0064516129032258064,46.68,29.78,16.03,0,1997,10,5,278,40,hot_dry
1997-10-06,0.0064516129032258064,46.68,29.78,16.03,0,1997,10,6,279,41,hot_dry
1997-10-07,0.0064516129032258064,46.68,29.78,16.03,0,1997,10,7,280,41,hot_dry
1997-10-08,0.0064516129032258064,46.68,29.78,16.03,0,1997,10,8,281,41,hot_dry
1997-10-09,0.0064516129032258064,46.68,29.78,16.03,0,1997,10,9,282,41,hot_dry
1997-10-10,0.0064516129032258064,46.68,29.78,16.03,0,1997,10,10,283,41,hot_dry
1997-10-11,0.0064516129032258064,46.68,29.78,16.03,0,1997,10,11,284,41,hot_dry
1997-10-12,0.0064516129032258064,46.68,29.78,16.03,0,1997,10,12,285,41,hot_dry
1997-10-13,0.0064516129032258064,46.68,29.78,16.03,0,1997,10,13,286,42,hot_dry
1997-10-14,0.0064516129032258064,46.68,29.78,16.03,0,1997,10,14,287,42,hot_dry
1997-10-15,0.0064516129032258064,46.68,29.78,16.03,0,1997,10,15,288,42,hot_dry
1997-10-16,0.0064516129032258064,46.68,29.78,16.03,0,1997,10,16,289,42,hot_dry
1997-10-17,0.0064516129032258064,46.68,29.78,16.03,0,1997,10,17,290,42,hot_dry
1997-10-18,0.0064516129032258064,46.68,29.78,16.03,0,1997,10,18,291,42,hot_dry
1997-10-19,0.0064516129032258064,46.68,29.78,16.03,0,1997,10,19,292,42,hot_dry
1997-10-20,0.0064516129032258064,46.68,29.78,16.03,0,1997,10,20,293,43,hot_dry
1997-10-21,0.0064516129032258064,46.68,29.78,16.03,0,1997,10,21,294,43,hot_dry
1997-10-22,0.0064516129032258064,46.68,29.78,16.03,0,1997,10,22,295,43,hot_dry
1997-10-23,0.0064516129032258064,46.68,29.78,16.03,0,1997,10,23,296,43,hot_dry
1997-10-24,0.0064516129032258064,46.68,29.78,16.03,0,1997,10,24,297,43,hot_dry
1997-10-25,0.0064516129032258064,46.68,29.78,16.03,0,1997,10,25,298,43,hot_dry
1997-10-26,0.0064516129032258064,46.68,29.78,16.03,0,1997,10,26,299,43,hot_dry
1997-10-27,0.0064516129032258064,46.68,29.78,16.03,0,1997,10,27,300,44,hot_dry
1997-10-28,0.0064516129032258064,46.68,29.78,16.03,0,1997,10,28,301,44,hot_dry
1997-10-29,0.0064516129032258064,46.68,29.78,16.03,0,1997,10,29,302,44,hot_dry
1997-10-30,0.0064516129032258064,46.68,29.78,16.03,0,1997,10,30,303,44,hot_dry
1997-10-31,0.0064516129032258064,46.68,29.78,16.03,0,1997,10,31,304,44,hot_dry
1997-11-01,4.493333333333334,58.37,30.28,18.11,1,1997,11,1,305,44,hot_rainy
1997-11-02,4.493333333333334,58.37,30.28,18.11,1,1997,11,2,306,44,hot_rainy
1997-11-03,4.493333333333334,58.37,30.28,18.11,1,1997,11,3,307,45,hot_rainy
1997-11-04,4.493333333333334,58.37,30.28,18.11,1,1997,11,4,308,45,hot_rainy
1997-11-05,4.493333333333334,58.37,30.28,18.11,1,1997,11,5,309,45,hot_rainy
1997-11-06,4.493333333333334,58.37,30.28,18.11,1,1997,11,6,310,45,hot_rainy
1997-11-07,4.493333333333334,58.37,30.28,18.11,1,1997,11,7,311,45,hot_rainy
1997-11-08,4.493333333333334,58.37,30.28,18.11,1,1997,11,8,312,45,hot_rainy
1997-11-09,4.493333333333334,58.37,30.28,18.11,1,1997,11,9,313,45,hot_rainy
1997-11-10,4.493333333333334,58.37,30.28,18.11,1,1997,11,10,314,46,hot_rainy
1997-11-11,4.493333333333334,58.37,30.28,18.11,1,1997,11,11,315,46,hot_rainy
1997-11-12,4.493333333333334,58.37,30.28,18.11,1,1997,11,12,316,46,hot_rainy
1997-11-13,4.493333333333334,58.37,30.28,18.11,1,1997,11,13,317,46,hot_rainy
1997-11-14,4.493333333333334,58.37,30.28,18.11,1,1997,11,14,318,46,hot_rainy
1997-11-15,4.493333333333334,58.37,30.28,18.11,1,1997,11,15,319,46,hot_rainy
1997-11-16,4.493333333333334,58.37,30.28,18.11,1,1997,11,16,320,46,hot_rainy
1997-11-17,4.493333333333334,58.37,30.28,18.11,1,1997,11,17,321,47,hot_rainy
1997-11-18,4.493333333333334,58.37,30.28,18.11,1,1997,11,18,322,47,hot_rainy
1997-11-19,4.493333333333334,58.37,30.28,18.11,1,1997,11,19,323,47,hot_rainy
1997-11-20,4.493333333333334,58.37,30.28,18.11,1,1997,11,20,324,47,hot_rainy
1997-11-21,4.493333333333334,58.37,30.28,18.11,1,1997,11,21,325,47,hot_rainy
1997-11-22,4.493333333333334,58.37,30.28,18.11,1,1997,11,22,326,47,hot_rainy
1997-11-23,4.493333333333334,58.37,30.28,18.11,1,1997,11,23,327,47,hot_rainy
1997-11-24,4.493333333333334,58.37,30.28,18.11,1,1997,11,24,328,48,hot_rainy
1997-11-25,4.493333333333334,58.37,30.28,18.11,1,1997,11,25,329,48,hot_rainy
1997-11-26,4.493333333333334,58.37,30.28,18.11,1,1997,11,26,330,48,hot_rainy
1997-11-27,4.493333333333334,58.37,30.28,18.11,1,1997,11,27,331,48,hot_rainy
1997-11-28,4.493333333333334,58.37,30.28,18.11,1,1997,11,28,332,48,hot_rainy
1997-11-29,4.493333333333334,58.37,30.28,18.11,1,1997,11,29,333,48,hot_rainy
1997-11-30,4.493333333333334,58.37,30.28,18.11,1,1997,11,30,334,48,hot_rainy
1997-12-01,1.564516129032258,67.87,28.7,17.64,1,1997,12,1,335,49,hot_rainy
1997-12-02,1.564516129032258,67.87,28.7,17.64,1,1997,12,2,336,49,hot_rainy
1997-12-03,1.564516129032258,67.87,28.7,17.64,1,1997,12,3,337,49,hot_rainy
1997-12-04,1.564516129032258,67.87,28.7,17.64,1,1997,12,4,338,49,hot_rainy
1997-12-05,1.564516129032258,67.87,28.7,17.64,1,1997,12,5,339,49,hot_rainy
1997-12-06,1.564516129032258,67.87,28.7,17.64,1,1997,12,6,340,49,hot_rainy
1997-12-07,1.564516129032258,67.87,28.7,17.64,1,1997,12,7,341,49,hot_rainy
1997-12-08,1.564516129032258,67.87,28.7,17.64,1,1997,12,8,342,50,hot_rainy
1997-12-09,1.564516129032258,67.87,28.7,17.64,1,1997,12,9,343,50,hot_rainy
1997-12-10,1.564516129032258,67.87,28.7,17.64,1,1997,12,10,344,50,hot_rainy
1997-12-11,1.564516129032258,67.87,28.7,17.64,1,1997,12,11,345,50,hot_rainy
1997-12-12,1.564516129032258,67.87,28.7,17.64,1,1997,12,12,346,50,hot_rainy
1997-12-13,1.564516129032258,67.87,28.7,17.64,1,1997,12,13,347,50,hot_rainy
1997-12-14,1.564516129032258,67.87,28.7,17.64,1,1997,12,14,348,50,hot_rainy
1997-12-15,1.564516129032258,67.87,28.7,17.64,1,1997,12,15,349,51,hot_rainy
1997-12-16,1.564516129032258,67.87,28.7,17.64,1,1997,12,16,350,51,hot_rainy
1997-12-17,1.564516129032258,67.87,28.7,17.64,1,1997,12,17,351,51,hot_rainy
1997-12-18,1.564516129032258,67.87,28.7,17.64,1,1997,12,18,352,51,hot_rainy
1997-12-19,1.564516129032258,67.87,28.7,17.64,1,1997,12,19,353,51,hot_rainy
1997-12-20,1.564516129032258,67.87,28.7,17.64,1,1997,12,20,354,51,hot_rainy
1997-12-21,1.564516129032258,67.87,28.7,17.64,1,1997,12,21,355,51,hot_rainy
1997-12-22,1.564516129032258,67.87,28.7,17.64,1,1997,12,22,356,52,hot_rainy
1997-12-23,1.564516129032258,67.87,28.7,17.64,1,1997,12,23,357,52,hot_rainy
1997-12-24,1.564516129032258,67.87,28.7,17.64,1,1997,12,24,358,52,hot_rainy
1997-12-25,1.564516129032258,67.87,28.7,17.64,1,1997,12,25,359,52,hot_rainy
1997-12-26,1.564516129032258,67.87,28.7,17.64,1,1997,12,26,360,52,hot_rainy
1997-12-27,1.564516129032258,67.87,28.7,17.64,1,1997,12,27,361,52,hot_rainy
1997-12-28,1.564516129032258,67.87,28.7,17.64,1,1997,12,28,362,52,hot_rainy
1997-12-29,1.564516129032258,67.87,28.7,17.64,1,1997,12,29,363,1,hot_rainy
1997-12-30,1.564516129032258,67.87,28.7,17.64,1,1997,12,30,364,1,hot_rainy
1997-12-31,1.564516129032258,67.87,28.7,17.64,1,1997,12,31,365,1,hot_rainy
1998-01-01,8.603225806451613,80.17,26.88,18.51,1,1998,1,1,1,1,hot_rainy
1998-01-02,8.603225806451613,80.17,26.88,18.51,1,1998,1,2,2,1,hot_rainy
1998-01-03,8.603225806451613,80.17,26.88,18.51,1,1998,1,3,3,1,hot_rainy
1998-01-04,8.603225806451613,80.17,26.88,18.51,1,1998,1,4,4,1,hot_rainy
1998-01-05,8.603225806451613,80.17,26.88,18.51,1,1998,1,5,5,2,hot_rainy
1998-01-06,8.603225806451613,80.17,26.88,18.51,1,1998,1,6,6,2,hot_rainy
1998-01-07,8.603225806451613,80.17,26.88,18.51,1,1998,1,7,7,2,hot_rainy
1998-01-08,8.603225806451613,80.17,26.88,18.51,1,1998,1,8,8,2,hot_rainy
1998-01-09,8.603225806451613,80.17,26.88,18.51,1,1998,1,9,9,2,hot_rainy
1998-01-10,8.603225806451613,80.17,26.88,18.51,1,1998,1,10,10,2,hot_rainy
1998-01-11,8.603225806451613,80.17,26.88,18.51,1,1998,1,11,11,2,hot_rainy
1998-01-12,8.603225806451613,80.17,26.88,18.51,1,1998,1,12,12,3,hot_rainy
1998-01-13,8.603225806451613,80.17,26.88,18.51,1,1998,1,13,13,3,hot_rainy
1998-01-14,8.603225806451613,80.17,26.88,18.51,1,1998,1,14,14,3,hot_rainy
1998-01-15,8.603225806451613,80.17,26.88,18.51,1,1998,1,15,15,3,hot_rainy
1998-01-16,8.603225806451613,80.17,26.88,18.51,1,1998,1,16,16,3,hot_rainy
1998-01-17,8.603225806451613,80.17,26.88,18.51,1,1998,1,17,17,3,hot_rainy
1998-01-18,8.603225806451613,80.17,26.88,18.51,1,1998,1,18,18,3,hot_rainy
1998-01-19,8.603225806451613,80.17,26.88,18.51,1,1998,1,19,19,4,hot_rainy
1998-01-20,8.603225806451613,80.17,26.88,18.51,1,1998,1,20,20,4,hot_rainy
1998-01-21,8.603225806451613,80.17,26.88,18.51,1,1998,1,21,21,4,hot_rainy
1998-01-22,8.603225806451613,80.17,26.88,18.51,1,1998,1,22,22,4,hot_rainy
1998-01-23,8.603225806451613,80.17,26.88,18.51,1,1998,1,23,23,4,hot_rainy
1998-01-24,8.603225806451613,80.17,26.88,18.51,1,1998,1,24,24,4,hot_rainy
1998-01-25,8.603225806451613,80.17,26.88,18.51,1,1998,1,25,25,4,hot_rainy
1998-01-26,8.603225806451613,80.17,26.88,18.51,1,1998,1,26,26,5,hot_rainy
1998-01-27,8.603225806451613,80.17,26.88,18.51,1,1998,1,27,27,5,hot_rainy
1998-01-28,8.603225806451613,80.17,26.88,18.51,1,1998,1,28,28,5,hot_rainy
1998-01-29,8.603225806451613,80.17,26.88,18.51,1,1998,1,29,29,5,hot_rainy
1998-01-30,8.603225806451613,80.17,26.88,18.51,1,1998,1,30,30,5,hot_rainy
1998-01-31,8.603225806451613,80.17,26.88,18.51,1,1998,1,31,31,5,hot_rainy
1998-02-01,3.4214285714285713,74.71,28.55,17.67,1,1998,2,1,32,5,hot_rainy
1998-02-02,3.4214285714285713,74.71,28.55,17.67,1,1998,2,2,33,6,hot_rainy
1998-02-03,3.4214285714285713,74.71,28.55,17.67,1,1998,2,3,34,6,hot_rainy
1998-02-04,3.4214285714285713,74.71,28.55,17.67,1,1998,2,4,35,6,hot_rainy
1998-02-05,3.4214285714285713,74.71,28.55,17.67,1,1998,2,5,36,6,hot_rainy
1998-02-06,3.4214285714285713,74.71,28.55,17.67,1,1998,2,6,37,6,hot_rainy
1998-02-07,3.4214285714285713,74.71,28.55,17.67,1,1998,2,7,38,6,hot_rainy
1998-02-08,3.4214285714285713,74.71,28.55,17.67,1,1998,2,8,39,6,hot_rainy
1998-02-09,3.4214285714285713,74.71,28.55,17.67,1,1998,2,9,40,7,hot_rainy
1998-02-10,3.4214285714285713,74.71,28.55,17.67,1,1998,2,10,41,7,hot_rainy
1998-02-11,3.4214285714285713,74.71,28.55,17.67,1,1998,2,11,42,7,hot_rainy
1998-02-12,3.4214285714285713,74.71,28.55,17.67,1,1998,2,12,43,7,hot_rainy
1998-02-13,3.4214285714285713,74.71,28.55,17.67,1,1998,2,13,44,7,hot_rainy
1998-02-14,3.4214285714285713,74.71,28.55,17.67,1,1998,2,14,45,7,hot_rainy
1998-02-15,3.4214285714285713,74.71,28.55,17.67,1,1998,2,15,46,7,hot_rainy
1998-02-16,3.4214285714285713,74.71,28.55,17.67,1,1998,2,16,47,8,hot_rainy
1998-02-17,3.4214285714285713,74.71,28.55,17.67,1,1998,2,17,48,8,hot_rainy
1998-02-18,3.4214285714285713,74.71,28.55,17.67,1,1998,2,18,49,8,hot_rainy
1998-02-19,3.4214285714285713,74.71,28.55,17.67,1,1998,2,19,50,8,hot_rainy
1998-02-20,3.4214285714285713,74.71,28.55,17.67,1,1998,2,20,51,8,hot_rainy
1998-02-21,3.4214285714285713,74.71,28.55,17.67,1,1998,2,21,52,8,hot_rainy
1998-02-22,3.4214285714285713,74.71,28.55,17.67,1,1998,2,22,53,8,hot_rainy
1998-02-23,3.4214285714285713,74.71,28.55,17.67,1,1998,2,23,54,9,hot_rainy
1998-02-24,3.4214285714285713,74.71,28.55,17.67,1,1998,2,24,55,9,hot_rainy
1998-02-25,3.4214285714285713,74.71,28.55,17.67,1,1998,2,25,56,9,hot_rainy
1998-02-26,3.4214285714285713,74.71,28.55,17.67,1,1998,2,26,57,9,hot_rainy
1998-02-27,3.4214285714285713,74.71,28.55,17.67,1,1998,2,27,58,9,hot_rainy
1998-02-28,3.4214285714285713,74.71,28.55,17.67,1,1998,2,28,59,9,hot_rainy
1998-03-01,3.4612903225806453,75.32,28.45,17.14,1,1998,3,1,60,9,hot_rainy
1998-03-02,3.4612903225806453,75.32,28.45,17.14,1,1998,3,2,61,10,hot_rainy
1998-03-03,3.4612903225806453,75.32,28.45,17.14,1,1998,3,3,62,10,hot_rainy
1998-03-04,3.4612903225806453,75.32,28.45,17.14,1,1998,3,4,63,10,hot_rainy
1998-03-05,3.4612903225806453,75.32,28.45,17.14,1,1998,3,5,64,10,hot_rainy
1998-03-06,3.4612903225806453,75.32,28.45,17.14,1,1998,3,6,65,10,hot_rainy
1998-03-07,3.4612903225806453,75.32,28.45,17.14,1,1998,3,7,66,10,hot_rainy
1998-03-08,3.4612903225806453,75.32,28.45,17.14,1,1998,3,8,67,10,hot_rainy
1998-03-09,3.4612903225806453,75.32,28.45,17.14,1,1998,3,9,68,11,hot_rainy
1998-03-10,3.4612903225806453,75.32,28.45,17.14,1,1998,3,10,69,11,hot_rainy
1998-03-11,3.4612903225806453,75.32,28.45,17.14,1,1998,3,11,70,11,hot_rainy
1998-03-12,3.4612903225806453,75.32,28.45,17.14,1,1998,3,12,71,11,hot_rainy
1998-03-13,3.4612903225806453,75.32,28.45,17.14,1,1998,3,13,72,11,hot_rainy
1998-03-14,3.4612903225806453,75.32,28.45,17.14,1,1998,3,14,73,11,hot_rainy
1998-03-15,3.4612903225806453,75.32,28.45,17.14,1,1998,3,15,74,11,hot_rainy
1998-03-16,3.4612903225806453,75.32,28.45,17.14,1,1998,3,16,75,12,hot_rainy
1998-03-17,3.4612903225806453,75.32,28.45,17.14,1,1998,3,17,76,12,hot_rainy
1998-03-18,3.4612903225806453,75.32,28.45,17.14,1,1998,3,18,77,12,hot_rainy
1998-03-19,3.4612903225806453,75.32,28.45,17.14,1,1998,3,19,78,12,hot_rainy
1998-03-20,3.4612903225806453,75.32,28.45,17.14,1,1998,3,20,79,12,hot_rainy
1998-03-21,3.4612903225806453,75.32,28.45,17.14,1,1998,3,21,80,12,hot_rainy
1998-03-22,3.4612903225806453,75.32,28.45,17.14,1,1998,3,22,81,12,hot_rainy
1998-03-23,3.4612903225806453,75.32,28.45,17.14,1,1998,3,23,82,13,hot_rainy
1998-03-24,3.4612903225806453,75.32,28.45,17.14,1,1998,3,24,83,13,hot_rainy
1998-03-25,3.4612903225806453,75.32,28.45,17.14,1,1998,3,25,84,13,hot_rainy
1998-03-26,3.4612903225806453,75.32,28.45,17.14,1,1998,3,26,85,13,hot_rainy
1998-03-27,3.4612903225806453,75.32,28.45,17.14,1,1998,3,27,86,13,hot_rainy
1998-03-28,3.4612903225806453,75.32,28.45,17.14,1,1998,3,28,87,13,hot_rainy
1998-03-29,3.4612903225806453,75.32,28.45,17.14,1,1998,3,29,88,13,hot_rainy
1998-03-30,3.4612903225806453,75.32,28.45,17.14,1,1998,3,30,89,14,hot_rainy
1998-03-31,3.4612903225806453,75.32,28.45,17.14,1,1998,3,31,90,14,hot_rainy
1998-04-01,0.013333333333333334,63.27,27.52,13.14,0,1998,4,1,91,14,hot_rainy
1998-04-02,0.013333333333333334,63.27,27.52,13.14,0,1998,4,2,92,14,hot_rainy
1998-04-03,0.013333333333333334,63.27,27.52,13.14,0,1998,4,3,93,14,hot_rainy
1998-04-04,0.013333333333333334,63.27,27.52,13.14,0,1998,4,4,94,14,hot_rainy
1998-04-05,0.013333333333333334,63.27,27.52,13.14,0,1998,4,5,95,14,hot_rainy
1998-04-06,0.013333333333333334,63.27,27.52,13.14,0,1998,4,6,96,15,hot_rainy
1998-04-07,0.013333333333333334,63.27,27.52,13.14,0,1998,4,7,97,15,hot_rainy
1998-04-08,0.013333333333333334,63.27,27.52,13.14,0,1998,4,8,98,15,hot_rainy
1998-04-09,0.013333333333333334,63.27,27.52,13.14,0,1998,4,9,99,15,hot_rainy
1998-04-10,0.013333333333333334,63.27,27.52,13.14,0,1998,4,10,100,15,hot_rainy
1998-04-11,0.013333333333333334,63.27,27.52,13.14,0,1998,4,11,101,15,hot_rainy
1998-04-12,0.013333333333333334,63.27,27.52,13.14,0,1998,4,12,102,15,hot_rainy
1998-04-13,0.013333333333333334,63.27,27.52,13.14,0,1998,4,13,103,16,hot_rainy
1998-04-14,0.013333333333333334,63.27,27.52,13.14,0,1998,4,14,104,16,hot_rainy
1998-04-15,0.013333333333333334,63.27,27.52,13.14,0,1998,4,15,105,16,hot_rainy
1998-04-16,0.013333333333333334,63.27,27.52,13.14,0,1998,4,16,106,16,hot_rainy
1998-04-17,0.013333333333333334,63.27,27.52,13.14,0,1998,4,17,107,16,hot_rainy
1998-04-18,0.013333333333333334,63.27,27.52,13.14,0,1998,4,18,108,16,hot_rainy
1998-04-19,0.013333333333333334,63.27,27.52,13.14,0,1998,4,19,109,16,hot_rainy
1998-04-20,0.013333333333333334,63.27,27.52,13.14,0,1998,4,20,110,17,hot_rainy
1998-04-21,0.013333333333333334,63.27,27.52,13.14,0,1998,4,21,111,17,hot_rainy
1998-04-22,0.013333333333333334,63.27,27.52,13.14,0,1998,4,22,112,17,hot_rainy
1998-04-23,0.013333333333333334,63.27,27.52,13.14,0,1998,4,23,113,17,hot_rainy
1998-04-24,0.013333333333333334,63.27,27.52,13.14,0,1998,4,24,114,17,hot_rainy
1998-04-25,0.013333333333333334,63.27,27.52,13.14,0,1998,4,25,115,17,hot_rainy
1998-04-26,0.013333333333333334,63.27,27.52,13.14,0,1998,4,26,116,17,hot_rainy
1998-04-27,0.013333333333333334,63.27,27.52,13.14,0,1998,4,27,117,18,hot_rainy
1998-04-28,0.013333333333333334,63.27,27.52,13.14,0,1998,4,28,118,18,hot_rainy
1998-04-29,0.013333333333333334,63.27,27.52,13.14,0,1998,4,29,119,18,hot_rainy
1998-04-30,0.013333333333333334,63.27,27.52,13.14,0,1998,4,30,120,18,hot_rainy
1998-05-01,0.0,50.73,26.53,7.65,0,1998,5,1,121,18,cool_dry
1998-05-02,0.0,50.73,26.53,7.65,0,1998,5,2,122,18,cool_dry
1998-05-03,0.0,50.73,26.53,7.65,0,1998,5,3,123,18,cool_dry
1998-05-04,0.0,50.73,26.53,7.65,0,1998,5,4,124,19,cool_dry
1998-05-05,0.0,50.73,26.53,7.65,0,1998,5,5,125,19,cool_dry
1998-05-06,0.0,50.73,26.53,7.65,0,1998,5,6,126,19,cool_dry
1998-05-07,0.0,50.73,26.53,7.65,0,1998,5,7,127,19,cool_dry
1998-05-08,0.0,50.73,26.53,7.65,0,1998,5,8,128,19,cool_dry
1998-05-09,0.0,50.73,26.53,7.65,0,1998,5,9,129,19,cool_dry
1998-05-10,0.0,50.73,26.53,7.65,0,1998,5,10,130,19,cool_dry
1998-05-11,0.0,50.73,26.53,7.65,0,1998,5,11,131,20,cool_dry
1998-05-12,0.0,50.73,26.53,7.65,0,1998,5,12,132,20,cool_dry
1998-05-13,0.0,50.73,26.53,7.65,0,1998,5,13,133,20,cool_dry
1998-05-14,0.0,50.73,26.53,7.65,0,1998,5,14,134,20,cool_dry
1998-05-15,0.0,50.73,26.53,7.65,0,1998,5,15,135,20,cool_dry
1998-05-16,0.0,50.73,26.53,7.65,0,1998,5,16,136,20,cool_dry
1998-05-17,0.0,50.73,26.53,7.65,0,1998,5,17,137,20,cool_dry
1998-05-18,0.0,50.73,26.53,7.65,0,1998,5,18,138,21,cool_dry
1998-05-19,0.0,50.73,26.53,7.65,0,1998,5,19,139,21,cool_dry
1998-05-20,0.0,50.73,26.53,7.65,0,1998,5,20,140,21,cool_dry
1998-05-21,0.0,50.73,26.53,7.65,0,1998,5,21,141,21,cool_dry
1998-05-22,0.0,50.73,26.53,7.65,0,1998,5,22,142,21,cool_dry
1998-05-23,0.0,50.73,26.53,7.65,0,1998,5,23,143,21,cool_dry
1998-05-24,0.0,50.73,26.53,7.65,0,1998,5,24,144,21,cool_dry
1998-05-25,0.0,50.73,26.53,7.65,0,1998,5,25,145,22,cool_dry
1998-05-26,0.0,50.73,26.53,7.65,0,1998,5,26,146,22,cool_dry
1998-05-27,0.0,50.73,26.53,7.65,0,1998,5,27,147,22,cool_dry
1998-05-28,0.0,50.73,26.53,7.65,0,1998,5,28,148,22,cool_dry
1998-05-29,0.0,50.73,26.53,7.65,0,1998,5,29,149,22,cool_dry
1998-05-30,0.0,50.73,26.53,7.65,0,1998,5,30,150,22,cool_dry
1998-05-31,0.0,50.73,26.53,7.65,0,1998,5,31,151,22,cool_dry
1998-06-01,0.0,54.41,24.36,5.13,0,1998,6,1,152,23,cool_dry
1998-06-02,0.0,54.41,24.36,5.13,0,1998,6,2,153,23,cool_dry
1998-06-03,0.0,54.41,24.36,5.13,0,1998,6,3,154,23,cool_dry
1998-06-04,0.0,54.41,24.36,5.13,0,1998,6,4,155,23,cool_dry
1998-06-05,0.0,54.41,24.36,5.13,0,1998,6,5,156,23,cool_dry
1998-06-06,0.0,54.41,24.36,5.13,0,1998,6,6,157,23,cool_dry
1998-06-07,0.0,54.41,24.36,5.13,0,1998,6,7,158,23,cool_dry
1998-06-08,0.0,54.41,24.36,5.13,0,1998,6,8,159,24,cool_dry
1998-06-09,0.0,54.41,24.36,5.13,0,1998,6,9,160,24,cool_dry
1998-06-10,0.0,54.41,24.36,5.13,0,1998,6,10,161,24,cool_dry
1998-06-11,0.0,54.41,24.36,5.13,0,1998,6,11,162,24,cool_dry
1998-06-12,0.0,54.41,24.36,5.13,0,1998,6,12,163,24,cool_dry
1998-06-13,0.0,54.41,24.36,5.13,0,1998,6,13,164,24,cool_dry
1998-06-14,0.0,54.41,24.36,5.13,0,1998,6,14,165,24,cool_dry
1998-06-15,0.0,54.41,24.36,5.13,0,1998,6,15,166,25,cool_dry
1998-06-16,0.0,54.41,24.36,5.13,0,1998,6,16,167,25,cool_dry
1998-06-17,0.0,54.41,24.36,5.13,0,1998,6,17,168,25,cool_dry
1998-06-18,0.0,54.41,24.36,5.13,0,1998,6,18,169,25,cool_dry
1998-06-19,0.0,54.41,24.36,5.13,0,1998,6,19,170,25,cool_dry
1998-06-20,0.0,54.41,24.36,5.13,0,1998,6,20,171,25,cool_dry
1998-06-21,0.0,54.41,24.36,5.13,0,1998,6,21,172,25,cool_dry
1998-06-22,0.0,54.41,24.36,5.13,0,1998,6,22,173,26,cool_dry
1998-06-23,0.0,54.41,24.36,5.13,0,1998,6,23,174,26,cool_dry
1998-06-24,0.0,54.41,24.36,5.13,0,1998,6,24,175,26,cool_dry
1998-06-25,0.0,54.41,24.36,5.13,0,1998,6,25,176,26,cool_dry
1998-06-26,0.0,54.41,24.36,5.13,0,1998,6,26,177,26,cool_dry
1998-06-27,0.0,54.41,24.36,5.13,0,1998,6,27,178,26,cool_dry
1998-06-28,0.0,54.41,24.36,5.13,0,1998,6,28,179,26,cool_dry
1998-06-29,0.0,54.41,24.36,5.13,0,1998,6,29,180,27,cool_dry
1998-06-30,0.0,54.41,24.36,5.13,0,1998,6,30,181,27,cool_dry
1998-07-01,0.0,54.4,23.38,6.37,0,1998,7,1,182,27,cool_dry
1998-07-02,0.0,54.4,23.38,6.37,0,1998,7,2,183,27,cool_dry
1998-07-03,0.0,54.4,23.38,6.37,0,1998,7,3,184,27,cool_dry
1998-07-04,0.0,54.4,23.38,6.37,0,1998,7,4,185,27,cool_dry
1998-07-05,0.0,54.4,23.38,6.37,0,1998,7,5,186,27,cool_dry
1998-07-06,0.0,54.4,23.38,6.37,0,1998,7,6,187,28,cool_dry
1998-07-07,0.0,54.4,23.38,6.37,0,1998,7,7,188,28,cool_dry
1998-07-08,0.0,54.4,23.38,6.37,0,1998,7,8,189,28,cool_dry
1998-07-09,0.0,54.4,23.38,6.37,0,1998,7,9,190,28,cool_dry
1998-07-10,0.0,54.4,23.38,6.37,0,1998,7,10,191,28,cool_dry
1998-07-11,0.0,54.4,23.38,6.37,0,1998,7,11,192,28,cool_dry
1998-07-12,0.0,54.4,23.38,6.37,0,1998,7,12,193,28,cool_dry
1998-07-13,0.0,54.4,23.38,6.37,0,1998,7,13,194,29,cool_dry
1998-07-14,0.0,54.4,23.38,6.37,0,1998,7,14,195,29,cool_dry
1998-07-15,0.0,54.4,23.38,6.37,0,1998,7,15,196,29,cool_dry
1998-07-16,0.0,54.4,23.38,6.37,0,1998,7,16,197,29,cool_dry
1998-07-17,0.0,54.4,23.38,6.37,0,1998,7,17,198,29,cool_dry
1998-07-18,0.0,54.4,23.38,6.37,0,1998,7,18,199,29,cool_dry
1998-07-19,0.0,54.4,23.38,6.37,0,1998,7,19,200,29,cool_dry
1998-07-20,0.0,54.4,23.38,6.37,0,1998,7,20,201,30,cool_dry
1998-07-21,0.0,54.4,23.38,6.37,0,1998,7,21,202,30,cool_dry
1998-07-22,0.0,54.4,23.38,6.37,0,1998,7,22,203,30,cool_dry
1998-07-23,0.0,54.4,23.38,6.37,0,1998,7,23,204,30,cool_dry
1998-07-24,0.0,54.4,23.38,6.37,0,1998,7,24,205,30,cool_dry
1998-07-25,0.0,54.4,23.38,6.37,0,1998,7,25,206,30,cool_dry
1998-07-26,0.0,54.4,23.38,6.37,0,1998,7,26,207,30,cool_dry
1998-07-27,0.0,54.4,23.38,6.37,0,1998,7,27,208,31,cool_dry
1998-07-28,0.0,54.4,23.38,6.37,0,1998,7,28,209,31,cool_dry
1998-07-29,0.0,54.4,23.38,6.37,0,1998,7,29,210,31,cool_dry
1998-07-30,0.0,54.4,23.38,6.37,0,1998,7,30,211,31,cool_dry
1998-07-31,0.0,54.4,23.38,6.37,0,1998,7,31,212,31,cool_dry
1998-08-01,0.0,49.55,25.13,9.64,0,1998,8,1,213,31,cool_dry
1998-08-02,0.0,49.55,25.13,9.64,0,1998,8,2,214,31,cool_dry
1998-08-03,0.0,49.55,25.13,9.64,0,1998,8,3,215,32,cool_dry
1998-08-04,0.0,49.55,25.13,9.64,0,1998,8,4,216,32,cool_dry
1998-08-05,0.0,49.55,25.13,9.64,0,1998,8,5,217,32,cool_dry
1998-08-06,0.0,49.55,25.13,9.64,0,1998,8,6,218,32,cool_dry
1998-08-07,0.0,49.55,25.13,9.64,0,1998,8,7,219,32,cool_dry
1998-08-08,0.0,49.55,25.13,9.64,0,1998,8,8,220,32,cool_dry
1998-08-09,0.0,49.55,25.13,9.64,0,1998,8,9,221,32,cool_dry
1998-08-10,0.0,49.55,25.13,9.64,0,1998,8,10,222,33,cool_dry
1998-08-11,0.0,49.55,25.13,9.64,0,1998,8,11,223,33,cool_dry
1998-08-12,0.0,49.55,25.13,9.64,0,1998,8,12,224,33,cool_dry
1998-08-13,0.0,49.55,25.13,9.64,0,1998,8,13,225,33,cool_dry
1998-08-14,0.0,49.55,25.13,9.64,0,1998,8,14,226,33,cool_dry
1998-08-15,0.0,49.55,25.13,9.64,0,1998,8,15,227,33,cool_dry
1998-08-16,0.0,49.55,25.13,9.64,0,1998,8,16,228,33,cool_dry
1998-08-17,0.0,49.55,25.13,9.64,0,1998,8,17,229,34,cool_dry
1998-08-18,0.0,49.55,25.13,9.64,0,1998,8,18,230,34,cool_dry
1998-08-19,0.0,49.55,25.13,9.64,0,1998,8,19,231,34,cool_dry
1998-08-20,0.0,49.55,25.13,9.64,0,1998,8,20,232,34,cool_dry
1998-08-21,0.0,49.55,25.13,9.64,0,1998,8,21,233,34,cool_dry
1998-08-22,0.0,49.55,25.13,9.64,0,1998,8,22,234,34,cool_dry
1998-08-23,0.0,49.55,25.13,9.64,0,1998,8,23,235,34,cool_dry
1998-08-24,0.0,49.55,25.13,9.64,0,1998,8,24,236,35,cool_dry
1998-08-25,0.0,49.55,25.13,9.64,0,1998,8,25,237,35,cool_dry
1998-08-26,0.0,49.55,25.13,9.64,0,1998,8,26,238,35,cool_dry
1998-08-27,0.0,49.55,25.13,9.64,0,1998,8,27,239,35,cool_dry
1998-08-28,0.0,49.55,25.13,9.64,0,1998,8,28,240,35,cool_dry
1998-08-29,0.0,49.55,25.13,9.64,0,1998,8,29,241,35,cool_dry
1998-08-30,0.0,49.55,25.13,9.64,0,1998,8,30,242,35,cool_dry
1998-08-31,0.0,49.55,25.13,9.64,0,1998,8,31,243,36,cool_dry
1998-09-01,0.0,39.6,29.66,13.45,0,1998,9,1,244,36,hot_dry
1998-09-02,0.0,39.6,29.66,13.45,0,1998,9,2,245,36,hot_dry
1998-09-03,0.0,39.6,29.66,13.45,0,1998,9,3,246,36,hot_dry
1998-09-04,0.0,39.6,29.66,13.45,0,1998,9,4,247,36,hot_dry
1998-09-05,0.0,39.6,29.66,13.45,0,1998,9,5,248,36,hot_dry
1998-09-06,0.0,39.6,29.66,13.45,0,1998,9,6,249,36,hot_dry
1998-09-07,0.0,39.6,29.66,13.45,0,1998,9,7,250,37,hot_dry
1998-09-08,0.0,39.6,29.66,13.45,0,1998,9,8,251,37,hot_dry
1998-09-09,0.0,39.6,29.66,13.45,0,1998,9,9,252,37,hot_dry
1998-09-10,0.0,39.6,29.66,13.45,0,1998,9,10,253,37,hot_dry
1998-09-11,0.0,39.6,29.66,13.45,0,1998,9,11,254,37,hot_dry
1998-09-12,0.0,39.6,29.66,13.45,0,1998,9,12,255,37,hot_dry
1998-09-13,0.0,39.6,29.66,13.45,0,1998,9,13,256,37,hot_dry
1998-09-14,0.0,39.6,29.66,13.45,0,1998,9,14,257,38,hot_dry
1998-09-15,0.0,39.6,29.66,13.45,0,1998,9,15,258,38,hot_dry
1998-09-16,0.0,39.6,29.66,13.45,0,1998,9,16,259,38,hot_dry
1998-09-17,0.0,39.6,29.66,13.45,0,1998,9,17,260,38,hot_dry
1998-09-18,0.0,39.6,29.66,13.45,0,1998,9,18,261,38,hot_dry
1998-09-19,0.0,39.6,29.66,13.45,0,1998,9,19,262,38,hot_dry
1998-09-20,0.0,39.6,29.66,13.45,0,1998,9,20,263,38,hot_dry
1998-09-21,0.0,39.6,29.66,13.45,0,1998,9,21,264,39,hot_dry
1998-09-22,0.0,39.6,29.66,13.45,0,1998,9,22,265,39,hot_dry
1998-09-23,0.0,39.6,29.66,13.45,0,1998,9,23,266,39,hot_dry
1998-09-24,0.0,39.6,29.66,13.45,0,1998,9,24,267,39,hot_dry
1998-09-25,0.0,39.6,29.66,13.45,0,1998,9,25,268,39,hot_dry
1998-09-26,0.0,39.6,29.66,13.45,0,1998,9,26,269,39,hot_dry
1998-09-27,0.0,39.6,29.66,13.45,0,1998,9,27,270,39,hot_dry
1998-09-28,0.0,39.6,29.66,13.45,0,1998,9,28,271,40,hot_dry
1998-09-29,0.0,39.6,29.66,13.45,0,1998,9,29,272,40,hot_dry
1998-09-30,0.0,39.6,29.66,13.45,0,1998,9,30,273,40,hot_dry
1998-10-01,0.0,39.03,32.64,17.02,0,1998,10,1,274,40,hot_dry
1998-10-02,0.0,39.03,32.64,17.02,0,1998,10,2,275,40,hot_dry
1998-10-03,0.0,39.03,32.64,17.02,0,1998,10,3,276,40,hot_dry
1998-10-04,0.0,39.03,32.64,17.02,0,1998,10,4,277,40,hot_dry
1998-10-05,0.0,39.03,32.64,17.02,0,1998,10,5,278,41,hot_dry
1998-10-06,0.0,39.03,32.64,17.02,0,1998,10,6,279,41,hot_dry
1998-10-07,0.0,39.03,32.64,17.02,0,1998,10,7,280,41,hot_dry
1998-10-08,0.0,39.03,32.64,17.02,0,1998,10,8,281,41,hot_dry
1998-10-09,0.0,39.03,32.64,17.02,0,1998,10,9,282,41,hot_dry
1998-10-10,0.0,39.03,32.64,17.02,0,1998,10,10,283,41,hot_dry
1998-10-11,0.0,39.03,32.64,17.02,0,1998,10,11,284,41,hot_dry
1998-10-12,0.0,39.03,32.64,17.02,0,1998,10,12,285,42,hot_dry
1998-10-13,0.0,39.03,32.64,17.02,0,1998,10,13,286,42,hot_dry
1998-10-14,0.0,39.03,32.64,17.02,0,1998,10,14,287,42,hot_dry
1998-10-15,0.0,39.03,32.64,17.02,0,1998,10,15,288,42,hot_dry
1998-10-16,0.0,39.03,32.64,17.02,0,1998,10,16,289,42,hot_dry
1998-10-17,0.0,39.03,32.64,17.02,0,1998,10,17,290,42,hot_dry
1998-10-18,0.0,39.03,32.64,17.02,0,1998,10,18,291,42,hot_dry
1998-10-19,0.0,39.03,32.64,17.02,0,1998,10,19,292,43,hot_dry
1998-10-20,0.0,39.03,32.64,17.02,0,1998,10,20,293,43,hot_dry
1998-10-21,0.0,39.03,32.64,17.02,0,1998,10,21,294,43,hot_dry
1998-10-22,0.0,39.03,32.64,17.02,0,1998,10,22,295,43,hot_dry
1998-10-23,0.0,39.03,32.64,17.02,0,1998,10,23,296,43,hot_dry
1998-10-24,0.0,39.03,32.64,17.02,0,1998,10,24,297,43,hot_dry
1998-10-25,0.0,39.03,32.64,17.02,0,1998,10,25,298,43,hot_dry
1998-10-26,0.0,39.03,32.64,17.02,0,1998,10,26,299,44,hot_dry
1998-10-27,0.0,39.03,32.64,17.02,0,1998,10,27,300,44,hot_dry
1998-10-28,0.0,39.03,32.64,17.02,0,1998,10,28,301,44,hot_dry
1998-10-29,0.0,39.03,32.64,17.02,0,1998,10,29,302,44,hot_dry
1998-10-30,0.0,39.03,32.64,17.02,0,1998,10,30,303,44,hot_dry
1998-10-31,0.0,39.03,32.64,17.02,0,1998,10,31,304,44,hot_dry
1998-11-01,1.0133333333333332,55.27,31.04,17.82,1,1998,11,1,305,44,hot_rainy
1998-11-02,1.0133333333333332,55.27,31.04,17.82,1,1998,11,2,306,45,hot_rainy
1998-11-03,1.0133333333333332,55.27,31.04,17.82,1,1998,11,3,307,45,hot_rainy
1998-11-04,1.0133333333333332,55.27,31.04,17.82,1,1998,11,4,308,45,hot_rainy
1998-11-05,1.0133333333333332,55.27,31.04,17.82,1,1998,11,5,309,45,hot_rainy
1998-11-06,1.0133333333333332,55.27,31.04,17.82,1,1998,11,6,310,45,hot_rainy
1998-11-07,1.0133333333333332,55.27,31.04,17.82,1,1998,11,7,311,45,hot_rainy
1998-11-08,1.0133333333333332,55.27,31.04,17.82,1,1998,11,8,312,45,hot_rainy
1998-11-09,1.0133333333333332,55.27,31.04,17.82,1,1998,11,9,313,46,hot_rainy
1998-11-10,1.0133333333333332,55.27,31.04,17.82,1,1998,11,10,314,46,hot_rainy
1998-11-11,1.0133333333333332,55.27,31.04,17.82,1,1998,11,11,315,46,hot_rainy
1998-11-12,1.0133333333333332,55.27,31.04,17.82,1,1998,11,12,316,46,hot_rainy
1998-11-13,1.0133333333333332,55.27,31.04,17.82,1,1998,11,13,317,46,hot_rainy
1998-11-14,1.0133333333333332,55.27,31.04,17.82,1,1998,11,14,318,46,hot_rainy
1998-11-15,1.0133333333333332,55.27,31.04,17.82,1,1998,11,15,319,46,hot_rainy
1998-11-16,1.0133333333333332,55.27,31.04,17.82,1,1998,11,16,320,47,hot_rainy
1998-11-17,1.0133333333333332,55.27,31.04,17.82,1,1998,11,17,321,47,hot_rainy
1998-11-18,1.0133333333333332,55.27,31.04,17.82,1,1998,11,18,322,47,hot_rainy
1998-11-19,1.0133333333333332,55.27,31.04,17.82,1,1998,11,19,323,47,hot_rainy
1998-11-20,1.0133333333333332,55.27,31.04,17.82,1,1998,11,20,324,47,hot_rainy
1998-11-21,1.0133333333333332,55.27,31.04,17.82,1,1998,11,21,325,47,hot_rainy
1998-11-22,1.0133333333333332,55.27,31.04,17.82,1,1998,11,22,326,47,hot_rainy
1998-11-23,1.0133333333333332,55.27,31.04,17.82,1,1998,11,23,327,48,hot_rainy
1998-11-24,1.0133333333333332,55.27,31.04,17.82,1,1998,11,24,328,48,hot_rainy
1998-11-25,1.0133333333333332,55.27,31.04,17.82,1,1998,11,25,329,48,hot_rainy
1998-11-26,1.0133333333333332,55.27,31.04,17.82,1,1998,11,26,330,48,hot_rainy
1998-11-27,1.0133333333333332,55.27,31.04,17.82,1,1998,11,27,331,48,hot_rainy
1998-11-28,1.0133333333333332,55.27,31.04,17.82,1,1998,11,28,332,48,hot_rainy
1998-11-29,1.0133333333333332,55.27,31.04,17.82,1,1998,11,29,333,48,hot_rainy
1998-11-30,1.0133333333333332,55.27,31.04,17.82,1,1998,11,30,334,49,hot_rainy
1998-12-01,8.483870967741936,79.77,26.18,17.28,1,1998,12,1,335,49,hot_rainy
1998-12-02,8.483870967741936,79.77,26.18,17.28,1,1998,12,2,336,49,hot_rainy
1998-12-03,8.483870967741936,79.77,26.18,17.28,1,1998,12,3,337,49,hot_rainy
1998-12-04,8.483870967741936,79.77,26.18,17.28,1,1998,12,4,338,49,hot_rainy
1998-12-05,8.483870967741936,79.77,26.18,17.28,1,1998,12,5,339,49,hot_rainy
1998-12-06,8.483870967741936,79.77,26.18,17.28,1,1998,12,6,340,49,hot_rainy
1998-12-07,8.483870967741936,79.77,26.18,17.28,1,1998,12,7,341,50,hot_rainy
1998-12-08,8.483870967741936,79.77,26.18,17.28,1,1998,12,8,342,50,hot_rainy
1998-12-09,8.483870967741936,79.77,26.18,17.28,1,1998,12,9,343,50,hot_rainy
1998-12-10,8.483870967741936,79.77,26.18,17.28,1,1998,12,10,344,50,hot_rainy
1998-12-11,8.483870967741936,79.77,26.18,17.28,1,1998,12,11,345,50,hot_rainy
1998-12-12,8.483870967741936,79.77,26.18,17.28,1,1998,12,12,346,50,hot_rainy
1998-12-13,8.483870967741936,79.77,26.18,17.28,1,1998,12,13,347,50,hot_rainy
1998-12-14,8.483870967741936,79.77,26.18,17.28,1,1998,12,14,348,51,hot_rainy
1998-12-15,8.483870967741936,79.77,26.18,17.28,1,1998,12,15,349,51,hot_rainy
1998-12-16,8.483870967741936,79.77,26.18,17.28,1,1998,12,16,350,51,hot_rainy
1998-12-17,8.483870967741936,79.77,26.18,17.28,1,1998,12,17,351,51,hot_rainy
1998-12-18,8.483870967741936,79.77,26.18,17.28,1,1998,12,18,352,51,hot_rainy
1998-12-19,8.483870967741936,79.77,26.18,17.28,1,1998,12,19,353,51,hot_rainy
1998-12-20,8.483870967741936,79.77,26.18,17.28,1,1998,12,20,354,51,hot_rainy
1998-12-21,8.483870967741936,79.77,26.18,17.28,1,1998,12,21,355,52,hot_rainy
1998-12-22,8.483870967741936,79.77,26.18,17.28,1,1998,12,22,356,52,hot_rainy
1998-12-23,8.483870967741936,79.77,26.18,17.28,1,1998,12,23,357,52,hot_rainy
1998-12-24,8.483870967741936,79.77,26.18,17.28,1,1998,12,24,358,52,hot_rainy
1998-12-25,8.483870967741936,79.77,26.18,17.28,1,1998,12,25,359,52,hot_rainy
1998-12-26,8.483870967741936,79.77,26.18,17.28,1,1998,12,26,360,52,hot_rainy
1998-12-27,8.483870967741936,79.77,26.18,17.28,1,1998,12,27,361,52,hot_rainy
1998-12-28,8.483870967741936,79.77,26.18,17.28,1,1998,12,28,362,53,hot_rainy
1998-12-29,8.483870967741936,79.77,26.18,17.28,1,1998,12,29,363,53,hot_rainy
1998-12-30,8.483870967741936,79.77,26.18,17.28,1,1998,12,30,364,53,hot_rainy
1998-12-31,8.483870967741936,79.77,26.18,17.28,1,1998,12,31,365,53,hot_rainy
1999-01-01,6.587096774193548,82.88,26.04,17.45,1,1999,1,1,1,53,hot_rainy
1999-01-02,6.587096774193548,82.88,26.04,17.45,1,1999,1,2,2,53,hot_rainy
1999-01-03,6.587096774193548,82.88,26.04,17.45,1,1999,1,3,3,53,hot_rainy
1999-01-04,6.587096774193548,82.88,26.04,17.45,1,1999,1,4,4,1,hot_rainy
1999-01-05,6.587096774193548,82.88,26.04,17.45,1,1999,1,5,5,1,hot_rainy
1999-01-06,6.587096774193548,82.88,26.04,17.45,1,1999,1,6,6,1,hot_rainy
1999-01-07,6.587096774193548,82.88,26.04,17.45,1,1999,1,7,7,1,hot_rainy
1999-01-08,6.587096774193548,82.88,26.04,17.45,1,1999,1,8,8,1,hot_rainy
1999-01-09,6.587096774193548,82.88,26.04,17.45,1,1999,1,9,9,1,hot_rainy
1999-01-10,6.587096774193548,82.88,26.04,17.45,1,1999,1,10,10,1,hot_rainy
1999-01-11,6.587096774193548,82.88,26.04,17.45,1,1999,1,11,11,2,hot_rainy
1999-01-12,6.587096774193548,82.88,26.04,17.45,1,1999,1,12,12,2,hot_rainy
1999-01-13,6.587096774193548,82.88,26.04,17.45,1,1999,1,13,13,2,hot_rainy
1999-01-14,6.587096774193548,82.88,26.04,17.45,1,1999,1,14,14,2,hot_rainy
1999-01-15,6.587096774193548,82.88,26.04,17.45,1,1999,1,15,15,2,hot_rainy
1999-01-16,6.587096774193548,82.88,26.04,17.45,1,1999,1,16,16,2,hot_rainy
1999-01-17,6.587096774193548,82.88,26.04,17.45,1,1999,1,17,17,2,hot_rainy
1999-01-18,6.587096774193548,82.88,26.04,17.45,1,1999,1,18,18,3,hot_rainy
1999-01-19,6.587096774193548,82.88,26.04,17.45,1,1999,1,19,19,3,hot_rainy
1999-01-20,6.587096774193548,82.88,26.04,17.45,1,1999,1,20,20,3,hot_rainy
1999-01-21,6.587096774193548,82.88,26.04,17.45,1,1999,1,21,21,3,hot_rainy
1999-01-22,6.587096774193548,82.88,26.04,17.45,1,1999,1,22,22,3,hot_rainy
1999-01-23,6.587096774193548,82.88,26.04,17.45,1,1999,1,23,23,3,hot_rainy
1999-01-24,6.587096774193548,82.88,26.04,17.45,1,1999,1,24,24,3,hot_rainy
1999-01-25,6.587096774193548,82.88,26.04,17.45,1,1999,1,25,25,4,hot_rainy
1999-01-26,6.587096774193548,82.88,26.04,17.45,1,1999,1,26,26,4,hot_rainy
1999-01-27,6.587096774193548,82.88,26.04,17.45,1,1999,1,27,27,4,hot_rainy
1999-01-28,6.587096774193548,82.88,26.04,17.45,1,1999,1,28,28,4,hot_rainy
1999-01-29,6.587096774193548,82.88,26.04,17.45,1,1999,1,29,29,4,hot_rainy
1999-01-30,6.587096774193548,82.88,26.04,17.45,1,1999,1,30,30,4,hot_rainy
1999-01-31,6.587096774193548,82.88,26.04,17.45,1,1999,1,31,31,4,hot_rainy
1999-02-01,4.307142857142857,78.5,26.63,16.62,1,1999,2,1,32,5,hot_rainy
1999-02-02,4.307142857142857,78.5,26.63,16.62,1,1999,2,2,33,5,hot_rainy
1999-02-03,4.307142857142857,78.5,26.63,16.62,1,1999,2,3,34,5,hot_rainy
1999-02-04,4.307142857142857,78.5,26.63,16.62,1,1999,2,4,35,5,hot_rainy
1999-02-05,4.307142857142857,78.5,26.63,16.62,1,1999,2,5,36,5,hot_rainy
1999-02-06,4.307142857142857,78.5,26.63,16.62,1,1999,2,6,37,5,hot_rainy
1999-02-07,4.307142857142857,78.5,26.63,16.62,1,1999,2,7,38,5,hot_rainy
1999-02-08,4.307142857142857,78.5,26.63,16.62,1,1999,2,8,39,6,hot_rainy
1999-02-09,4.307142857142857,78.5,26.63,16.62,1,1999,2,9,40,6,hot_rainy
1999-02-10,4.307142857142857,78.5,26.63,16.62,1,1999,2,10,41,6,hot_rainy
1999-02-11,4.307142857142857,78.5,26.63,16.62,1,1999,2,11,42,6,hot_rainy
1999-02-12,4.307142857142857,78.5,26.63,16.62,1,1999,2,12,43,6,hot_rainy
1999-02-13,4.307142857142857,78.5,26.63,16.62,1,1999,2,13,44,6,hot_rainy
1999-02-14,4.307142857142857,78.5,26.63,16.62,1,1999,2,14,45,6,hot_rainy
1999-02-15,4.307142857142857,78.5,26.63,16.62,1,1999,2,15,46,7,hot_rainy
1999-02-16,4.307142857142857,78.5,26.63,16.62,1,1999,2,16,47,7,hot_rainy
1999-02-17,4.307142857142857,78.5,26.63,16.62,1,1999,2,17,48,7,hot_rainy
1999-02-18,4.307142857142857,78.5,26.63,16.62,1,1999,2,18,49,7,hot_rainy
1999-02-19,4.307142857142857,78.5,26.63,16.62,1,1999,2,19,50,7,hot_rainy
1999-02-20,4.307142857142857,78.5,26.63,16.62,1,1999,2,20,51,7,hot_rainy
1999-02-21,4.307142857142857,78.5,26.63,16.62,1,1999,2,21,52,7,hot_rainy
1999-02-22,4.307142857142857,78.5,26.63,16.62,1,1999,2,22,53,8,hot_rainy
1999-02-23,4.307142857142857,78.5,26.63,16.62,1,1999,2,23,54,8,hot_rainy
1999-02-24,4.307142857142857,78.5,26.63,16.62,1,1999,2,24,55,8,hot_rainy
1999-02-25,4.307142857142857,78.5,26.63,16.62,1,1999,2,25,56,8,hot_rainy
1999-02-26,4.307142857142857,78.5,26.63,16.62,1,1999,2,26,57,8,hot_rainy
1999-02-27,4.307142857142857,78.5,26.63,16.62,1,1999,2,27,58,8,hot_rainy
1999-02-28,4.307142857142857,78.5,26.63,16.62,1,1999,2,28,59,8,hot_rainy
1999-03-01,4.112903225806452,76.63,26.56,16.15,1,1999,3,1,60,9,hot_rainy
1999-03-02,4.112903225806452,76.63,26.56,16.15,1,1999,3,2,61,9,hot_rainy
1999-03-03,4.112903225806452,76.63,26.56,16.15,1,1999,3,3,62,9,hot_rainy
1999-03-04,4.112903225806452,76.63,26.56,16.15,1,1999,3,4,63,9,hot_rainy
1999-03-05,4.112903225806452,76.63,26.56,16.15,1,1999,3,5,64,9,hot_rainy
1999-03-06,4.112903225806452,76.63,26.56,16.15,1,1999,3,6,65,9,hot_rainy
1999-03-07,4.112903225806452,76.63,26.56,16.15,1,1999,3,7,66,9,hot_rainy
1999-03-08,4.112903225806452,76.63,26.56,16.15,1,1999,3,8,67,10,hot_rainy
1999-03-09,4.112903225806452,76.63,26.56,16.15,1,1999,3,9,68,10,hot_rainy
1999-03-10,4.112903225806452,76.63,26.56,16.15,1,1999,3,10,69,10,hot_rainy
1999-03-11,4.112903225806452,76.63,26.56,16.15,1,1999,3,11,70,10,hot_rainy
1999-03-12,4.112903225806452,76.63,26.56,16.15,1,1999,3,12,71,10,hot_rainy
1999-03-13,4.112903225806452,76.63,26.56,16.15,1,1999,3,13,72,10,hot_rainy
1999-03-14,4.112903225806452,76.63,26.56,16.15,1,1999,3,14,73,10,hot_rainy
1999-03-15,4.112903225806452,76.63,26.56,16.15,1,1999,3,15,74,11,hot_rainy
1999-03-16,4.112903225806452,76.63,26.56,16.15,1,1999,3,16,75,11,hot_rainy
1999-03-17,4.112903225806452,76.63,26.56,16.15,1,1999,3,17,76,11,hot_rainy
1999-03-18,4.112903225806452,76.63,26.56,16.15,1,1999,3,18,77,11,hot_rainy
1999-03-19,4.112903225806452,76.63,26.56,16.15,1,1999,3,19,78,11,hot_rainy
1999-03-20,4.112903225806452,76.63,26.56,16.15,1,1999,3,20,79,11,hot_rainy
1999-03-21,4.112903225806452,76.63,26.56,16.15,1,1999,3,21,80,11,hot_rainy
1999-03-22,4.112903225806452,76.63,26.56,16.15,1,1999,3,22,81,12,hot_rainy
1999-03-23,4.112903225806452,76.63,26.56,16.15,1,1999,3,23,82,12,hot_rainy
1999-03-24,4.112903225806452,76.63,26.56,16.15,1,1999,3,24,83,12,hot_rainy
1999-03-25,4.112903225806452,76.63,26.56,16.15,1,1999,3,25,84,12,hot_rainy
1999-03-26,4.112903225806452,76.63,26.56,16.15,1,1999,3,26,85,12,hot_rainy
1999-03-27,4.112903225806452,76.63,26.56,16.15,1,1999,3,27,86,12,hot_rainy
1999-03-28,4.112903225806452,76.63,26.56,16.15,1,1999,3,28,87,12,hot_rainy
1999-03-29,4.112903225806452,76.63,26.56,16.15,1,1999,3,29,88,13,hot_rainy
1999-03-30,4.112903225806452,76.63,26.56,16.15,1,1999,3,30,89,13,hot_rainy
1999-03-31,4.112903225806452,76.63,26.56,16.15,1,1999,3,31,90,13,hot_rainy
1999-04-01,0.043333333333333335,67.31,26.39,12.32,0,1999,4,1,91,13,hot_rainy
1999-04-02,0.043333333333333335,67.31,26.39,12.32,0,1999,4,2,92,13,hot_rainy
1999-04-03,0.043333333333333335,67.31,26.39,12.32,0,1999,4,3,93,13,hot_rainy
1999-04-04,0.043333333333333335,67.31,26.39,12.32,0,1999,4,4,94,13,hot_rainy
1999-04-05,0.043333333333333335,67.31,26.39,12.32,0,1999,4,5,95,14,hot_rainy
1999-04-06,0.043333333333333335,67.31,26.39,12.32,0,1999,4,6,96,14,hot_rainy
1999-04-07,0.043333333333333335,67.31,26.39,12.32,0,1999,4,7,97,14,hot_rainy
1999-04-08,0.043333333333333335,67.31,26.39,12.32,0,1999,4,8,98,14,hot_rainy
1999-04-09,0.043333333333333335,67.31,26.39,12.32,0,1999,4,9,99,14,hot_rainy
1999-04-10,0.043333333333333335,67.31,26.39,12.32,0,1999,4,10,100,14,hot_rainy
1999-04-11,0.043333333333333335,67.31,26.39,12.32,0,1999,4,11,101,14,hot_rainy
1999-04-12,0.043333333333333335,67.31,26.39,12.32,0,1999,4,12,102,15,hot_rainy
1999-04-13,0.043333333333333335,67.31,26.39,12.32,0,1999,4,13,103,15,hot_rainy
1999-04-14,0.043333333333333335,67.31,26.39,12.32,0,1999,4,14,104,15,hot_rainy
1999-04-15,0.043333333333333335,67.31,26.39,12.32,0,1999,4,15,105,15,hot_rainy
1999-04-16,0.043333333333333335,67.31,26.39,12.32,0,1999,4,16,106,15,hot_rainy
1999-04-17,0.043333333333333335,67.31,26.39,12.32,0,1999,4,17,107,15,hot_rainy
1999-04-18,0.043333333333333335,67.31,26.39,12.32,0,1999,4,18,108,15,hot_rainy
1999-04-19,0.043333333333333335,67.31,26.39,12.32,0,1999,4,19,109,16,hot_rainy
1999-04-20,0.043333333333333335,67.31,26.39,12.32,0,1999,4,20,110,16,hot_rainy
1999-04-21,0.043333333333333335,67.31,26.39,12.32,0,1999,4,21,111,16,hot_rainy
1999-04-22,0.043333333333333335,67.31,26.39,12.32,0,1999,4,22,112,16,hot_rainy
1999-04-23,0.043333333333333335,67.31,26.39,12.32,0,1999,4,23,113,16,hot_rainy
1999-04-24,0.043333333333333335,67.31,26.39,12.32,0,1999,4,24,114,16,hot_rainy
1999-04-25,0.043333333333333335,67.31,26.39,12.32,0,1999,4,25,115,16,hot_rainy
1999-04-26,0.043333333333333335,67.31,26.39,12.32,0,1999,4,26,116,17,hot_rainy
1999-04-27,0.043333333333333335,67.31,26.39,12.32,0,1999,4,27,117,17,hot_rainy
1999-04-28,0.043333333333333335,67.31,26.39,12.32,0,1999,4,28,118,17,hot_rainy
1999-04-29,0.043333333333333335,67.31,26.39,12.32,0,1999,4,29,119,17,hot_rainy
1999-04-30,0.043333333333333335,67.31,26.39,12.32,0,1999,4,30,120,17,hot_rainy
1999-05-01,0.0,59.04,25.99,8.44,0,1999,5,1,121,17,cool_dry
1999-05-02,0.0,59.04,25.99,8.44,0,1999,5,2,122,17,cool_dry
1999-05-03,0.0,59.04,25.99,8.44,0,1999,5,3,123,18,cool_dry
1999-05-04,0.0,59.04,25.99,8.44,0,1999,5,4,124,18,cool_dry
1999-05-05,0.0,59.04,25.99,8.44,0,1999,5,5,125,18,cool_dry
1999-05-06,0.0,59.04,25.99,8.44,0,1999,5,6,126,18,cool_dry
1999-05-07,0.0,59.04,25.99,8.44,0,1999,5,7,127,18,cool_dry
1999-05-08,0.0,59.04,25.99,8.44,0,1999,5,8,128,18,cool_dry
1999-05-09,0.0,59.04,25.99,8.44,0,1999,5,9,129,18,cool_dry
1999-05-10,0.0,59.04,25.99,8.44,0,1999,5,10,130,19,cool_dry
1999-05-11,0.0,59.04,25.99,8.44,0,1999,5,11,131,19,cool_dry
1999-05-12,0.0,59.04,25.99,8.44,0,1999,5,12,132,19,cool_dry
1999-05-13,0.0,59.04,25.99,8.44,0,1999,5,13,133,19,cool_dry
1999-05-14,0.0,59.04,25.99,8.44,0,1999,5,14,134,19,cool_dry
1999-05-15,0.0,59.04,25.99,8.44,0,1999,5,15,135,19,cool_dry
1999-05-16,0.0,59.04,25.99,8.44,0,1999,5,16,136,19,cool_dry
1999-05-17,0.0,59.04,25.99,8.44,0,1999,5,17,137,20,cool_dry
1999-05-18,0.0,59.04,25.99,8.44,0,1999,5,18,138,20,cool_dry
1999-05-19,0.0,59.04,25.99,8.44,0,1999,5,19,139,20,cool_dry
1999-05-20,0.0,59.04,25.99,8.44,0,1999,5,20,140,20,cool_dry
1999-05-21,0.0,59.04,25.99,8.44,0,1999,5,21,141,20,cool_dry
1999-05-22,0.0,59.04,25.99,8.44,0,1999,5,22,142,20,cool_dry
1999-05-23,0.0,59.04,25.99,8.44,0,1999,5,23,143,20,cool_dry
1999-05-24,0.0,59.04,25.99,8.44,0,1999,5,24,144,21,cool_dry
1999-05-25,0.0,59.04,25.99,8.44,0,1999,5,25,145,21,cool_dry
1999-05-26,0.0,59.04,25.99,8.44,0,1999,5,26,146,21,cool_dry
1999-05-27,0.0,59.04,25.99,8.44,0,1999,5,27,147,21,cool_dry
1999-05-28,0.0,59.04,25.99,8.44,0,1999,5,28,148,21,cool_dry
1999-05-29,0.0,59.04,25.99,8.44,0,1999,5,29,149,21,cool_dry
1999-05-30,0.0,59.04,25.99,8.44,0,1999,5,30,150,21,cool_dry
1999-05-31,0.0,59.04,25.99,8.44,0,1999,5,31,151,22,cool_dry
1999-06-01,0.0,58.1,23.85,6.01,0,1999,6,1,152,22,cool_dry
1999-06-02,0.0,58.1,23.85,6.01,0,1999,6,2,153,22,cool_dry
1999-06-03,0.0,58.1,23.85,6.01,0,1999,6,3,154,22,cool_dry
1999-06-04,0.0,58.1,23.85,6.01,0,1999,6,4,155,22,cool_dry
1999-06-05,0.0,58.1,23.85,6.01,0,1999,6,5,156,22,cool_dry
1999-06-06,0.0,58.1,23.85,6.01,0,1999,6,6,157,22,cool_dry
1999-06-07,0.0,58.1,23.85,6.01,0,1999,6,7,158,23,cool_dry
1999-06-08,0.0,58.1,23.85,6.01,0,1999,6,8,159,23,cool_dry
1999-06-09,0.0,58.1,23.85,6.01,0,1999,6,9,160,23,cool_dry
1999-06-10,0.0,58.1,23.85,6.01,0,1999,6,10,161,23,cool_dry
1999-06-11,0.0,58.1,23.85,6.01,0,1999,6,11,162,23,cool_dry
1999-06-12,0.0,58.1,23.85,6.01,0,1999,6,12,163,23,cool_dry
1999-06-13,0.0,58.1,23.85,6.01,0,1999,6,13,164,23,cool_dry
1999-06-14,0.0,58.1,23.85,6.01,0,1999,6,14,165,24,cool_dry
1999-06-15,0.0,58.1,23.85,6.01,0,1999,6,15,166,24,cool_dry
1999-06-16,0.0,58.1,23.85,6.01,0,1999,6,16,167,24,cool_dry
1999-06-17,0.0,58.1,23.85,6.01,0,1999,6,17,168,24,cool_dry
1999-06-18,0.0,58.1,23.85,6.01,0,1999,6,18,169,24,cool_dry
1999-06-19,0.0,58.1,23.85,6.01,0,1999,6,19,170,24,cool_dry
1999-06-20,0.0,58.1,23.85,6.01,0,1999,6,20,171,24,cool_dry
1999-06-21,0.0,58.1,23.85,6.01,0,1999,6,21,172,25,cool_dry
1999-06-22,0.0,58.1,23.85,6.01,0,1999,6,22,173,25,cool_dry
1999-06-23,0.0,58.1,23.85,6.01,0,1999,6,23,174,25,cool_dry
1999-06-24,0.0,58.1,23.85,6.01,0,1999,6,24,175,25,cool_dry
1999-06-25,0.0,58.1,23.85,6.01,0,1999,6,25,176,25,cool_dry
1999-06-26,0.0,58.1,23.85,6.01,0,1999,6,26,177,25,cool_dry
1999-06-27,0.0,58.1,23.85,6.01,0,1999,6,27,178,25,cool_dry
1999-06-28,0.0,58.1,23.85,6.01,0,1999,6,28,179,26,cool_dry
1999-06-29,0.0,58.1,23.85,6.01,0,1999,6,29,180,26,cool_dry
1999-06-30,0.0,58.1,23.85,6.01,0,1999,6,30,181,26,cool_dry
1999-07-01,0.0,60.93,22.27,6.33,0,1999,7,1,182,26,cool_dry
1999-07-02,0.0,60.93,22.27,6.33,0,1999,7,2,183,26,cool_dry
1999-07-03,0.0,60.93,22.27,6.33,0,1999,7,3,184,26,cool_dry
1999-07-04,0.0,60.93,22.27,6.33,0,1999,7,4,185,26,cool_dry
1999-07-05,0.0,60.93,22.27,6.33,0,1999,7,5,186,27,cool_dry
1999-07-06,0.0,60.93,22.27,6.33,0,1999,7,6,187,27,cool_dry
1999-07-07,0.0,60.93,22.27,6.33,0,1999,7,7,188,27,cool_dry
1999-07-08,0.0,60.93,22.27,6.33,0,1999,7,8,189,27,cool_dry
1999-07-09,0.0,60.93,22.27,6.33,0,1999,7,9,190,27,cool_dry
1999-07-10,0.0,60.93,22.27,6.33,0,1999,7,10,191,27,cool_dry
1999-07-11,0.0,60.93,22.27,6.33,0,1999,7,11,192,27,cool_dry
1999-07-12,0.0,60.93,22.27,6.33,0,1999,7,12,193,28,cool_dry
1999-07-13,0.0,60.93,22.27,6.33,0,1999,7,13,194,28,cool_dry
1999-07-14,0.0,60.93,22.27,6.33,0,1999,7,14,195,28,cool_dry
1999-07-15,0.0,60.93,22.27,6.33,0,1999,7,15,196,28,cool_dry
1999-07-16,0.0,60.93,22.27,6.33,0,1999,7,16,197,28,cool_dry
1999-07-17,0.0,60.93,22.27,6.33,0,1999,7,17,198,28,cool_dry
1999-07-18,0.0,60.93,22.27,6.33,0,1999,7,18,199,28,cool_dry
1999-07-19,0.0,60.93,22.27,6.33,0,1999,7,19,200,29,cool_dry
1999-07-20,0.0,60.93,22.27,6.33,0,1999,7,20,201,29,cool_dry
1999-07-21,0.0,60.93,22.27,6.33,0,1999,7,21,202,29,cool_dry
1999-07-22,0.0,60.93,22.27,6.33,0,1999,7,22,203,29,cool_dry
1999-07-23,0.0,60.93,22.27,6.33,0,1999,7,23,204,29,cool_dry
1999-07-24,0.0,60.93,22.27,6.33,0,1999,7,24,205,29,cool_dry
1999-07-25,0.0,60.93,22.27,6.33,0,1999,7,25,206,29,cool_dry
1999-07-26,0.0,60.93,22.27,6.33,0,1999,7,26,207,30,cool_dry
1999-07-27,0.0,60.93,22.27,6.33,0,1999,7,27,208,30,cool_dry
1999-07-28,0.0,60.93,22.27,6.33,0,1999,7,28,209,30,cool_dry
1999-07-29,0.0,60.93,22.27,6.33,0,1999,7,29,210,30,cool_dry
1999-07-30,0.0,60.93,22.27,6.33,0,1999,7,30,211,30,cool_dry
1999-07-31,0.0,60.93,22.27,6.33,0,1999,7,31,212,30,cool_dry
1999-08-01,0.11290322580645161,50.26,25.26,8.77,0,1999,8,1,213,30,cool_dry
1999-08-02,0.11290322580645161,50.26,25.26,8.77,0,1999,8,2,214,31,cool_dry
1999-08-03,0.11290322580645161,50.26,25.26,8.77,0,1999,8,3,215,31,cool_dry
1999-08-04,0.11290322580645161,50.26,25.26,8.77,0,1999,8,4,216,31,cool_dry
1999-08-05,0.11290322580645161,50.26,25.26,8.77,0,1999,8,5,217,31,cool_dry
1999-08-06,0.11290322580645161,50.26,25.26,8.77,0,1999,8,6,218,31,cool_dry
1999-08-07,0.11290322580645161,50.26,25.26,8.77,0,1999,8,7,219,31,cool_dry
1999-08-08,0.11290322580645161,50.26,25.26,8.77,0,1999,8,8,220,31,cool_dry
1999-08-09,0.11290322580645161,50.26,25.26,8.77,0,1999,8,9,221,32,cool_dry
1999-08-10,0.11290322580645161,50.26,25.26,8.77,0,1999,8,10,222,32,cool_dry
1999-08-11,0.11290322580645161,50.26,25.26,8.77,0,1999,8,11,223,32,cool_dry
1999-08-12,0.11290322580645161,50.26,25.26,8.77,0,1999,8,12,224,32,cool_dry
1999-08-13,0.11290322580645161,50.26,25.26,8.77,0,1999,8,13,225,32,cool_dry
1999-08-14,0.11290322580645161,50.26,25.26,8.77,0,1999,8,14,226,32,cool_dry
1999-08-15,0.11290322580645161,50.26,25.26,8.77,0,1999,8,15,227,32,cool_dry
1999-08-16,0.11290322580645161,50.26,25.26,8.77,0,1999,8,16,228,33,cool_dry
1999-08-17,0.11290322580645161,50.26,25.26,8.77,0,1999,8,17,229,33,cool_dry
1999-08-18,0.11290322580645161,50.26,25.26,8.77,0,1999,8,18,230,33,cool_dry
1999-08-19,0.11290322580645161,50.26,25.26,8.77,0,1999,8,19,231,33,cool_dry
1999-08-20,0.11290322580645161,50.26,25.26,8.77,0,1999,8,20,232,33,cool_dry
1999-08-21,0.11290322580645161,50.26,25.26,8.77,0,1999,8,21,233,33,cool_dry
1999-08-22,0.11290322580645161,50.26,25.26,8.77,0,1999,8,22,234,33,cool_dry
1999-08-23,0.11290322580645161,50.26,25.26,8.77,0,1999,8,23,235,34,cool_dry
1999-08-24,0.11290322580645161,50.26,25.26,8.77,0,1999,8,24,236,34,cool_dry
1999-08-25,0.11290322580645161,50.26,25.26,8.77,0,1999,8,25,237,34,cool_dry
1999-08-26,0.11290322580645161,50.26,25.26,8.77,0,1999,8,26,238,34,cool_dry
1999-08-27,0.11290322580645161,50.26,25.26,8.77,0,1999,8,27,239,34,cool_dry
1999-08-28,0.11290322580645161,50.26,25.26,8.77,0,1999,8,28,240,34,cool_dry
1999-08-29,0.11290322580645161,50.26,25.26,8.77,0,1999,8,29,241,34,cool_dry
1999-08-30,0.11290322580645161,50.26,25.26,8.77,0,1999,8,30,242,35,cool_dry
1999-08-31,0.11290322580645161,50.26,25.26,8.77,0,1999,8,31,243,35,cool_dry
1999-09-01,0.0,40.54,28.64,12.03,0,1999,9,1,244,35,hot_dry
1999-09-02,0.0,40.54,28.64,12.03,0,1999,9,2,245,35,hot_dry
1999-09-03,0.0,40.54,28.64,12.03,0,1999,9,3,246,35,hot_dry
1999-09-04,0.0,40.54,28.64,12.03,0,1999,9,4,247,35,hot_dry
1999-09-05,0.0,40.54,28.64,12.03,0,1999,9,5,248,35,hot_dry
1999-09-06,0.0,40.54,28.64,12.03,0,1999,9,6,249,36,hot_dry
1999-09-07,0.0,40.54,28.64,12.03,0,1999,9,7,250,36,hot_dry
1999-09-08,0.0,40.54,28.64,12.03,0,1999,9,8,251,36,hot_dry
1999-09-09,0.0,40.54,28.64,12.03,0,1999,9,9,252,36,hot_dry
1999-09-10,0.0,40.54,28.64,12.03,0,1999,9,10,253,36,hot_dry
1999-09-11,0.0,40.54,28.64,12.03,0,1999,9,11,254,36,hot_dry
1999-09-12,0.0,40.54,28.64,12.03,0,1999,9,12,255,36,hot_dry
1999-09-13,0.0,40.54,28.64,12.03,0,1999,9,13,256,37,hot_dry
1999-09-14,0.0,40.54,28.64,12.03,0,1999,9,14,257,37,hot_dry
1999-09-15,0.0,40.54,28.64,12.03,0,1999,9,15,258,37,hot_dry
1999-09-16,0.0,40.54,28.64,12.03,0,1999,9,16,259,37,hot_dry
1999-09-17,0.0,40.54,28.64,12.03,0,1999,9,17,260,37,hot_dry
1999-09-18,0.0,40.54,28.64,12.03,0,1999,9,18,261,37,hot_dry
1999-09-19,0.0,40.54,28.64,12.03,0,1999,9,19,262,37,hot_dry
1999-09-20,0.0,40.54,28.64,12.03,0,1999,9,20,263,38,hot_dry
1999-09-21,0.0,40.54,28.64,12.03,0,1999,9,21,264,38,hot_dry
1999-09-22,0.0,40.54,28.64,12.03,0,1999,9,22,265,38,hot_dry
1999-09-23,0.0,40.54,28.64,12.03,0,1999,9,23,266,38,hot_dry
1999-09-24,0.0,40.54,28.64,12.03,0,1999,9,24,267,38,hot_dry
1999-09-25,0.0,40.54,28.64,12.03,0,1999,9,25,268,38,hot_dry
1999-09-26,0.0,40.54,28.64,12.03,0,1999,9,26,269,38,hot_dry
1999-09-27,0.0,40.54,28.64,12.03,0,1999,9,27,270,39,hot_dry
1999-09-28,0.0,40.54,28.64,12.03,0,1999,9,28,271,39,hot_dry
1999-09-29,0.0,40.54,28.64,12.03,0,1999,9,29,272,39,hot_dry
1999-09-30,0.0,40.54,28.64,12.03,0,1999,9,30,273,39,hot_dry
1999-10-01,0.10967741935483871,45.75,29.9,15.15,0,1999,10,1,274,39,hot_dry
1999-10-02,0.10967741935483871,45.75,29.9,15.15,0,1999,10,2,275,39,hot_dry
1999-10-03,0.10967741935483871,45.75,29.9,15.15,0,1999,10,3,276,39,hot_dry
1999-10-04,0.10967741935483871,45.75,29.9,15.15,0,1999,10,4,277,40,hot_dry
1999-10-05,0.10967741935483871,45.75,29.9,15.15,0,1999,10,5,278,40,hot_dry
1999-10-06,0.10967741935483871,45.75,29.9,15.15,0,1999,10,6,279,40,hot_dry
1999-10-07,0.10967741935483871,45.75,29.9,15.15,0,1999,10,7,280,40,hot_dry
1999-10-08,0.10967741935483871,45.75,29.9,15.15,0,1999,10,8,281,40,hot_dry
1999-10-09,0.10967741935483871,45.75,29.9,15.15,0,1999,10,9,282,40,hot_dry
1999-10-10,0.10967741935483871,45.75,29.9,15.15,0,1999,10,10,283,40,hot_dry
1999-10-11,0.10967741935483871,45.75,29.9,15.15,0,1999,10,11,284,41,hot_dry
1999-10-12,0.10967741935483871,45.75,29.9,15.15,0,1999,10,12,285,41,hot_dry
1999-10-13,0.10967741935483871,45.75,29.9,15.15,0,1999,10,13,286,41,hot_dry
1999-10-14,0.10967741935483871,45.75,29.9,15.15,0,1999,10,14,287,41,hot_dry
1999-10-15,0.10967741935483871,45.75,29.9,15.15,0,1999,10,15,288,41,hot_dry
1999-10-16,0.10967741935483871,45.75,29.9,15.15,0,1999,10,16,289,41,hot_dry
1999-10-17,0.10967741935483871,45.75,29.9,15.15,0,1999,10,17,290,41,hot_dry
1999-10-18,0.10967741935483871,45.75,29.9,15.15,0,1999,10,18,291,42,hot_dry
1999-10-19,0.10967741935483871,45.75,29.9,15.15,0,1999,10,19,292,42,hot_dry
1999-10-20,0.10967741935483871,45.75,29.9,15.15,0,1999,10,20,293,42,hot_dry
1999-10-21,0.10967741935483871,45.75,29.9,15.15,0,1999,10,21,294,42,hot_dry
1999-10-22,0.10967741935483871,45.75,29.9,15.15,0,1999,10,22,295,42,hot_dry
1999-10-23,0.10967741935483871,45.75,29.9,15.15,0,1999,10,23,296,42,hot_dry
1999-10-24,0.10967741935483871,45.75,29.9,15.15,0,1999,10,24,297,42,hot_dry
1999-10-25,0.10967741935483871,45.75,29.9,15.15,0,1999,10,25,298,43,hot_dry
1999-10-26,0.10967741935483871,45.75,29.9,15.15,0,1999,10,26,299,43,hot_dry
1999-10-27,0.10967741935483871,45.75,29.9,15.15,0,1999,10,27,300,43,hot_dry
1999-10-28,0.10967741935483871,45.75,29.9,15.15,0,1999,10,28,301,43,hot_dry
1999-10-29,0.10967741935483871,45.75,29.9,15.15,0,1999,10,29,302,43,hot_dry
1999-10-30,0.10967741935483871,45.75,29.9,15.15,0,1999,10,30,303,43,hot_dry
1999-10-31,0.10967741935483871,45.75,29.9,15.15,0,1999,10,31,304,43,hot_dry
1999-11-01,2.4066666666666667,51.29,30.62,16.33,1,1999,11,1,305,44,hot_rainy
1999-11-02,2.4066666666666667,51.29,30.62,16.33,1,1999,11,2,306,44,hot_rainy
1999-11-03,2.4066666666666667,51.29,30.62,16.33,1,1999,11,3,307,44,hot_rainy
1999-11-04,2.4066666666666667,51.29,30.62,16.33,1,1999,11,4,308,44,hot_rainy
1999-11-05,2.4066666666666667,51.29,30.62,16.33,1,1999,11,5,309,44,hot_rainy
1999-11-06,2.4066666666666667,51.29,30.62,16.33,1,1999,11,6,310,44,hot_rainy
1999-11-07,2.4066666666666667,51.29,30.62,16.33,1,1999,11,7,311,44,hot_rainy
1999-11-08,2.4066666666666667,51.29,30.62,16.33,1,1999,11,8,312,45,hot_rainy
1999-11-09,2.4066666666666667,51.29,30.62,16.33,1,1999,11,9,313,45,hot_rainy
1999-11-10,2.4066666666666667,51.29,30.62,16.33,1,1999,11,10,314,45,hot_rainy
1999-11-11,2.4066666666666667,51.29,30.62,16.33,1,1999,11,11,315,45,hot_rainy
1999-11-12,2.4066666666666667,51.29,30.62,16.33,1,1999,11,12,316,45,hot_rainy
1999-11-13,2.4066666666666667,51.29,30.62,16.33,1,1999,11,13,317,45,hot_rainy
1999-11-14,2.4066666666666667,51.29,30.62,16.33,1,1999,11,14,318,45,hot_rainy
1999-11-15,2.4066666666666667,51.29,30.62,16.33,1,1999,11,15,319,46,hot_rainy
1999-11-16,2.4066666666666667,51.29,30.62,16.33,1,1999,11,16,320,46,hot_rainy
1999-11-17,2.4066666666666667,51.29,30.62,16.33,1,1999,11,17,321,46,hot_rainy
1999-11-18,2.4066666666666667,51.29,30.62,16.33,1,1999,11,18,322,46,hot_rainy
1999-11-19,2.4066666666666667,51.29,30.62,16.33,1,1999,11,19,323,46,hot_rainy
1999-11-20,2.4066666666666667,51.29,30.62,16.33,1,1999,11,20,324,46,hot_rainy
1999-11-21,2.4066666666666667,51.29,30.62,16.33,1,1999,11,21,325,46,hot_rainy
1999-11-22,2.4066666666666667,51.29,30.62,16.33,1,1999,11,22,326,47,hot_rainy
1999-11-23,2.4066666666666667,51.29,30.62,16.33,1,1999,11,23,327,47,hot_rainy
1999-11-24,2.4066666666666667,51.29,30.62,16.33,1,1999,11,24,328,47,hot_rainy
1999-11-25,2.4066666666666667,51.29,30.62,16.33,1,1999,11,25,329,47,hot_rainy
1999-11-26,2.4066666666666667,51.29,30.62,16.33,1,1999,11,26,330,47,hot_rainy
1999-11-27,2.4066666666666667,51.29,30.62,16.33,1,1999,11,27,331,47,hot_rainy
1999-11-28,2.4066666666666667,51.29,30.62,16.33,1,1999,11,28,332,47,hot_rainy
1999-11-29,2.4066666666666667,51.29,30.62,16.33,1,1999,11,29,333,48,hot_rainy
1999-11-30,2.4066666666666667,51.29,30.62,16.33,1,1999,11,30,334,48,hot_rainy
1999-12-01,2.5354838709677416,68.55,27.9,16.84,1,1999,12,1,335,48,hot_rainy
1999-12-02,2.5354838709677416,68.55,27.9,16.84,1,1999,12,2,336,48,hot_rainy
1999-12-03,2.5354838709677416,68.55,27.9,16.84,1,1999,12,3,337,48,hot_rainy
1999-12-04,2.5354838709677416,68.55,27.9,16.84,1,1999,12,4,338,48,hot_rainy
1999-12-05,2.5354838709677416,68.55,27.9,16.84,1,1999,12,5,339,48,hot_rainy
1999-12-06,2.5354838709677416,68.55,27.9,16.84,1,1999,12,6,340,49,hot_rainy
1999-12-07,2.5354838709677416,68.55,27.9,16.84,1,1999,12,7,341,49,hot_rainy
1999-12-08,2.5354838709677416,68.55,27.9,16.84,1,1999,12,8,342,49,hot_rainy
1999-12-09,2.5354838709677416,68.55,27.9,16.84,1,1999,12,9,343,49,hot_rainy
1999-12-10,2.5354838709677416,68.55,27.9,16.84,1,1999,12,10,344,49,hot_rainy
1999-12-11,2.5354838709677416,68.55,27.9,16.84,1,1999,12,11,345,49,hot_rainy
1999-12-12,2.5354838709677416,68.55,27.9,16.84,1,1999,12,12,346,49,hot_rainy
1999-12-13,2.5354838709677416,68.55,27.9,16.84,1,1999,12,13,347,50,hot_rainy
1999-12-14,2.5354838709677416,68.55,27.9,16.84,1,1999,12,14,348,50,hot_rainy
1999-12-15,2.5354838709677416,68.55,27.9,16.84,1,1999,12,15,349,50,hot_rainy
1999-12-16,2.5354838709677416,68.55,27.9,16.84,1,1999,12,16,350,50,hot_rainy
1999-12-17,2.5354838709677416,68.55,27.9,16.84,1,1999,12,17,351,50,hot_rainy
1999-12-18,2.5354838709677416,68.55,27.9,16.84,1,1999,12,18,352,50,hot_rainy
1999-12-19,2.5354838709677416,68.55,27.9,16.84,1,1999,12,19,353,50,hot_rainy
1999-12-20,2.5354838709677416,68.55,27.9,16.84,1,1999,12,20,354,51,hot_rainy
1999-12-21,2.5354838709677416,68.55,27.9,16.84,1,1999,12,21,355,51,hot_rainy
1999-12-22,2.5354838709677416,68.55,27.9,16.84,1,1999,12,22,356,51,hot_rainy
1999-12-23,2.5354838709677416,68.55,27.9,16.84,1,1999,12,23,357,51,hot_rainy
1999-12-24,2.5354838709677416,68.55,27.9,16.84,1,1999,12,24,358,51,hot_rainy
1999-12-25,2.5354838709677416,68.55,27.9,16.84,1,1999,12,25,359,51,hot_rainy
1999-12-26,2.5354838709677416,68.55,27.9,16.84,1,1999,12,26,360,51,hot_rainy
1999-12-27,2.5354838709677416,68.55,27.9,16.84,1,1999,12,27,361,52,hot_rainy
1999-12-28,2.5354838709677416,68.55,27.9,16.84,1,1999,12,28,362,52,hot_rainy
1999-12-29,2.5354838709677416,68.55,27.9,16.84,1,1999,12,29,363,52,hot_rainy
1999-12-30,2.5354838709677416,68.55,27.9,16.84,1,1999,12,30,364,52,hot_rainy
1999-12-31,2.5354838709677416,68.55,27.9,16.84,1,1999,12,31,365,52,hot_rainy
2000-01-01,5.670967741935484,79.44,26.91,17.28,1,2000,1,1,1,52,hot_rainy
2000-01-02,5.670967741935484,79.44,26.91,17.28,1,2000,1,2,2,52,hot_rainy
2000-01-03,5.670967741935484,79.44,26.91,17.28,1,2000,1,3,3,1,hot_rainy
2000-01-04,5.670967741935484,79.44,26.91,17.28,1,2000,1,4,4,1,hot_rainy
2000-01-05,5.670967741935484,79.44,26.91,17.28,1,2000,1,5,5,1,hot_rainy
2000-01-06,5.670967741935484,79.44,26.91,17.28,1,2000,1,6,6,1,hot_rainy
2000-01-07,5.670967741935484,79.44,26.91,17.28,1,2000,1,7,7,1,hot_rainy
2000-01-08,5.670967741935484,79.44,26.91,17.28,1,2000,1,8,8,1,hot_rainy
2000-01-09,5.670967741935484,79.44,26.91,17.28,1,2000,1,9,9,1,hot_rainy
2000-01-10,5.670967741935484,79.44,26.91,17.28,1,2000,1,10,10,2,hot_rainy
2000-01-11,5.670967741935484,79.44,26.91,17.28,1,2000,1,11,11,2,hot_rainy
2000-01-12,5.670967741935484,79.44,26.91,17.28,1,2000,1,12,12,2,hot_rainy
2000-01-13,5.670967741935484,79.44,26.91,17.28,1,2000,1,13,13,2,hot_rainy
2000-01-14,5.670967741935484,79.44,26.91,17.28,1,2000,1,14,14,2,hot_rainy
2000-01-15,5.670967741935484,79.44,26.91,17.28,1,2000,1,15,15,2,hot_rainy
2000-01-16,5.670967741935484,79.44,26.91,17.28,1,2000,1,16,16,2,hot_rainy
2000-01-17,5.670967741935484,79.44,26.91,17.28,1,2000,1,17,17,3,hot_rainy
2000-01-18,5.670967741935484,79.44,26.91,17.28,1,2000,1,18,18,3,hot_rainy
2000-01-19,5.670967741935484,79.44,26.91,17.28,1,2000,1,19,19,3,hot_rainy
2000-01-20,5.670967741935484,79.44,26.91,17.28,1,2000,1,20,20,3,hot_rainy
2000-01-21,5.670967741935484,79.44,26.91,17.28,1,2000,1,21,21,3,hot_rainy
2000-01-22,5.670967741935484,79.44,26.91,17.28,1,2000,1,22,22,3,hot_rainy
2000-01-23,5.670967741935484,79.44,26.91,17.28,1,2000,1,23,23,3,hot_rainy
2000-01-24,5.670967741935484,79.44,26.91,17.28,1,2000,1,24,24,4,hot_rainy
2000-01-25,5.670967741935484,79.44,26.91,17.28,1,2000,1,25,25,4,hot_rainy
2000-01-26,5.670967741935484,79.44,26.91,17.28,1,2000,1,26,26,4,hot_rainy
2000-01-27,5.670967741935484,79.44,26.91,17.28,1,2000,1,27,27,4,hot_rainy
2000-01-28,5.670967741935484,79.44,26.91,17.28,1,2000,1,28,28,4,hot_rainy
2000-01-29,5.670967741935484,79.44,26.91,17.28,1,2000,1,29,29,4,hot_rainy
2000-01-30,5.670967741935484,79.44,26.91,17.28,1,2000,1,30,30,4,hot_rainy
2000-01-31,5.670967741935484,79.44,26.91,17.28,1,2000,1,31,31,5,hot_rainy
2000-02-01,9.224137931034482,82.67,26.4,17.21,1,2000,2,1,32,5,hot_rainy
2000-02-02,9.224137931034482,82.67,26.4,17.21,1,2000,2,2,33,5,hot_rainy
2000-02-03,9.224137931034482,82.67,26.4,17.21,1,2000,2,3,34,5,hot_rainy
2000-02-04,9.224137931034482,82.67,26.4,17.21,1,2000,2,4,35,5,hot_rainy
2000-02-05,9.224137931034482,82.67,26.4,17.21,1,2000,2,5,36,5,hot_rainy
2000-02-06,9.224137931034482,82.67,26.4,17.21,1,2000,2,6,37,5,hot_rainy
2000-02-07,9.224137931034482,82.67,26.4,17.21,1,2000,2,7,38,6,hot_rainy
2000-02-08,9.224137931034482,82.67,26.4,17.21,1,2000,2,8,39,6,hot_rainy
2000-02-09,9.224137931034482,82.67,26.4,17.21,1,2000,2,9,40,6,hot_rainy
2000-02-10,9.224137931034482,82.67,26.4,17.21,1,2000,2,10,41,6,hot_rainy
2000-02-11,9.224137931034482,82.67,26.4,17.21,1,2000,2,11,42,6,hot_rainy
2000-02-12,9.224137931034482,82.67,26.4,17.21,1,2000,2,12,43,6,hot_rainy
2000-02-13,9.224137931034482,82.67,26.4,17.21,1,2000,2,13,44,6,hot_rainy
2000-02-14,9.224137931034482,82.67,26.4,17.21,1,2000,2,14,45,7,hot_rainy
2000-02-15,9.224137931034482,82.67,26.4,17.21,1,2000,2,15,46,7,hot_rainy
2000-02-16,9.224137931034482,82.67,26.4,17.21,1,2000,2,16,47,7,hot_rainy
2000-02-17,9.224137931034482,82.67,26.4,17.21,1,2000,2,17,48,7,hot_rainy
2000-02-18,9.224137931034482,82.67,26.4,17.21,1,2000,2,18,49,7,hot_rainy
2000-02-19,9.224137931034482,82.67,26.4,17.21,1,2000,2,19,50,7,hot_rainy
2000-02-20,9.224137931034482,82.67,26.4,17.21,1,2000,2,20,51,7,hot_rainy
2000-02-21,9.224137931034482,82.67,26.4,17.21,1,2000,2,21,52,8,hot_rainy
2000-02-22,9.224137931034482,82.67,26.4,17.21,1,2000,2,22,53,8,hot_rainy
2000-02-23,9.224137931034482,82.67,26.4,17.21,1,2000,2,23,54,8,hot_rainy
2000-02-24,9.224137931034482,82.67,26.4,17.21,1,2000,2,24,55,8,hot_rainy
2000-02-25,9.224137931034482,82.67,26.4,17.21,1,2000,2,25,56,8,hot_rainy
2000-02-26,9.224137931034482,82.67,26.4,17.21,1,2000,2,26,57,8,hot_rainy
2000-02-27,9.224137931034482,82.67,26.4,17.21,1,2000,2,27,58,8,hot_rainy
2000-02-28,9.224137931034482,82.67,26.4,17.21,1,2000,2,28,59,9,hot_rainy
2000-02-29,9.224137931034482,82.67,26.4,17.21,1,2000,2,29,60,9,hot_rainy
2000-03-01,5.019354838709678,80.86,26.59,17.0,1,2000,3,1,61,9,hot_rainy
2000-03-02,5.019354838709678,80.86,26.59,17.0,1,2000,3,2,62,9,hot_rainy
2000-03-03,5.019354838709678,80.86,26.59,17.0,1,2000,3,3,63,9,hot_rainy
2000-03-04,5.019354838709678,80.86,26.59,17.0,1,2000,3,4,64,9,hot_rainy
2000-03-05,5.019354838709678,80.86,26.59,17.0,1,2000,3,5,65,9,hot_rainy
2000-03-06,5.019354838709678,80.86,26.59,17.0,1,2000,3,6,66,10,hot_rainy
2000-03-07,5.019354838709678,80.86,26.59,17.0,1,2000,3,7,67,10,hot_rainy
2000-03-08,5.019354838709678,80.86,26.59,17.0,1,2000,3,8,68,10,hot_rainy
2000-03-09,5.019354838709678,80.86,26.59,17.0,1,2000,3,9,69,10,hot_rainy
2000-03-10,5.019354838709678,80.86,26.59,17.0,1,2000,3,10,70,10,hot_rainy
2000-03-11,5.019354838709678,80.86,26.59,17.0,1,2000,3,11,71,10,hot_rainy
2000-03-12,5.019354838709678,80.86,26.59,17.0,1,2000,3,12,72,10,hot_rainy
2000-03-13,5.019354838709678,80.86,26.59,17.0,1,2000,3,13,73,11,hot_rainy
2000-03-14,5.019354838709678,80.86,26.59,17.0,1,2000,3,14,74,11,hot_rainy
2000-03-15,5.019354838709678,80.86,26.59,17.0,1,2000,3,15,75,11,hot_rainy
2000-03-16,5.019354838709678,80.86,26.59,17.0,1,2000,3,16,76,11,hot_rainy
2000-03-17,5.019354838709678,80.86,26.59,17.0,1,2000,3,17,77,11,hot_rainy
2000-03-18,5.019354838709678,80.86,26.59,17.0,1,2000,3,18,78,11,hot_rainy
2000-03-19,5.019354838709678,80.86,26.59,17.0,1,2000,3,19,79,11,hot_rainy
2000-03-20,5.019354838709678,80.86,26.59,17.0,1,2000,3,20,80,12,hot_rainy
2000-03-21,5.019354838709678,80.86,26.59,17.0,1,2000,3,21,81,12,hot_rainy
2000-03-22,5.019354838709678,80.86,26.59,17.0,1,2000,3,22,82,12,hot_rainy
2000-03-23,5.019354838709678,80.86,26.59,17.0,1,2000,3,23,83,12,hot_rainy
2000-03-24,5.019354838709678,80.86,26.59,17.0,1,2000,3,24,84,12,hot_rainy
2000-03-25,5.019354838709678,80.86,26.59,17.0,1,2000,3,25,85,12,hot_rainy
2000-03-26,5.019354838709678,80.86,26.59,17.0,1,2000,3,26,86,12,hot_rainy
2000-03-27,5.019354838709678,80.86,26.59,17.0,1,2000,3,27,87,13,hot_rainy
2000-03-28,5.019354838709678,80.86,26.59,17.0,1,2000,3,28,88,13,hot_rainy
2000-03-29,5.019354838709678,80.86,26.59,17.0,1,2000,3,29,89,13,hot_rainy
2000-03-30,5.019354838709678,80.86,26.59,17.0,1,2000,3,30,90,13,hot_rainy
2000-03-31,5.019354838709678,80.86,26.59,17.0,1,2000,3,31,91,13,hot_rainy
2000-04-01,1.5799999999999998,67.55809523809523,25.79,13.4,1,2000,4,1,92,13,hot_rainy
2000-04-02,1.5799999999999998,67.55809523809523,25.79,13.4,1,2000,4,2,93,13,hot_rainy
2000-04-03,1.5799999999999998,67.55809523809523,25.79,13.4,1,2000,4,3,94,14,hot_rainy
2000-04-04,1.5799999999999998,67.55809523809523,25.79,13.4,1,2000,4,4,95,14,hot_rainy
2000-04-05,1.5799999999999998,67.55809523809523,25.79,13.4,1,2000,4,5,96,14,hot_rainy
2000-04-06,1.5799999999999998,67.55809523809523,25.79,13.4,1,2000,4,6,97,14,hot_rainy
2000-04-07,1.5799999999999998,67.55809523809523,25.79,13.4,1,2000,4,7,98,14,hot_rainy
2000-04-08,1.5799999999999998,67.55809523809523,25.79,13.4,1,2000,4,8,99,14,hot_rainy
2000-04-09,1.5799999999999998,67.55809523809523,25.79,13.4,1,2000,4,9,100,14,hot_rainy
2000-04-10,1.5799999999999998,67.55809523809523,25.79,13.4,1,2000,4,10,101,15,hot_rainy
2000-04-11,1.5799999999999998,67.55809523809523,25.79,13.4,1,2000,4,11,102,15,hot_rainy
2000-04-12,1.5799999999999998,67.55809523809523,25.79,13.4,1,2000,4,12,103,15,hot_rainy
2000-04-13,1.5799999999999998,67.55809523809523,25.79,13.4,1,2000,4,13,104,15,hot_rainy
2000-04-14,1.5799999999999998,67.55809523809523,25.79,13.4,1,2000,4,14,105,15,hot_rainy
2000-04-15,1.5799999999999998,67.55809523809523,25.79,13.4,1,2000,4,15,106,15,hot_rainy
2000-04-16,1.5799999999999998,67.55809523809523,25.79,13.4,1,2000,4,16,107,15,hot_rainy
2000-04-17,1.5799999999999998,67.55809523809523,25.79,13.4,1,2000,4,17,108,16,hot_rainy
2000-04-18,1.5799999999999998,67.55809523809523,25.79,13.4,1,2000,4,18,109,16,hot_rainy
2000-04-19,1.5799999999999998,67.55809523809523,25.79,13.4,1,2000,4,19,110,16,hot_rainy
2000-04-20,1.5799999999999998,67.55809523809523,25.79,13.4,1,2000,4,20,111,16,hot_rainy
2000-04-21,1.5799999999999998,67.55809523809523,25.79,13.4,1,2000,4,21,112,16,hot_rainy
2000-04-22,1.5799999999999998,67.55809523809523,25.79,13.4,1,2000,4,22,113,16,hot_rainy
2000-04-23,1.5799999999999998,67.55809523809523,25.79,13.4,1,2000,4,23,114,16,hot_rainy
2000-04-24,1.5799999999999998,67.55809523809523,25.79,13.4,1,2000,4,24,115,17,hot_rainy
2000-04-25,1.5799999999999998,67.55809523809523,25.79,13.4,1,2000,4,25,116,17,hot_rainy
2000-04-26,1.5799999999999998,67.55809523809523,25.79,13.4,1,2000,4,26,117,17,hot_rainy
2000-04-27,1.5799999999999998,67.55809523809523,25.79,13.4,1,2000,4,27,118,17,hot_rainy
2000-04-28,1.5799999999999998,67.55809523809523,25.79,13.4,1,2000,4,28,119,17,hot_rainy
2000-04-29,1.5799999999999998,67.55809523809523,25.79,13.4,1,2000,4,29,120,17,hot_rainy
2000-04-30,1.5799999999999998,67.55809523809523,25.79,13.4,1,2000,4,30,121,17,hot_rainy
2000-05-01,1.9161290322580644,75.32,23.67,10.7,1,2000,5,1,122,18,cool_dry
2000-05-02,1.9161290322580644,75.32,23.67,10.7,1,2000,5,2,123,18,cool_dry
2000-05-03,1.9161290322580644,75.32,23.67,10.7,1,2000,5,3,124,18,cool_dry
2000-05-04,1.9161290322580644,75.32,23.67,10.7,1,2000,5,4,125,18,cool_dry
2000-05-05,1.9161290322580644,75.32,23.67,10.7,1,2000,5,5,126,18,cool_dry
2000-05-06,1.9161290322580644,75.32,23.67,10.7,1,2000,5,6,127,18,cool_dry
2000-05-07,1.9161290322580644,75.32,23.67,10.7,1,2000,5,7,128,18,cool_dry
2000-05-08,1.9161290322580644,75.32,23.67,10.7,1,2000,5,8,129,19,cool_dry
2000-05-09,1.9161290322580644,75.32,23.67,10.7,1,2000,5,9,130,19,cool_dry
2000-05-10,1.9161290322580644,75.32,23.67,10.7,1,2000,5,10,131,19,cool_dry
2000-05-11,1.9161290322580644,75.32,23.67,10.7,1,2000,5,11,132,19,cool_dry
2000-05-12,1.9161290322580644,75.32,23.67,10.7,1,2000,5,12,133,19,cool_dry
2000-05-13,1.9161290322580644,75.32,23.67,10.7,1,2000,5,13,134,19,cool_dry
2000-05-14,1.9161290322580644,75.32,23.67,10.7,1,2000,5,14,135,19,cool_dry
2000-05-15,1.9161290322580644,75.32,23.67,10.7,1,2000,5,15,136,20,cool_dry
2000-05-16,1.9161290322580644,75.32,23.67,10.7,1,2000,5,16,137,20,cool_dry
2000-05-17,1.9161290322580644,75.32,23.67,10.7,1,2000,5,17,138,20,cool_dry
2000-05-18,1.9161290322580644,75.32,23.67,10.7,1,2000,5,18,139,20,cool_dry
2000-05-19,1.9161290322580644,75.32,23.67,10.7,1,2000,5,19,140,20,cool_dry
2000-05-20,1.9161290322580644,75.32,23.67,10.7,1,2000,5,20,141,20,cool_dry
2000-05-21,1.9161290322580644,75.32,23.67,10.7,1,2000,5,21,142,20,cool_dry
2000-05-22,1.9161290322580644,75.32,23.67,10.7,1,2000,5,22,143,21,cool_dry
2000-05-23,1.9161290322580644,75.32,23.67,10.7,1,2000,5,23,144,21,cool_dry
2000-05-24,1.9161290322580644,75.32,23.67,10.7,1,2000,5,24,145,21,cool_dry
2000-05-25,1.9161290322580644,75.32,23.67,10.7,1,2000,5,25,146,21,cool_dry
2000-05-26,1.9161290322580644,75.32,23.67,10.7,1,2000,5,26,147,21,cool_dry
2000-05-27,1.9161290322580644,75.32,23.67,10.7,1,2000,5,27,148,21,cool_dry
2000-05-28,1.9161290322580644,75.32,23.67,10.7,1,2000,5,28,149,21,cool_dry
2000-05-29,1.9161290322580644,75.32,23.67,10.7,1,2000,5,29,150,22,cool_dry
2000-05-30,1.9161290322580644,75.32,23.67,10.7,1,2000,5,30,151,22,cool_dry
2000-05-31,1.9161290322580644,75.32,23.67,10.7,1,2000,5,31,152,22,cool_dry
2000-06-01,0.9733333333333333,72.7,22.35,9.1,0,2000,6,1,153,22,cool_dry
2000-06-02,0.9733333333333333,72.7,22.35,9.1,0,2000,6,2,154,22,cool_dry
2000-06-03,0.9733333333333333,72.7,22.35,9.1,0,2000,6,3,155,22,cool_dry
2000-06-04,0.9733333333333333,72.7,22.35,9.1,0,2000,6,4,156,22,cool_dry
2000-06-05,0.9733333333333333,72.7,22.35,9.1,0,2000,6,5,157,23,cool_dry
2000-06-06,0.9733333333333333,72.7,22.35,9.1,0,2000,6,6,158,23,cool_dry
2000-06-07,0.9733333333333333,72.7,22.35,9.1,0,2000,6,7,159,23,cool_dry
2000-06-08,0.9733333333333333,72.7,22.35,9.1,0,2000,6,8,160,23,cool_dry
2000-06-09,0.9733333333333333,72.7,22.35,9.1,0,2000,6,9,161,23,cool_dry
2000-06-10,0.9733333333333333,72.7,22.35,9.1,0,2000,6,10,162,23,cool_dry
2000-06-11,0.9733333333333333,72.7,22.35,9.1,0,2000,6,11,163,23,cool_dry
2000-06-12,0.9733333333333333,72.7,22.35,9.1,0,2000,6,12,164,24,cool_dry
2000-06-13,0.9733333333333333,72.7,22.35,9.1,0,2000,6,13,165,24,cool_dry
2000-06-14,0.9733333333333333,72.7,22.35,9.1,0,2000,6,14,166,24,cool_dry
2000-06-15,0.9733333333333333,72.7,22.35,9.1,0,2000,6,15,167,24,cool_dry
2000-06-16,0.9733333333333333,72.7,22.35,9.1,0,2000,6,16,168,24,cool_dry
2000-06-17,0.9733333333333333,72.7,22.35,9.1,0,2000,6,17,169,24,cool_dry
2000-06-18,0.9733333333333333,72.7,22.35,9.1,0,2000,6,18,170,24,cool_dry
2000-06-19,0.9733333333333333,72.7,22.35,9.1,0,2000,6,19,171,25,cool_dry
2000-06-20,0.9733333333333333,72.7,22.35,9.1,0,2000,6,20,172,25,cool_dry
2000-06-21,0.9733333333333333,72.7,22.35,9.1,0,2000,6,21,173,25,cool_dry
2000-06-22,0.9733333333333333,72.7,22.35,9.1,0,2000,6,22,174,25,cool_dry
2000-06-23,0.9733333333333333,72.7,22.35,9.1,0,2000,6,23,175,25,cool_dry
2000-06-24,0.9733333333333333,72.7,22.35,9.1,0,2000,6,24,176,25,cool_dry
2000-06-25,0.9733333333333333,72.7,22.35,9.1,0,2000,6,25,177,25,cool_dry
2000-06-26,0.9733333333333333,72.7,22.35,9.1,0,2000,6,26,178,26,cool_dry
2000-06-27,0.9733333333333333,72.7,22.35,9.1,0,2000,6,27,179,26,cool_dry
2000-06-28,0.9733333333333333,72.7,22.35,9.1,0,2000,6,28,180,26,cool_dry
2000-06-29,0.9733333333333333,72.7,22.35,9.1,0,2000,6,29,181,26,cool_dry
2000-06-30,0.9733333333333333,72.7,22.35,9.1,0,2000,6,30,182,26,cool_dry
2000-07-01,0.0,64.17,22.0,5.61,0,2000,7,1,183,26,cool_dry
2000-07-02,0.0,64.17,22.0,5.61,0,2000,7,2,184,26,cool_dry
2000-07-03,0.0,64.17,22.0,5.61,0,2000,7,3,185,27,cool_dry
2000-07-04,0.0,64.17,22.0,5.61,0,2000,7,4,186,27,cool_dry
2000-07-05,0.0,64.17,22.0,5.61,0,2000,7,5,187,27,cool_dry
2000-07-06,0.0,64.17,22.0,5.61,0,2000,7,6,188,27,cool_dry
2000-07-07,0.0,64.17,22.0,5.61,0,2000,7,7,189,27,cool_dry
2000-07-08,0.0,64.17,22.0,5.61,0,2000,7,8,190,27,cool_dry
2000-07-09,0.0,64.17,22.0,5.61,0,2000,7,9,191,27,cool_dry
2000-07-10,0.0,64.17,22.0,5.61,0,2000,7,10,192,28,cool_dry
2000-07-11,0.0,64.17,22.0,5.61,0,2000,7,11,193,28,cool_dry
2000-07-12,0.0,64.17,22.0,5.61,0,2000,7,12,194,28,cool_dry
2000-07-13,0.0,64.17,22.0,5.61,0,2000,7,13,195,28,cool_dry
2000-07-14,0.0,64.17,22.0,5.61,0,2000,7,14,196,28,cool_dry
2000-07-15,0.0,64.17,22.0,5.61,0,2000,7,15,197,28,cool_dry
2000-07-16,0.0,64.17,22.0,5.61,0,2000,7,16,198,28,cool_dry
2000-07-17,0.0,64.17,22.0,5.61,0,2000,7,17,199,29,cool_dry
2000-07-18,0.0,64.17,22.0,5.61,0,2000,7,18,200,29,cool_dry
2000-07-19,0.0,64.17,22.0,5.61,0,2000,7,19,201,29,cool_dry
2000-07-20,0.0,64.17,22.0,5.61,0,2000,7,20,202,29,cool_dry
2000-07-21,0.0,64.17,22.0,5.61,0,2000,7,21,203,29,cool_dry
2000-07-22,0.0,64.17,22.0,5.61,0,2000,7,22,204,29,cool_dry
2000-07-23,0.0,64.17,22.0,5.61,0,2000,7,23,205,29,cool_dry
2000-07-24,0.0,64.17,22.0,5.61,0,2000,7,24,206,30,cool_dry
2000-07-25,0.0,64.17,22.0,5.61,0,2000,7,25,207,30,cool_dry
2000-07-26,0.0,64.17,22.0,5.61,0,2000,7,26,208,30,cool_dry
2000-07-27,0.0,64.17,22.0,5.61,0,2000,7,27,209,30,cool_dry
2000-07-28,0.0,64.17,22.0,5.61,0,2000,7,28,210,30,cool_dry
2000-07-29,0.0,64.17,22.0,5.61,0,2000,7,29,211,30,cool_dry
2000-07-30,0.0,64.17,22.0,5.61,0,2000,7,30,212,30,cool_dry
2000-07-31,0.0,64.17,22.0,5.61,0,2000,7,31,213,31,cool_dry
2000-08-01,0.0,56.72,23.95,7.78,0,2000,8,1,214,31,cool_dry
2000-08-02,0.0,56.72,23.95,7.78,0,2000,8,2,215,31,cool_dry
2000-08-03,0.0,56.72,23.95,7.78,0,2000,8,3,216,31,cool_dry
2000-08-04,0.0,56.72,23.95,7.78,0,2000,8,4,217,31,cool_dry
2000-08-05,0.0,56.72,23.95,7.78,0,2000,8,5,218,31,cool_dry
2000-08-06,0.0,56.72,23.95,7.78,0,2000,8,6,219,31,cool_dry
2000-08-07,0.0,56.72,23.95,7.78,0,2000,8,7,220,32,cool_dry
2000-08-08,0.0,56.72,23.95,7.78,0,2000,8,8,221,32,cool_dry
2000-08-09,0.0,56.72,23.95,7.78,0,2000,8,9,222,32,cool_dry
2000-08-10,0.0,56.72,23.95,7.78,0,2000,8,10,223,32,cool_dry
2000-08-11,0.0,56.72,23.95,7.78,0,2000,8,11,224,32,cool_dry
2000-08-12,0.0,56.72,23.95,7.78,0,2000,8,12,225,32,cool_dry
2000-08-13,0.0,56.72,23.95,7.78,0,2000,8,13,226,32,cool_dry
2000-08-14,0.0,56.72,23.95,7.78,0,2000,8,14,227,33,cool_dry
2000-08-15,0.0,56.72,23.95,7.78,0,2000,8,15,228,33,cool_dry
2000-08-16,0.0,56.72,23.95,7.78,0,2000,8,16,229,33,cool_dry
2000-08-17,0.0,56.72,23.95,7.78,0,2000,8,17,230,33,cool_dry
2000-08-18,0.0,56.72,23.95,7.78,0,2000,8,18,231,33,cool_dry
2000-08-19,0.0,56.72,23.95,7.78,0,2000,8,19,232,33,cool_dry
2000-08-20,0.0,56.72,23.95,7.78,0,2000,8,20,233,33,cool_dry
2000-08-21,0.0,56.72,23.95,7.78,0,2000,8,21,234,34,cool_dry
2000-08-22,0.0,56.72,23.95,7.78,0,2000,8,22,235,34,cool_dry
2000-08-23,0.0,56.72,23.95,7.78,0,2000,8,23,236,34,cool_dry
2000-08-24,0.0,56.72,23.95,7.78,0,2000,8,24,237,34,cool_dry
2000-08-25,0.0,56.72,23.95,7.78,0,2000,8,25,238,34,cool_dry
2000-08-26,0.0,56.72,23.95,7.78,0,2000,8,26,239,34,cool_dry
2000-08-27,0.0,56.72,23.95,7.78,0,2000,8,27,240,34,cool_dry
2000-08-28,0.0,56.72,23.95,7.78,0,2000,8,28,241,35,cool_dry
2000-08-29,0.0,56.72,23.95,7.78,0,2000,8,29,242,35,cool_dry
2000-08-30,0.0,56.72,23.95,7.78,0,2000,8,30,243,35,cool_dry
2000-08-31,0.0,56.72,23.95,7.78,0,2000,8,31,244,35,cool_dry
2000-09-01,0.0,46.29,29.53,12.45,0,2000,9,1,245,35,hot_dry
2000-09-02,0.0,46.29,29.53,12.45,0,2000,9,2,246,35,hot_dry
2000-09-03,0.0,46.29,29.53,12.45,0,2000,9,3,247,35,hot_dry
2000-09-04,0.0,46.29,29.53,12.45,0,2000,9,4,248,36,hot_dry
2000-09-05,0.0,46.29,29.53,12.45,0,2000,9,5,249,36,hot_dry
2000-09-06,0.0,46.29,29.53,12.45,0,2000,9,6,250,36,hot_dry
2000-09-07,0.0,46.29,29.53,12.45,0,2000,9,7,251,36,hot_dry
2000-09-08,0.0,46.29,29.53,12.45,0,2000,9,8,252,36,hot_dry
2000-09-09,0.0,46.29,29.53,12.45,0,2000,9,9,253,36,hot_dry
2000-09-10,0.0,46.29,29.53,12.45,0,2000,9,10,254,36,hot_dry
2000-09-11,0.0,46.29,29.53,12.45,0,2000,9,11,255,37,hot_dry
2000-09-12,0.0,46.29,29.53,12.45,0,2000,9,12,256,37,hot_dry
2000-09-13,0.0,46.29,29.53,12.45,0,2000,9,13,257,37,hot_dry
2000-09-14,0.0,46.29,29.53,12.45,0,2000,9,14,258,37,hot_dry
2000-09-15,0.0,46.29,29.53,12.45,0,2000,9,15,259,37,hot_dry
2000-09-16,0.0,46.29,29.53,12.45,0,2000,9,16,260,37,hot_dry
2000-09-17,0.0,46.29,29.53,12.45,0,2000,9,17,261,37,hot_dry
2000-09-18,0.0,46.29,29.53,12.45,0,2000,9,18,262,38,hot_dry
2000-09-19,0.0,46.29,29.53,12.45,0,2000,9,19,263,38,hot_dry
2000-09-20,0.0,46.29,29.53,12.45,0,2000,9,20,264,38,hot_dry
2000-09-21,0.0,46.29,29.53,12.45,0,2000,9,21,265,38,hot_dry
2000-09-22,0.0,46.29,29.53,12.45,0,2000,9,22,266,38,hot_dry
2000-09-23,0.0,46.29,29.53,12.45,0,2000,9,23,267,38,hot_dry
2000-09-24,0.0,46.29,29.53,12.45,0,2000,9,24,268,38,hot_dry
2000-09-25,0.0,46.29,29.53,12.45,0,2000,9,25,269,39,hot_dry
2000-09-26,0.0,46.29,29.53,12.45,0,2000,9,26,270,39,hot_dry
2000-09-27,0.0,46.29,29.53,12.45,0,2000,9,27,271,39,hot_dry
2000-09-28,0.0,46.29,29.53,12.45,0,2000,9,28,272,39,hot_dry
2000-09-29,0.0,46.29,29.53,12.45,0,2000,9,29,273,39,hot_dry
2000-09-30,0.0,46.29,29.53,12.45,0,2000,9,30,274,39,hot_dry
2000-10-01,0.0,41.03,31.1,14.6,0,2000,10,1,275,39,hot_dry
2000-10-02,0.0,41.03,31.1,14.6,0,2000,10,2,276,40,hot_dry
2000-10-03,0.0,41.03,31.1,14.6,0,2000,10,3,277,40,hot_dry
2000-10-04,0.0,41.03,31.1,14.6,0,2000,10,4,278,40,hot_dry
2000-10-05,0.0,41.03,31.1,14.6,0,2000,10,5,279,40,hot_dry
2000-10-06,0.0,41.03,31.1,14.6,0,2000,10,6,280,40,hot_dry
2000-10-07,0.0,41.03,31.1,14.6,0,2000,10,7,281,40,hot_dry
2000-10-08,0.0,41.03,31.1,14.6,0,2000,10,8,282,40,hot_dry
2000-10-09,0.0,41.03,31.1,14.6,0,2000,10,9,283,41,hot_dry
2000-10-10,0.0,41.03,31.1,14.6,0,2000,10,10,284,41,hot_dry
2000-10-11,0.0,41.03,31.1,14.6,0,2000,10,11,285,41,hot_dry
2000-10-12,0.0,41.03,31.1,14.6,0,2000,10,12,286,41,hot_dry
2000-10-13,0.0,41.03,31.1,14.6,0,2000,10,13,287,41,hot_dry
2000-10-14,0.0,41.03,31.1,14.6,0,2000,10,14,288,41,hot_dry
2000-10-15,0.0,41.03,31.1,14.6,0,2000,10,15,289,41,hot_dry
2000-10-16,0.0,41.03,31.1,14.6,0,2000,10,16,290,42,hot_dry
2000-10-17,0.0,41.03,31.1,14.6,0,2000,10,17,291,42,hot_dry
2000-10-18,0.0,41.03,31.1,14.6,0,2000,10,18,292,42,hot_dry
2000-10-19,0.0,41.03,31.1,14.6,0,2000,10,19,293,42,hot_dry
2000-10-20,0.0,41.03,31.1,14.6,0,2000,10,20,294,42,hot_dry
2000-10-21,0.0,41.03,31.1,14.6,0,2000,10,21,295,42,hot_dry
2000-10-22,0.0,41.03,31.1,14.6,0,2000,10,22,296,42,hot_dry
2000-10-23,0.0,41.03,31.1,14.6,0,2000,10,23,297,43,hot_dry
2000-10-24,0.0,41.03,31.1,14.6,0,2000,10,24,298,43,hot_dry
2000-10-25,0.0,41.03,31.1,14.6,0,2000,10,25,299,43,hot_dry
2000-10-26,0.0,41.03,31.1,14.6,0,2000,10,26,300,43,hot_dry
2000-10-27,0.0,41.03,31.1,14.6,0,2000,10,27,301,43,hot_dry
2000-10-28,0.0,41.03,31.1,14.6,0,2000,10,28,302,43,hot_dry
2000-10-29,0.0,41.03,31.1,14.6,0,2000,10,29,303,43,hot_dry
2000-10-30,0.0,41.03,31.1,14.6,0,2000,10,30,304,44,hot_dry
2000-10-31,0.0,41.03,31.1,14.6,0,2000,10,31,305,44,hot_dry
2000-11-01,3.24,63.7,29.69,16.37,1,2000,11,1,306,44,hot_rainy
2000-11-02,3.24,63.7,29.69,16.37,1,2000,11,2,307,44,hot_rainy
2000-11-03,3.24,63.7,29.69,16.37,1,2000,11,3,308,44,hot_rainy
2000-11-04,3.24,63.7,29.69,16.37,1,2000,11,4,309,44,hot_rainy
2000-11-05,3.24,63.7,29.69,16.37,1,2000,11,5,310,44,hot_rainy
2000-11-06,3.24,63.7,29.69,16.37,1,2000,11,6,311,45,hot_rainy
2000-11-07,3.24,63.7,29.69,16.37,1,2000,11,7,312,45,hot_rainy
2000-11-08,3.24,63.7,29.69,16.37,1,2000,11,8,313,45,hot_rainy
2000-11-09,3.24,63.7,29.69,16.37,1,2000,11,9,314,45,hot_rainy
2000-11-10,3.24,63.7,29.69,16.37,1,2000,11,10,315,45,hot_rainy
2000-11-11,3.24,63.7,29.69,16.37,1,2000,11,11,316,45,hot_rainy
2000-11-12,3.24,63.7,29.69,16.37,1,2000,11,12,317,45,hot_rainy
2000-11-13,3.24,63.7,29.69,16.37,1,2000,11,13,318,46,hot_rainy
2000-11-14,3.24,63.7,29.69,16.37,1,2000,11,14,319,46,hot_rainy
2000-11-15,3.24,63.7,29.69,16.37,1,2000,11,15,320,46,hot_rainy
2000-11-16,3.24,63.7,29.69,16.37,1,2000,11,16,321,46,hot_rainy
2000-11-17,3.24,63.7,29.69,16.37,1,2000,11,17,322,46,hot_rainy
2000-11-18,3.24,63.7,29.69,16.37,1,2000,11,18,323,46,hot_rainy
2000-11-19,3.24,63.7,29.69,16.37,1,2000,11,19,324,46,hot_rainy
2000-11-20,3.24,63.7,29.69,16.37,1,2000,11,20,325,47,hot_rainy
2000-11-21,3.24,63.7,29.69,16.37,1,2000,11,21,326,47,hot_rainy
2000-11-22,3.24,63.7,29.69,16.37,1,2000,11,22,327,47,hot_rainy
2000-11-23,3.24,63.7,29.69,16.37,1,2000,11,23,328,47,hot_rainy
2000-11-24,3.24,63.7,29.69,16.37,1,2000,11,24,329,47,hot_rainy
2000-11-25,3.24,63.7,29.69,16.37,1,2000,11,25,330,47,hot_rainy
2000-11-26,3.24,63.7,29.69,16.37,1,2000,11,26,331,47,hot_rainy
2000-11-27,3.24,63.7,29.69,16.37,1,2000,11,27,332,48,hot_rainy
2000-11-28,3.24,63.7,29.69,16.37,1,2000,11,28,333,48,hot_rainy
2000-11-29,3.24,63.7,29.69,16.37,1,2000,11,29,334,48,hot_rainy
2000-11-30,3.24,63.7,29.69,16.37,1,2000,11,30,335,48,hot_rainy
2000-12-01,6.993548387096775,80.75,27.3,16.73,1,2000,12,1,336,48,hot_rainy
2000-12-02,6.993548387096775,80.75,27.3,16.73,1,2000,12,2,337,48,hot_rainy
2000-12-03,6.993548387096775,80.75,27.3,16.73,1,2000,12,3,338,48,hot_rainy
2000-12-04,6.993548387096775,80.75,27.3,16.73,1,2000,12,4,339,49,hot_rainy
2000-12-05,6.993548387096775,80.75,27.3,16.73,1,2000,12,5,340,49,hot_rainy
2000-12-06,6.993548387096775,80.75,27.3,16.73,1,2000,12,6,341,49,hot_rainy
2000-12-07,6.993548387096775,80.75,27.3,16.73,1,2000,12,7,342,49,hot_rainy
2000-12-08,6.993548387096775,80.75,27.3,16.73,1,2000,12,8,343,49,hot_rainy
2000-12-09,6.993548387096775,80.75,27.3,16.73,1,2000,12,9,344,49,hot_rainy
2000-12-10,6.993548387096775,80.75,27.3,16.73,1,2000,12,10,345,49,hot_rainy
2000-12-11,6.993548387096775,80.75,27.3,16.73,1,2000,12,11,346,50,hot_rainy
2000-12-12,6.993548387096775,80.75,27.3,16.73,1,2000,12,12,347,50,hot_rainy
2000-12-13,6.993548387096775,80.75,27.3,16.73,1,2000,12,13,348,50,hot_rainy
2000-12-14,6.993548387096775,80.75,27.3,16.73,1,2000,12,14,349,50,hot_rainy
2000-12-15,6.993548387096775,80.75,27.3,16.73,1,2000,12,15,350,50,hot_rainy
2000-12-16,6.993548387096775,80.75,27.3,16.73,1,2000,12,16,351,50,hot_rainy
2000-12-17,6.993548387096775,80.75,27.3,16.73,1,2000,12,17,352,50,hot_rainy
2000-12-18,6.993548387096775,80.75,27.3,16.73,1,2000,12,18,353,51,hot_rainy
2000-12-19,6.993548387096775,80.75,27.3,16.73,1,2000,12,19,354,51,hot_rainy
2000-12-20,6.993548387096775,80.75,27.3,16.73,1,2000,12,20,355,51,hot_rainy
2000-12-21,6.993548387096775,80.75,27.3,16.73,1,2000,12,21,356,51,hot_rainy
2000-12-22,6.993548387096775,80.75,27.3,16.73,1,2000,12,22,357,51,hot_rainy
2000-12-23,6.993548387096775,80.75,27.3,16.73,1,2000,12,23,358,51,hot_rainy
2000-12-24,6.993548387096775,80.75,27.3,16.73,1,2000,12,24,359,51,hot_rainy
2000-12-25,6.993548387096775,80.75,27.3,16.73,1,2000,12,25,360,52,hot_rainy
2000-12-26,6.993548387096775,80.75,27.3,16.73,1,2000,12,26,361,52,hot_rainy
2000-12-27,6.993548387096775,80.75,27.3,16.73,1,2000,12,27,362,52,hot_rainy
2000-12-28,6.993548387096775,80.75,27.3,16.73,1,2000,12,28,363,52,hot_rainy
2000-12-29,6.993548387096775,80.75,27.3,16.73,1,2000,12,29,364,52,hot_rainy
2000-12-30,6.993548387096775,80.75,27.3,16.73,1,2000,12,30,365,52,hot_rainy
2000-12-31,6.993548387096775,80.75,27.3,16.73,1,2000,12,31,366,52,hot_rainy
2001-01-01,5.619354838709677,77.0,28.2,16.82,1,2001,1,1,1,1,hot_rainy
2001-01-02,5.619354838709677,77.0,28.2,16.82,1,2001,1,2,2,1,hot_rainy
2001-01-03,5.619354838709677,77.0,28.2,16.82,1,2001,1,3,3,1,hot_rainy
2001-01-04,5.619354838709677,77.0,28.2,16.82,1,2001,1,4,4,1,hot_rainy
2001-01-05,5.619354838709677,77.0,28.2,16.82,1,2001,1,5,5,1,hot_rainy
2001-01-06,5.619354838709677,77.0,28.2,16.82,1,2001,1,6,6,1,hot_rainy
2001-01-07,5.619354838709677,77.0,28.2,16.82,1,2001,1,7,7,1,hot_rainy
2001-01-08,5.619354838709677,77.0,28.2,16.82,1,2001,1,8,8,2,hot_rainy
2001-01-09,5.619354838709677,77.0,28.2,16.82,1,2001,1,9,9,2,hot_rainy
2001-01-10,5.619354838709677,77.0,28.2,16.82,1,2001,1,10,10,2,hot_rainy
2001-01-11,5.619354838709677,77.0,28.2,16.82,1,2001,1,11,11,2,hot_rainy
2001-01-12,5.619354838709677,77.0,28.2,16.82,1,2001,1,12,12,2,hot_rainy
2001-01-13,5.619354838709677,77.0,28.2,16.82,1,2001,1,13,13,2,hot_rainy
2001-01-14,5.619354838709677,77.0,28.2,16.82,1,2001,1,14,14,2,hot_rainy
2001-01-15,5.619354838709677,77.0,28.2,16.82,1,2001,1,15,15,3,hot_rainy
2001-01-16,5.619354838709677,77.0,28.2,16.82,1,2001,1,16,16,3,hot_rainy
2001-01-17,5.619354838709677,77.0,28.2,16.82,1,2001,1,17,17,3,hot_rainy
2001-01-18,5.619354838709677,77.0,28.2,16.82,1,2001,1,18,18,3,hot_rainy
2001-01-19,5.619354838709677,77.0,28.2,16.82,1,2001,1,19,19,3,hot_rainy
2001-01-20,5.619354838709677,77.0,28.2,16.82,1,2001,1,20,20,3,hot_rainy
2001-01-21,5.619354838709677,77.0,28.2,16.82,1,2001,1,21,21,3,hot_rainy
2001-01-22,5.619354838709677,77.0,28.2,16.82,1,2001,1,22,22,4,hot_rainy
2001-01-23,5.619354838709677,77.0,28.2,16.82,1,2001,1,23,23,4,hot_rainy
2001-01-24,5.619354838709677,77.0,28.2,16.82,1,2001,1,24,24,4,hot_rainy
2001-01-25,5.619354838709677,77.0,28.2,16.82,1,2001,1,25,25,4,hot_rainy
2001-01-26,5.619354838709677,77.0,28.2,16.82,1,2001,1,26,26,4,hot_rainy
2001-01-27,5.619354838709677,77.0,28.2,16.82,1,2001,1,27,27,4,hot_rainy
2001-01-28,5.619354838709677,77.0,28.2,16.82,1,2001,1,28,28,4,hot_rainy
2001-01-29,5.619354838709677,77.0,28.2,16.82,1,2001,1,29,29,5,hot_rainy
2001-01-30,5.619354838709677,77.0,28.2,16.82,1,2001,1,30,30,5,hot_rainy
2001-01-31,5.619354838709677,77.0,28.2,16.82,1,2001,1,31,31,5,hot_rainy
2001-02-01,9.407142857142857,78.46233380480905,26.11,17.38,1,2001,2,1,32,5,hot_rainy
2001-02-02,9.407142857142857,78.46233380480905,26.11,17.38,1,2001,2,2,33,5,hot_rainy
2001-02-03,9.407142857142857,78.46233380480905,26.11,17.38,1,2001,2,3,34,5,hot_rainy
2001-02-04,9.407142857142857,78.46233380480905,26.11,17.38,1,2001,2,4,35,5,hot_rainy
2001-02-05,9.407142857142857,78.46233380480905,26.11,17.38,1,2001,2,5,36,6,hot_rainy
2001-02-06,9.407142857142857,78.46233380480905,26.11,17.38,1,2001,2,6,37,6,hot_rainy
2001-02-07,9.407142857142857,78.46233380480905,26.11,17.38,1,2001,2,7,38,6,hot_rainy
2001-02-08,9.407142857142857,78.46233380480905,26.11,17.38,1,2001,2,8,39,6,hot_rainy
2001-02-09,9.407142857142857,78.46233380480905,26.11,17.38,1,2001,2,9,40,6,hot_rainy
2001-02-10,9.407142857142857,78.46233380480905,26.11,17.38,1,2001,2,10,41,6,hot_rainy
2001-02-11,9.407142857142857,78.46233380480905,26.11,17.38,1,2001,2,11,42,6,hot_rainy
2001-02-12,9.407142857142857,78.46233380480905,26.11,17.38,1,2001,2,12,43,7,hot_rainy
2001-02-13,9.407142857142857,78.46233380480905,26.11,17.38,1,2001,2,13,44,7,hot_rainy
2001-02-14,9.407142857142857,78.46233380480905,26.11,17.38,1,2001,2,14,45,7,hot_rainy
2001-02-15,9.407142857142857,78.46233380480905,26.11,17.38,1,2001,2,15,46,7,hot_rainy
2001-02-16,9.407142857142857,78.46233380480905,26.11,17.38,1,2001,2,16,47,7,hot_rainy
2001-02-17,9.407142857142857,78.46233380480905,26.11,17.38,1,2001,2,17,48,7,hot_rainy
2001-02-18,9.407142857142857,78.46233380480905,26.11,17.38,1,2001,2,18,49,7,hot_rainy
2001-02-19,9.407142857142857,78.46233380480905,26.11,17.38,1,2001,2,19,50,8,hot_rainy
2001-02-20,9.407142857142857,78.46233380480905,26.11,17.38,1,2001,2,20,51,8,hot_rainy
2001-02-21,9.407142857142857,78.46233380480905,26.11,17.38,1,2001,2,21,52,8,hot_rainy
2001-02-22,9.407142857142857,78.46233380480905,26.11,17.38,1,2001,2,22,53,8,hot_rainy
2001-02-23,9.407142857142857,78.46233380480905,26.11,17.38,1,2001,2,23,54,8,hot_rainy
2001-02-24,9.407142857142857,78.46233380480905,26.11,17.38,1,2001,2,24,55,8,hot_rainy
2001-02-25,9.407142857142857,78.46233380480905,26.11,17.38,1,2001,2,25,56,8,hot_rainy
2001-02-26,9.407142857142857,78.46233380480905,26.11,17.38,1,2001,2,26,57,9,hot_rainy
2001-02-27,9.407142857142857,78.46233380480905,26.11,17.38,1,2001,2,27,58,9,hot_rainy
2001-02-28,9.407142857142857,78.46233380480905,26.11,17.38,1,2001,2,28,59,9,hot_rainy
2001-03-01,4.119354838709677,74.81722222222223,26.11,16.27,1,2001,3,1,60,9,hot_rainy
2001-03-02,4.119354838709677,74.81722222222223,26.11,16.27,1,2001,3,2,61,9,hot_rainy
2001-03-03,4.119354838709677,74.81722222222223,26.11,16.27,1,2001,3,3,62,9,hot_rainy
2001-03-04,4.119354838709677,74.81722222222223,26.11,16.27,1,2001,3,4,63,9,hot_rainy
2001-03-05,4.119354838709677,74.81722222222223,26.11,16.27,1,2001,3,5,64,10,hot_rainy
2001-03-06,4.119354838709677,74.81722222222223,26.11,16.27,1,2001,3,6,65,10,hot_rainy
2001-03-07,4.119354838709677,74.81722222222223,26.11,16.27,1,2001,3,7,66,10,hot_rainy
2001-03-08,4.119354838709677,74.81722222222223,26.11,16.27,1,2001,3,8,67,10,hot_rainy
2001-03-09,4.119354838709677,74.81722222222223,26.11,16.27,1,2001,3,9,68,10,hot_rainy
2001-03-10,4.119354838709677,74.81722222222223,26.11,16.27,1,2001,3,10,69,10,hot_rainy
2001-03-11,4.119354838709677,74.81722222222223,26.11,16.27,1,2001,3,11,70,10,hot_rainy
2001-03-12,4.119354838709677,74.81722222222223,26.11,16.27,1,2001,3,12,71,11,hot_rainy
2001-03-13,4.119354838709677,74.81722222222223,26.11,16.27,1,2001,3,13,72,11,hot_rainy
2001-03-14,4.119354838709677,74.81722222222223,26.11,16.27,1,2001,3,14,73,11,hot_rainy
2001-03-15,4.119354838709677,74.81722222222223,26.11,16.27,1,2001,3,15,74,11,hot_rainy
2001-03-16,4.119354838709677,74.81722222222223,26.11,16.27,1,2001,3,16,75,11,hot_rainy
2001-03-17,4.119354838709677,74.81722222222223,26.11,16.27,1,2001,3,17,76,11,hot_rainy
2001-03-18,4.119354838709677,74.81722222222223,26.11,16.27,1,2001,3,18,77,11,hot_rainy
2001-03-19,4.119354838709677,74.81722222222223,26.11,16.27,1,2001,3,19,78,12,hot_rainy
2001-03-20,4.119354838709677,74.81722222222223,26.11,16.27,1,2001,3,20,79,12,hot_rainy
2001-03-21,4.119354838709677,74.81722222222223,26.11,16.27,1,2001,3,21,80,12,hot_rainy
2001-03-22,4.119354838709677,74.81722222222223,26.11,16.27,1,2001,3,22,81,12,hot_rainy
2001-03-23,4.119354838709677,74.81722222222223,26.11,16.27,1,2001,3,23,82,12,hot_rainy
2001-03-24,4.119354838709677,74.81722222222223,26.11,16.27,1,2001,3,24,83,12,hot_rainy
2001-03-25,4.119354838709677,74.81722222222223,26.11,16.27,1,2001,3,25,84,12,hot_rainy
2001-03-26,4.119354838709677,74.81722222222223,26.11,16.27,1,2001,3,26,85,13,hot_rainy
2001-03-27,4.119354838709677,74.81722222222223,26.11,16.27,1,2001,3,27,86,13,hot_rainy
2001-03-28,4.119354838709677,74.81722222222223,26.11,16.27,1,2001,3,28,87,13,hot_rainy
2001-03-29,4.119354838709677,74.81722222222223,26.11,16.27,1,2001,3,29,88,13,hot_rainy
2001-03-30,4.119354838709677,74.81722222222223,26.11,16.27,1,2001,3,30,89,13,hot_rainy
2001-03-31,4.119354838709677,74.81722222222223,26.11,16.27,1,2001,3,31,90,13,hot_rainy
2001-04-01,0.8366666666666667,67.55809523809523,26.76,13.73,0,2001,4,1,91,13,hot_rainy
2001-04-02,0.8366666666666667,67.55809523809523,26.76,13.73,0,2001,4,2,92,14,hot_rainy
2001-04-03,0.8366666666666667,67.55809523809523,26.76,13.73,0,2001,4,3,93,14,hot_rainy
2001-04-04,0.8366666666666667,67.55809523809523,26.76,13.73,0,2001,4,4,94,14,hot_rainy
2001-04-05,0.8366666666666667,67.55809523809523,26.76,13.73,0,2001,4,5,95,14,hot_rainy
2001-04-06,0.8366666666666667,67.55809523809523,26.76,13.73,0,2001,4,6,96,14,hot_rainy
2001-04-07,0.8366666666666667,67.55809523809523,26.76,13.73,0,2001,4,7,97,14,hot_rainy
2001-04-08,0.8366666666666667,67.55809523809523,26.76,13.73,0,2001,4,8,98,14,hot_rainy
2001-04-09,0.8366666666666667,67.55809523809523,26.76,13.73,0,2001,4,9,99,15,hot_rainy
2001-04-10,0.8366666666666667,67.55809523809523,26.76,13.73,0,2001,4,10,100,15,hot_rainy
2001-04-11,0.8366666666666667,67.55809523809523,26.76,13.73,0,2001,4,11,101,15,hot_rainy
2001-04-12,0.8366666666666667,67.55809523809523,26.76,13.73,0,2001,4,12,102,15,hot_rainy
2001-04-13,0.8366666666666667,67.55809523809523,26.76,13.73,0,2001,4,13,103,15,hot_rainy
2001-04-14,0.8366666666666667,67.55809523809523,26.76,13.73,0,2001,4,14,104,15,hot_rainy
2001-04-15,0.8366666666666667,67.55809523809523,26.76,13.73,0,2001,4,15,105,15,hot_rainy
2001-04-16,0.8366666666666667,67.55809523809523,26.76,13.73,0,2001,4,16,106,16,hot_rainy
2001-04-17,0.8366666666666667,67.55809523809523,26.76,13.73,0,2001,4,17,107,16,hot_rainy
2001-04-18,0.8366666666666667,67.55809523809523,26.76,13.73,0,2001,4,18,108,16,hot_rainy
2001-04-19,0.8366666666666667,67.55809523809523,26.76,13.73,0,2001,4,19,109,16,hot_rainy
2001-04-20,0.8366666666666667,67.55809523809523,26.76,13.73,0,2001,4,20,110,16,hot_rainy
2001-04-21,0.8366666666666667,67.55809523809523,26.76,13.73,0,2001,4,21,111,16,hot_rainy
2001-04-22,0.8366666666666667,67.55809523809523,26.76,13.73,0,2001,4,22,112,16,hot_rainy
2001-04-23,0.8366666666666667,67.55809523809523,26.76,13.73,0,2001,4,23,113,17,hot_rainy
2001-04-24,0.8366666666666667,67.55809523809523,26.76,13.73,0,2001,4,24,114,17,hot_rainy
2001-04-25,0.8366666666666667,67.55809523809523,26.76,13.73,0,2001,4,25,115,17,hot_rainy
2001-04-26,0.8366666666666667,67.55809523809523,26.76,13.73,0,2001,4,26,116,17,hot_rainy
2001-04-27,0.8366666666666667,67.55809523809523,26.76,13.73,0,2001,4,27,117,17,hot_rainy
2001-04-28,0.8366666666666667,67.55809523809523,26.76,13.73,0,2001,4,28,118,17,hot_rainy
2001-04-29,0.8366666666666667,67.55809523809523,26.76,13.73,0,2001,4,29,119,17,hot_rainy
2001-04-30,0.8366666666666667,67.55809523809523,26.76,13.73,0,2001,4,30,120,18,hot_rainy
2001-05-01,0.0,64.7,24.83,8.11,0,2001,5,1,121,18,cool_dry
2001-05-02,0.0,64.7,24.83,8.11,0,2001,5,2,122,18,cool_dry
2001-05-03,0.0,64.7,24.83,8.11,0,2001,5,3,123,18,cool_dry
2001-05-04,0.0,64.7,24.83,8.11,0,2001,5,4,124,18,cool_dry
2001-05-05,0.0,64.7,24.83,8.11,0,2001,5,5,125,18,cool_dry
2001-05-06,0.0,64.7,24.83,8.11,0,2001,5,6,126,18,cool_dry
2001-05-07,0.0,64.7,24.83,8.11,0,2001,5,7,127,19,cool_dry
2001-05-08,0.0,64.7,24.83,8.11,0,2001,5,8,128,19,cool_dry
2001-05-09,0.0,64.7,24.83,8.11,0,2001,5,9,129,19,cool_dry
2001-05-10,0.0,64.7,24.83,8.11,0,2001,5,10,130,19,cool_dry
2001-05-11,0.0,64.7,24.83,8.11,0,2001,5,11,131,19,cool_dry
2001-05-12,0.0,64.7,24.83,8.11,0,2001,5,12,132,19,cool_dry
2001-05-13,0.0,64.7,24.83,8.11,0,2001,5,13,133,19,cool_dry
2001-05-14,0.0,64.7,24.83,8.11,0,2001,5,14,134,20,cool_dry
2001-05-15,0.0,64.7,24.83,8.11,0,2001,5,15,135,20,cool_dry
2001-05-16,0.0,64.7,24.83,8.11,0,2001,5,16,136,20,cool_dry
2001-05-17,0.0,64.7,24.83,8.11,0,2001,5,17,137,20,cool_dry
2001-05-18,0.0,64.7,24.83,8.11,0,2001,5,18,138,20,cool_dry
2001-05-19,0.0,64.7,24.83,8.11,0,2001,5,19,139,20,cool_dry
2001-05-20,0.0,64.7,24.83,8.11,0,2001,5,20,140,20,cool_dry
2001-05-21,0.0,64.7,24.83,8.11,0,2001,5,21,141,21,cool_dry
2001-05-22,0.0,64.7,24.83,8.11,0,2001,5,22,142,21,cool_dry
2001-05-23,0.0,64.7,24.83,8.11,0,2001,5,23,143,21,cool_dry
2001-05-24,0.0,64.7,24.83,8.11,0,2001,5,24,144,21,cool_dry
2001-05-25,0.0,64.7,24.83,8.11,0,2001,5,25,145,21,cool_dry
2001-05-26,0.0,64.7,24.83,8.11,0,2001,5,26,146,21,cool_dry
2001-05-27,0.0,64.7,24.83,8.11,0,2001,5,27,147,21,cool_dry
2001-05-28,0.0,64.7,24.83,8.11,0,2001,5,28,148,22,cool_dry
2001-05-29,0.0,64.7,24.83,8.11,0,2001,5,29,149,22,cool_dry
2001-05-30,0.0,64.7,24.83,8.11,0,2001,5,30,150,22,cool_dry
2001-05-31,0.0,64.7,24.83,8.11,0,2001,5,31,151,22,cool_dry
2001-06-01,0.0,60.345,22.92,5.91,0,2001,6,1,152,22,cool_dry
2001-06-02,0.0,60.345,22.92,5.91,0,2001,6,2,153,22,cool_dry
2001-06-03,0.0,60.345,22.92,5.91,0,2001,6,3,154,22,cool_dry
2001-06-04,0.0,60.345,22.92,5.91,0,2001,6,4,155,23,cool_dry
2001-06-05,0.0,60.345,22.92,5.91,0,2001,6,5,156,23,cool_dry
2001-06-06,0.0,60.345,22.92,5.91,0,2001,6,6,157,23,cool_dry
2001-06-07,0.0,60.345,22.92,5.91,0,2001,6,7,158,23,cool_dry
2001-06-08,0.0,60.345,22.92,5.91,0,2001,6,8,159,23,cool_dry
2001-06-09,0.0,60.345,22.92,5.91,0,2001,6,9,160,23,cool_dry
2001-06-10,0.0,60.345,22.92,5.91,0,2001,6,10,161,23,cool_dry
2001-06-11,0.0,60.345,22.92,5.91,0,2001,6,11,162,24,cool_dry
2001-06-12,0.0,60.345,22.92,5.91,0,2001,6,12,163,24,cool_dry
2001-06-13,0.0,60.345,22.92,5.91,0,2001,6,13,164,24,cool_dry
2001-06-14,0.0,60.345,22.92,5.91,0,2001,6,14,165,24,cool_dry
2001-06-15,0.0,60.345,22.92,5.91,0,2001,6,15,166,24,cool_dry
2001-06-16,0.0,60.345,22.92,5.91,0,2001,6,16,167,24,cool_dry
2001-06-17,0.0,60.345,22.92,5.91,0,2001,6,17,168,24,cool_dry
2001-06-18,0.0,60.345,22.92,5.91,0,2001,6,18,169,25,cool_dry
2001-06-19,0.0,60.345,22.92,5.91,0,2001,6,19,170,25,cool_dry
2001-06-20,0.0,60.345,22.92,5.91,0,2001,6,20,171,25,cool_dry
2001-06-21,0.0,60.345,22.92,5.91,0,2001,6,21,172,25,cool_dry
2001-06-22,0.0,60.345,22.92,5.91,0,2001,6,22,173,25,cool_dry
2001-06-23,0.0,60.345,22.92,5.91,0,2001,6,23,174,25,cool_dry
2001-06-24,0.0,60.345,22.92,5.91,0,2001,6,24,175,25,cool_dry
2001-06-25,0.0,60.345,22.92,5.91,0,2001,6,25,176,26,cool_dry
2001-06-26,0.0,60.345,22.92,5.91,0,2001,6,26,177,26,cool_dry
2001-06-27,0.0,60.345,22.92,5.91,0,2001,6,27,178,26,cool_dry
2001-06-28,0.0,60.345,22.92,5.91,0,2001,6,28,179,26,cool_dry
2001-06-29,0.0,60.345,22.92,5.91,0,2001,6,29,180,26,cool_dry
2001-06-30,0.0,60.345,22.92,5.91,0,2001,6,30,181,26,cool_dry
2001-07-01,0.041935483870967745,57.51681818181818,23.23,5.5,0,2001,7,1,182,26,cool_dry
2001-07-02,0.041935483870967745,57.51681818181818,23.23,5.5,0,2001,7,2,183,27,cool_dry
2001-07-03,0.041935483870967745,57.51681818181818,23.23,5.5,0,2001,7,3,184,27,cool_dry
2001-07-04,0.041935483870967745,57.51681818181818,23.23,5.5,0,2001,7,4,185,27,cool_dry
2001-07-05,0.041935483870967745,57.51681818181818,23.23,5.5,0,2001,7,5,186,27,cool_dry
2001-07-06,0.041935483870967745,57.51681818181818,23.23,5.5,0,2001,7,6,187,27,cool_dry
2001-07-07,0.041935483870967745,57.51681818181818,23.23,5.5,0,2001,7,7,188,27,cool_dry
2001-07-08,0.041935483870967745,57.51681818181818,23.23,5.5,0,2001,7,8,189,27,cool_dry
2001-07-09,0.041935483870967745,57.51681818181818,23.23,5.5,0,2001,7,9,190,28,cool_dry
2001-07-10,0.041935483870967745,57.51681818181818,23.23,5.5,0,2001,7,10,191,28,cool_dry
2001-07-11,0.041935483870967745,57.51681818181818,23.23,5.5,0,2001,7,11,192,28,cool_dry
2001-07-12,0.041935483870967745,57.51681818181818,23.23,5.5,0,2001,7,12,193,28,cool_dry
2001-07-13,0.041935483870967745,57.51681818181818,23.23,5.5,0,2001,7,13,194,28,cool_dry
2001-07-14,0.041935483870967745,57.51681818181818,23.23,5.5,0,2001,7,14,195,28,cool_dry
2001-07-15,0.041935483870967745,57.51681818181818,23.23,5.5,0,2001,7,15,196,28,cool_dry
2001-07-16,0.041935483870967745,57.51681818181818,23.23,5.5,0,2001,7,16,197,29,cool_dry
2001-07-17,0.041935483870967745,57.51681818181818,23.23,5.5,0,2001,7,17,198,29,cool_dry
2001-07-18,0.041935483870967745,57.51681818181818,23.23,5.5,0,2001,7,18,199,29,cool_dry
2001-07-19,0.041935483870967745,57.51681818181818,23.23,5.5,0,2001,7,19,200,29,cool_dry
2001-07-20,0.041935483870967745,57.51681818181818,23.23,5.5,0,2001,7,20,201,29,cool_dry
2001-07-21,0.041935483870967745,57.51681818181818,23.23,5.5,0,2001,7,21,202,29,cool_dry
2001-07-22,0.041935483870967745,57.51681818181818,23.23,5.5,0,2001,7,22,203,29,cool_dry
2001-07-23,0.041935483870967745,57.51681818181818,23.23,5.5,0,2001,7,23,204,30,cool_dry
2001-07-24,0.041935483870967745,57.51681818181818,23.23,5.5,0,2001,7,24,205,30,cool_dry
2001-07-25,0.041935483870967745,57.51681818181818,23.23,5.5,0,2001,7,25,206,30,cool_dry
2001-07-26,0.041935483870967745,57.51681818181818,23.23,5.5,0,2001,7,26,207,30,cool_dry
2001-07-27,0.041935483870967745,57.51681818181818,23.23,5.5,0,2001,7,27,208,30,cool_dry
2001-07-28,0.041935483870967745,57.51681818181818,23.23,5.5,0,2001,7,28,209,30,cool_dry
2001-07-29,0.041935483870967745,57.51681818181818,23.23,5.5,0,2001,7,29,210,30,cool_dry
2001-07-30,0.041935483870967745,57.51681818181818,23.23,5.5,0,2001,7,30,211,31,cool_dry
2001-07-31,0.041935483870967745,57.51681818181818,23.23,5.5,0,2001,7,31,212,31,cool_dry
2001-08-01,0.0,50.36,27.8,9.63,0,2001,8,1,213,31,cool_dry
2001-08-02,0.0,50.36,27.8,9.63,0,2001,8,2,214,31,cool_dry
2001-08-03,0.0,50.36,27.8,9.63,0,2001,8,3,215,31,cool_dry
2001-08-04,0.0,50.36,27.8,9.63,0,2001,8,4,216,31,cool_dry
2001-08-05,0.0,50.36,27.8,9.63,0,2001,8,5,217,31,cool_dry
2001-08-06,0.0,50.36,27.8,9.63,0,2001,8,6,218,32,cool_dry
2001-08-07,0.0,50.36,27.8,9.63,0,2001,8,7,219,32,cool_dry
2001-08-08,0.0,50.36,27.8,9.63,0,2001,8,8,220,32,cool_dry
2001-08-09,0.0,50.36,27.8,9.63,0,2001,8,9,221,32,cool_dry
2001-08-10,0.0,50.36,27.8,9.63,0,2001,8,10,222,32,cool_dry
2001-08-11,0.0,50.36,27.8,9.63,0,2001,8,11,223,32,cool_dry
2001-08-12,0.0,50.36,27.8,9.63,0,2001,8,12,224,32,cool_dry
2001-08-13,0.0,50.36,27.8,9.63,0,2001,8,13,225,33,cool_dry
2001-08-14,0.0,50.36,27.8,9.63,0,2001,8,14,226,33,cool_dry
2001-08-15,0.0,50.36,27.8,9.63,0,2001,8,15,227,33,cool_dry
2001-08-16,0.0,50.36,27.8,9.63,0,2001,8,16,228,33,cool_dry
2001-08-17,0.0,50.36,27.8,9.63,0,2001,8,17,229,33,cool_dry
2001-08-18,0.0,50.36,27.8,9.63,0,2001,8,18,230,33,cool_dry
2001-08-19,0.0,50.36,27.8,9.63,0,2001,8,19,231,33,cool_dry
2001-08-20,0.0,50.36,27.8,9.63,0,2001,8,20,232,34,cool_dry
2001-08-21,0.0,50.36,27.8,9.63,0,2001,8,21,233,34,cool_dry
2001-08-22,0.0,50.36,27.8,9.63,0,2001,8,22,234,34,cool_dry
2001-08-23,0.0,50.36,27.8,9.63,0,2001,8,23,235,34,cool_dry
2001-08-24,0.0,50.36,27.8,9.63,0,2001,8,24,236,34,cool_dry
2001-08-25,0.0,50.36,27.8,9.63,0,2001,8,25,237,34,cool_dry
2001-08-26,0.0,50.36,27.8,9.63,0,2001,8,26,238,34,cool_dry
2001-08-27,0.0,50.36,27.8,9.63,0,2001,8,27,239,35,cool_dry
2001-08-28,0.0,50.36,27.8,9.63,0,2001,8,28,240,35,cool_dry
2001-08-29,0.0,50.36,27.8,9.63,0,2001,8,29,241,35,cool_dry
2001-08-30,0.0,50.36,27.8,9.63,0,2001,8,30,242,35,cool_dry
2001-08-31,0.0,50.36,27.8,9.63,0,2001,8,31,243,35,cool_dry
2001-09-01,0.14333333333333334,39.47,30.87,13.0,0,2001,9,1,244,35,hot_dry
2001-09-02,0.14333333333333334,39.47,30.87,13.0,0,2001,9,2,245,35,hot_dry
2001-09-03,0.14333333333333334,39.47,30.87,13.0,0,2001,9,3,246,36,hot_dry
2001-09-04,0.14333333333333334,39.47,30.87,13.0,0,2001,9,4,247,36,hot_dry
2001-09-05,0.14333333333333334,39.47,30.87,13.0,0,2001,9,5,248,36,hot_dry
2001-09-06,0.14333333333333334,39.47,30.87,13.0,0,2001,9,6,249,36,hot_dry
2001-09-07,0.14333333333333334,39.47,30.87,13.0,0,2001,9,7,250,36,hot_dry
2001-09-08,0.14333333333333334,39.47,30.87,13.0,0,2001,9,8,251,36,hot_dry
2001-09-09,0.14333333333333334,39.47,30.87,13.0,0,2001,9,9,252,36,hot_dry
2001-09-10,0.14333333333333334,39.47,30.87,13.0,0,2001,9,10,253,37,hot_dry
2001-09-11,0.14333333333333334,39.47,30.87,13.0,0,2001,9,11,254,37,hot_dry
2001-09-12,0.14333333333333334,39.47,30.87,13.0,0,2001,9,12,255,37,hot_dry
2001-09-13,0.14333333333333334,39.47,30.87,13.0,0,2001,9,13,256,37,hot_dry
2001-09-14,0.14333333333333334,39.47,30.87,13.0,0,2001,9,14,257,37,hot_dry
2001-09-15,0.14333333333333334,39.47,30.87,13.0,0,2001,9,15,258,37,hot_dry
2001-09-16,0.14333333333333334,39.47,30.87,13.0,0,2001,9,16,259,37,hot_dry
2001-09-17,0.14333333333333334,39.47,30.87,13.0,0,2001,9,17,260,38,hot_dry
2001-09-18,0.14333333333333334,39.47,30.87,13.0,0,2001,9,18,261,38,hot_dry
2001-09-19,0.14333333333333334,39.47,30.87,13.0,0,2001,9,19,262,38,hot_dry
2001-09-20,0.14333333333333334,39.47,30.87,13.0,0,2001,9,20,263,38,hot_dry
2001-09-21,0.14333333333333334,39.47,30.87,13.0,0,2001,9,21,264,38,hot_dry
2001-09-22,0.14333333333333334,39.47,30.87,13.0,0,2001,9,22,265,38,hot_dry
2001-09-23,0.14333333333333334,39.47,30.87,13.0,0,2001,9,23,266,38,hot_dry
2001-09-24,0.14333333333333334,39.47,30.87,13.0,0,2001,9,24,267,39,hot_dry
2001-09-25,0.14333333333333334,39.47,30.87,13.0,0,2001,9,25,268,39,hot_dry
2001-09-26,0.14333333333333334,39.47,30.87,13.0,0,2001,9,26,269,39,hot_dry
2001-09-27,0.14333333333333334,39.47,30.87,13.0,0,2001,9,27,270,39,hot_dry
2001-09-28,0.14333333333333334,39.47,30.87,13.0,0,2001,9,28,271,39,hot_dry
2001-09-29,0.14333333333333334,39.47,30.87,13.0,0,2001,9,29,272,39,hot_dry
2001-09-30,0.14333333333333334,39.47,30.87,13.0,0,2001,9,30,273,39,hot_dry
2001-10-01,0.14516129032258066,43.23,31.42,14.79,0,2001,10,1,274,40,hot_dry
2001-10-02,0.14516129032258066,43.23,31.42,14.79,0,2001,10,2,275,40,hot_dry
2001-10-03,0.14516129032258066,43.23,31.42,14.79,0,2001,10,3,276,40,hot_dry
2001-10-04,0.14516129032258066,43.23,31.42,14.79,0,2001,10,4,277,40,hot_dry
2001-10-05,0.14516129032258066,43.23,31.42,14.79,0,2001,10,5,278,40,hot_dry
2001-10-06,0.14516129032258066,43.23,31.42,14.79,0,2001,10,6,279,40,hot_dry
2001-10-07,0.14516129032258066,43.23,31.42,14.79,0,2001,10,7,280,40,hot_dry
2001-10-08,0.14516129032258066,43.23,31.42,14.79,0,2001,10,8,281,41,hot_dry
2001-10-09,0.14516129032258066,43.23,31.42,14.79,0,2001,10,9,282,41,hot_dry
2001-10-10,0.14516129032258066,43.23,31.42,14.79,0,2001,10,10,283,41,hot_dry
2001-10-11,0.14516129032258066,43.23,31.42,14.79,0,2001,10,11,284,41,hot_dry
2001-10-12,0.14516129032258066,43.23,31.42,14.79,0,2001,10,12,285,41,hot_dry
2001-10-13,0.14516129032258066,43.23,31.42,14.79,0,2001,10,13,286,41,hot_dry
2001-10-14,0.14516129032258066,43.23,31.42,14.79,0,2001,10,14,287,41,hot_dry
2001-10-15,0.14516129032258066,43.23,31.42,14.79,0,2001,10,15,288,42,hot_dry
2001-10-16,0.14516129032258066,43.23,31.42,14.79,0,2001,10,16,289,42,hot_dry
2001-10-17,0.14516129032258066,43.23,31.42,14.79,0,2001,10,17,290,42,hot_dry
2001-10-18,0.14516129032258066,43.23,31.42,14.79,0,2001,10,18,291,42,hot_dry
2001-10-19,0.14516129032258066,43.23,31.42,14.79,0,2001,10,19,292,42,hot_dry
2001-10-20,0.14516129032258066,43.23,31.42,14.79,0,2001,10,20,293,42,hot_dry
2001-10-21,0.14516129032258066,43.23,31.42,14.79,0,2001,10,21,294,42,hot_dry
2001-10-22,0.14516129032258066,43.23,31.42,14.79,0,2001,10,22,295,43,hot_dry
2001-10-23,0.14516129032258066,43.23,31.42,14.79,0,2001,10,23,296,43,hot_dry
2001-10-24,0.14516129032258066,43.23,31.42,14.79,0,2001,10,24,297,43,hot_dry
2001-10-25,0.14516129032258066,43.23,31.42,14.79,0,2001,10,25,298,43,hot_dry
2001-10-26,0.14516129032258066,43.23,31.42,14.79,0,2001,10,26,299,43,hot_dry
2001-10-27,0.14516129032258066,43.23,31.42,14.79,0,2001,10,27,300,43,hot_dry
2001-10-28,0.14516129032258066,43.23,31.42,14.79,0,2001,10,28,301,43,hot_dry
2001-10-29,0.14516129032258066,43.23,31.42,14.79,0,2001,10,29,302,44,hot_dry
2001-10-30,0.14516129032258066,43.23,31.42,14.79,0,2001,10,30,303,44,hot_dry
2001-10-31,0.14516129032258066,43.23,31.42,14.79,0,2001,10,31,304,44,hot_dry
2001-11-01,3.5933333333333333,71.15,29.66,17.71,1,2001,11,1,305,44,hot_rainy
2001-11-02,3.5933333333333333,71.15,29.66,17.71,1,2001,11,2,306,44,hot_rainy
2001-11-03,3.5933333333333333,71.15,29.66,17.71,1,2001,11,3,307,44,hot_rainy
2001-11-04,3.5933333333333333,71.15,29.66,17.71,1,2001,11,4,308,44,hot_rainy
2001-11-05,3.5933333333333333,71.15,29.66,17.71,1,2001,11,5,309,45,hot_rainy
2001-11-06,3.5933333333333333,71.15,29.66,17.71,1,2001,11,6,310,45,hot_rainy
2001-11-07,3.5933333333333333,71.15,29.66,17.71,1,2001,11,7,311,45,hot_rainy
2001-11-08,3.5933333333333333,71.15,29.66,17.71,1,2001,11,8,312,45,hot_rainy
2001-11-09,3.5933333333333333,71.15,29.66,17.71,1,2001,11,9,313,45,hot_rainy
2001-11-10,3.5933333333333333,71.15,29.66,17.71,1,2001,11,10,314,45,hot_rainy
2001-11-11,3.5933333333333333,71.15,29.66,17.71,1,2001,11,11,315,45,hot_rainy
2001-11-12,3.5933333333333333,71.15,29.66,17.71,1,2001,11,12,316,46,hot_rainy
2001-11-13,3.5933333333333333,71.15,29.66,17.71,1,2001,11,13,317,46,hot_rainy
2001-11-14,3.5933333333333333,71.15,29.66,17.71,1,2001,11,14,318,46,hot_rainy
2001-11-15,3.5933333333333333,71.15,29.66,17.71,1,2001,11,15,319,46,hot_rainy
2001-11-16,3.5933333333333333,71.15,29.66,17.71,1,2001,11,16,320,46,hot_rainy
2001-11-17,3.5933333333333333,71.15,29.66,17.71,1,2001,11,17,321,46,hot_rainy
2001-11-18,3.5933333333333333,71.15,29.66,17.71,1,2001,11,18,322,46,hot_rainy
2001-11-19,3.5933333333333333,71.15,29.66,17.71,1,2001,11,19,323,47,hot_rainy
2001-11-20,3.5933333333333333,71.15,29.66,17.71,1,2001,11,20,324,47,hot_rainy
2001-11-21,3.5933333333333333,71.15,29.66,17.71,1,2001,11,21,325,47,hot_rainy
2001-11-22,3.5933333333333333,71.15,29.66,17.71,1,2001,11,22,326,47,hot_rainy
2001-11-23,3.5933333333333333,71.15,29.66,17.71,1,2001,11,23,327,47,hot_rainy
2001-11-24,3.5933333333333333,71.15,29.66,17.71,1,2001,11,24,328,47,hot_rainy
2001-11-25,3.5933333333333333,71.15,29.66,17.71,1,2001,11,25,329,47,hot_rainy
2001-11-26,3.5933333333333333,71.15,29.66,17.71,1,2001,11,26,330,48,hot_rainy
2001-11-27,3.5933333333333333,71.15,29.66,17.71,1,2001,11,27,331,48,hot_rainy
2001-11-28,3.5933333333333333,71.15,29.66,17.71,1,2001,11,28,332,48,hot_rainy
2001-11-29,3.5933333333333333,71.15,29.66,17.71,1,2001,11,29,333,48,hot_rainy
2001-11-30,3.5933333333333333,71.15,29.66,17.71,1,2001,11,30,334,48,hot_rainy
2001-12-01,4.138709677419355,73.86277777777778,28.74,17.15,1,2001,12,1,335,48,hot_rainy
2001-12-02,4.138709677419355,73.86277777777778,28.74,17.15,1,2001,12,2,336,48,hot_rainy
2001-12-03,4.138709677419355,73.86277777777778,28.74,17.15,1,2001,12,3,337,49,hot_rainy
2001-12-04,4.138709677419355,73.86277777777778,28.74,17.15,1,2001,12,4,338,49,hot_rainy
2001-12-05,4.138709677419355,73.86277777777778,28.74,17.15,1,2001,12,5,339,49,hot_rainy
2001-12-06,4.138709677419355,73.86277777777778,28.74,17.15,1,2001,12,6,340,49,hot_rainy
2001-12-07,4.138709677419355,73.86277777777778,28.74,17.15,1,2001,12,7,341,49,hot_rainy
2001-12-08,4.138709677419355,73.86277777777778,28.74,17.15,1,2001,12,8,342,49,hot_rainy
2001-12-09,4.138709677419355,73.86277777777778,28.74,17.15,1,2001,12,9,343,49,hot_rainy
2001-12-10,4.138709677419355,73.86277777777778,28.74,17.15,1,2001,12,10,344,50,hot_rainy
2001-12-11,4.138709677419355,73.86277777777778,28.74,17.15,1,2001,12,11,345,50,hot_rainy
2001-12-12,4.138709677419355,73.86277777777778,28.74,17.15,1,2001,12,12,346,50,hot_rainy
2001-12-13,4.138709677419355,73.86277777777778,28.74,17.15,1,2001,12,13,347,50,hot_rainy
2001-12-14,4.138709677419355,73.86277777777778,28.74,17.15,1,2001,12,14,348,50,hot_rainy
2001-12-15,4.138709677419355,73.86277777777778,28.74,17.15,1,2001,12,15,349,50,hot_rainy
2001-12-16,4.138709677419355,73.86277777777778,28.74,17.15,1,2001,12,16,350,50,hot_rainy
2001-12-17,4.138709677419355,73.86277777777778,28.74,17.15,1,2001,12,17,351,51,hot_rainy
2001-12-18,4.138709677419355,73.86277777777778,28.74,17.15,1,2001,12,18,352,51,hot_rainy
2001-12-19,4.138709677419355,73.86277777777778,28.74,17.15,1,2001,12,19,353,51,hot_rainy
2001-12-20,4.138709677419355,73.86277777777778,28.74,17.15,1,2001,12,20,354,51,hot_rainy
2001-12-21,4.138709677419355,73.86277777777778,28.74,17.15,1,2001,12,21,355,51,hot_rainy
2001-12-22,4.138709677419355,73.86277777777778,28.74,17.15,1,2001,12,22,356,51,hot_rainy
2001-12-23,4.138709677419355,73.86277777777778,28.74,17.15,1,2001,12,23,357,51,hot_rainy
2001-12-24,4.138709677419355,73.86277777777778,28.74,17.15,1,2001,12,24,358,52,hot_rainy
2001-12-25,4.138709677419355,73.86277777777778,28.74,17.15,1,2001,12,25,359,52,hot_rainy
2001-12-26,4.138709677419355,73.86277777777778,28.74,17.15,1,2001,12,26,360,52,hot_rainy
2001-12-27,4.138709677419355,73.86277777777778,28.74,17.15,1,2001,12,27,361,52,hot_rainy
2001-12-28,4.138709677419355,73.86277777777778,28.74,17.15,1,2001,12,28,362,52,hot_rainy
2001-12-29,4.138709677419355,73.86277777777778,28.74,17.15,1,2001,12,29,363,52,hot_rainy
2001-12-30,4.138709677419355,73.86277777777778,28.74,17.15,1,2001,12,30,364,52,hot_rainy
2001-12-31,4.138709677419355,73.86277777777778,28.74,17.15,1,2001,12,31,365,1,hot_rainy
2002-01-01,5.158064516129032,76.55,28.29,16.66,1,2002,1,1,1,1,hot_rainy
2002-01-02,5.158064516129032,76.55,28.29,16.66,1,2002,1,2,2,1,hot_rainy
2002-01-03,5.158064516129032,76.55,28.29,16.66,1,2002,1,3,3,1,hot_rainy
2002-01-04,5.158064516129032,76.55,28.29,16.66,1,2002,1,4,4,1,hot_rainy
2002-01-05,5.158064516129032,76.55,28.29,16.66,1,2002,1,5,5,1,hot_rainy
2002-01-06,5.158064516129032,76.55,28.29,16.66,1,2002,1,6,6,1,hot_rainy
2002-01-07,5.158064516129032,76.55,28.29,16.66,1,2002,1,7,7,2,hot_rainy
2002-01-08,5.158064516129032,76.55,28.29,16.66,1,2002,1,8,8,2,hot_rainy
2002-01-09,5.158064516129032,76.55,28.29,16.66,1,2002,1,9,9,2,hot_rainy
2002-01-10,5.158064516129032,76.55,28.29,16.66,1,2002,1,10,10,2,hot_rainy
2002-01-11,5.158064516129032,76.55,28.29,16.66,1,2002,1,11,11,2,hot_rainy
2002-01-12,5.158064516129032,76.55,28.29,16.66,1,2002,1,12,12,2,hot_rainy
2002-01-13,5.158064516129032,76.55,28.29,16.66,1,2002,1,13,13,2,hot_rainy
2002-01-14,5.158064516129032,76.55,28.29,16.66,1,2002,1,14,14,3,hot_rainy
2002-01-15,5.158064516129032,76.55,28.29,16.66,1,2002,1,15,15,3,hot_rainy
2002-01-16,5.158064516129032,76.55,28.29,16.66,1,2002,1,16,16,3,hot_rainy
2002-01-17,5.158064516129032,76.55,28.29,16.66,1,2002,1,17,17,3,hot_rainy
2002-01-18,5.158064516129032,76.55,28.29,16.66,1,2002,1,18,18,3,hot_rainy
2002-01-19,5.158064516129032,76.55,28.29,16.66,1,2002,1,19,19,3,hot_rainy
2002-01-20,5.158064516129032,76.55,28.29,16.66,1,2002,1,20,20,3,hot_rainy
2002-01-21,5.158064516129032,76.55,28.29,16.66,1,2002,1,21,21,4,hot_rainy
2002-01-22,5.158064516129032,76.55,28.29,16.66,1,2002,1,22,22,4,hot_rainy
2002-01-23,5.158064516129032,76.55,28.29,16.66,1,2002,1,23,23,4,hot_rainy
2002-01-24,5.158064516129032,76.55,28.29,16.66,1,2002,1,24,24,4,hot_rainy
2002-01-25,5.158064516129032,76.55,28.29,16.66,1,2002,1,25,25,4,hot_rainy
2002-01-26,5.158064516129032,76.55,28.29,16.66,1,2002,1,26,26,4,hot_rainy
2002-01-27,5.158064516129032,76.55,28.29,16.66,1,2002,1,27,27,4,hot_rainy
2002-01-28,5.158064516129032,76.55,28.29,16.66,1,2002,1,28,28,5,hot_rainy
2002-01-29,5.158064516129032,76.55,28.29,16.66,1,2002,1,29,29,5,hot_rainy
2002-01-30,5.158064516129032,76.55,28.29,16.66,1,2002,1,30,30,5,hot_rainy
2002-01-31,5.158064516129032,76.55,28.29,16.66,1,2002,1,31,31,5,hot_rainy
2002-02-01,1.5607142857142857,74.05,29.2,16.28,1,2002,2,1,32,5,hot_rainy
2002-02-02,1.5607142857142857,74.05,29.2,16.28,1,2002,2,2,33,5,hot_rainy
2002-02-03,1.5607142857142857,74.05,29.2,16.28,1,2002,2,3,34,5,hot_rainy
2002-02-04,1.5607142857142857,74.05,29.2,16.28,1,2002,2,4,35,6,hot_rainy
2002-02-05,1.5607142857142857,74.05,29.2,16.28,1,2002,2,5,36,6,hot_rainy
2002-02-06,1.5607142857142857,74.05,29.2,16.28,1,2002,2,6,37,6,hot_rainy
2002-02-07,1.5607142857142857,74.05,29.2,16.28,1,2002,2,7,38,6,hot_rainy
2002-02-08,1.5607142857142857,74.05,29.2,16.28,1,2002,2,8,39,6,hot_rainy
2002-02-09,1.5607142857142857,74.05,29.2,16.28,1,2002,2,9,40,6,hot_rainy
2002-02-10,1.5607142857142857,74.05,29.2,16.28,1,2002,2,10,41,6,hot_rainy
2002-02-11,1.5607142857142857,74.05,29.2,16.28,1,2002,2,11,42,7,hot_rainy
2002-02-12,1.5607142857142857,74.05,29.2,16.28,1,2002,2,12,43,7,hot_rainy
2002-02-13,1.5607142857142857,74.05,29.2,16.28,1,2002,2,13,44,7,hot_rainy
2002-02-14,1.5607142857142857,74.05,29.2,16.28,1,2002,2,14,45,7,hot_rainy
2002-02-15,1.5607142857142857,74.05,29.2,16.28,1,2002,2,15,46,7,hot_rainy
2002-02-16,1.5607142857142857,74.05,29.2,16.28,1,2002,2,16,47,7,hot_rainy
2002-02-17,1.5607142857142857,74.05,29.2,16.28,1,2002,2,17,48,7,hot_rainy
2002-02-18,1.5607142857142857,74.05,29.2,16.28,1,2002,2,18,49,8,hot_rainy
2002-02-19,1.5607142857142857,74.05,29.2,16.28,1,2002,2,19,50,8,hot_rainy
2002-02-20,1.5607142857142857,74.05,29.2,16.28,1,2002,2,20,51,8,hot_rainy
2002-02-21,1.5607142857142857,74.05,29.2,16.28,1,2002,2,21,52,8,hot_rainy
2002-02-22,1.5607142857142857,74.05,29.2,16.28,1,2002,2,22,53,8,hot_rainy
2002-02-23,1.5607142857142857,74.05,29.2,16.28,1,2002,2,23,54,8,hot_rainy
2002-02-24,1.5607142857142857,74.05,29.2,16.28,1,2002,2,24,55,8,hot_rainy
2002-02-25,1.5607142857142857,74.05,29.2,16.28,1,2002,2,25,56,9,hot_rainy
2002-02-26,1.5607142857142857,74.05,29.2,16.28,1,2002,2,26,57,9,hot_rainy
2002-02-27,1.5607142857142857,74.05,29.2,16.28,1,2002,2,27,58,9,hot_rainy
2002-02-28,1.5607142857142857,74.05,29.2,16.28,1,2002,2,28,59,9,hot_rainy
2002-03-01,1.0161290322580645,74.81722222222223,29.95,16.18,1,2002,3,1,60,9,hot_rainy
2002-03-02,1.0161290322580645,74.81722222222223,29.95,16.18,1,2002,3,2,61,9,hot_rainy
2002-03-03,1.0161290322580645,74.81722222222223,29.95,16.18,1,2002,3,3,62,9,hot_rainy
2002-03-04,1.0161290322580645,74.81722222222223,29.95,16.18,1,2002,3,4,63,10,hot_rainy
2002-03-05,1.0161290322580645,74.81722222222223,29.95,16.18,1,2002,3,5,64,10,hot_rainy
2002-03-06,1.0161290322580645,74.81722222222223,29.95,16.18,1,2002,3,6,65,10,hot_rainy
2002-03-07,1.0161290322580645,74.81722222222223,29.95,16.18,1,2002,3,7,66,10,hot_rainy
2002-03-08,1.0161290322580645,74.81722222222223,29.95,16.18,1,2002,3,8,67,10,hot_rainy
2002-03-09,1.0161290322580645,74.81722222222223,29.95,16.18,1,2002,3,9,68,10,hot_rainy
2002-03-10,1.0161290322580645,74.81722222222223,29.95,16.18,1,2002,3,10,69,10,hot_rainy
2002-03-11,1.0161290322580645,74.81722222222223,29.95,16.18,1,2002,3,11,70,11,hot_rainy
2002-03-12,1.0161290322580645,74.81722222222223,29.95,16.18,1,2002,3,12,71,11,hot_rainy
2002-03-13,1.0161290322580645,74.81722222222223,29.95,16.18,1,2002,3,13,72,11,hot_rainy
2002-03-14,1.0161290322580645,74.81722222222223,29.95,16.18,1,2002,3,14,73,11,hot_rainy
2002-03-15,1.0161290322580645,74.81722222222223,29.95,16.18,1,2002,3,15,74,11,hot_rainy
2002-03-16,1.0161290322580645,74.81722222222223,29.95,16.18,1,2002,3,16,75,11,hot_rainy
2002-03-17,1.0161290322580645,74.81722222222223,29.95,16.18,1,2002,3,17,76,11,hot_rainy
2002-03-18,1.0161290322580645,74.81722222222223,29.95,16.18,1,2002,3,18,77,12,hot_rainy
2002-03-19,1.0161290322580645,74.81722222222223,29.95,16.18,1,2002,3,19,78,12,hot_rainy
2002-03-20,1.0161290322580645,74.81722222222223,29.95,16.18,1,2002,3,20,79,12,hot_rainy
2002-03-21,1.0161290322580645,74.81722222222223,29.95,16.18,1,2002,3,21,80,12,hot_rainy
2002-03-22,1.0161290322580645,74.81722222222223,29.95,16.18,1,2002,3,22,81,12,hot_rainy
2002-03-23,1.0161290322580645,74.81722222222223,29.95,16.18,1,2002,3,23,82,12,hot_rainy
2002-03-24,1.0161290322580645,74.81722222222223,29.95,16.18,1,2002,3,24,83,12,hot_rainy
2002-03-25,1.0161290322580645,74.81722222222223,29.95,16.18,1,2002,3,25,84,13,hot_rainy
2002-03-26,1.0161290322580645,74.81722222222223,29.95,16.18,1,2002,3,26,85,13,hot_rainy
2002-03-27,1.0161290322580645,74.81722222222223,29.95,16.18,1,2002,3,27,86,13,hot_rainy
2002-03-28,1.0161290322580645,74.81722222222223,29.95,16.18,1,2002,3,28,87,13,hot_rainy
2002-03-29,1.0161290322580645,74.81722222222223,29.95,16.18,1,2002,3,29,88,13,hot_rainy
2002-03-30,1.0161290322580645,74.81722222222223,29.95,16.18,1,2002,3,30,89,13,hot_rainy
2002-03-31,1.0161290322580645,74.81722222222223,29.95,16.18,1,2002,3,31,90,13,hot_rainy
2002-04-01,4.666666666666667,70.24,26.85,12.9,1,2002,4,1,91,14,hot_rainy
2002-04-02,4.666666666666667,70.24,26.85,12.9,1,2002,4,2,92,14,hot_rainy
2002-04-03,4.666666666666667,70.24,26.85,12.9,1,2002,4,3,93,14,hot_rainy
2002-04-04,4.666666666666667,70.24,26.85,12.9,1,2002,4,4,94,14,hot_rainy
2002-04-05,4.666666666666667,70.24,26.85,12.9,1,2002,4,5,95,14,hot_rainy
2002-04-06,4.666666666666667,70.24,26.85,12.9,1,2002,4,6,96,14,hot_rainy
2002-04-07,4.666666666666667,70.24,26.85,12.9,1,2002,4,7,97,14,hot_rainy
2002-04-08,4.666666666666667,70.24,26.85,12.9,1,2002,4,8,98,15,hot_rainy
2002-04-09,4.666666666666667,70.24,26.85,12.9,1,2002,4,9,99,15,hot_rainy
2002-04-10,4.666666666666667,70.24,26.85,12.9,1,2002,4,10,100,15,hot_rainy
2002-04-11,4.666666666666667,70.24,26.85,12.9,1,2002,4,11,101,15,hot_rainy
2002-04-12,4.666666666666667,70.24,26.85,12.9,1,2002,4,12,102,15,hot_rainy
2002-04-13,4.666666666666667,70.24,26.85,12.9,1,2002,4,13,103,15,hot_rainy
2002-04-14,4.666666666666667,70.24,26.85,12.9,1,2002,4,14,104,15,hot_rainy
2002-04-15,4.666666666666667,70.24,26.85,12.9,1,2002,4,15,105,16,hot_rainy
2002-04-16,4.666666666666667,70.24,26.85,12.9,1,2002,4,16,106,16,hot_rainy
2002-04-17,4.666666666666667,70.24,26.85,12.9,1,2002,4,17,107,16,hot_rainy
2002-04-18,4.666666666666667,70.24,26.85,12.9,1,2002,4,18,108,16,hot_rainy
2002-04-19,4.666666666666667,70.24,26.85,12.9,1,2002,4,19,109,16,hot_rainy
2002-04-20,4.666666666666667,70.24,26.85,12.9,1,2002,4,20,110,16,hot_rainy
2002-04-21,4.666666666666667,70.24,26.85,12.9,1,2002,4,21,111,16,hot_rainy
2002-04-22,4.666666666666667,70.24,26.85,12.9,1,2002,4,22,112,17,hot_rainy
2002-04-23,4.666666666666667,70.24,26.85,12.9,1,2002,4,23,113,17,hot_rainy
2002-04-24,4.666666666666667,70.24,26.85,12.9,1,2002,4,24,114,17,hot_rainy
2002-04-25,4.666666666666667,70.24,26.85,12.9,1,2002,4,25,115,17,hot_rainy
2002-04-26,4.666666666666667,70.24,26.85,12.9,1,2002,4,26,116,17,hot_rainy
2002-04-27,4.666666666666667,70.24,26.85,12.9,1,2002,4,27,117,17,hot_rainy
2002-04-28,4.666666666666667,70.24,26.85,12.9,1,2002,4,28,118,17,hot_rainy
2002-04-29,4.666666666666667,70.24,26.85,12.9,1,2002,4,29,119,18,hot_rainy
2002-04-30,4.666666666666667,70.24,26.85,12.9,1,2002,4,30,120,18,hot_rainy
2002-05-01,0.0,61.15,26.32,8.69,0,2002,5,1,121,18,cool_dry
2002-05-02,0.0,61.15,26.32,8.69,0,2002,5,2,122,18,cool_dry
2002-05-03,0.0,61.15,26.32,8.69,0,2002,5,3,123,18,cool_dry
2002-05-04,0.0,61.15,26.32,8.69,0,2002,5,4,124,18,cool_dry
2002-05-05,0.0,61.15,26.32,8.69,0,2002,5,5,125,18,cool_dry
2002-05-06,0.0,61.15,26.32,8.69,0,2002,5,6,126,19,cool_dry
2002-05-07,0.0,61.15,26.32,8.69,0,2002,5,7,127,19,cool_dry
2002-05-08,0.0,61.15,26.32,8.69,0,2002,5,8,128,19,cool_dry
2002-05-09,0.0,61.15,26.32,8.69,0,2002,5,9,129,19,cool_dry
2002-05-10,0.0,61.15,26.32,8.69,0,2002,5,10,130,19,cool_dry
2002-05-11,0.0,61.15,26.32,8.69,0,2002,5,11,131,19,cool_dry
2002-05-12,0.0,61.15,26.32,8.69,0,2002,5,12,132,19,cool_dry
2002-05-13,0.0,61.15,26.32,8.69,0,2002,5,13,133,20,cool_dry
2002-05-14,0.0,61.15,26.32,8.69,0,2002,5,14,134,20,cool_dry
2002-05-15,0.0,61.15,26.32,8.69,0,2002,5,15,135,20,cool_dry
2002-05-16,0.0,61.15,26.32,8.69,0,2002,5,16,136,20,cool_dry
2002-05-17,0.0,61.15,26.32,8.69,0,2002,5,17,137,20,cool_dry
2002-05-18,0.0,61.15,26.32,8.69,0,2002,5,18,138,20,cool_dry
2002-05-19,0.0,61.15,26.32,8.69,0,2002,5,19,139,20,cool_dry
2002-05-20,0.0,61.15,26.32,8.69,0,2002,5,20,140,21,cool_dry
2002-05-21,0.0,61.15,26.32,8.69,0,2002,5,21,141,21,cool_dry
2002-05-22,0.0,61.15,26.32,8.69,0,2002,5,22,142,21,cool_dry
2002-05-23,0.0,61.15,26.32,8.69,0,2002,5,23,143,21,cool_dry
2002-05-24,0.0,61.15,26.32,8.69,0,2002,5,24,144,21,cool_dry
2002-05-25,0.0,61.15,26.32,8.69,0,2002,5,25,145,21,cool_dry
2002-05-26,0.0,61.15,26.32,8.69,0,2002,5,26,146,21,cool_dry
2002-05-27,0.0,61.15,26.32,8.69,0,2002,5,27,147,22,cool_dry
2002-05-28,0.0,61.15,26.32,8.69,0,2002,5,28,148,22,cool_dry
2002-05-29,0.0,61.15,26.32,8.69,0,2002,5,29,149,22,cool_dry
2002-05-30,0.0,61.15,26.32,8.69,0,2002,5,30,150,22,cool_dry
2002-05-31,0.0,61.15,26.32,8.69,0,2002,5,31,151,22,cool_dry
2002-06-01,0.12333333333333334,61.8,22.53,7.03,0,2002,6,1,152,22,cool_dry
2002-06-02,0.12333333333333334,61.8,22.53,7.03,0,2002,6,2,153,22,cool_dry
2002-06-03,0.12333333333333334,61.8,22.53,7.03,0,2002,6,3,154,23,cool_dry
2002-06-04,0.12333333333333334,61.8,22.53,7.03,0,2002,6,4,155,23,cool_dry
2002-06-05,0.12333333333333334,61.8,22.53,7.03,0,2002,6,5,156,23,cool_dry
2002-06-06,0.12333333333333334,61.8,22.53,7.03,0,2002,6,6,157,23,cool_dry
2002-06-07,0.12333333333333334,61.8,22.53,7.03,0,2002,6,7,158,23,cool_dry
2002-06-08,0.12333333333333334,61.8,22.53,7.03,0,2002,6,8,159,23,cool_dry
2002-06-09,0.12333333333333334,61.8,22.53,7.03,0,2002,6,9,160,23,cool_dry
2002-06-10,0.12333333333333334,61.8,22.53,7.03,0,2002,6,10,161,24,cool_dry
2002-06-11,0.12333333333333334,61.8,22.53,7.03,0,2002,6,11,162,24,cool_dry
2002-06-12,0.12333333333333334,61.8,22.53,7.03,0,2002,6,12,163,24,cool_dry
2002-06-13,0.12333333333333334,61.8,22.53,7.03,0,2002,6,13,164,24,cool_dry
2002-06-14,0.12333333333333334,61.8,22.53,7.03,0,2002,6,14,165,24,cool_dry
2002-06-15,0.12333333333333334,61.8,22.53,7.03,0,2002,6,15,166,24,cool_dry
2002-06-16,0.12333333333333334,61.8,22.53,7.03,0,2002,6,16,167,24,cool_dry
2002-06-17,0.12333333333333334,61.8,22.53,7.03,0,2002,6,17,168,25,cool_dry
2002-06-18,0.12333333333333334,61.8,22.53,7.03,0,2002,6,18,169,25,cool_dry
2002-06-19,0.12333333333333334,61.8,22.53,7.03,0,2002,6,19,170,25,cool_dry
2002-06-20,0.12333333333333334,61.8,22.53,7.03,0,2002,6,20,171,25,cool_dry
2002-06-21,0.12333333333333334,61.8,22.53,7.03,0,2002,6,21,172,25,cool_dry
2002-06-22,0.12333333333333334,61.8,22.53,7.03,0,2002,6,22,173,25,cool_dry
2002-06-23,0.12333333333333334,61.8,22.53,7.03,0,2002,6,23,174,25,cool_dry
2002-06-24,0.12333333333333334,61.8,22.53,7.03,0,2002,6,24,175,26,cool_dry
2002-06-25,0.12333333333333334,61.8,22.53,7.03,0,2002,6,25,176,26,cool_dry
2002-06-26,0.12333333333333334,61.8,22.53,7.03,0,2002,6,26,177,26,cool_dry
2002-06-27,0.12333333333333334,61.8,22.53,7.03,0,2002,6,27,178,26,cool_dry
2002-06-28,0.12333333333333334,61.8,22.53,7.03,0,2002,6,28,179,26,cool_dry
2002-06-29,0.12333333333333334,61.8,22.53,7.03,0,2002,6,29,180,26,cool_dry
2002-06-30,0.12333333333333334,61.8,22.53,7.03,0,2002,6,30,181,26,cool_dry
2002-07-01,0.0,51.1,26.51,7.66,0,2002,7,1,182,27,cool_dry
2002-07-02,0.0,51.1,26.51,7.66,0,2002,7,2,183,27,cool_dry
2002-07-03,0.0,51.1,26.51,7.66,0,2002,7,3,184,27,cool_dry
2002-07-04,0.0,51.1,26.51,7.66,0,2002,7,4,185,27,cool_dry
2002-07-05,0.0,51.1,26.51,7.66,0,2002,7,5,186,27,cool_dry
2002-07-06,0.0,51.1,26.51,7.66,0,2002,7,6,187,27,cool_dry
2002-07-07,0.0,51.1,26.51,7.66,0,2002,7,7,188,27,cool_dry
2002-07-08,0.0,51.1,26.51,7.66,0,2002,7,8,189,28,cool_dry
2002-07-09,0.0,51.1,26.51,7.66,0,2002,7,9,190,28,cool_dry
2002-07-10,0.0,51.1,26.51,7.66,0,2002,7,10,191,28,cool_dry
2002-07-11,0.0,51.1,26.51,7.66,0,2002,7,11,192,28,cool_dry
2002-07-12,0.0,51.1,26.51,7.66,0,2002,7,12,193,28,cool_dry
2002-07-13,0.0,51.1,26.51,7.66,0,2002,7,13,194,28,cool_dry
2002-07-14,0.0,51.1,26.51,7.66,0,2002,7,14,195,28,cool_dry
2002-07-15,0.0,51.1,26.51,7.66,0,2002,7,15,196,29,cool_dry
2002-07-16,0.0,51.1,26.51,7.66,0,2002,7,16,197,29,cool_dry
2002-07-17,0.0,51.1,26.51,7.66,0,2002,7,17,198,29,cool_dry
2002-07-18,0.0,51.1,26.51,7.66,0,2002,7,18,199,29,cool_dry
2002-07-19,0.0,51.1,26.51,7.66,0,2002,7,19,200,29,cool_dry
2002-07-20,0.0,51.1,26.51,7.66,0,2002,7,20,201,29,cool_dry
2002-07-21,0.0,51.1,26.51,7.66,0,2002,7,21,202,29,cool_dry
2002-07-22,0.0,51.1,26.51,7.66,0,2002,7,22,203,30,cool_dry
2002-07-23,0.0,51.1,26.51,7.66,0,2002,7,23,204,30,cool_dry
2002-07-24,0.0,51.1,26.51,7.66,0,2002,7,24,205,30,cool_dry
2002-07-25,0.0,51.1,26.51,7.66,0,2002,7,25,206,30,cool_dry
2002-07-26,0.0,51.1,26.51,7.66,0,2002,7,26,207,30,cool_dry
2002-07-27,0.0,51.1,26.51,7.66,0,2002,7,27,208,30,cool_dry
2002-07-28,0.0,51.1,26.51,7.66,0,2002,7,28,209,30,cool_dry
2002-07-29,0.0,51.1,26.51,7.66,0,2002,7,29,210,31,cool_dry
2002-07-30,0.0,51.1,26.51,7.66,0,2002,7,30,211,31,cool_dry
2002-07-31,0.0,51.1,26.51,7.66,0,2002,7,31,212,31,cool_dry
2002-08-01,0.0,53.0,26.73,10.05,0,2002,8,1,213,31,cool_dry
2002-08-02,0.0,53.0,26.73,10.05,0,2002,8,2,214,31,cool_dry
2002-08-03,0.0,53.0,26.73,10.05,0,2002,8,3,215,31,cool_dry
2002-08-04,0.0,53.0,26.73,10.05,0,2002,8,4,216,31,cool_dry
2002-08-05,0.0,53.0,26.73,10.05,0,2002,8,5,217,32,cool_dry
2002-08-06,0.0,53.0,26.73,10.05,0,2002,8,6,218,32,cool_dry
2002-08-07,0.0,53.0,26.73,10.05,0,2002,8,7,219,32,cool_dry
2002-08-08,0.0,53.0,26.73,10.05,0,2002,8,8,220,32,cool_dry
2002-08-09,0.0,53.0,26.73,10.05,0,2002,8,9,221,32,cool_dry
2002-08-10,0.0,53.0,26.73,10.05,0,2002,8,10,222,32,cool_dry
2002-08-11,0.0,53.0,26.73,10.05,0,2002,8,11,223,32,cool_dry
2002-08-12,0.0,53.0,26.73,10.05,0,2002,8,12,224,33,cool_dry
2002-08-13,0.0,53.0,26.73,10.05,0,2002,8,13,225,33,cool_dry
2002-08-14,0.0,53.0,26.73,10.05,0,2002,8,14,226,33,cool_dry
2002-08-15,0.0,53.0,26.73,10.05,0,2002,8,15,227,33,cool_dry
2002-08-16,0.0,53.0,26.73,10.05,0,2002,8,16,228,33,cool_dry
2002-08-17,0.0,53.0,26.73,10.05,0,2002,8,17,229,33,cool_dry
2002-08-18,0.0,53.0,26.73,10.05,0,2002,8,18,230,33,cool_dry
2002-08-19,0.0,53.0,26.73,10.05,0,2002,8,19,231,34,cool_dry
2002-08-20,0.0,53.0,26.73,10.05,0,2002,8,20,232,34,cool_dry
2002-08-21,0.0,53.0,26.73,10.05,0,2002,8,21,233,34,cool_dry
2002-08-22,0.0,53.0,26.73,10.05,0,2002,8,22,234,34,cool_dry
2002-08-23,0.0,53.0,26.73,10.05,0,2002,8,23,235,34,cool_dry
2002-08-24,0.0,53.0,26.73,10.05,0,2002,8,24,236,34,cool_dry
2002-08-25,0.0,53.0,26.73,10.05,0,2002,8,25,237,34,cool_dry
2002-08-26,0.0,53.0,26.73,10.05,0,2002,8,26,238,35,cool_dry
2002-08-27,0.0,53.0,26.73,10.05,0,2002,8,27,239,35,cool_dry
2002-08-28,0.0,53.0,26.73,10.05,0,2002,8,28,240,35,cool_dry
2002-08-29,0.0,53.0,26.73,10.05,0,2002,8,29,241,35,cool_dry
2002-08-30,0.0,53.0,26.73,10.05,0,2002,8,30,242,35,cool_dry
2002-08-31,0.0,53.0,26.73,10.05,0,2002,8,31,243,35,cool_dry
2002-09-01,0.2533333333333333,42.19,29.07,12.34,0,2002,9,1,244,35,hot_dry
2002-09-02,0.2533333333333333,42.19,29.07,12.34,0,2002,9,2,245,36,hot_dry
2002-09-03,0.2533333333333333,42.19,29.07,12.34,0,2002,9,3,246,36,hot_dry
2002-09-04,0.2533333333333333,42.19,29.07,12.34,0,2002,9,4,247,36,hot_dry
2002-09-05,0.2533333333333333,42.19,29.07,12.34,0,2002,9,5,248,36,hot_dry
2002-09-06,0.2533333333333333,42.19,29.07,12.34,0,2002,9,6,249,36,hot_dry
2002-09-07,0.2533333333333333,42.19,29.07,12.34,0,2002,9,7,250,36,hot_dry
2002-09-08,0.2533333333333333,42.19,29.07,12.34,0,2002,9,8,251,36,hot_dry
2002-09-09,0.2533333333333333,42.19,29.07,12.34,0,2002,9,9,252,37,hot_dry
2002-09-10,0.2533333333333333,42.19,29.07,12.34,0,2002,9,10,253,37,hot_dry
2002-09-11,0.2533333333333333,42.19,29.07,12.34,0,2002,9,11,254,37,hot_dry
2002-09-12,0.2533333333333333,42.19,29.07,12.34,0,2002,9,12,255,37,hot_dry
2002-09-13,0.2533333333333333,42.19,29.07,12.34,0,2002,9,13,256,37,hot_dry
2002-09-14,0.2533333333333333,42.19,29.07,12.34,0,2002,9,14,257,37,hot_dry
2002-09-15,0.2533333333333333,42.19,29.07,12.34,0,2002,9,15,258,37,hot_dry
2002-09-16,0.2533333333333333,42.19,29.07,12.34,0,2002,9,16,259,38,hot_dry
2002-09-17,0.2533333333333333,42.19,29.07,12.34,0,2002,9,17,260,38,hot_dry
2002-09-18,0.2533333333333333,42.19,29.07,12.34,0,2002,9,18,261,38,hot_dry
2002-09-19,0.2533333333333333,42.19,29.07,12.34,0,2002,9,19,262,38,hot_dry
2002-09-20,0.2533333333333333,42.19,29.07,12.34,0,2002,9,20,263,38,hot_dry
2002-09-21,0.2533333333333333,42.19,29.07,12.34,0,2002,9,21,264,38,hot_dry
2002-09-22,0.2533333333333333,42.19,29.07,12.34,0,2002,9,22,265,38,hot_dry
2002-09-23,0.2533333333333333,42.19,29.07,12.34,0,2002,9,23,266,39,hot_dry
2002-09-24,0.2533333333333333,42.19,29.07,12.34,0,2002,9,24,267,39,hot_dry
2002-09-25,0.2533333333333333,42.19,29.07,12.34,0,2002,9,25,268,39,hot_dry
2002-09-26,0.2533333333333333,42.19,29.07,12.34,0,2002,9,26,269,39,hot_dry
2002-09-27,0.2533333333333333,42.19,29.07,12.34,0,2002,9,27,270,39,hot_dry
2002-09-28,0.2533333333333333,42.19,29.07,12.34,0,2002,9,28,271,39,hot_dry
2002-09-29,0.2533333333333333,42.19,29.07,12.34,0,2002,9,29,272,39,hot_dry
2002-09-30,0.2533333333333333,42.19,29.07,12.34,0,2002,9,30,273,40,hot_dry
2002-10-01,1.364516129032258,52.14,30.68,15.95,1,2002,10,1,274,40,hot_dry
2002-10-02,1.364516129032258,52.14,30.68,15.95,1,2002,10,2,275,40,hot_dry
2002-10-03,1.364516129032258,52.14,30.68,15.95,1,2002,10,3,276,40,hot_dry
2002-10-04,1.364516129032258,52.14,30.68,15.95,1,2002,10,4,277,40,hot_dry
2002-10-05,1.364516129032258,52.14,30.68,15.95,1,2002,10,5,278,40,hot_dry
2002-10-06,1.364516129032258,52.14,30.68,15.95,1,2002,10,6,279,40,hot_dry
2002-10-07,1.364516129032258,52.14,30.68,15.95,1,2002,10,7,280,41,hot_dry
2002-10-08,1.364516129032258,52.14,30.68,15.95,1,2002,10,8,281,41,hot_dry
2002-10-09,1.364516129032258,52.14,30.68,15.95,1,2002,10,9,282,41,hot_dry
2002-10-10,1.364516129032258,52.14,30.68,15.95,1,2002,10,10,283,41,hot_dry
2002-10-11,1.364516129032258,52.14,30.68,15.95,1,2002,10,11,284,41,hot_dry
2002-10-12,1.364516129032258,52.14,30.68,15.95,1,2002,10,12,285,41,hot_dry
2002-10-13,1.364516129032258,52.14,30.68,15.95,1,2002,10,13,286,41,hot_dry
2002-10-14,1.364516129032258,52.14,30.68,15.95,1,2002,10,14,287,42,hot_dry
2002-10-15,1.364516129032258,52.14,30.68,15.95,1,2002,10,15,288,42,hot_dry
2002-10-16,1.364516129032258,52.14,30.68,15.95,1,2002,10,16,289,42,hot_dry
2002-10-17,1.364516129032258,52.14,30.68,15.95,1,2002,10,17,290,42,hot_dry
2002-10-18,1.364516129032258,52.14,30.68,15.95,1,2002,10,18,291,42,hot_dry
2002-10-19,1.364516129032258,52.14,30.68,15.95,1,2002,10,19,292,42,hot_dry
2002-10-20,1.364516129032258,52.14,30.68,15.95,1,2002,10,20,293,42,hot_dry
2002-10-21,1.364516129032258,52.14,30.68,15.95,1,2002,10,21,294,43,hot_dry
2002-10-22,1.364516129032258,52.14,30.68,15.95,1,2002,10,22,295,43,hot_dry
2002-10-23,1.364516129032258,52.14,30.68,15.95,1,2002,10,23,296,43,hot_dry
2002-10-24,1.364516129032258,52.14,30.68,15.95,1,2002,10,24,297,43,hot_dry
2002-10-25,1.364516129032258,52.14,30.68,15.95,1,2002,10,25,298,43,hot_dry
2002-10-26,1.364516129032258,52.14,30.68,15.95,1,2002,10,26,299,43,hot_dry
2002-10-27,1.364516129032258,52.14,30.68,15.95,1,2002,10,27,300,43,hot_dry
2002-10-28,1.364516129032258,52.14,30.68,15.95,1,2002,10,28,301,44,hot_dry
2002-10-29,1.364516129032258,52.14,30.68,15.95,1,2002,10,29,302,44,hot_dry
2002-10-30,1.364516129032258,52.14,30.68,15.95,1,2002,10,30,303,44,hot_dry
2002-10-31,1.364516129032258,52.14,30.68,15.95,1,2002,10,31,304,44,hot_dry
2002-11-01,1.6,57.0,29.88,16.16,1,2002,11,1,305,44,hot_rainy
2002-11-02,1.6,57.0,29.88,16.16,1,2002,11,2,306,44,hot_rainy
2002-11-03,1.6,57.0,29.88,16.16,1,2002,11,3,307,44,hot_rainy
2002-11-04,1.6,57.0,29.88,16.16,1,2002,11,4,308,45,hot_rainy
2002-11-05,1.6,57.0,29.88,16.16,1,2002,11,5,309,45,hot_rainy
2002-11-06,1.6,57.0,29.88,16.16,1,2002,11,6,310,45,hot_rainy
2002-11-07,1.6,57.0,29.88,16.16,1,2002,11,7,311,45,hot_rainy
2002-11-08,1.6,57.0,29.88,16.16,1,2002,11,8,312,45,hot_rainy
2002-11-09,1.6,57.0,29.88,16.16,1,2002,11,9,313,45,hot_rainy
2002-11-10,1.6,57.0,29.88,16.16,1,2002,11,10,314,45,hot_rainy
2002-11-11,1.6,57.0,29.88,16.16,1,2002,11,11,315,46,hot_rainy
2002-11-12,1.6,57.0,29.88,16.16,1,2002,11,12,316,46,hot_rainy
2002-11-13,1.6,57.0,29.88,16.16,1,2002,11,13,317,46,hot_rainy
2002-11-14,1.6,57.0,29.88,16.16,1,2002,11,14,318,46,hot_rainy
2002-11-15,1.6,57.0,29.88,16.16,1,2002,11,15,319,46,hot_rainy
2002-11-16,1.6,57.0,29.88,16.16,1,2002,11,16,320,46,hot_rainy
2002-11-17,1.6,57.0,29.88,16.16,1,2002,11,17,321,46,hot_rainy
2002-11-18,1.6,57.0,29.88,16.16,1,2002,11,18,322,47,hot_rainy
2002-11-19,1.6,57.0,29.88,16.16,1,2002,11,19,323,47,hot_rainy
2002-11-20,1.6,57.0,29.88,16.16,1,2002,11,20,324,47,hot_rainy
2002-11-21,1.6,57.0,29.88,16.16,1,2002,11,21,325,47,hot_rainy
2002-11-22,1.6,57.0,29.88,16.16,1,2002,11,22,326,47,hot_rainy
2002-11-23,1.6,57.0,29.88,16.16,1,2002,11,23,327,47,hot_rainy
2002-11-24,1.6,57.0,29.88,16.16,1,2002,11,24,328,47,hot_rainy
2002-11-25,1.6,57.0,29.88,16.16,1,2002,11,25,329,48,hot_rainy
2002-11-26,1.6,57.0,29.88,16.16,1,2002,11,26,330,48,hot_rainy
2002-11-27,1.6,57.0,29.88,16.16,1,2002,11,27,331,48,hot_rainy
2002-11-28,1.6,57.0,29.88,16.16,1,2002,11,28,332,48,hot_rainy
2002-11-29,1.6,57.0,29.88,16.16,1,2002,11,29,333,48,hot_rainy
2002-11-30,1.6,57.0,29.88,16.16,1,2002,11,30,334,48,hot_rainy
2002-12-01,3.07741935483871,73.86277777777778,29.26,17.49,1,2002,12,1,335,48,hot_rainy
2002-12-02,3.07741935483871,73.86277777777778,29.26,17.49,1,2002,12,2,336,49,hot_rainy
2002-12-03,3.07741935483871,73.86277777777778,29.26,17.49,1,2002,12,3,337,49,hot_rainy
2002-12-04,3.07741935483871,73.86277777777778,29.26,17.49,1,2002,12,4,338,49,hot_rainy
2002-12-05,3.07741935483871,73.86277777777778,29.26,17.49,1,2002,12,5,339,49,hot_rainy
2002-12-06,3.07741935483871,73.86277777777778,29.26,17.49,1,2002,12,6,340,49,hot_rainy
2002-12-07,3.07741935483871,73.86277777777778,29.26,17.49,1,2002,12,7,341,49,hot_rainy
2002-12-08,3.07741935483871,73.86277777777778,29.26,17.49,1,2002,12,8,342,49,hot_rainy
2002-12-09,3.07741935483871,73.86277777777778,29.26,17.49,1,2002,12,9,343,50,hot_rainy
2002-12-10,3.07741935483871,73.86277777777778,29.26,17.49,1,2002,12,10,344,50,hot_rainy
2002-12-11,3.07741935483871,73.86277777777778,29.26,17.49,1,2002,12,11,345,50,hot_rainy
2002-12-12,3.07741935483871,73.86277777777778,29.26,17.49,1,2002,12,12,346,50,hot_rainy
2002-12-13,3.07741935483871,73.86277777777778,29.26,17.49,1,2002,12,13,347,50,hot_rainy
2002-12-14,3.07741935483871,73.86277777777778,29.26,17.49,1,2002,12,14,348,50,hot_rainy
2002-12-15,3.07741935483871,73.86277777777778,29.26,17.49,1,2002,12,15,349,50,hot_rainy
2002-12-16,3.07741935483871,73.86277777777778,29.26,17.49,1,2002,12,16,350,51,hot_rainy
2002-12-17,3.07741935483871,73.86277777777778,29.26,17.49,1,2002,12,17,351,51,hot_rainy
2002-12-18,3.07741935483871,73.86277777777778,29.26,17.49,1,2002,12,18,352,51,hot_rainy
2002-12-19,3.07741935483871,73.86277777777778,29.26,17.49,1,2002,12,19,353,51,hot_rainy
2002-12-20,3.07741935483871,73.86277777777778,29.26,17.49,1,2002,12,20,354,51,hot_rainy
2002-12-21,3.07741935483871,73.86277777777778,29.26,17.49,1,2002,12,21,355,51,hot_rainy
2002-12-22,3.07741935483871,73.86277777777778,29.26,17.49,1,2002,12,22,356,51,hot_rainy
2002-12-23,3.07741935483871,73.86277777777778,29.26,17.49,1,2002,12,23,357,52,hot_rainy
2002-12-24,3.07741935483871,73.86277777777778,29.26,17.49,1,2002,12,24,358,52,hot_rainy
2002-12-25,3.07741935483871,73.86277777777778,29.26,17.49,1,2002,12,25,359,52,hot_rainy
2002-12-26,3.07741935483871,73.86277777777778,29.26,17.49,1,2002,12,26,360,52,hot_rainy
2002-12-27,3.07741935483871,73.86277777777778,29.26,17.49,1,2002,12,27,361,52,hot_rainy
2002-12-28,3.07741935483871,73.86277777777778,29.26,17.49,1,2002,12,28,362,52,hot_rainy
2002-12-29,3.07741935483871,73.86277777777778,29.26,17.49,1,2002,12,29,363,52,hot_rainy
2002-12-30,3.07741935483871,73.86277777777778,29.26,17.49,1,2002,12,30,364,1,hot_rainy
2002-12-31,3.07741935483871,73.86277777777778,29.26,17.49,1,2002,12,31,365,1,hot_rainy
2003-01-01,4.838709677419355,72.48,29.74,17.57,1,2003,1,1,1,1,hot_rainy
2003-01-02,4.838709677419355,72.48,29.74,17.57,1,2003,1,2,2,1,hot_rainy
2003-01-03,4.838709677419355,72.48,29.74,17.57,1,2003,1,3,3,1,hot_rainy
2003-01-04,4.838709677419355,72.48,29.74,17.57,1,2003,1,4,4,1,hot_rainy
2003-01-05,4.838709677419355,72.48,29.74,17.57,1,2003,1,5,5,1,hot_rainy
2003-01-06,4.838709677419355,72.48,29.74,17.57,1,2003,1,6,6,2,hot_rainy
2003-01-07,4.838709677419355,72.48,29.74,17.57,1,2003,1,7,7,2,hot_rainy
2003-01-08,4.838709677419355,72.48,29.74,17.57,1,2003,1,8,8,2,hot_rainy
2003-01-09,4.838709677419355,72.48,29.74,17.57,1,2003,1,9,9,2,hot_rainy
2003-01-10,4.838709677419355,72.48,29.74,17.57,1,2003,1,10,10,2,hot_rainy
2003-01-11,4.838709677419355,72.48,29.74,17.57,1,2003,1,11,11,2,hot_rainy
2003-01-12,4.838709677419355,72.48,29.74,17.57,1,2003,1,12,12,2,hot_rainy
2003-01-13,4.838709677419355,72.48,29.74,17.57,1,2003,1,13,13,3,hot_rainy
2003-01-14,4.838709677419355,72.48,29.74,17.57,1,2003,1,14,14,3,hot_rainy
2003-01-15,4.838709677419355,72.48,29.74,17.57,1,2003,1,15,15,3,hot_rainy
2003-01-16,4.838709677419355,72.48,29.74,17.57,1,2003,1,16,16,3,hot_rainy
2003-01-17,4.838709677419355,72.48,29.74,17.57,1,2003,1,17,17,3,hot_rainy
2003-01-18,4.838709677419355,72.48,29.74,17.57,1,2003,1,18,18,3,hot_rainy
2003-01-19,4.838709677419355,72.48,29.74,17.57,1,2003,1,19,19,3,hot_rainy
2003-01-20,4.838709677419355,72.48,29.74,17.57,1,2003,1,20,20,4,hot_rainy
2003-01-21,4.838709677419355,72.48,29.74,17.57,1,2003,1,21,21,4,hot_rainy
2003-01-22,4.838709677419355,72.48,29.74,17.57,1,2003,1,22,22,4,hot_rainy
2003-01-23,4.838709677419355,72.48,29.74,17.57,1,2003,1,23,23,4,hot_rainy
2003-01-24,4.838709677419355,72.48,29.74,17.57,1,2003,1,24,24,4,hot_rainy
2003-01-25,4.838709677419355,72.48,29.74,17.57,1,2003,1,25,25,4,hot_rainy
2003-01-26,4.838709677419355,72.48,29.74,17.57,1,2003,1,26,26,4,hot_rainy
2003-01-27,4.838709677419355,72.48,29.74,17.57,1,2003,1,27,27,5,hot_rainy
2003-01-28,4.838709677419355,72.48,29.74,17.57,1,2003,1,28,28,5,hot_rainy
2003-01-29,4.838709677419355,72.48,29.74,17.57,1,2003,1,29,29,5,hot_rainy
2003-01-30,4.838709677419355,72.48,29.74,17.57,1,2003,1,30,30,5,hot_rainy
2003-01-31,4.838709677419355,72.48,29.74,17.57,1,2003,1,31,31,5,hot_rainy
2003-02-01,4.164285714285714,79.63,27.83,17.83,1,2003,2,1,32,5,hot_rainy
2003-02-02,4.164285714285714,79.63,27.83,17.83,1,2003,2,2,33,5,hot_rainy
2003-02-03,4.164285714285714,79.63,27.83,17.83,1,2003,2,3,34,6,hot_rainy
2003-02-04,4.164285714285714,79.63,27.83,17.83,1,2003,2,4,35,6,hot_rainy
2003-02-05,4.164285714285714,79.63,27.83,17.83,1,2003,2,5,36,6,hot_rainy
2003-02-06,4.164285714285714,79.63,27.83,17.83,1,2003,2,6,37,6,hot_rainy
2003-02-07,4.164285714285714,79.63,27.83,17.83,1,2003,2,7,38,6,hot_rainy
2003-02-08,4.164285714285714,79.63,27.83,17.83,1,2003,2,8,39,6,hot_rainy
2003-02-09,4.164285714285714,79.63,27.83,17.83,1,2003,2,9,40,6,hot_rainy
2003-02-10,4.164285714285714,79.63,27.83,17.83,1,2003,2,10,41,7,hot_rainy
2003-02-11,4.164285714285714,79.63,27.83,17.83,1,2003,2,11,42,7,hot_rainy
2003-02-12,4.164285714285714,79.63,27.83,17.83,1,2003,2,12,43,7,hot_rainy
2003-02-13,4.164285714285714,79.63,27.83,17.83,1,2003,2,13,44,7,hot_rainy
2003-02-14,4.164285714285714,79.63,27.83,17.83,1,2003,2,14,45,7,hot_rainy
2003-02-15,4.164285714285714,79.63,27.83,17.83,1,2003,2,15,46,7,hot_rainy
2003-02-16,4.164285714285714,79.63,27.83,17.83,1,2003,2,16,47,7,hot_rainy
2003-02-17,4.164285714285714,79.63,27.83,17.83,1,2003,2,17,48,8,hot_rainy
2003-02-18,4.164285714285714,79.63,27.83,17.83,1,2003,2,18,49,8,hot_rainy
2003-02-19,4.164285714285714,79.63,27.83,17.83,1,2003,2,19,50,8,hot_rainy
2003-02-20,4.164285714285714,79.63,27.83,17.83,1,2003,2,20,51,8,hot_rainy
2003-02-21,4.164285714285714,79.63,27.83,17.83,1,2003,2,21,52,8,hot_rainy
2003-02-22,4.164285714285714,79.63,27.83,17.83,1,2003,2,22,53,8,hot_rainy
2003-02-23,4.164285714285714,79.63,27.83,17.83,1,2003,2,23,54,8,hot_rainy
2003-02-24,4.164285714285714,79.63,27.83,17.83,1,2003,2,24,55,9,hot_rainy
2003-02-25,4.164285714285714,79.63,27.83,17.83,1,2003,2,25,56,9,hot_rainy
2003-02-26,4.164285714285714,79.63,27.83,17.83,1,2003,2,26,57,9,hot_rainy
2003-02-27,4.164285714285714,79.63,27.83,17.83,1,2003,2,27,58,9,hot_rainy
2003-02-28,4.164285714285714,79.63,27.83,17.83,1,2003,2,28,59,9,hot_rainy
2003-03-01,6.9,74.81722222222223,26.42,15.89,1,2003,3,1,60,9,hot_rainy
2003-03-02,6.9,74.81722222222223,26.42,15.89,1,2003,3,2,61,9,hot_rainy
2003-03-03,6.9,74.81722222222223,26.42,15.89,1,2003,3,3,62,10,hot_rainy
2003-03-04,6.9,74.81722222222223,26.42,15.89,1,2003,3,4,63,10,hot_rainy
2003-03-05,6.9,74.81722222222223,26.42,15.89,1,2003,3,5,64,10,hot_rainy
2003-03-06,6.9,74.81722222222223,26.42,15.89,1,2003,3,6,65,10,hot_rainy
2003-03-07,6.9,74.81722222222223,26.42,15.89,1,2003,3,7,66,10,hot_rainy
2003-03-08,6.9,74.81722222222223,26.42,15.89,1,2003,3,8,67,10,hot_rainy
2003-03-09,6.9,74.81722222222223,26.42,15.89,1,2003,3,9,68,10,hot_rainy
2003-03-10,6.9,74.81722222222223,26.42,15.89,1,2003,3,10,69,11,hot_rainy
2003-03-11,6.9,74.81722222222223,26.42,15.89,1,2003,3,11,70,11,hot_rainy
2003-03-12,6.9,74.81722222222223,26.42,15.89,1,2003,3,12,71,11,hot_rainy
2003-03-13,6.9,74.81722222222223,26.42,15.89,1,2003,3,13,72,11,hot_rainy
2003-03-14,6.9,74.81722222222223,26.42,15.89,1,2003,3,14,73,11,hot_rainy
2003-03-15,6.9,74.81722222222223,26.42,15.89,1,2003,3,15,74,11,hot_rainy
2003-03-16,6.9,74.81722222222223,26.42,15.89,1,2003,3,16,75,11,hot_rainy
2003-03-17,6.9,74.81722222222223,26.42,15.89,1,2003,3,17,76,12,hot_rainy
2003-03-18,6.9,74.81722222222223,26.42,15.89,1,2003,3,18,77,12,hot_rainy
2003-03-19,6.9,74.81722222222223,26.42,15.89,1,2003,3,19,78,12,hot_rainy
2003-03-20,6.9,74.81722222222223,26.42,15.89,1,2003,3,20,79,12,hot_rainy
2003-03-21,6.9,74.81722222222223,26.42,15.89,1,2003,3,21,80,12,hot_rainy
2003-03-22,6.9,74.81722222222223,26.42,15.89,1,2003,3,22,81,12,hot_rainy
2003-03-23,6.9,74.81722222222223,26.42,15.89,1,2003,3,23,82,12,hot_rainy
2003-03-24,6.9,74.81722222222223,26.42,15.89,1,2003,3,24,83,13,hot_rainy
2003-03-25,6.9,74.81722222222223,26.42,15.89,1,2003,3,25,84,13,hot_rainy
2003-03-26,6.9,74.81722222222223,26.42,15.89,1,2003,3,26,85,13,hot_rainy
2003-03-27,6.9,74.81722222222223,26.42,15.89,1,2003,3,27,86,13,hot_rainy
2003-03-28,6.9,74.81722222222223,26.42,15.89,1,2003,3,28,87,13,hot_rainy
2003-03-29,6.9,74.81722222222223,26.42,15.89,1,2003,3,29,88,13,hot_rainy
2003-03-30,6.9,74.81722222222223,26.42,15.89,1,2003,3,30,89,13,hot_rainy
2003-03-31,6.9,74.81722222222223,26.42,15.89,1,2003,3,31,90,14,hot_rainy
2003-04-01,0.12000000000000001,67.55809523809523,26.61,11.84,0,2003,4,1,91,14,hot_rainy
2003-04-02,0.12000000000000001,67.55809523809523,26.61,11.84,0,2003,4,2,92,14,hot_rainy
2003-04-03,0.12000000000000001,67.55809523809523,26.61,11.84,0,2003,4,3,93,14,hot_rainy
2003-04-04,0.12000000000000001,67.55809523809523,26.61,11.84,0,2003,4,4,94,14,hot_rainy
2003-04-05,0.12000000000000001,67.55809523809523,26.61,11.84,0,2003,4,5,95,14,hot_rainy
2003-04-06,0.12000000000000001,67.55809523809523,26.61,11.84,0,2003,4,6,96,14,hot_rainy
2003-04-07,0.12000000000000001,67.55809523809523,26.61,11.84,0,2003,4,7,97,15,hot_rainy
2003-04-08,0.12000000000000001,67.55809523809523,26.61,11.84,0,2003,4,8,98,15,hot_rainy
2003-04-09,0.12000000000000001,67.55809523809523,26.61,11.84,0,2003,4,9,99,15,hot_rainy
2003-04-10,0.12000000000000001,67.55809523809523,26.61,11.84,0,2003,4,10,100,15,hot_rainy
2003-04-11,0.12000000000000001,67.55809523809523,26.61,11.84,0,2003,4,11,101,15,hot_rainy
2003-04-12,0.12000000000000001,67.55809523809523,26.61,11.84,0,2003,4,12,102,15,hot_rainy
2003-04-13,0.12000000000000001,67.55809523809523,26.61,11.84,0,2003,4,13,103,15,hot_rainy
2003-04-14,0.12000000000000001,67.55809523809523,26.61,11.84,0,2003,4,14,104,16,hot_rainy
2003-04-15,0.12000000000000001,67.55809523809523,26.61,11.84,0,2003,4,15,105,16,hot_rainy
2003-04-16,0.12000000000000001,67.55809523809523,26.61,11.84,0,2003,4,16,106,16,hot_rainy
2003-04-17,0.12000000000000001,67.55809523809523,26.61,11.84,0,2003,4,17,107,16,hot_rainy
2003-04-18,0.12000000000000001,67.55809523809523,26.61,11.84,0,2003,4,18,108,16,hot_rainy
2003-04-19,0.12000000000000001,67.55809523809523,26.61,11.84,0,2003,4,19,109,16,hot_rainy
2003-04-20,0.12000000000000001,67.55809523809523,26.61,11.84,0,2003,4,20,110,16,hot_rainy
2003-04-21,0.12000000000000001,67.55809523809523,26.61,11.84,0,2003,4,21,111,17,hot_rainy
2003-04-22,0.12000000000000001,67.55809523809523,26.61,11.84,0,2003,4,22,112,17,hot_rainy
2003-04-23,0.12000000000000001,67.55809523809523,26.61,11.84,0,2003,4,23,113,17,hot_rainy
2003-04-24,0.12000000000000001,67.55809523809523,26.61,11.84,0,2003,4,24,114,17,hot_rainy
2003-04-25,0.12000000000000001,67.55809523809523,26.61,11.84,0,2003,4,25,115,17,hot_rainy
2003-04-26,0.12000000000000001,67.55809523809523,26.61,11.84,0,2003,4,26,116,17,hot_rainy
2003-04-27,0.12000000000000001,67.55809523809523,26.61,11.84,0,2003,4,27,117,17,hot_rainy
2003-04-28,0.12000000000000001,67.55809523809523,26.61,11.84,0,2003,4,28,118,18,hot_rainy
2003-04-29,0.12000000000000001,67.55809523809523,26.61,11.84,0,2003,4,29,119,18,hot_rainy
2003-04-30,0.12000000000000001,67.55809523809523,26.61,11.84,0,2003,4,30,120,18,hot_rainy
2003-05-01,0.0,61.221428571428575,25.78,8.46,0,2003,5,1,121,18,cool_dry
2003-05-02,0.0,61.221428571428575,25.78,8.46,0,2003,5,2,122,18,cool_dry
2003-05-03,0.0,61.221428571428575,25.78,8.46,0,2003,5,3,123,18,cool_dry
2003-05-04,0.0,61.221428571428575,25.78,8.46,0,2003,5,4,124,18,cool_dry
2003-05-05,0.0,61.221428571428575,25.78,8.46,0,2003,5,5,125,19,cool_dry
2003-05-06,0.0,61.221428571428575,25.78,8.46,0,2003,5,6,126,19,cool_dry
2003-05-07,0.0,61.221428571428575,25.78,8.46,0,2003,5,7,127,19,cool_dry
2003-05-08,0.0,61.221428571428575,25.78,8.46,0,2003,5,8,128,19,cool_dry
2003-05-09,0.0,61.221428571428575,25.78,8.46,0,2003,5,9,129,19,cool_dry
2003-05-10,0.0,61.221428571428575,25.78,8.46,0,2003,5,10,130,19,cool_dry
2003-05-11,0.0,61.221428571428575,25.78,8.46,0,2003,5,11,131,19,cool_dry
2003-05-12,0.0,61.221428571428575,25.78,8.46,0,2003,5,12,132,20,cool_dry
2003-05-13,0.0,61.221428571428575,25.78,8.46,0,2003,5,13,133,20,cool_dry
2003-05-14,0.0,61.221428571428575,25.78,8.46,0,2003,5,14,134,20,cool_dry
2003-05-15,0.0,61.221428571428575,25.78,8.46,0,2003,5,15,135,20,cool_dry
2003-05-16,0.0,61.221428571428575,25.78,8.46,0,2003,5,16,136,20,cool_dry
2003-05-17,0.0,61.221428571428575,25.78,8.46,0,2003,5,17,137,20,cool_dry
2003-05-18,0.0,61.221428571428575,25.78,8.46,0,2003,5,18,138,20,cool_dry
2003-05-19,0.0,61.221428571428575,25.78,8.46,0,2003,5,19,139,21,cool_dry
2003-05-20,0.0,61.221428571428575,25.78,8.46,0,2003,5,20,140,21,cool_dry
2003-05-21,0.0,61.221428571428575,25.78,8.46,0,2003,5,21,141,21,cool_dry
2003-05-22,0.0,61.221428571428575,25.78,8.46,0,2003,5,22,142,21,cool_dry
2003-05-23,0.0,61.221428571428575,25.78,8.46,0,2003,5,23,143,21,cool_dry
2003-05-24,0.0,61.221428571428575,25.78,8.46,0,2003,5,24,144,21,cool_dry
2003-05-25,0.0,61.221428571428575,25.78,8.46,0,2003,5,25,145,21,cool_dry
2003-05-26,0.0,61.221428571428575,25.78,8.46,0,2003,5,26,146,22,cool_dry
2003-05-27,0.0,61.221428571428575,25.78,8.46,0,2003,5,27,147,22,cool_dry
2003-05-28,0.0,61.221428571428575,25.78,8.46,0,2003,5,28,148,22,cool_dry
2003-05-29,0.0,61.221428571428575,25.78,8.46,0,2003,5,29,149,22,cool_dry
2003-05-30,0.0,61.221428571428575,25.78,8.46,0,2003,5,30,150,22,cool_dry
2003-05-31,0.0,61.221428571428575,25.78,8.46,0,2003,5,31,151,22,cool_dry
2003-06-01,0.12000000000000001,65.81,22.95,8.46,0,2003,6,1,152,22,cool_dry
2003-06-02,0.12000000000000001,65.81,22.95,8.46,0,2003,6,2,153,23,cool_dry
2003-06-03,0.12000000000000001,65.81,22.95,8.46,0,2003,6,3,154,23,cool_dry
2003-06-04,0.12000000000000001,65.81,22.95,8.46,0,2003,6,4,155,23,cool_dry
2003-06-05,0.12000000000000001,65.81,22.95,8.46,0,2003,6,5,156,23,cool_dry
2003-06-06,0.12000000000000001,65.81,22.95,8.46,0,2003,6,6,157,23,cool_dry
2003-06-07,0.12000000000000001,65.81,22.95,8.46,0,2003,6,7,158,23,cool_dry
2003-06-08,0.12000000000000001,65.81,22.95,8.46,0,2003,6,8,159,23,cool_dry
2003-06-09,0.12000000000000001,65.81,22.95,8.46,0,2003,6,9,160,24,cool_dry
2003-06-10,0.12000000000000001,65.81,22.95,8.46,0,2003,6,10,161,24,cool_dry
2003-06-11,0.12000000000000001,65.81,22.95,8.46,0,2003,6,11,162,24,cool_dry
2003-06-12,0.12000000000000001,65.81,22.95,8.46,0,2003,6,12,163,24,cool_dry
2003-06-13,0.12000000000000001,65.81,22.95,8.46,0,2003,6,13,164,24,cool_dry
2003-06-14,0.12000000000000001,65.81,22.95,8.46,0,2003,6,14,165,24,cool_dry
2003-06-15,0.12000000000000001,65.81,22.95,8.46,0,2003,6,15,166,24,cool_dry
2003-06-16,0.12000000000000001,65.81,22.95,8.46,0,2003,6,16,167,25,cool_dry
2003-06-17,0.12000000000000001,65.81,22.95,8.46,0,2003,6,17,168,25,cool_dry
2003-06-18,0.12000000000000001,65.81,22.95,8.46,0,2003,6,18,169,25,cool_dry
2003-06-19,0.12000000000000001,65.81,22.95,8.46,0,2003,6,19,170,25,cool_dry
2003-06-20,0.12000000000000001,65.81,22.95,8.46,0,2003,6,20,171,25,cool_dry
2003-06-21,0.12000000000000001,65.81,22.95,8.46,0,2003,6,21,172,25,cool_dry
2003-06-22,0.12000000000000001,65.81,22.95,8.46,0,2003,6,22,173,25,cool_dry
2003-06-23,0.12000000000000001,65.81,22.95,8.46,0,2003,6,23,174,26,cool_dry
2003-06-24,0.12000000000000001,65.81,22.95,8.46,0,2003,6,24,175,26,cool_dry
2003-06-25,0.12000000000000001,65.81,22.95,8.46,0,2003,6,25,176,26,cool_dry
2003-06-26,0.12000000000000001,65.81,22.95,8.46,0,2003,6,26,177,26,cool_dry
2003-06-27,0.12000000000000001,65.81,22.95,8.46,0,2003,6,27,178,26,cool_dry
2003-06-28,0.12000000000000001,65.81,22.95,8.46,0,2003,6,28,179,26,cool_dry
2003-06-29,0.12000000000000001,65.81,22.95,8.46,0,2003,6,29,180,26,cool_dry
2003-06-30,0.12000000000000001,65.81,22.95,8.46,0,2003,6,30,181,27,cool_dry
2003-07-01,0.0,57.51681818181818,21.99,4.9,0,2003,7,1,182,27,cool_dry
2003-07-02,0.0,57.51681818181818,21.99,4.9,0,2003,7,2,183,27,cool_dry
2003-07-03,0.0,57.51681818181818,21.99,4.9,0,2003,7,3,184,27,cool_dry
2003-07-04,0.0,57.51681818181818,21.99,4.9,0,2003,7,4,185,27,cool_dry
2003-07-05,0.0,57.51681818181818,21.99,4.9,0,2003,7,5,186,27,cool_dry
2003-07-06,0.0,57.51681818181818,21.99,4.9,0,2003,7,6,187,27,cool_dry
2003-07-07,0.0,57.51681818181818,21.99,4.9,0,2003,7,7,188,28,cool_dry
2003-07-08,0.0,57.51681818181818,21.99,4.9,0,2003,7,8,189,28,cool_dry
2003-07-09,0.0,57.51681818181818,21.99,4.9,0,2003,7,9,190,28,cool_dry
2003-07-10,0.0,57.51681818181818,21.99,4.9,0,2003,7,10,191,28,cool_dry
2003-07-11,0.0,57.51681818181818,21.99,4.9,0,2003,7,11,192,28,cool_dry
2003-07-12,0.0,57.51681818181818,21.99,4.9,0,2003,7,12,193,28,cool_dry
2003-07-13,0.0,57.51681818181818,21.99,4.9,0,2003,7,13,194,28,cool_dry
2003-07-14,0.0,57.51681818181818,21.99,4.9,0,2003,7,14,195,29,cool_dry
2003-07-15,0.0,57.51681818181818,21.99,4.9,0,2003,7,15,196,29,cool_dry
2003-07-16,0.0,57.51681818181818,21.99,4.9,0,2003,7,16,197,29,cool_dry
2003-07-17,0.0,57.51681818181818,21.99,4.9,0,2003,7,17,198,29,cool_dry
2003-07-18,0.0,57.51681818181818,21.99,4.9,0,2003,7,18,199,29,cool_dry
2003-07-19,0.0,57.51681818181818,21.99,4.9,0,2003,7,19,200,29,cool_dry
2003-07-20,0.0,57.51681818181818,21.99,4.9,0,2003,7,20,201,29,cool_dry
2003-07-21,0.0,57.51681818181818,21.99,4.9,0,2003,7,21,202,30,cool_dry
2003-07-22,0.0,57.51681818181818,21.99,4.9,0,2003,7,22,203,30,cool_dry
2003-07-23,0.0,57.51681818181818,21.99,4.9,0,2003,7,23,204,30,cool_dry
2003-07-24,0.0,57.51681818181818,21.99,4.9,0,2003,7,24,205,30,cool_dry
2003-07-25,0.0,57.51681818181818,21.99,4.9,0,2003,7,25,206,30,cool_dry
2003-07-26,0.0,57.51681818181818,21.99,4.9,0,2003,7,26,207,30,cool_dry
2003-07-27,0.0,57.51681818181818,21.99,4.9,0,2003,7,27,208,30,cool_dry
2003-07-28,0.0,57.51681818181818,21.99,4.9,0,2003,7,28,209,31,cool_dry
2003-07-29,0.0,57.51681818181818,21.99,4.9,0,2003,7,29,210,31,cool_dry
2003-07-30,0.0,57.51681818181818,21.99,4.9,0,2003,7,30,211,31,cool_dry
2003-07-31,0.0,57.51681818181818,21.99,4.9,0,2003,7,31,212,31,cool_dry
2003-08-01,0.0,49.68869565217391,27.25,8.55,0,2003,8,1,213,31,cool_dry
2003-08-02,0.0,49.68869565217391,27.25,8.55,0,2003,8,2,214,31,cool_dry
2003-08-03,0.0,49.68869565217391,27.25,8.55,0,2003,8,3,215,31,cool_dry
2003-08-04,0.0,49.68869565217391,27.25,8.55,0,2003,8,4,216,32,cool_dry
2003-08-05,0.0,49.68869565217391,27.25,8.55,0,2003,8,5,217,32,cool_dry
2003-08-06,0.0,49.68869565217391,27.25,8.55,0,2003,8,6,218,32,cool_dry
2003-08-07,0.0,49.68869565217391,27.25,8.55,0,2003,8,7,219,32,cool_dry
2003-08-08,0.0,49.68869565217391,27.25,8.55,0,2003,8,8,220,32,cool_dry
2003-08-09,0.0,49.68869565217391,27.25,8.55,0,2003,8,9,221,32,cool_dry
2003-08-10,0.0,49.68869565217391,27.25,8.55,0,2003,8,10,222,32,cool_dry
2003-08-11,0.0,49.68869565217391,27.25,8.55,0,2003,8,11,223,33,cool_dry
2003-08-12,0.0,49.68869565217391,27.25,8.55,0,2003,8,12,224,33,cool_dry
2003-08-13,0.0,49.68869565217391,27.25,8.55,0,2003,8,13,225,33,cool_dry
2003-08-14,0.0,49.68869565217391,27.25,8.55,0,2003,8,14,226,33,cool_dry
2003-08-15,0.0,49.68869565217391,27.25,8.55,0,2003,8,15,227,33,cool_dry
2003-08-16,0.0,49.68869565217391,27.25,8.55,0,2003,8,16,228,33,cool_dry
2003-08-17,0.0,49.68869565217391,27.25,8.55,0,2003,8,17,229,33,cool_dry
2003-08-18,0.0,49.68869565217391,27.25,8.55,0,2003,8,18,230,34,cool_dry
2003-08-19,0.0,49.68869565217391,27.25,8.55,0,2003,8,19,231,34,cool_dry
2003-08-20,0.0,49.68869565217391,27.25,8.55,0,2003,8,20,232,34,cool_dry
2003-08-21,0.0,49.68869565217391,27.25,8.55,0,2003,8,21,233,34,cool_dry
2003-08-22,0.0,49.68869565217391,27.25,8.55,0,2003,8,22,234,34,cool_dry
2003-08-23,0.0,49.68869565217391,27.25,8.55,0,2003,8,23,235,34,cool_dry
2003-08-24,0.0,49.68869565217391,27.25,8.55,0,2003,8,24,236,34,cool_dry
2003-08-25,0.0,49.68869565217391,27.25,8.55,0,2003,8,25,237,35,cool_dry
2003-08-26,0.0,49.68869565217391,27.25,8.55,0,2003,8,26,238,35,cool_dry
2003-08-27,0.0,49.68869565217391,27.25,8.55,0,2003,8,27,239,35,cool_dry
2003-08-28,0.0,49.68869565217391,27.25,8.55,0,2003,8,28,240,35,cool_dry
2003-08-29,0.0,49.68869565217391,27.25,8.55,0,2003,8,29,241,35,cool_dry
2003-08-30,0.0,49.68869565217391,27.25,8.55,0,2003,8,30,242,35,cool_dry
2003-08-31,0.0,49.68869565217391,27.25,8.55,0,2003,8,31,243,35,cool_dry
2003-09-01,0.0,42.211363636363636,30.46,11.97,0,2003,9,1,244,36,hot_dry
2003-09-02,0.0,42.211363636363636,30.46,11.97,0,2003,9,2,245,36,hot_dry
2003-09-03,0.0,42.211363636363636,30.46,11.97,0,2003,9,3,246,36,hot_dry
2003-09-04,0.0,42.211363636363636,30.46,11.97,0,2003,9,4,247,36,hot_dry
2003-09-05,0.0,42.211363636363636,30.46,11.97,0,2003,9,5,248,36,hot_dry
2003-09-06,0.0,42.211363636363636,30.46,11.97,0,2003,9,6,249,36,hot_dry
2003-09-07,0.0,42.211363636363636,30.46,11.97,0,2003,9,7,250,36,hot_dry
2003-09-08,0.0,42.211363636363636,30.46,11.97,0,2003,9,8,251,37,hot_dry
2003-09-09,0.0,42.211363636363636,30.46,11.97,0,2003,9,9,252,37,hot_dry
2003-09-10,0.0,42.211363636363636,30.46,11.97,0,2003,9,10,253,37,hot_dry
2003-09-11,0.0,42.211363636363636,30.46,11.97,0,2003,9,11,254,37,hot_dry
2003-09-12,0.0,42.211363636363636,30.46,11.97,0,2003,9,12,255,37,hot_dry
2003-09-13,0.0,42.211363636363636,30.46,11.97,0,2003,9,13,256,37,hot_dry
2003-09-14,0.0,42.211363636363636,30.46,11.97,0,2003,9,14,257,37,hot_dry
2003-09-15,0.0,42.211363636363636,30.46,11.97,0,2003,9,15,258,38,hot_dry
2003-09-16,0.0,42.211363636363636,30.46,11.97,0,2003,9,16,259,38,hot_dry
2003-09-17,0.0,42.211363636363636,30.46,11.97,0,2003,9,17,260,38,hot_dry
2003-09-18,0.0,42.211363636363636,30.46,11.97,0,2003,9,18,261,38,hot_dry
2003-09-19,0.0,42.211363636363636,30.46,11.97,0,2003,9,19,262,38,hot_dry
2003-09-20,0.0,42.211363636363636,30.46,11.97,0,2003,9,20,263,38,hot_dry
2003-09-21,0.0,42.211363636363636,30.46,11.97,0,2003,9,21,264,38,hot_dry
2003-09-22,0.0,42.211363636363636,30.46,11.97,0,2003,9,22,265,39,hot_dry
2003-09-23,0.0,42.211363636363636,30.46,11.97,0,2003,9,23,266,39,hot_dry
2003-09-24,0.0,42.211363636363636,30.46,11.97,0,2003,9,24,267,39,hot_dry
2003-09-25,0.0,42.211363636363636,30.46,11.97,0,2003,9,25,268,39,hot_dry
2003-09-26,0.0,42.211363636363636,30.46,11.97,0,2003,9,26,269,39,hot_dry
2003-09-27,0.0,42.211363636363636,30.46,11.97,0,2003,9,27,270,39,hot_dry
2003-09-28,0.0,42.211363636363636,30.46,11.97,0,2003,9,28,271,39,hot_dry
2003-09-29,0.0,42.211363636363636,30.46,11.97,0,2003,9,29,272,40,hot_dry
2003-09-30,0.0,42.211363636363636,30.46,11.97,0,2003,9,30,273,40,hot_dry
2003-10-01,1.2677419354838708,45.1,31.1,16.1,1,2003,10,1,274,40,hot_dry
2003-10-02,1.2677419354838708,45.1,31.1,16.1,1,2003,10,2,275,40,hot_dry
2003-10-03,1.2677419354838708,45.1,31.1,16.1,1,2003,10,3,276,40,hot_dry
2003-10-04,1.2677419354838708,45.1,31.1,16.1,1,2003,10,4,277,40,hot_dry
2003-10-05,1.2677419354838708,45.1,31.1,16.1,1,2003,10,5,278,40,hot_dry
2003-10-06,1.2677419354838708,45.1,31.1,16.1,1,2003,10,6,279,41,hot_dry
2003-10-07,1.2677419354838708,45.1,31.1,16.1,1,2003,10,7,280,41,hot_dry
2003-10-08,1.2677419354838708,45.1,31.1,16.1,1,2003,10,8,281,41,hot_dry
2003-10-09,1.2677419354838708,45.1,31.1,16.1,1,2003,10,9,282,41,hot_dry
2003-10-10,1.2677419354838708,45.1,31.1,16.1,1,2003,10,10,283,41,hot_dry
2003-10-11,1.2677419354838708,45.1,31.1,16.1,1,2003,10,11,284,41,hot_dry
2003-10-12,1.2677419354838708,45.1,31.1,16.1,1,2003,10,12,285,41,hot_dry
2003-10-13,1.2677419354838708,45.1,31.1,16.1,1,2003,10,13,286,42,hot_dry
2003-10-14,1.2677419354838708,45.1,31.1,16.1,1,2003,10,14,287,42,hot_dry
2003-10-15,1.2677419354838708,45.1,31.1,16.1,1,2003,10,15,288,42,hot_dry
2003-10-16,1.2677419354838708,45.1,31.1,16.1,1,2003,10,16,289,42,hot_dry
2003-10-17,1.2677419354838708,45.1,31.1,16.1,1,2003,10,17,290,42,hot_dry
2003-10-18,1.2677419354838708,45.1,31.1,16.1,1,2003,10,18,291,42,hot_dry
2003-10-19,1.2677419354838708,45.1,31.1,16.1,1,2003,10,19,292,42,hot_dry
2003-10-20,1.2677419354838708,45.1,31.1,16.1,1,2003,10,20,293,43,hot_dry
2003-10-21,1.2677419354838708,45.1,31.1,16.1,1,2003,10,21,294,43,hot_dry
2003-10-22,1.2677419354838708,45.1,31.1,16.1,1,2003,10,22,295,43,hot_dry
2003-10-23,1.2677419354838708,45.1,31.1,16.1,1,2003,10,23,296,43,hot_dry
2003-10-24,1.2677419354838708,45.1,31.1,16.1,1,2003,10,24,297,43,hot_dry
2003-10-25,1.2677419354838708,45.1,31.1,16.1,1,2003,10,25,298,43,hot_dry
2003-10-26,1.2677419354838708,45.1,31.1,16.1,1,2003,10,26,299,43,hot_dry
2003-10-27,1.2677419354838708,45.1,31.1,16.1,1,2003,10,27,300,44,hot_dry
2003-10-28,1.2677419354838708,45.1,31.1,16.1,1,2003,10,28,301,44,hot_dry
2003-10-29,1.2677419354838708,45.1,31.1,16.1,1,2003,10,29,302,44,hot_dry
2003-10-30,1.2677419354838708,45.1,31.1,16.1,1,2003,10,30,303,44,hot_dry
2003-10-31,1.2677419354838708,45.1,31.1,16.1,1,2003,10,31,304,44,hot_dry
2003-11-01,1.1766666666666665,50.63,31.21,17.79,1,2003,11,1,305,44,hot_rainy
2003-11-02,1.1766666666666665,50.63,31.21,17.79,1,2003,11,2,306,44,hot_rainy
2003-11-03,1.1766666666666665,50.63,31.21,17.79,1,2003,11,3,307,45,hot_rainy
2003-11-04,1.1766666666666665,50.63,31.21,17.79,1,2003,11,4,308,45,hot_rainy
2003-11-05,1.1766666666666665,50.63,31.21,17.79,1,2003,11,5,309,45,hot_rainy
2003-11-06,1.1766666666666665,50.63,31.21,17.79,1,2003,11,6,310,45,hot_rainy
2003-11-07,1.1766666666666665,50.63,31.21,17.79,1,2003,11,7,311,45,hot_rainy
2003-11-08,1.1766666666666665,50.63,31.21,17.79,1,2003,11,8,312,45,hot_rainy
2003-11-09,1.1766666666666665,50.63,31.21,17.79,1,2003,11,9,313,45,hot_rainy
2003-11-10,1.1766666666666665,50.63,31.21,17.79,1,2003,11,10,314,46,hot_rainy
2003-11-11,1.1766666666666665,50.63,31.21,17.79,1,2003,11,11,315,46,hot_rainy
2003-11-12,1.1766666666666665,50.63,31.21,17.79,1,2003,11,12,316,46,hot_rainy
2003-11-13,1.1766666666666665,50.63,31.21,17.79,1,2003,11,13,317,46,hot_rainy
2003-11-14,1.1766666666666665,50.63,31.21,17.79,1,2003,11,14,318,46,hot_rainy
2003-11-15,1.1766666666666665,50.63,31.21,17.79,1,2003,11,15,319,46,hot_rainy
2003-11-16,1.1766666666666665,50.63,31.21,17.79,1,2003,11,16,320,46,hot_rainy
2003-11-17,1.1766666666666665,50.63,31.21,17.79,1,2003,11,17,321,47,hot_rainy
2003-11-18,1.1766666666666665,50.63,31.21,17.79,1,2003,11,18,322,47,hot_rainy
2003-11-19,1.1766666666666665,50.63,31.21,17.79,1,2003,11,19,323,47,hot_rainy
2003-11-20,1.1766666666666665,50.63,31.21,17.79,1,2003,11,20,324,47,hot_rainy
2003-11-21,1.1766666666666665,50.63,31.21,17.79,1,2003,11,21,325,47,hot_rainy
2003-11-22,1.1766666666666665,50.63,31.21,17.79,1,2003,11,22,326,47,hot_rainy
2003-11-23,1.1766666666666665,50.63,31.21,17.79,1,2003,11,23,327,47,hot_rainy
2003-11-24,1.1766666666666665,50.63,31.21,17.79,1,2003,11,24,328,48,hot_rainy
2003-11-25,1.1766666666666665,50.63,31.21,17.79,1,2003,11,25,329,48,hot_rainy
2003-11-26,1.1766666666666665,50.63,31.21,17.79,1,2003,11,26,330,48,hot_rainy
2003-11-27,1.1766666666666665,50.63,31.21,17.79,1,2003,11,27,331,48,hot_rainy
2003-11-28,1.1766666666666665,50.63,31.21,17.79,1,2003,11,28,332,48,hot_rainy
2003-11-29,1.1766666666666665,50.63,31.21,17.79,1,2003,11,29,333,48,hot_rainy
2003-11-30,1.1766666666666665,50.63,31.21,17.79,1,2003,11,30,334,48,hot_rainy
2003-12-01,5.961290322580646,73.86277777777778,28.71,17.09,1,2003,12,1,335,49,hot_rainy
2003-12-02,5.961290322580646,73.86277777777778,28.71,17.09,1,2003,12,2,336,49,hot_rainy
2003-12-03,5.961290322580646,73.86277777777778,28.71,17.09,1,2003,12,3,337,49,hot_rainy
2003-12-04,5.961290322580646,73.86277777777778,28.71,17.09,1,2003,12,4,338,49,hot_rainy
2003-12-05,5.961290322580646,73.86277777777778,28.71,17.09,1,2003,12,5,339,49,hot_rainy
2003-12-06,5.961290322580646,73.86277777777778,28.71,17.09,1,2003,12,6,340,49,hot_rainy
2003-12-07,5.961290322580646,73.86277777777778,28.71,17.09,1,2003,12,7,341,49,hot_rainy
2003-12-08,5.961290322580646,73.86277777777778,28.71,17.09,1,2003,12,8,342,50,hot_rainy
2003-12-09,5.961290322580646,73.86277777777778,28.71,17.09,1,2003,12,9,343,50,hot_rainy
2003-12-10,5.961290322580646,73.86277777777778,28.71,17.09,1,2003,12,10,344,50,hot_rainy
2003-12-11,5.961290322580646,73.86277777777778,28.71,17.09,1,2003,12,11,345,50,hot_rainy
2003-12-12,5.961290322580646,73.86277777777778,28.71,17.09,1,2003,12,12,346,50,hot_rainy
2003-12-13,5.961290322580646,73.86277777777778,28.71,17.09,1,2003,12,13,347,50,hot_rainy
2003-12-14,5.961290322580646,73.86277777777778,28.71,17.09,1,2003,12,14,348,50,hot_rainy
2003-12-15,5.961290322580646,73.86277777777778,28.71,17.09,1,2003,12,15,349,51,hot_rainy
2003-12-16,5.961290322580646,73.86277777777778,28.71,17.09,1,2003,12,16,350,51,hot_rainy
2003-12-17,5.961290322580646,73.86277777777778,28.71,17.09,1,2003,12,17,351,51,hot_rainy
2003-12-18,5.961290322580646,73.86277777777778,28.71,17.09,1,2003,12,18,352,51,hot_rainy
2003-12-19,5.961290322580646,73.86277777777778,28.71,17.09,1,2003,12,19,353,51,hot_rainy
2003-12-20,5.961290322580646,73.86277777777778,28.71,17.09,1,2003,12,20,354,51,hot_rainy
2003-12-21,5.961290322580646,73.86277777777778,28.71,17.09,1,2003,12,21,355,51,hot_rainy
2003-12-22,5.961290322580646,73.86277777777778,28.71,17.09,1,2003,12,22,356,52,hot_rainy
2003-12-23,5.961290322580646,73.86277777777778,28.71,17.09,1,2003,12,23,357,52,hot_rainy
2003-12-24,5.961290322580646,73.86277777777778,28.71,17.09,1,2003,12,24,358,52,hot_rainy
2003-12-25,5.961290322580646,73.86277777777778,28.71,17.09,1,2003,12,25,359,52,hot_rainy
2003-12-26,5.961290322580646,73.86277777777778,28.71,17.09,1,2003,12,26,360,52,hot_rainy
2003-12-27,5.961290322580646,73.86277777777778,28.71,17.09,1,2003,12,27,361,52,hot_rainy
2003-12-28,5.961290322580646,73.86277777777778,28.71,17.09,1,2003,12,28,362,52,hot_rainy
2003-12-29,5.961290322580646,73.86277777777778,28.71,17.09,1,2003,12,29,363,1,hot_rainy
2003-12-30,5.961290322580646,73.86277777777778,28.71,17.09,1,2003,12,30,364,1,hot_rainy
2003-12-31,5.961290322580646,73.86277777777778,28.71,17.09,1,2003,12,31,365,1,hot_rainy
2004-01-01,6.993548387096775,79.25375,28.01,17.9,1,2004,1,1,1,1,hot_rainy
2004-01-02,6.993548387096775,79.25375,28.01,17.9,1,2004,1,2,2,1,hot_rainy
2004-01-03,6.993548387096775,79.25375,28.01,17.9,1,2004,1,3,3,1,hot_rainy
2004-01-04,6.993548387096775,79.25375,28.01,17.9,1,2004,1,4,4,1,hot_rainy
2004-01-05,6.993548387096775,79.25375,28.01,17.9,1,2004,1,5,5,2,hot_rainy
2004-01-06,6.993548387096775,79.25375,28.01,17.9,1,2004,1,6,6,2,hot_rainy
2004-01-07,6.993548387096775,79.25375,28.01,17.9,1,2004,1,7,7,2,hot_rainy
2004-01-08,6.993548387096775,79.25375,28.01,17.9,1,2004,1,8,8,2,hot_rainy
2004-01-09,6.993548387096775,79.25375,28.01,17.9,1,2004,1,9,9,2,hot_rainy
2004-01-10,6.993548387096775,79.25375,28.01,17.9,1,2004,1,10,10,2,hot_rainy
2004-01-11,6.993548387096775,79.25375,28.01,17.9,1,2004,1,11,11,2,hot_rainy
2004-01-12,6.993548387096775,79.25375,28.01,17.9,1,2004,1,12,12,3,hot_rainy
2004-01-13,6.993548387096775,79.25375,28.01,17.9,1,2004,1,13,13,3,hot_rainy
2004-01-14,6.993548387096775,79.25375,28.01,17.9,1,2004,1,14,14,3,hot_rainy
2004-01-15,6.993548387096775,79.25375,28.01,17.9,1,2004,1,15,15,3,hot_rainy
2004-01-16,6.993548387096775,79.25375,28.01,17.9,1,2004,1,16,16,3,hot_rainy
2004-01-17,6.993548387096775,79.25375,28.01,17.9,1,2004,1,17,17,3,hot_rainy
2004-01-18,6.993548387096775,79.25375,28.01,17.9,1,2004,1,18,18,3,hot_rainy
2004-01-19,6.993548387096775,79.25375,28.01,17.9,1,2004,1,19,19,4,hot_rainy
2004-01-20,6.993548387096775,79.25375,28.01,17.9,1,2004,1,20,20,4,hot_rainy
2004-01-21,6.993548387096775,79.25375,28.01,17.9,1,2004,1,21,21,4,hot_rainy
2004-01-22,6.993548387096775,79.25375,28.01,17.9,1,2004,1,22,22,4,hot_rainy
2004-01-23,6.993548387096775,79.25375,28.01,17.9,1,2004,1,23,23,4,hot_rainy
2004-01-24,6.993548387096775,79.25375,28.01,17.9,1,2004,1,24,24,4,hot_rainy
2004-01-25,6.993548387096775,79.25375,28.01,17.9,1,2004,1,25,25,4,hot_rainy
2004-01-26,6.993548387096775,79.25375,28.01,17.9,1,2004,1,26,26,5,hot_rainy
2004-01-27,6.993548387096775,79.25375,28.01,17.9,1,2004,1,27,27,5,hot_rainy
2004-01-28,6.993548387096775,79.25375,28.01,17.9,1,2004,1,28,28,5,hot_rainy
2004-01-29,6.993548387096775,79.25375,28.01,17.9,1,2004,1,29,29,5,hot_rainy
2004-01-30,6.993548387096775,79.25375,28.01,17.9,1,2004,1,30,30,5,hot_rainy
2004-01-31,6.993548387096775,79.25375,28.01,17.9,1,2004,1,31,31,5,hot_rainy
2004-02-01,5.951724137931034,77.83,27.632368742368744,16.8,1,2004,2,1,32,5,hot_rainy
2004-02-02,5.951724137931034,77.83,27.632368742368744,16.8,1,2004,2,2,33,6,hot_rainy
2004-02-03,5.951724137931034,77.83,27.632368742368744,16.8,1,2004,2,3,34,6,hot_rainy
2004-02-04,5.951724137931034,77.83,27.632368742368744,16.8,1,2004,2,4,35,6,hot_rainy
2004-02-05,5.951724137931034,77.83,27.632368742368744,16.8,1,2004,2,5,36,6,hot_rainy
2004-02-06,5.951724137931034,77.83,27.632368742368744,16.8,1,2004,2,6,37,6,hot_rainy
2004-02-07,5.951724137931034,77.83,27.632368742368744,16.8,1,2004,2,7,38,6,hot_rainy
2004-02-08,5.951724137931034,77.83,27.632368742368744,16.8,1,2004,2,8,39,6,hot_rainy
2004-02-09,5.951724137931034,77.83,27.632368742368744,16.8,1,2004,2,9,40,7,hot_rainy
2004-02-10,5.951724137931034,77.83,27.632368742368744,16.8,1,2004,2,10,41,7,hot_rainy
2004-02-11,5.951724137931034,77.83,27.632368742368744,16.8,1,2004,2,11,42,7,hot_rainy
2004-02-12,5.951724137931034,77.83,27.632368742368744,16.8,1,2004,2,12,43,7,hot_rainy
2004-02-13,5.951724137931034,77.83,27.632368742368744,16.8,1,2004,2,13,44,7,hot_rainy
2004-02-14,5.951724137931034,77.83,27.632368742368744,16.8,1,2004,2,14,45,7,hot_rainy
2004-02-15,5.951724137931034,77.83,27.632368742368744,16.8,1,2004,2,15,46,7,hot_rainy
2004-02-16,5.951724137931034,77.83,27.632368742368744,16.8,1,2004,2,16,47,8,hot_rainy
2004-02-17,5.951724137931034,77.83,27.632368742368744,16.8,1,2004,2,17,48,8,hot_rainy
2004-02-18,5.951724137931034,77.83,27.632368742368744,16.8,1,2004,2,18,49,8,hot_rainy
2004-02-19,5.951724137931034,77.83,27.632368742368744,16.8,1,2004,2,19,50,8,hot_rainy
2004-02-20,5.951724137931034,77.83,27.632368742368744,16.8,1,2004,2,20,51,8,hot_rainy
2004-02-21,5.951724137931034,77.83,27.632368742368744,16.8,1,2004,2,21,52,8,hot_rainy
2004-02-22,5.951724137931034,77.83,27.632368742368744,16.8,1,2004,2,22,53,8,hot_rainy
2004-02-23,5.951724137931034,77.83,27.632368742368744,16.8,1,2004,2,23,54,9,hot_rainy
2004-02-24,5.951724137931034,77.83,27.632368742368744,16.8,1,2004,2,24,55,9,hot_rainy
2004-02-25,5.951724137931034,77.83,27.632368742368744,16.8,1,2004,2,25,56,9,hot_rainy
2004-02-26,5.951724137931034,77.83,27.632368742368744,16.8,1,2004,2,26,57,9,hot_rainy
2004-02-27,5.951724137931034,77.83,27.632368742368744,16.8,1,2004,2,27,58,9,hot_rainy
2004-02-28,5.951724137931034,77.83,27.632368742368744,16.8,1,2004,2,28,59,9,hot_rainy
2004-02-29,5.951724137931034,77.83,27.632368742368744,16.8,1,2004,2,29,60,9,hot_rainy
2004-03-01,8.848387096774195,74.81722222222223,27.522068965517242,17.08,1,2004,3,1,61,10,hot_rainy
2004-03-02,8.848387096774195,74.81722222222223,27.522068965517242,17.08,1,2004,3,2,62,10,hot_rainy
2004-03-03,8.848387096774195,74.81722222222223,27.522068965517242,17.08,1,2004,3,3,63,10,hot_rainy
2004-03-04,8.848387096774195,74.81722222222223,27.522068965517242,17.08,1,2004,3,4,64,10,hot_rainy
2004-03-05,8.848387096774195,74.81722222222223,27.522068965517242,17.08,1,2004,3,5,65,10,hot_rainy
2004-03-06,8.848387096774195,74.81722222222223,27.522068965517242,17.08,1,2004,3,6,66,10,hot_rainy
2004-03-07,8.848387096774195,74.81722222222223,27.522068965517242,17.08,1,2004,3,7,67,10,hot_rainy
2004-03-08,8.848387096774195,74.81722222222223,27.522068965517242,17.08,1,2004,3,8,68,11,hot_rainy
2004-03-09,8.848387096774195,74.81722222222223,27.522068965517242,17.08,1,2004,3,9,69,11,hot_rainy
2004-03-10,8.848387096774195,74.81722222222223,27.522068965517242,17.08,1,2004,3,10,70,11,hot_rainy
2004-03-11,8.848387096774195,74.81722222222223,27.522068965517242,17.08,1,2004,3,11,71,11,hot_rainy
2004-03-12,8.848387096774195,74.81722222222223,27.522068965517242,17.08,1,2004,3,12,72,11,hot_rainy
2004-03-13,8.848387096774195,74.81722222222223,27.522068965517242,17.08,1,2004,3,13,73,11,hot_rainy
2004-03-14,8.848387096774195,74.81722222222223,27.522068965517242,17.08,1,2004,3,14,74,11,hot_rainy
2004-03-15,8.848387096774195,74.81722222222223,27.522068965517242,17.08,1,2004,3,15,75,12,hot_rainy
2004-03-16,8.848387096774195,74.81722222222223,27.522068965517242,17.08,1,2004,3,16,76,12,hot_rainy
2004-03-17,8.848387096774195,74.81722222222223,27.522068965517242,17.08,1,2004,3,17,77,12,hot_rainy
2004-03-18,8.848387096774195,74.81722222222223,27.522068965517242,17.08,1,2004,3,18,78,12,hot_rainy
2004-03-19,8.848387096774195,74.81722222222223,27.522068965517242,17.08,1,2004,3,19,79,12,hot_rainy
2004-03-20,8.848387096774195,74.81722222222223,27.522068965517242,17.08,1,2004,3,20,80,12,hot_rainy
2004-03-21,8.848387096774195,74.81722222222223,27.522068965517242,17.08,1,2004,3,21,81,12,hot_rainy
2004-03-22,8.848387096774195,74.81722222222223,27.522068965517242,17.08,1,2004,3,22,82,13,hot_rainy
2004-03-23,8.848387096774195,74.81722222222223,27.522068965517242,17.08,1,2004,3,23,83,13,hot_rainy
2004-03-24,8.848387096774195,74.81722222222223,27.522068965517242,17.08,1,2004,3,24,84,13,hot_rainy
2004-03-25,8.848387096774195,74.81722222222223,27.522068965517242,17.08,1,2004,3,25,85,13,hot_rainy
2004-03-26,8.848387096774195,74.81722222222223,27.522068965517242,17.08,1,2004,3,26,86,13,hot_rainy
2004-03-27,8.848387096774195,74.81722222222223,27.522068965517242,17.08,1,2004,3,27,87,13,hot_rainy
2004-03-28,8.848387096774195,74.81722222222223,27.522068965517242,17.08,1,2004,3,28,88,13,hot_rainy
2004-03-29,8.848387096774195,74.81722222222223,27.522068965517242,17.08,1,2004,3,29,89,14,hot_rainy
2004-03-30,8.848387096774195,74.81722222222223,27.522068965517242,17.08,1,2004,3,30,90,14,hot_rainy
2004-03-31,8.848387096774195,74.81722222222223,27.522068965517242,17.08,1,2004,3,31,91,14,hot_rainy
2004-04-01,1.0333333333333334,67.55809523809523,26.844333333333335,14.18,1,2004,4,1,92,14,hot_rainy
2004-04-02,1.0333333333333334,67.55809523809523,26.844333333333335,14.18,1,2004,4,2,93,14,hot_rainy
2004-04-03,1.0333333333333334,67.55809523809523,26.844333333333335,14.18,1,2004,4,3,94,14,hot_rainy
2004-04-04,1.0333333333333334,67.55809523809523,26.844333333333335,14.18,1,2004,4,4,95,14,hot_rainy
2004-04-05,1.0333333333333334,67.55809523809523,26.844333333333335,14.18,1,2004,4,5,96,15,hot_rainy
2004-04-06,1.0333333333333334,67.55809523809523,26.844333333333335,14.18,1,2004,4,6,97,15,hot_rainy
2004-04-07,1.0333333333333334,67.55809523809523,26.844333333333335,14.18,1,2004,4,7,98,15,hot_rainy
2004-04-08,1.0333333333333334,67.55809523809523,26.844333333333335,14.18,1,2004,4,8,99,15,hot_rainy
2004-04-09,1.0333333333333334,67.55809523809523,26.844333333333335,14.18,1,2004,4,9,100,15,hot_rainy
2004-04-10,1.0333333333333334,67.55809523809523,26.844333333333335,14.18,1,2004,4,10,101,15,hot_rainy
2004-04-11,1.0333333333333334,67.55809523809523,26.844333333333335,14.18,1,2004,4,11,102,15,hot_rainy
2004-04-12,1.0333333333333334,67.55809523809523,26.844333333333335,14.18,1,2004,4,12,103,16,hot_rainy
2004-04-13,1.0333333333333334,67.55809523809523,26.844333333333335,14.18,1,2004,4,13,104,16,hot_rainy
2004-04-14,1.0333333333333334,67.55809523809523,26.844333333333335,14.18,1,2004,4,14,105,16,hot_rainy
2004-04-15,1.0333333333333334,67.55809523809523,26.844333333333335,14.18,1,2004,4,15,106,16,hot_rainy
2004-04-16,1.0333333333333334,67.55809523809523,26.844333333333335,14.18,1,2004,4,16,107,16,hot_rainy
2004-04-17,1.0333333333333334,67.55809523809523,26.844333333333335,14.18,1,2004,4,17,108,16,hot_rainy
2004-04-18,1.0333333333333334,67.55809523809523,26.844333333333335,14.18,1,2004,4,18,109,16,hot_rainy
2004-04-19,1.0333333333333334,67.55809523809523,26.844333333333335,14.18,1,2004,4,19,110,17,hot_rainy
2004-04-20,1.0333333333333334,67.55809523809523,26.844333333333335,14.18,1,2004,4,20,111,17,hot_rainy
2004-04-21,1.0333333333333334,67.55809523809523,26.844333333333335,14.18,1,2004,4,21,112,17,hot_rainy
2004-04-22,1.0333333333333334,67.55809523809523,26.844333333333335,14.18,1,2004,4,22,113,17,hot_rainy
2004-04-23,1.0333333333333334,67.55809523809523,26.844333333333335,14.18,1,2004,4,23,114,17,hot_rainy
2004-04-24,1.0333333333333334,67.55809523809523,26.844333333333335,14.18,1,2004,4,24,115,17,hot_rainy
2004-04-25,1.0333333333333334,67.55809523809523,26.844333333333335,14.18,1,2004,4,25,116,17,hot_rainy
2004-04-26,1.0333333333333334,67.55809523809523,26.844333333333335,14.18,1,2004,4,26,117,18,hot_rainy
2004-04-27,1.0333333333333334,67.55809523809523,26.844333333333335,14.18,1,2004,4,27,118,18,hot_rainy
2004-04-28,1.0333333333333334,67.55809523809523,26.844333333333335,14.18,1,2004,4,28,119,18,hot_rainy
2004-04-29,1.0333333333333334,67.55809523809523,26.844333333333335,14.18,1,2004,4,29,120,18,hot_rainy
2004-04-30,1.0333333333333334,67.55809523809523,26.844333333333335,14.18,1,2004,4,30,121,18,hot_rainy
2004-05-01,0.0,61.221428571428575,25.666428571428572,7.59,0,2004,5,1,122,18,cool_dry
2004-05-02,0.0,61.221428571428575,25.666428571428572,7.59,0,2004,5,2,123,18,cool_dry
2004-05-03,0.0,61.221428571428575,25.666428571428572,7.59,0,2004,5,3,124,19,cool_dry
2004-05-04,0.0,61.221428571428575,25.666428571428572,7.59,0,2004,5,4,125,19,cool_dry
2004-05-05,0.0,61.221428571428575,25.666428571428572,7.59,0,2004,5,5,126,19,cool_dry
2004-05-06,0.0,61.221428571428575,25.666428571428572,7.59,0,2004,5,6,127,19,cool_dry
2004-05-07,0.0,61.221428571428575,25.666428571428572,7.59,0,2004,5,7,128,19,cool_dry
2004-05-08,0.0,61.221428571428575,25.666428571428572,7.59,0,2004,5,8,129,19,cool_dry
2004-05-09,0.0,61.221428571428575,25.666428571428572,7.59,0,2004,5,9,130,19,cool_dry
2004-05-10,0.0,61.221428571428575,25.666428571428572,7.59,0,2004,5,10,131,20,cool_dry
2004-05-11,0.0,61.221428571428575,25.666428571428572,7.59,0,2004,5,11,132,20,cool_dry
2004-05-12,0.0,61.221428571428575,25.666428571428572,7.59,0,2004,5,12,133,20,cool_dry
2004-05-13,0.0,61.221428571428575,25.666428571428572,7.59,0,2004,5,13,134,20,cool_dry
2004-05-14,0.0,61.221428571428575,25.666428571428572,7.59,0,2004,5,14,135,20,cool_dry
2004-05-15,0.0,61.221428571428575,25.666428571428572,7.59,0,2004,5,15,136,20,cool_dry
2004-05-16,0.0,61.221428571428575,25.666428571428572,7.59,0,2004,5,16,137,20,cool_dry
2004-05-17,0.0,61.221428571428575,25.666428571428572,7.59,0,2004,5,17,138,21,cool_dry
2004-05-18,0.0,61.221428571428575,25.666428571428572,7.59,0,2004,5,18,139,21,cool_dry
2004-05-19,0.0,61.221428571428575,25.666428571428572,7.59,0,2004,5,19,140,21,cool_dry
2004-05-20,0.0,61.221428571428575,25.666428571428572,7.59,0,2004,5,20,141,21,cool_dry
2004-05-21,0.0,61.221428571428575,25.666428571428572,7.59,0,2004,5,21,142,21,cool_dry
2004-05-22,0.0,61.221428571428575,25.666428571428572,7.59,0,2004,5,22,143,21,cool_dry
2004-05-23,0.0,61.221428571428575,25.666428571428572,7.59,0,2004,5,23,144,21,cool_dry
2004-05-24,0.0,61.221428571428575,25.666428571428572,7.59,0,2004,5,24,145,22,cool_dry
2004-05-25,0.0,61.221428571428575,25.666428571428572,7.59,0,2004,5,25,146,22,cool_dry
2004-05-26,0.0,61.221428571428575,25.666428571428572,7.59,0,2004,5,26,147,22,cool_dry
2004-05-27,0.0,61.221428571428575,25.666428571428572,7.59,0,2004,5,27,148,22,cool_dry
2004-05-28,0.0,61.221428571428575,25.666428571428572,7.59,0,2004,5,28,149,22,cool_dry
2004-05-29,0.0,61.221428571428575,25.666428571428572,7.59,0,2004,5,29,150,22,cool_dry
2004-05-30,0.0,61.221428571428575,25.666428571428572,7.59,0,2004,5,30,151,22,cool_dry
2004-05-31,0.0,61.221428571428575,25.666428571428572,7.59,0,2004,5,31,152,23,cool_dry
2004-06-01,0.0,61.65,23.633999999999997,6.36,0,2004,6,1,153,23,cool_dry
2004-06-02,0.0,61.65,23.633999999999997,6.36,0,2004,6,2,154,23,cool_dry
2004-06-03,0.0,61.65,23.633999999999997,6.36,0,2004,6,3,155,23,cool_dry
2004-06-04,0.0,61.65,23.633999999999997,6.36,0,2004,6,4,156,23,cool_dry
2004-06-05,0.0,61.65,23.633999999999997,6.36,0,2004,6,5,157,23,cool_dry
2004-06-06,0.0,61.65,23.633999999999997,6.36,0,2004,6,6,158,23,cool_dry
2004-06-07,0.0,61.65,23.633999999999997,6.36,0,2004,6,7,159,24,cool_dry
2004-06-08,0.0,61.65,23.633999999999997,6.36,0,2004,6,8,160,24,cool_dry
2004-06-09,0.0,61.65,23.633999999999997,6.36,0,2004,6,9,161,24,cool_dry
2004-06-10,0.0,61.65,23.633999999999997,6.36,0,2004,6,10,162,24,cool_dry
2004-06-11,0.0,61.65,23.633999999999997,6.36,0,2004,6,11,163,24,cool_dry
2004-06-12,0.0,61.65,23.633999999999997,6.36,0,2004,6,12,164,24,cool_dry
2004-06-13,0.0,61.65,23.633999999999997,6.36,0,2004,6,13,165,24,cool_dry
2004-06-14,0.0,61.65,23.633999999999997,6.36,0,2004,6,14,166,25,cool_dry
2004-06-15,0.0,61.65,23.633999999999997,6.36,0,2004,6,15,167,25,cool_dry
2004-06-16,0.0,61.65,23.633999999999997,6.36,0,2004,6,16,168,25,cool_dry
2004-06-17,0.0,61.65,23.633999999999997,6.36,0,2004,6,17,169,25,cool_dry
2004-06-18,0.0,61.65,23.633999999999997,6.36,0,2004,6,18,170,25,cool_dry
2004-06-19,0.0,61.65,23.633999999999997,6.36,0,2004,6,19,171,25,cool_dry
2004-06-20,0.0,61.65,23.633999999999997,6.36,0,2004,6,20,172,25,cool_dry
2004-06-21,0.0,61.65,23.633999999999997,6.36,0,2004,6,21,173,26,cool_dry
2004-06-22,0.0,61.65,23.633999999999997,6.36,0,2004,6,22,174,26,cool_dry
2004-06-23,0.0,61.65,23.633999999999997,6.36,0,2004,6,23,175,26,cool_dry
2004-06-24,0.0,61.65,23.633999999999997,6.36,0,2004,6,24,176,26,cool_dry
2004-06-25,0.0,61.65,23.633999999999997,6.36,0,2004,6,25,177,26,cool_dry
2004-06-26,0.0,61.65,23.633999999999997,6.36,0,2004,6,26,178,26,cool_dry
2004-06-27,0.0,61.65,23.633999999999997,6.36,0,2004,6,27,179,26,cool_dry
2004-06-28,0.0,61.65,23.633999999999997,6.36,0,2004,6,28,180,27,cool_dry
2004-06-29,0.0,61.65,23.633999999999997,6.36,0,2004,6,29,181,27,cool_dry
2004-06-30,0.0,61.65,23.633999999999997,6.36,0,2004,6,30,182,27,cool_dry
2004-07-01,0.0,57.51681818181818,23.425862068965515,5.02,0,2004,7,1,183,27,cool_dry
2004-07-02,0.0,57.51681818181818,23.425862068965515,5.02,0,2004,7,2,184,27,cool_dry
2004-07-03,0.0,57.51681818181818,23.425862068965515,5.02,0,2004,7,3,185,27,cool_dry
2004-07-04,0.0,57.51681818181818,23.425862068965515,5.02,0,2004,7,4,186,27,cool_dry
2004-07-05,0.0,57.51681818181818,23.425862068965515,5.02,0,2004,7,5,187,28,cool_dry
2004-07-06,0.0,57.51681818181818,23.425862068965515,5.02,0,2004,7,6,188,28,cool_dry
2004-07-07,0.0,57.51681818181818,23.425862068965515,5.02,0,2004,7,7,189,28,cool_dry
2004-07-08,0.0,57.51681818181818,23.425862068965515,5.02,0,2004,7,8,190,28,cool_dry
2004-07-09,0.0,57.51681818181818,23.425862068965515,5.02,0,2004,7,9,191,28,cool_dry
2004-07-10,0.0,57.51681818181818,23.425862068965515,5.02,0,2004,7,10,192,28,cool_dry
2004-07-11,0.0,57.51681818181818,23.425862068965515,5.02,0,2004,7,11,193,28,cool_dry
2004-07-12,0.0,57.51681818181818,23.425862068965515,5.02,0,2004,7,12,194,29,cool_dry
2004-07-13,0.0,57.51681818181818,23.425862068965515,5.02,0,2004,7,13,195,29,cool_dry
2004-07-14,0.0,57.51681818181818,23.425862068965515,5.02,0,2004,7,14,196,29,cool_dry
2004-07-15,0.0,57.51681818181818,23.425862068965515,5.02,0,2004,7,15,197,29,cool_dry
2004-07-16,0.0,57.51681818181818,23.425862068965515,5.02,0,2004,7,16,198,29,cool_dry
2004-07-17,0.0,57.51681818181818,23.425862068965515,5.02,0,2004,7,17,199,29,cool_dry
2004-07-18,0.0,57.51681818181818,23.425862068965515,5.02,0,2004,7,18,200,29,cool_dry
2004-07-19,0.0,57.51681818181818,23.425862068965515,5.02,0,2004,7,19,201,30,cool_dry
2004-07-20,0.0,57.51681818181818,23.425862068965515,5.02,0,2004,7,20,202,30,cool_dry
2004-07-21,0.0,57.51681818181818,23.425862068965515,5.02,0,2004,7,21,203,30,cool_dry
2004-07-22,0.0,57.51681818181818,23.425862068965515,5.02,0,2004,7,22,204,30,cool_dry
2004-07-23,0.0,57.51681818181818,23.425862068965515,5.02,0,2004,7,23,205,30,cool_dry
2004-07-24,0.0,57.51681818181818,23.425862068965515,5.02,0,2004,7,24,206,30,cool_dry
2004-07-25,0.0,57.51681818181818,23.425862068965515,5.02,0,2004,7,25,207,30,cool_dry
2004-07-26,0.0,57.51681818181818,23.425862068965515,5.02,0,2004,7,26,208,31,cool_dry
2004-07-27,0.0,57.51681818181818,23.425862068965515,5.02,0,2004,7,27,209,31,cool_dry
2004-07-28,0.0,57.51681818181818,23.425862068965515,5.02,0,2004,7,28,210,31,cool_dry
2004-07-29,0.0,57.51681818181818,23.425862068965515,5.02,0,2004,7,29,211,31,cool_dry
2004-07-30,0.0,57.51681818181818,23.425862068965515,5.02,0,2004,7,30,212,31,cool_dry
2004-07-31,0.0,57.51681818181818,23.425862068965515,5.02,0,2004,7,31,213,31,cool_dry
2004-08-01,0.0,49.68869565217391,26.582142857142856,9.2,0,2004,8,1,214,31,cool_dry
2004-08-02,0.0,49.68869565217391,26.582142857142856,9.2,0,2004,8,2,215,32,cool_dry
2004-08-03,0.0,49.68869565217391,26.582142857142856,9.2,0,2004,8,3,216,32,cool_dry
2004-08-04,0.0,49.68869565217391,26.582142857142856,9.2,0,2004,8,4,217,32,cool_dry
2004-08-05,0.0,49.68869565217391,26.582142857142856,9.2,0,2004,8,5,218,32,cool_dry
2004-08-06,0.0,49.68869565217391,26.582142857142856,9.2,0,2004,8,6,219,32,cool_dry
2004-08-07,0.0,49.68869565217391,26.582142857142856,9.2,0,2004,8,7,220,32,cool_dry
2004-08-08,0.0,49.68869565217391,26.582142857142856,9.2,0,2004,8,8,221,32,cool_dry
2004-08-09,0.0,49.68869565217391,26.582142857142856,9.2,0,2004,8,9,222,33,cool_dry
2004-08-10,0.0,49.68869565217391,26.582142857142856,9.2,0,2004,8,10,223,33,cool_dry
2004-08-11,0.0,49.68869565217391,26.582142857142856,9.2,0,2004,8,11,224,33,cool_dry
2004-08-12,0.0,49.68869565217391,26.582142857142856,9.2,0,2004,8,12,225,33,cool_dry
2004-08-13,0.0,49.68869565217391,26.582142857142856,9.2,0,2004,8,13,226,33,cool_dry
2004-08-14,0.0,49.68869565217391,26.582142857142856,9.2,0,2004,8,14,227,33,cool_dry
2004-08-15,0.0,49.68869565217391,26.582142857142856,9.2,0,2004,8,15,228,33,cool_dry
2004-08-16,0.0,49.68869565217391,26.582142857142856,9.2,0,2004,8,16,229,34,cool_dry
2004-08-17,0.0,49.68869565217391,26.582142857142856,9.2,0,2004,8,17,230,34,cool_dry
2004-08-18,0.0,49.68869565217391,26.582142857142856,9.2,0,2004,8,18,231,34,cool_dry
2004-08-19,0.0,49.68869565217391,26.582142857142856,9.2,0,2004,8,19,232,34,cool_dry
2004-08-20,0.0,49.68869565217391,26.582142857142856,9.2,0,2004,8,20,233,34,cool_dry
2004-08-21,0.0,49.68869565217391,26.582142857142856,9.2,0,2004,8,21,234,34,cool_dry
2004-08-22,0.0,49.68869565217391,26.582142857142856,9.2,0,2004,8,22,235,34,cool_dry
2004-08-23,0.0,49.68869565217391,26.582142857142856,9.2,0,2004,8,23,236,35,cool_dry
2004-08-24,0.0,49.68869565217391,26.582142857142856,9.2,0,2004,8,24,237,35,cool_dry
2004-08-25,0.0,49.68869565217391,26.582142857142856,9.2,0,2004,8,25,238,35,cool_dry
2004-08-26,0.0,49.68869565217391,26.582142857142856,9.2,0,2004,8,26,239,35,cool_dry
2004-08-27,0.0,49.68869565217391,26.582142857142856,9.2,0,2004,8,27,240,35,cool_dry
2004-08-28,0.0,49.68869565217391,26.582142857142856,9.2,0,2004,8,28,241,35,cool_dry
2004-08-29,0.0,49.68869565217391,26.582142857142856,9.2,0,2004,8,29,242,35,cool_dry
2004-08-30,0.0,49.68869565217391,26.582142857142856,9.2,0,2004,8,30,243,36,cool_dry
2004-08-31,0.0,49.68869565217391,26.582142857142856,9.2,0,2004,8,31,244,36,cool_dry
2004-09-01,0.0,43.45,30.173793103448276,12.34,0,2004,9,1,245,36,hot_dry
2004-09-02,0.0,43.45,30.173793103448276,12.34,0,2004,9,2,246,36,hot_dry
2004-09-03,0.0,43.45,30.173793103448276,12.34,0,2004,9,3,247,36,hot_dry
2004-09-04,0.0,43.45,30.173793103448276,12.34,0,2004,9,4,248,36,hot_dry
2004-09-05,0.0,43.45,30.173793103448276,12.34,0,2004,9,5,249,36,hot_dry
2004-09-06,0.0,43.45,30.173793103448276,12.34,0,2004,9,6,250,37,hot_dry
2004-09-07,0.0,43.45,30.173793103448276,12.34,0,2004,9,7,251,37,hot_dry
2004-09-08,0.0,43.45,30.173793103448276,12.34,0,2004,9,8,252,37,hot_dry
2004-09-09,0.0,43.45,30.173793103448276,12.34,0,2004,9,9,253,37,hot_dry
2004-09-10,0.0,43.45,30.173793103448276,12.34,0,2004,9,10,254,37,hot_dry
2004-09-11,0.0,43.45,30.173793103448276,12.34,0,2004,9,11,255,37,hot_dry
2004-09-12,0.0,43.45,30.173793103448276,12.34,0,2004,9,12,256,37,hot_dry
2004-09-13,0.0,43.45,30.173793103448276,12.34,0,2004,9,13,257,38,hot_dry
2004-09-14,0.0,43.45,30.173793103448276,12.34,0,2004,9,14,258,38,hot_dry
2004-09-15,0.0,43.45,30.173793103448276,12.34,0,2004,9,15,259,38,hot_dry
2004-09-16,0.0,43.45,30.173793103448276,12.34,0,2004,9,16,260,38,hot_dry
2004-09-17,0.0,43.45,30.173793103448276,12.34,0,2004,9,17,261,38,hot_dry
2004-09-18,0.0,43.45,30.173793103448276,12.34,0,2004,9,18,262,38,hot_dry
2004-09-19,0.0,43.45,30.173793103448276,12.34,0,2004,9,19,263,38,hot_dry
2004-09-20,0.0,43.45,30.173793103448276,12.34,0,2004,9,20,264,39,hot_dry
2004-09-21,0.0,43.45,30.173793103448276,12.34,0,2004,9,21,265,39,hot_dry
2004-09-22,0.0,43.45,30.173793103448276,12.34,0,2004,9,22,266,39,hot_dry
2004-09-23,0.0,43.45,30.173793103448276,12.34,0,2004,9,23,267,39,hot_dry
2004-09-24,0.0,43.45,30.173793103448276,12.34,0,2004,9,24,268,39,hot_dry
2004-09-25,0.0,43.45,30.173793103448276,12.34,0,2004,9,25,269,39,hot_dry
2004-09-26,0.0,43.45,30.173793103448276,12.34,0,2004,9,26,270,39,hot_dry
2004-09-27,0.0,43.45,30.173793103448276,12.34,0,2004,9,27,271,40,hot_dry
2004-09-28,0.0,43.45,30.173793103448276,12.34,0,2004,9,28,272,40,hot_dry
2004-09-29,0.0,43.45,30.173793103448276,12.34,0,2004,9,29,273,40,hot_dry
2004-09-30,0.0,43.45,30.173793103448276,12.34,0,2004,9,30,274,40,hot_dry
2004-10-01,0.8032258064516129,44.34952380952381,32.03296296296296,15.1,0,2004,10,1,275,40,hot_dry
2004-10-02,0.8032258064516129,44.34952380952381,32.03296296296296,15.1,0,2004,10,2,276,40,hot_dry
2004-10-03,0.8032258064516129,44.34952380952381,32.03296296296296,15.1,0,2004,10,3,277,40,hot_dry
2004-10-04,0.8032258064516129,44.34952380952381,32.03296296296296,15.1,0,2004,10,4,278,41,hot_dry
2004-10-05,0.8032258064516129,44.34952380952381,32.03296296296296,15.1,0,2004,10,5,279,41,hot_dry
2004-10-06,0.8032258064516129,44.34952380952381,32.03296296296296,15.1,0,2004,10,6,280,41,hot_dry
2004-10-07,0.8032258064516129,44.34952380952381,32.03296296296296,15.1,0,2004,10,7,281,41,hot_dry
2004-10-08,0.8032258064516129,44.34952380952381,32.03296296296296,15.1,0,2004,10,8,282,41,hot_dry
2004-10-09,0.8032258064516129,44.34952380952381,32.03296296296296,15.1,0,2004,10,9,283,41,hot_dry
2004-10-10,0.8032258064516129,44.34952380952381,32.03296296296296,15.1,0,2004,10,10,284,41,hot_dry
2004-10-11,0.8032258064516129,44.34952380952381,32.03296296296296,15.1,0,2004,10,11,285,42,hot_dry
2004-10-12,0.8032258064516129,44.34952380952381,32.03296296296296,15.1,0,2004,10,12,286,42,hot_dry
2004-10-13,0.8032258064516129,44.34952380952381,32.03296296296296,15.1,0,2004,10,13,287,42,hot_dry
2004-10-14,0.8032258064516129,44.34952380952381,32.03296296296296,15.1,0,2004,10,14,288,42,hot_dry
2004-10-15,0.8032258064516129,44.34952380952381,32.03296296296296,15.1,0,2004,10,15,289,42,hot_dry
2004-10-16,0.8032258064516129,44.34952380952381,32.03296296296296,15.1,0,2004,10,16,290,42,hot_dry
2004-10-17,0.8032258064516129,44.34952380952381,32.03296296296296,15.1,0,2004,10,17,291,42,hot_dry
2004-10-18,0.8032258064516129,44.34952380952381,32.03296296296296,15.1,0,2004,10,18,292,43,hot_dry
2004-10-19,0.8032258064516129,44.34952380952381,32.03296296296296,15.1,0,2004,10,19,293,43,hot_dry
2004-10-20,0.8032258064516129,44.34952380952381,32.03296296296296,15.1,0,2004,10,20,294,43,hot_dry
2004-10-21,0.8032258064516129,44.34952380952381,32.03296296296296,15.1,0,2004,10,21,295,43,hot_dry
2004-10-22,0.8032258064516129,44.34952380952381,32.03296296296296,15.1,0,2004,10,22,296,43,hot_dry
2004-10-23,0.8032258064516129,44.34952380952381,32.03296296296296,15.1,0,2004,10,23,297,43,hot_dry
2004-10-24,0.8032258064516129,44.34952380952381,32.03296296296296,15.1,0,2004,10,24,298,43,hot_dry
2004-10-25,0.8032258064516129,44.34952380952381,32.03296296296296,15.1,0,2004,10,25,299,44,hot_dry
2004-10-26,0.8032258064516129,44.34952380952381,32.03296296296296,15.1,0,2004,10,26,300,44,hot_dry
2004-10-27,0.8032258064516129,44.34952380952381,32.03296296296296,15.1,0,2004,10,27,301,44,hot_dry
2004-10-28,0.8032258064516129,44.34952380952381,32.03296296296296,15.1,0,2004,10,28,302,44,hot_dry
2004-10-29,0.8032258064516129,44.34952380952381,32.03296296296296,15.1,0,2004,10,29,303,44,hot_dry
2004-10-30,0.8032258064516129,44.34952380952381,32.03296296296296,15.1,0,2004,10,30,304,44,hot_dry
2004-10-31,0.8032258064516129,44.34952380952381,32.03296296296296,15.1,0,2004,10,31,305,44,hot_dry
2004-11-01,0.35,53.25,30.724482758620688,16.75,0,2004,11,1,306,45,hot_rainy
2004-11-02,0.35,53.25,30.724482758620688,16.75,0,2004,11,2,307,45,hot_rainy
2004-11-03,0.35,53.25,30.724482758620688,16.75,0,2004,11,3,308,45,hot_rainy
2004-11-04,0.35,53.25,30.724482758620688,16.75,0,2004,11,4,309,45,hot_rainy
2004-11-05,0.35,53.25,30.724482758620688,16.75,0,2004,11,5,310,45,hot_rainy
2004-11-06,0.35,53.25,30.724482758620688,16.75,0,2004,11,6,311,45,hot_rainy
2004-11-07,0.35,53.25,30.724482758620688,16.75,0,2004,11,7,312,45,hot_rainy
2004-11-08,0.35,53.25,30.724482758620688,16.75,0,2004,11,8,313,46,hot_rainy
2004-11-09,0.35,53.25,30.724482758620688,16.75,0,2004,11,9,314,46,hot_rainy
2004-11-10,0.35,53.25,30.724482758620688,16.75,0,2004,11,10,315,46,hot_rainy
2004-11-11,0.35,53.25,30.724482758620688,16.75,0,2004,11,11,316,46,hot_rainy
2004-11-12,0.35,53.25,30.724482758620688,16.75,0,2004,11,12,317,46,hot_rainy
2004-11-13,0.35,53.25,30.724482758620688,16.75,0,2004,11,13,318,46,hot_rainy
2004-11-14,0.35,53.25,30.724482758620688,16.75,0,2004,11,14,319,46,hot_rainy
2004-11-15,0.35,53.25,30.724482758620688,16.75,0,2004,11,15,320,47,hot_rainy
2004-11-16,0.35,53.25,30.724482758620688,16.75,0,2004,11,16,321,47,hot_rainy
2004-11-17,0.35,53.25,30.724482758620688,16.75,0,2004,11,17,322,47,hot_rainy
2004-11-18,0.35,53.25,30.724482758620688,16.75,0,2004,11,18,323,47,hot_rainy
2004-11-19,0.35,53.25,30.724482758620688,16.75,0,2004,11,19,324,47,hot_rainy
2004-11-20,0.35,53.25,30.724482758620688,16.75,0,2004,11,20,325,47,hot_rainy
2004-11-21,0.35,53.25,30.724482758620688,16.75,0,2004,11,21,326,47,hot_rainy
2004-11-22,0.35,53.25,30.724482758620688,16.75,0,2004,11,22,327,48,hot_rainy
2004-11-23,0.35,53.25,30.724482758620688,16.75,0,2004,11,23,328,48,hot_rainy
2004-11-24,0.35,53.25,30.724482758620688,16.75,0,2004,11,24,329,48,hot_rainy
2004-11-25,0.35,53.25,30.724482758620688,16.75,0,2004,11,25,330,48,hot_rainy
2004-11-26,0.35,53.25,30.724482758620688,16.75,0,2004,11,26,331,48,hot_rainy
2004-11-27,0.35,53.25,30.724482758620688,16.75,0,2004,11,27,332,48,hot_rainy
2004-11-28,0.35,53.25,30.724482758620688,16.75,0,2004,11,28,333,48,hot_rainy
2004-11-29,0.35,53.25,30.724482758620688,16.75,0,2004,11,29,334,49,hot_rainy
2004-11-30,0.35,53.25,30.724482758620688,16.75,0,2004,11,30,335,49,hot_rainy
2004-12-01,5.229032258064516,73.86277777777778,28.231724137931035,17.87,1,2004,12,1,336,49,hot_rainy
2004-12-02,5.229032258064516,73.86277777777778,28.231724137931035,17.87,1,2004,12,2,337,49,hot_rainy
2004-12-03,5.229032258064516,73.86277777777778,28.231724137931035,17.87,1,2004,12,3,338,49,hot_rainy
2004-12-04,5.229032258064516,73.86277777777778,28.231724137931035,17.87,1,2004,12,4,339,49,hot_rainy
2004-12-05,5.229032258064516,73.86277777777778,28.231724137931035,17.87,1,2004,12,5,340,49,hot_rainy
2004-12-06,5.229032258064516,73.86277777777778,28.231724137931035,17.87,1,2004,12,6,341,50,hot_rainy
2004-12-07,5.229032258064516,73.86277777777778,28.231724137931035,17.87,1,2004,12,7,342,50,hot_rainy
2004-12-08,5.229032258064516,73.86277777777778,28.231724137931035,17.87,1,2004,12,8,343,50,hot_rainy
2004-12-09,5.229032258064516,73.86277777777778,28.231724137931035,17.87,1,2004,12,9,344,50,hot_rainy
2004-12-10,5.229032258064516,73.86277777777778,28.231724137931035,17.87,1,2004,12,10,345,50,hot_rainy
2004-12-11,5.229032258064516,73.86277777777778,28.231724137931035,17.87,1,2004,12,11,346,50,hot_rainy
2004-12-12,5.229032258064516,73.86277777777778,28.231724137931035,17.87,1,2004,12,12,347,50,hot_rainy
2004-12-13,5.229032258064516,73.86277777777778,28.231724137931035,17.87,1,2004,12,13,348,51,hot_rainy
2004-12-14,5.229032258064516,73.86277777777778,28.231724137931035,17.87,1,2004,12,14,349,51,hot_rainy
2004-12-15,5.229032258064516,73.86277777777778,28.231724137931035,17.87,1,2004,12,15,350,51,hot_rainy
2004-12-16,5.229032258064516,73.86277777777778,28.231724137931035,17.87,1,2004,12,16,351,51,hot_rainy
2004-12-17,5.229032258064516,73.86277777777778,28.231724137931035,17.87,1,2004,12,17,352,51,hot_rainy
2004-12-18,5.229032258064516,73.86277777777778,28.231724137931035,17.87,1,2004,12,18,353,51,hot_rainy
2004-12-19,5.229032258064516,73.86277777777778,28.231724137931035,17.87,1,2004,12,19,354,51,hot_rainy
2004-12-20,5.229032258064516,73.86277777777778,28.231724137931035,17.87,1,2004,12,20,355,52,hot_rainy
2004-12-21,5.229032258064516,73.86277777777778,28.231724137931035,17.87,1,2004,12,21,356,52,hot_rainy
2004-12-22,5.229032258064516,73.86277777777778,28.231724137931035,17.87,1,2004,12,22,357,52,hot_rainy
2004-12-23,5.229032258064516,73.86277777777778,28.231724137931035,17.87,1,2004,12,23,358,52,hot_rainy
2004-12-24,5.229032258064516,73.86277777777778,28.231724137931035,17.87,1,2004,12,24,359,52,hot_rainy
2004-12-25,5.229032258064516,73.86277777777778,28.231724137931035,17.87,1,2004,12,25,360,52,hot_rainy
2004-12-26,5.229032258064516,73.86277777777778,28.231724137931035,17.87,1,2004,12,26,361,52,hot_rainy
2004-12-27,5.229032258064516,73.86277777777778,28.231724137931035,17.87,1,2004,12,27,362,53,hot_rainy
2004-12-28,5.229032258064516,73.86277777777778,28.231724137931035,17.87,1,2004,12,28,363,53,hot_rainy
2004-12-29,5.229032258064516,73.86277777777778,28.231724137931035,17.87,1,2004,12,29,364,53,hot_rainy
2004-12-30,5.229032258064516,73.86277777777778,28.231724137931035,17.87,1,2004,12,30,365,53,hot_rainy
2004-12-31,5.229032258064516,73.86277777777778,28.231724137931035,17.87,1,2004,12,31,366,53,hot_rainy
2005-01-01,6.493548387096775,79.25375,27.49,17.46,1,2005,1,1,1,53,hot_rainy
2005-01-02,6.493548387096775,79.25375,27.49,17.46,1,2005,1,2,2,53,hot_rainy
2005-01-03,6.493548387096775,79.25375,27.49,17.46,1,2005,1,3,3,1,hot_rainy
2005-01-04,6.493548387096775,79.25375,27.49,17.46,1,2005,1,4,4,1,hot_rainy
2005-01-05,6.493548387096775,79.25375,27.49,17.46,1,2005,1,5,5,1,hot_rainy
2005-01-06,6.493548387096775,79.25375,27.49,17.46,1,2005,1,6,6,1,hot_rainy
2005-01-07,6.493548387096775,79.25375,27.49,17.46,1,2005,1,7,7,1,hot_rainy
2005-01-08,6.493548387096775,79.25375,27.49,17.46,1,2005,1,8,8,1,hot_rainy
2005-01-09,6.493548387096775,79.25375,27.49,17.46,1,2005,1,9,9,1,hot_rainy
2005-01-10,6.493548387096775,79.25375,27.49,17.46,1,2005,1,10,10,2,hot_rainy
2005-01-11,6.493548387096775,79.25375,27.49,17.46,1,2005,1,11,11,2,hot_rainy
2005-01-12,6.493548387096775,79.25375,27.49,17.46,1,2005,1,12,12,2,hot_rainy
2005-01-13,6.493548387096775,79.25375,27.49,17.46,1,2005,1,13,13,2,hot_rainy
2005-01-14,6.493548387096775,79.25375,27.49,17.46,1,2005,1,14,14,2,hot_rainy
2005-01-15,6.493548387096775,79.25375,27.49,17.46,1,2005,1,15,15,2,hot_rainy
2005-01-16,6.493548387096775,79.25375,27.49,17.46,1,2005,1,16,16,2,hot_rainy
2005-01-17,6.493548387096775,79.25375,27.49,17.46,1,2005,1,17,17,3,hot_rainy
2005-01-18,6.493548387096775,79.25375,27.49,17.46,1,2005,1,18,18,3,hot_rainy
2005-01-19,6.493548387096775,79.25375,27.49,17.46,1,2005,1,19,19,3,hot_rainy
2005-01-20,6.493548387096775,79.25375,27.49,17.46,1,2005,1,20,20,3,hot_rainy
2005-01-21,6.493548387096775,79.25375,27.49,17.46,1,2005,1,21,21,3,hot_rainy
2005-01-22,6.493548387096775,79.25375,27.49,17.46,1,2005,1,22,22,3,hot_rainy
2005-01-23,6.493548387096775,79.25375,27.49,17.46,1,2005,1,23,23,3,hot_rainy
2005-01-24,6.493548387096775,79.25375,27.49,17.46,1,2005,1,24,24,4,hot_rainy
2005-01-25,6.493548387096775,79.25375,27.49,17.46,1,2005,1,25,25,4,hot_rainy
2005-01-26,6.493548387096775,79.25375,27.49,17.46,1,2005,1,26,26,4,hot_rainy
2005-01-27,6.493548387096775,79.25375,27.49,17.46,1,2005,1,27,27,4,hot_rainy
2005-01-28,6.493548387096775,79.25375,27.49,17.46,1,2005,1,28,28,4,hot_rainy
2005-01-29,6.493548387096775,79.25375,27.49,17.46,1,2005,1,29,29,4,hot_rainy
2005-01-30,6.493548387096775,79.25375,27.49,17.46,1,2005,1,30,30,4,hot_rainy
2005-01-31,6.493548387096775,79.25375,27.49,17.46,1,2005,1,31,31,5,hot_rainy
2005-02-01,2.557142857142857,78.46233380480905,27.632368742368744,17.3,1,2005,2,1,32,5,hot_rainy
2005-02-02,2.557142857142857,78.46233380480905,27.632368742368744,17.3,1,2005,2,2,33,5,hot_rainy
2005-02-03,2.557142857142857,78.46233380480905,27.632368742368744,17.3,1,2005,2,3,34,5,hot_rainy
2005-02-04,2.557142857142857,78.46233380480905,27.632368742368744,17.3,1,2005,2,4,35,5,hot_rainy
2005-02-05,2.557142857142857,78.46233380480905,27.632368742368744,17.3,1,2005,2,5,36,5,hot_rainy
2005-02-06,2.557142857142857,78.46233380480905,27.632368742368744,17.3,1,2005,2,6,37,5,hot_rainy
2005-02-07,2.557142857142857,78.46233380480905,27.632368742368744,17.3,1,2005,2,7,38,6,hot_rainy
2005-02-08,2.557142857142857,78.46233380480905,27.632368742368744,17.3,1,2005,2,8,39,6,hot_rainy
2005-02-09,2.557142857142857,78.46233380480905,27.632368742368744,17.3,1,2005,2,9,40,6,hot_rainy
2005-02-10,2.557142857142857,78.46233380480905,27.632368742368744,17.3,1,2005,2,10,41,6,hot_rainy
2005-02-11,2.557142857142857,78.46233380480905,27.632368742368744,17.3,1,2005,2,11,42,6,hot_rainy
2005-02-12,2.557142857142857,78.46233380480905,27.632368742368744,17.3,1,2005,2,12,43,6,hot_rainy
2005-02-13,2.557142857142857,78.46233380480905,27.632368742368744,17.3,1,2005,2,13,44,6,hot_rainy
2005-02-14,2.557142857142857,78.46233380480905,27.632368742368744,17.3,1,2005,2,14,45,7,hot_rainy
2005-02-15,2.557142857142857,78.46233380480905,27.632368742368744,17.3,1,2005,2,15,46,7,hot_rainy
2005-02-16,2.557142857142857,78.46233380480905,27.632368742368744,17.3,1,2005,2,16,47,7,hot_rainy
2005-02-17,2.557142857142857,78.46233380480905,27.632368742368744,17.3,1,2005,2,17,48,7,hot_rainy
2005-02-18,2.557142857142857,78.46233380480905,27.632368742368744,17.3,1,2005,2,18,49,7,hot_rainy
2005-02-19,2.557142857142857,78.46233380480905,27.632368742368744,17.3,1,2005,2,19,50,7,hot_rainy
2005-02-20,2.557142857142857,78.46233380480905,27.632368742368744,17.3,1,2005,2,20,51,7,hot_rainy
2005-02-21,2.557142857142857,78.46233380480905,27.632368742368744,17.3,1,2005,2,21,52,8,hot_rainy
2005-02-22,2.557142857142857,78.46233380480905,27.632368742368744,17.3,1,2005,2,22,53,8,hot_rainy
2005-02-23,2.557142857142857,78.46233380480905,27.632368742368744,17.3,1,2005,2,23,54,8,hot_rainy
2005-02-24,2.557142857142857,78.46233380480905,27.632368742368744,17.3,1,2005,2,24,55,8,hot_rainy
2005-02-25,2.557142857142857,78.46233380480905,27.632368742368744,17.3,1,2005,2,25,56,8,hot_rainy
2005-02-26,2.557142857142857,78.46233380480905,27.632368742368744,17.3,1,2005,2,26,57,8,hot_rainy
2005-02-27,2.557142857142857,78.46233380480905,27.632368742368744,17.3,1,2005,2,27,58,8,hot_rainy
2005-02-28,2.557142857142857,78.46233380480905,27.632368742368744,17.3,1,2005,2,28,59,9,hot_rainy
2005-03-01,1.035483870967742,74.81722222222223,27.522068965517242,16.49,1,2005,3,1,60,9,hot_rainy
2005-03-02,1.035483870967742,74.81722222222223,27.522068965517242,16.49,1,2005,3,2,61,9,hot_rainy
2005-03-03,1.035483870967742,74.81722222222223,27.522068965517242,16.49,1,2005,3,3,62,9,hot_rainy
2005-03-04,1.035483870967742,74.81722222222223,27.522068965517242,16.49,1,2005,3,4,63,9,hot_rainy
2005-03-05,1.035483870967742,74.81722222222223,27.522068965517242,16.49,1,2005,3,5,64,9,hot_rainy
2005-03-06,1.035483870967742,74.81722222222223,27.522068965517242,16.49,1,2005,3,6,65,9,hot_rainy
2005-03-07,1.035483870967742,74.81722222222223,27.522068965517242,16.49,1,2005,3,7,66,10,hot_rainy
2005-03-08,1.035483870967742,74.81722222222223,27.522068965517242,16.49,1,2005,3,8,67,10,hot_rainy
2005-03-09,1.035483870967742,74.81722222222223,27.522068965517242,16.49,1,2005,3,9,68,10,hot_rainy
2005-03-10,1.035483870967742,74.81722222222223,27.522068965517242,16.49,1,2005,3,10,69,10,hot_rainy
2005-03-11,1.035483870967742,74.81722222222223,27.522068965517242,16.49,1,2005,3,11,70,10,hot_rainy
2005-03-12,1.035483870967742,74.81722222222223,27.522068965517242,16.49,1,2005,3,12,71,10,hot_rainy
2005-03-13,1.035483870967742,74.81722222222223,27.522068965517242,16.49,1,2005,3,13,72,10,hot_rainy
2005-03-14,1.035483870967742,74.81722222222223,27.522068965517242,16.49,1,2005,3,14,73,11,hot_rainy
2005-03-15,1.035483870967742,74.81722222222223,27.522068965517242,16.49,1,2005,3,15,74,11,hot_rainy
2005-03-16,1.035483870967742,74.81722222222223,27.522068965517242,16.49,1,2005,3,16,75,11,hot_rainy
2005-03-17,1.035483870967742,74.81722222222223,27.522068965517242,16.49,1,2005,3,17,76,11,hot_rainy
2005-03-18,1.035483870967742,74.81722222222223,27.522068965517242,16.49,1,2005,3,18,77,11,hot_rainy
2005-03-19,1.035483870967742,74.81722222222223,27.522068965517242,16.49,1,2005,3,19,78,11,hot_rainy
2005-03-20,1.035483870967742,74.81722222222223,27.522068965517242,16.49,1,2005,3,20,79,11,hot_rainy
2005-03-21,1.035483870967742,74.81722222222223,27.522068965517242,16.49,1,2005,3,21,80,12,hot_rainy
2005-03-22,1.035483870967742,74.81722222222223,27.522068965517242,16.49,1,2005,3,22,81,12,hot_rainy
2005-03-23,1.035483870967742,74.81722222222223,27.522068965517242,16.49,1,2005,3,23,82,12,hot_rainy
2005-03-24,1.035483870967742,74.81722222222223,27.522068965517242,16.49,1,2005,3,24,83,12,hot_rainy
2005-03-25,1.035483870967742,74.81722222222223,27.522068965517242,16.49,1,2005,3,25,84,12,hot_rainy
2005-03-26,1.035483870967742,74.81722222222223,27.522068965517242,16.49,1,2005,3,26,85,12,hot_rainy
2005-03-27,1.035483870967742,74.81722222222223,27.522068965517242,16.49,1,2005,3,27,86,12,hot_rainy
2005-03-28,1.035483870967742,74.81722222222223,27.522068965517242,16.49,1,2005,3,28,87,13,hot_rainy
2005-03-29,1.035483870967742,74.81722222222223,27.522068965517242,16.49,1,2005,3,29,88,13,hot_rainy
2005-03-30,1.035483870967742,74.81722222222223,27.522068965517242,16.49,1,2005,3,30,89,13,hot_rainy
2005-03-31,1.035483870967742,74.81722222222223,27.522068965517242,16.49,1,2005,3,31,90,13,hot_rainy
2005-04-01,0.7466666666666666,67.55809523809523,26.844333333333335,13.7,0,2005,4,1,91,13,hot_rainy
2005-04-02,0.7466666666666666,67.55809523809523,26.844333333333335,13.7,0,2005,4,2,92,13,hot_rainy
2005-04-03,0.7466666666666666,67.55809523809523,26.844333333333335,13.7,0,2005,4,3,93,13,hot_rainy
2005-04-04,0.7466666666666666,67.55809523809523,26.844333333333335,13.7,0,2005,4,4,94,14,hot_rainy
2005-04-05,0.7466666666666666,67.55809523809523,26.844333333333335,13.7,0,2005,4,5,95,14,hot_rainy
2005-04-06,0.7466666666666666,67.55809523809523,26.844333333333335,13.7,0,2005,4,6,96,14,hot_rainy
2005-04-07,0.7466666666666666,67.55809523809523,26.844333333333335,13.7,0,2005,4,7,97,14,hot_rainy
2005-04-08,0.7466666666666666,67.55809523809523,26.844333333333335,13.7,0,2005,4,8,98,14,hot_rainy
2005-04-09,0.7466666666666666,67.55809523809523,26.844333333333335,13.7,0,2005,4,9,99,14,hot_rainy
2005-04-10,0.7466666666666666,67.55809523809523,26.844333333333335,13.7,0,2005,4,10,100,14,hot_rainy
2005-04-11,0.7466666666666666,67.55809523809523,26.844333333333335,13.7,0,2005,4,11,101,15,hot_rainy
2005-04-12,0.7466666666666666,67.55809523809523,26.844333333333335,13.7,0,2005,4,12,102,15,hot_rainy
2005-04-13,0.7466666666666666,67.55809523809523,26.844333333333335,13.7,0,2005,4,13,103,15,hot_rainy
2005-04-14,0.7466666666666666,67.55809523809523,26.844333333333335,13.7,0,2005,4,14,104,15,hot_rainy
2005-04-15,0.7466666666666666,67.55809523809523,26.844333333333335,13.7,0,2005,4,15,105,15,hot_rainy
2005-04-16,0.7466666666666666,67.55809523809523,26.844333333333335,13.7,0,2005,4,16,106,15,hot_rainy
2005-04-17,0.7466666666666666,67.55809523809523,26.844333333333335,13.7,0,2005,4,17,107,15,hot_rainy
2005-04-18,0.7466666666666666,67.55809523809523,26.844333333333335,13.7,0,2005,4,18,108,16,hot_rainy
2005-04-19,0.7466666666666666,67.55809523809523,26.844333333333335,13.7,0,2005,4,19,109,16,hot_rainy
2005-04-20,0.7466666666666666,67.55809523809523,26.844333333333335,13.7,0,2005,4,20,110,16,hot_rainy
2005-04-21,0.7466666666666666,67.55809523809523,26.844333333333335,13.7,0,2005,4,21,111,16,hot_rainy
2005-04-22,0.7466666666666666,67.55809523809523,26.844333333333335,13.7,0,2005,4,22,112,16,hot_rainy
2005-04-23,0.7466666666666666,67.55809523809523,26.844333333333335,13.7,0,2005,4,23,113,16,hot_rainy
2005-04-24,0.7466666666666666,67.55809523809523,26.844333333333335,13.7,0,2005,4,24,114,16,hot_rainy
2005-04-25,0.7466666666666666,67.55809523809523,26.844333333333335,13.7,0,2005,4,25,115,17,hot_rainy
2005-04-26,0.7466666666666666,67.55809523809523,26.844333333333335,13.7,0,2005,4,26,116,17,hot_rainy
2005-04-27,0.7466666666666666,67.55809523809523,26.844333333333335,13.7,0,2005,4,27,117,17,hot_rainy
2005-04-28,0.7466666666666666,67.55809523809523,26.844333333333335,13.7,0,2005,4,28,118,17,hot_rainy
2005-04-29,0.7466666666666666,67.55809523809523,26.844333333333335,13.7,0,2005,4,29,119,17,hot_rainy
2005-04-30,0.7466666666666666,67.55809523809523,26.844333333333335,13.7,0,2005,4,30,120,17,hot_rainy
2005-05-01,0.0,61.221428571428575,25.666428571428572,9.065185185185186,0,2005,5,1,121,17,cool_dry
2005-05-02,0.0,61.221428571428575,25.666428571428572,9.065185185185186,0,2005,5,2,122,18,cool_dry
2005-05-03,0.0,61.221428571428575,25.666428571428572,9.065185185185186,0,2005,5,3,123,18,cool_dry
2005-05-04,0.0,61.221428571428575,25.666428571428572,9.065185185185186,0,2005,5,4,124,18,cool_dry
2005-05-05,0.0,61.221428571428575,25.666428571428572,9.065185185185186,0,2005,5,5,125,18,cool_dry
2005-05-06,0.0,61.221428571428575,25.666428571428572,9.065185185185186,0,2005,5,6,126,18,cool_dry
2005-05-07,0.0,61.221428571428575,25.666428571428572,9.065185185185186,0,2005,5,7,127,18,cool_dry
2005-05-08,0.0,61.221428571428575,25.666428571428572,9.065185185185186,0,2005,5,8,128,18,cool_dry
2005-05-09,0.0,61.221428571428575,25.666428571428572,9.065185185185186,0,2005,5,9,129,19,cool_dry
2005-05-10,0.0,61.221428571428575,25.666428571428572,9.065185185185186,0,2005,5,10,130,19,cool_dry
2005-05-11,0.0,61.221428571428575,25.666428571428572,9.065185185185186,0,2005,5,11,131,19,cool_dry
2005-05-12,0.0,61.221428571428575,25.666428571428572,9.065185185185186,0,2005,5,12,132,19,cool_dry
2005-05-13,0.0,61.221428571428575,25.666428571428572,9.065185185185186,0,2005,5,13,133,19,cool_dry
2005-05-14,0.0,61.221428571428575,25.666428571428572,9.065185185185186,0,2005,5,14,134,19,cool_dry
2005-05-15,0.0,61.221428571428575,25.666428571428572,9.065185185185186,0,2005,5,15,135,19,cool_dry
2005-05-16,0.0,61.221428571428575,25.666428571428572,9.065185185185186,0,2005,5,16,136,20,cool_dry
2005-05-17,0.0,61.221428571428575,25.666428571428572,9.065185185185186,0,2005,5,17,137,20,cool_dry
2005-05-18,0.0,61.221428571428575,25.666428571428572,9.065185185185186,0,2005,5,18,138,20,cool_dry
2005-05-19,0.0,61.221428571428575,25.666428571428572,9.065185185185186,0,2005,5,19,139,20,cool_dry
2005-05-20,0.0,61.221428571428575,25.666428571428572,9.065185185185186,0,2005,5,20,140,20,cool_dry
2005-05-21,0.0,61.221428571428575,25.666428571428572,9.065185185185186,0,2005,5,21,141,20,cool_dry
2005-05-22,0.0,61.221428571428575,25.666428571428572,9.065185185185186,0,2005,5,22,142,20,cool_dry
2005-05-23,0.0,61.221428571428575,25.666428571428572,9.065185185185186,0,2005,5,23,143,21,cool_dry
2005-05-24,0.0,61.221428571428575,25.666428571428572,9.065185185185186,0,2005,5,24,144,21,cool_dry
2005-05-25,0.0,61.221428571428575,25.666428571428572,9.065185185185186,0,2005,5,25,145,21,cool_dry
2005-05-26,0.0,61.221428571428575,25.666428571428572,9.065185185185186,0,2005,5,26,146,21,cool_dry
2005-05-27,0.0,61.221428571428575,25.666428571428572,9.065185185185186,0,2005,5,27,147,21,cool_dry
2005-05-28,0.0,61.221428571428575,25.666428571428572,9.065185185185186,0,2005,5,28,148,21,cool_dry
2005-05-29,0.0,61.221428571428575,25.666428571428572,9.065185185185186,0,2005,5,29,149,21,cool_dry
2005-05-30,0.0,61.221428571428575,25.666428571428572,9.065185185185186,0,2005,5,30,150,22,cool_dry
2005-05-31,0.0,61.221428571428575,25.666428571428572,9.065185185185186,0,2005,5,31,151,22,cool_dry
2005-06-01,0.0,60.345,23.633999999999997,6.635862068965517,0,2005,6,1,152,22,cool_dry
2005-06-02,0.0,60.345,23.633999999999997,6.635862068965517,0,2005,6,2,153,22,cool_dry
2005-06-03,0.0,60.345,23.633999999999997,6.635862068965517,0,2005,6,3,154,22,cool_dry
2005-06-04,0.0,60.345,23.633999999999997,6.635862068965517,0,2005,6,4,155,22,cool_dry
2005-06-05,0.0,60.345,23.633999999999997,6.635862068965517,0,2005,6,5,156,22,cool_dry
2005-06-06,0.0,60.345,23.633999999999997,6.635862068965517,0,2005,6,6,157,23,cool_dry
2005-06-07,0.0,60.345,23.633999999999997,6.635862068965517,0,2005,6,7,158,23,cool_dry
2005-06-08,0.0,60.345,23.633999999999997,6.635862068965517,0,2005,6,8,159,23,cool_dry
2005-06-09,0.0,60.345,23.633999999999997,6.635862068965517,0,2005,6,9,160,23,cool_dry
2005-06-10,0.0,60.345,23.633999999999997,6.635862068965517,0,2005,6,10,161,23,cool_dry
2005-06-11,0.0,60.345,23.633999999999997,6.635862068965517,0,2005,6,11,162,23,cool_dry
2005-06-12,0.0,60.345,23.633999999999997,6.635862068965517,0,2005,6,12,163,23,cool_dry
2005-06-13,0.0,60.345,23.633999999999997,6.635862068965517,0,2005,6,13,164,24,cool_dry
2005-06-14,0.0,60.345,23.633999999999997,6.635862068965517,0,2005,6,14,165,24,cool_dry
2005-06-15,0.0,60.345,23.633999999999997,6.635862068965517,0,2005,6,15,166,24,cool_dry
2005-06-16,0.0,60.345,23.633999999999997,6.635862068965517,0,2005,6,16,167,24,cool_dry
2005-06-17,0.0,60.345,23.633999999999997,6.635862068965517,0,2005,6,17,168,24,cool_dry
2005-06-18,0.0,60.345,23.633999999999997,6.635862068965517,0,2005,6,18,169,24,cool_dry
2005-06-19,0.0,60.345,23.633999999999997,6.635862068965517,0,2005,6,19,170,24,cool_dry
2005-06-20,0.0,60.345,23.633999999999997,6.635862068965517,0,2005,6,20,171,25,cool_dry
2005-06-21,0.0,60.345,23.633999999999997,6.635862068965517,0,2005,6,21,172,25,cool_dry
2005-06-22,0.0,60.345,23.633999999999997,6.635862068965517,0,2005,6,22,173,25,cool_dry
2005-06-23,0.0,60.345,23.633999999999997,6.635862068965517,0,2005,6,23,174,25,cool_dry
2005-06-24,0.0,60.345,23.633999999999997,6.635862068965517,0,2005,6,24,175,25,cool_dry
2005-06-25,0.0,60.345,23.633999999999997,6.635862068965517,0,2005,6,25,176,25,cool_dry
2005-06-26,0.0,60.345,23.633999999999997,6.635862068965517,0,2005,6,26,177,25,cool_dry
2005-06-27,0.0,60.345,23.633999999999997,6.635862068965517,0,2005,6,27,178,26,cool_dry
2005-06-28,0.0,60.345,23.633999999999997,6.635862068965517,0,2005,6,28,179,26,cool_dry
2005-06-29,0.0,60.345,23.633999999999997,6.635862068965517,0,2005,6,29,180,26,cool_dry
2005-06-30,0.0,60.345,23.633999999999997,6.635862068965517,0,2005,6,30,181,26,cool_dry
2005-07-01,0.0,57.51681818181818,23.425862068965515,6.087142857142857,0,2005,7,1,182,26,cool_dry
2005-07-02,0.0,57.51681818181818,23.425862068965515,6.087142857142857,0,2005,7,2,183,26,cool_dry
2005-07-03,0.0,57.51681818181818,23.425862068965515,6.087142857142857,0,2005,7,3,184,26,cool_dry
2005-07-04,0.0,57.51681818181818,23.425862068965515,6.087142857142857,0,2005,7,4,185,27,cool_dry
2005-07-05,0.0,57.51681818181818,23.425862068965515,6.087142857142857,0,2005,7,5,186,27,cool_dry
2005-07-06,0.0,57.51681818181818,23.425862068965515,6.087142857142857,0,2005,7,6,187,27,cool_dry
2005-07-07,0.0,57.51681818181818,23.425862068965515,6.087142857142857,0,2005,7,7,188,27,cool_dry
2005-07-08,0.0,57.51681818181818,23.425862068965515,6.087142857142857,0,2005,7,8,189,27,cool_dry
2005-07-09,0.0,57.51681818181818,23.425862068965515,6.087142857142857,0,2005,7,9,190,27,cool_dry
2005-07-10,0.0,57.51681818181818,23.425862068965515,6.087142857142857,0,2005,7,10,191,27,cool_dry
2005-07-11,0.0,57.51681818181818,23.425862068965515,6.087142857142857,0,2005,7,11,192,28,cool_dry
2005-07-12,0.0,57.51681818181818,23.425862068965515,6.087142857142857,0,2005,7,12,193,28,cool_dry
2005-07-13,0.0,57.51681818181818,23.425862068965515,6.087142857142857,0,2005,7,13,194,28,cool_dry
2005-07-14,0.0,57.51681818181818,23.425862068965515,6.087142857142857,0,2005,7,14,195,28,cool_dry
2005-07-15,0.0,57.51681818181818,23.425862068965515,6.087142857142857,0,2005,7,15,196,28,cool_dry
2005-07-16,0.0,57.51681818181818,23.425862068965515,6.087142857142857,0,2005,7,16,197,28,cool_dry
2005-07-17,0.0,57.51681818181818,23.425862068965515,6.087142857142857,0,2005,7,17,198,28,cool_dry
2005-07-18,0.0,57.51681818181818,23.425862068965515,6.087142857142857,0,2005,7,18,199,29,cool_dry
2005-07-19,0.0,57.51681818181818,23.425862068965515,6.087142857142857,0,2005,7,19,200,29,cool_dry
2005-07-20,0.0,57.51681818181818,23.425862068965515,6.087142857142857,0,2005,7,20,201,29,cool_dry
2005-07-21,0.0,57.51681818181818,23.425862068965515,6.087142857142857,0,2005,7,21,202,29,cool_dry
2005-07-22,0.0,57.51681818181818,23.425862068965515,6.087142857142857,0,2005,7,22,203,29,cool_dry
2005-07-23,0.0,57.51681818181818,23.425862068965515,6.087142857142857,0,2005,7,23,204,29,cool_dry
2005-07-24,0.0,57.51681818181818,23.425862068965515,6.087142857142857,0,2005,7,24,205,29,cool_dry
2005-07-25,0.0,57.51681818181818,23.425862068965515,6.087142857142857,0,2005,7,25,206,30,cool_dry
2005-07-26,0.0,57.51681818181818,23.425862068965515,6.087142857142857,0,2005,7,26,207,30,cool_dry
2005-07-27,0.0,57.51681818181818,23.425862068965515,6.087142857142857,0,2005,7,27,208,30,cool_dry
2005-07-28,0.0,57.51681818181818,23.425862068965515,6.087142857142857,0,2005,7,28,209,30,cool_dry
2005-07-29,0.0,57.51681818181818,23.425862068965515,6.087142857142857,0,2005,7,29,210,30,cool_dry
2005-07-30,0.0,57.51681818181818,23.425862068965515,6.087142857142857,0,2005,7,30,211,30,cool_dry
2005-07-31,0.0,57.51681818181818,23.425862068965515,6.087142857142857,0,2005,7,31,212,30,cool_dry
2005-08-01,0.0,49.68869565217391,26.582142857142856,8.906666666666666,0,2005,8,1,213,31,cool_dry
2005-08-02,0.0,49.68869565217391,26.582142857142856,8.906666666666666,0,2005,8,2,214,31,cool_dry
2005-08-03,0.0,49.68869565217391,26.582142857142856,8.906666666666666,0,2005,8,3,215,31,cool_dry
2005-08-04,0.0,49.68869565217391,26.582142857142856,8.906666666666666,0,2005,8,4,216,31,cool_dry
2005-08-05,0.0,49.68869565217391,26.582142857142856,8.906666666666666,0,2005,8,5,217,31,cool_dry
2005-08-06,0.0,49.68869565217391,26.582142857142856,8.906666666666666,0,2005,8,6,218,31,cool_dry
2005-08-07,0.0,49.68869565217391,26.582142857142856,8.906666666666666,0,2005,8,7,219,31,cool_dry
2005-08-08,0.0,49.68869565217391,26.582142857142856,8.906666666666666,0,2005,8,8,220,32,cool_dry
2005-08-09,0.0,49.68869565217391,26.582142857142856,8.906666666666666,0,2005,8,9,221,32,cool_dry
2005-08-10,0.0,49.68869565217391,26.582142857142856,8.906666666666666,0,2005,8,10,222,32,cool_dry
2005-08-11,0.0,49.68869565217391,26.582142857142856,8.906666666666666,0,2005,8,11,223,32,cool_dry
2005-08-12,0.0,49.68869565217391,26.582142857142856,8.906666666666666,0,2005,8,12,224,32,cool_dry
2005-08-13,0.0,49.68869565217391,26.582142857142856,8.906666666666666,0,2005,8,13,225,32,cool_dry
2005-08-14,0.0,49.68869565217391,26.582142857142856,8.906666666666666,0,2005,8,14,226,32,cool_dry
2005-08-15,0.0,49.68869565217391,26.582142857142856,8.906666666666666,0,2005,8,15,227,33,cool_dry
2005-08-16,0.0,49.68869565217391,26.582142857142856,8.906666666666666,0,2005,8,16,228,33,cool_dry
2005-08-17,0.0,49.68869565217391,26.582142857142856,8.906666666666666,0,2005,8,17,229,33,cool_dry
2005-08-18,0.0,49.68869565217391,26.582142857142856,8.906666666666666,0,2005,8,18,230,33,cool_dry
2005-08-19,0.0,49.68869565217391,26.582142857142856,8.906666666666666,0,2005,8,19,231,33,cool_dry
2005-08-20,0.0,49.68869565217391,26.582142857142856,8.906666666666666,0,2005,8,20,232,33,cool_dry
2005-08-21,0.0,49.68869565217391,26.582142857142856,8.906666666666666,0,2005,8,21,233,33,cool_dry
2005-08-22,0.0,49.68869565217391,26.582142857142856,8.906666666666666,0,2005,8,22,234,34,cool_dry
2005-08-23,0.0,49.68869565217391,26.582142857142856,8.906666666666666,0,2005,8,23,235,34,cool_dry
2005-08-24,0.0,49.68869565217391,26.582142857142856,8.906666666666666,0,2005,8,24,236,34,cool_dry
2005-08-25,0.0,49.68869565217391,26.582142857142856,8.906666666666666,0,2005,8,25,237,34,cool_dry
2005-08-26,0.0,49.68869565217391,26.582142857142856,8.906666666666666,0,2005,8,26,238,34,cool_dry
2005-08-27,0.0,49.68869565217391,26.582142857142856,8.906666666666666,0,2005,8,27,239,34,cool_dry
2005-08-28,0.0,49.68869565217391,26.582142857142856,8.906666666666666,0,2005,8,28,240,34,cool_dry
2005-08-29,0.0,49.68869565217391,26.582142857142856,8.906666666666666,0,2005,8,29,241,35,cool_dry
2005-08-30,0.0,49.68869565217391,26.582142857142856,8.906666666666666,0,2005,8,30,242,35,cool_dry
2005-08-31,0.0,49.68869565217391,26.582142857142856,8.906666666666666,0,2005,8,31,243,35,cool_dry
2005-09-01,0.0,42.211363636363636,30.173793103448276,12.774285714285714,0,2005,9,1,244,35,hot_dry
2005-09-02,0.0,42.211363636363636,30.173793103448276,12.774285714285714,0,2005,9,2,245,35,hot_dry
2005-09-03,0.0,42.211363636363636,30.173793103448276,12.774285714285714,0,2005,9,3,246,35,hot_dry
2005-09-04,0.0,42.211363636363636,30.173793103448276,12.774285714285714,0,2005,9,4,247,35,hot_dry
2005-09-05,0.0,42.211363636363636,30.173793103448276,12.774285714285714,0,2005,9,5,248,36,hot_dry
2005-09-06,0.0,42.211363636363636,30.173793103448276,12.774285714285714,0,2005,9,6,249,36,hot_dry
2005-09-07,0.0,42.211363636363636,30.173793103448276,12.774285714285714,0,2005,9,7,250,36,hot_dry
2005-09-08,0.0,42.211363636363636,30.173793103448276,12.774285714285714,0,2005,9,8,251,36,hot_dry
2005-09-09,0.0,42.211363636363636,30.173793103448276,12.774285714285714,0,2005,9,9,252,36,hot_dry
2005-09-10,0.0,42.211363636363636,30.173793103448276,12.774285714285714,0,2005,9,10,253,36,hot_dry
2005-09-11,0.0,42.211363636363636,30.173793103448276,12.774285714285714,0,2005,9,11,254,36,hot_dry
2005-09-12,0.0,42.211363636363636,30.173793103448276,12.774285714285714,0,2005,9,12,255,37,hot_dry
2005-09-13,0.0,42.211363636363636,30.173793103448276,12.774285714285714,0,2005,9,13,256,37,hot_dry
2005-09-14,0.0,42.211363636363636,30.173793103448276,12.774285714285714,0,2005,9,14,257,37,hot_dry
2005-09-15,0.0,42.211363636363636,30.173793103448276,12.774285714285714,0,2005,9,15,258,37,hot_dry
2005-09-16,0.0,42.211363636363636,30.173793103448276,12.774285714285714,0,2005,9,16,259,37,hot_dry
2005-09-17,0.0,42.211363636363636,30.173793103448276,12.774285714285714,0,2005,9,17,260,37,hot_dry
2005-09-18,0.0,42.211363636363636,30.173793103448276,12.774285714285714,0,2005,9,18,261,37,hot_dry
2005-09-19,0.0,42.211363636363636,30.173793103448276,12.774285714285714,0,2005,9,19,262,38,hot_dry
2005-09-20,0.0,42.211363636363636,30.173793103448276,12.774285714285714,0,2005,9,20,263,38,hot_dry
2005-09-21,0.0,42.211363636363636,30.173793103448276,12.774285714285714,0,2005,9,21,264,38,hot_dry
2005-09-22,0.0,42.211363636363636,30.173793103448276,12.774285714285714,0,2005,9,22,265,38,hot_dry
2005-09-23,0.0,42.211363636363636,30.173793103448276,12.774285714285714,0,2005,9,23,266,38,hot_dry
2005-09-24,0.0,42.211363636363636,30.173793103448276,12.774285714285714,0,2005,9,24,267,38,hot_dry
2005-09-25,0.0,42.211363636363636,30.173793103448276,12.774285714285714,0,2005,9,25,268,38,hot_dry
2005-09-26,0.0,42.211363636363636,30.173793103448276,12.774285714285714,0,2005,9,26,269,39,hot_dry
2005-09-27,0.0,42.211363636363636,30.173793103448276,12.774285714285714,0,2005,9,27,270,39,hot_dry
2005-09-28,0.0,42.211363636363636,30.173793103448276,12.774285714285714,0,2005,9,28,271,39,hot_dry
2005-09-29,0.0,42.211363636363636,30.173793103448276,12.774285714285714,0,2005,9,29,272,39,hot_dry
2005-09-30,0.0,42.211363636363636,30.173793103448276,12.774285714285714,0,2005,9,30,273,39,hot_dry
2005-10-01,0.0,44.34952380952381,32.03296296296296,16.126923076923077,0,2005,10,1,274,39,hot_dry
2005-10-02,0.0,44.34952380952381,32.03296296296296,16.126923076923077,0,2005,10,2,275,39,hot_dry
2005-10-03,0.0,44.34952380952381,32.03296296296296,16.126923076923077,0,2005,10,3,276,40,hot_dry
2005-10-04,0.0,44.34952380952381,32.03296296296296,16.126923076923077,0,2005,10,4,277,40,hot_dry
2005-10-05,0.0,44.34952380952381,32.03296296296296,16.126923076923077,0,2005,10,5,278,40,hot_dry
2005-10-06,0.0,44.34952380952381,32.03296296296296,16.126923076923077,0,2005,10,6,279,40,hot_dry
2005-10-07,0.0,44.34952380952381,32.03296296296296,16.126923076923077,0,2005,10,7,280,40,hot_dry
2005-10-08,0.0,44.34952380952381,32.03296296296296,16.126923076923077,0,2005,10,8,281,40,hot_dry
2005-10-09,0.0,44.34952380952381,32.03296296296296,16.126923076923077,0,2005,10,9,282,40,hot_dry
2005-10-10,0.0,44.34952380952381,32.03296296296296,16.126923076923077,0,2005,10,10,283,41,hot_dry
2005-10-11,0.0,44.34952380952381,32.03296296296296,16.126923076923077,0,2005,10,11,284,41,hot_dry
2005-10-12,0.0,44.34952380952381,32.03296296296296,16.126923076923077,0,2005,10,12,285,41,hot_dry
2005-10-13,0.0,44.34952380952381,32.03296296296296,16.126923076923077,0,2005,10,13,286,41,hot_dry
2005-10-14,0.0,44.34952380952381,32.03296296296296,16.126923076923077,0,2005,10,14,287,41,hot_dry
2005-10-15,0.0,44.34952380952381,32.03296296296296,16.126923076923077,0,2005,10,15,288,41,hot_dry
2005-10-16,0.0,44.34952380952381,32.03296296296296,16.126923076923077,0,2005,10,16,289,41,hot_dry
2005-10-17,0.0,44.34952380952381,32.03296296296296,16.126923076923077,0,2005,10,17,290,42,hot_dry
2005-10-18,0.0,44.34952380952381,32.03296296296296,16.126923076923077,0,2005,10,18,291,42,hot_dry
2005-10-19,0.0,44.34952380952381,32.03296296296296,16.126923076923077,0,2005,10,19,292,42,hot_dry
2005-10-20,0.0,44.34952380952381,32.03296296296296,16.126923076923077,0,2005,10,20,293,42,hot_dry
2005-10-21,0.0,44.34952380952381,32.03296296296296,16.126923076923077,0,2005,10,21,294,42,hot_dry
2005-10-22,0.0,44.34952380952381,32.03296296296296,16.126923076923077,0,2005,10,22,295,42,hot_dry
2005-10-23,0.0,44.34952380952381,32.03296296296296,16.126923076923077,0,2005,10,23,296,42,hot_dry
2005-10-24,0.0,44.34952380952381,32.03296296296296,16.126923076923077,0,2005,10,24,297,43,hot_dry
2005-10-25,0.0,44.34952380952381,32.03296296296296,16.126923076923077,0,2005,10,25,298,43,hot_dry
2005-10-26,0.0,44.34952380952381,32.03296296296296,16.126923076923077,0,2005,10,26,299,43,hot_dry
2005-10-27,0.0,44.34952380952381,32.03296296296296,16.126923076923077,0,2005,10,27,300,43,hot_dry
2005-10-28,0.0,44.34952380952381,32.03296296296296,16.126923076923077,0,2005,10,28,301,43,hot_dry
2005-10-29,0.0,44.34952380952381,32.03296296296296,16.126923076923077,0,2005,10,29,302,43,hot_dry
2005-10-30,0.0,44.34952380952381,32.03296296296296,16.126923076923077,0,2005,10,30,303,43,hot_dry
2005-10-31,0.0,44.34952380952381,32.03296296296296,16.126923076923077,0,2005,10,31,304,44,hot_dry
2005-11-01,2.8333333333333335,58.865454545454554,30.724482758620688,17.476071428571426,1,2005,11,1,305,44,hot_rainy
2005-11-02,2.8333333333333335,58.865454545454554,30.724482758620688,17.476071428571426,1,2005,11,2,306,44,hot_rainy
2005-11-03,2.8333333333333335,58.865454545454554,30.724482758620688,17.476071428571426,1,2005,11,3,307,44,hot_rainy
2005-11-04,2.8333333333333335,58.865454545454554,30.724482758620688,17.476071428571426,1,2005,11,4,308,44,hot_rainy
2005-11-05,2.8333333333333335,58.865454545454554,30.724482758620688,17.476071428571426,1,2005,11,5,309,44,hot_rainy
2005-11-06,2.8333333333333335,58.865454545454554,30.724482758620688,17.476071428571426,1,2005,11,6,310,44,hot_rainy
2005-11-07,2.8333333333333335,58.865454545454554,30.724482758620688,17.476071428571426,1,2005,11,7,311,45,hot_rainy
2005-11-08,2.8333333333333335,58.865454545454554,30.724482758620688,17.476071428571426,1,2005,11,8,312,45,hot_rainy
2005-11-09,2.8333333333333335,58.865454545454554,30.724482758620688,17.476071428571426,1,2005,11,9,313,45,hot_rainy
2005-11-10,2.8333333333333335,58.865454545454554,30.724482758620688,17.476071428571426,1,2005,11,10,314,45,hot_rainy
2005-11-11,2.8333333333333335,58.865454545454554,30.724482758620688,17.476071428571426,1,2005,11,11,315,45,hot_rainy
2005-11-12,2.8333333333333335,58.865454545454554,30.724482758620688,17.476071428571426,1,2005,11,12,316,45,hot_rainy
2005-11-13,2.8333333333333335,58.865454545454554,30.724482758620688,17.476071428571426,1,2005,11,13,317,45,hot_rainy
2005-11-14,2.8333333333333335,58.865454545454554,30.724482758620688,17.476071428571426,1,2005,11,14,318,46,hot_rainy
2005-11-15,2.8333333333333335,58.865454545454554,30.724482758620688,17.476071428571426,1,2005,11,15,319,46,hot_rainy
2005-11-16,2.8333333333333335,58.865454545454554,30.724482758620688,17.476071428571426,1,2005,11,16,320,46,hot_rainy
2005-11-17,2.8333333333333335,58.865454545454554,30.724482758620688,17.476071428571426,1,2005,11,17,321,46,hot_rainy
2005-11-18,2.8333333333333335,58.865454545454554,30.724482758620688,17.476071428571426,1,2005,11,18,322,46,hot_rainy
2005-11-19,2.8333333333333335,58.865454545454554,30.724482758620688,17.476071428571426,1,2005,11,19,323,46,hot_rainy
2005-11-20,2.8333333333333335,58.865454545454554,30.724482758620688,17.476071428571426,1,2005,11,20,324,46,hot_rainy
2005-11-21,2.8333333333333335,58.865454545454554,30.724482758620688,17.476071428571426,1,2005,11,21,325,47,hot_rainy
2005-11-22,2.8333333333333335,58.865454545454554,30.724482758620688,17.476071428571426,1,2005,11,22,326,47,hot_rainy
2005-11-23,2.8333333333333335,58.865454545454554,30.724482758620688,17.476071428571426,1,2005,11,23,327,47,hot_rainy
2005-11-24,2.8333333333333335,58.865454545454554,30.724482758620688,17.476071428571426,1,2005,11,24,328,47,hot_rainy
2005-11-25,2.8333333333333335,58.865454545454554,30.724482758620688,17.476071428571426,1,2005,11,25,329,47,hot_rainy
2005-11-26,2.8333333333333335,58.865454545454554,30.724482758620688,17.476071428571426,1,2005,11,26,330,47,hot_rainy
2005-11-27,2.8333333333333335,58.865454545454554,30.724482758620688,17.476071428571426,1,2005,11,27,331,47,hot_rainy
2005-11-28,2.8333333333333335,58.865454545454554,30.724482758620688,17.476071428571426,1,2005,11,28,332,48,hot_rainy
2005-11-29,2.8333333333333335,58.865454545454554,30.724482758620688,17.476071428571426,1,2005,11,29,333,48,hot_rainy
2005-11-30,2.8333333333333335,58.865454545454554,30.724482758620688,17.476071428571426,1,2005,11,30,334,48,hot_rainy
2005-12-01,6.774193548387097,73.86277777777778,28.231724137931035,17.569655172413793,1,2005,12,1,335,48,hot_rainy
2005-12-02,6.774193548387097,73.86277777777778,28.231724137931035,17.569655172413793,1,2005,12,2,336,48,hot_rainy
2005-12-03,6.774193548387097,73.86277777777778,28.231724137931035,17.569655172413793,1,2005,12,3,337,48,hot_rainy
2005-12-04,6.774193548387097,73.86277777777778,28.231724137931035,17.569655172413793,1,2005,12,4,338,48,hot_rainy
2005-12-05,6.774193548387097,73.86277777777778,28.231724137931035,17.569655172413793,1,2005,12,5,339,49,hot_rainy
2005-12-06,6.774193548387097,73.86277777777778,28.231724137931035,17.569655172413793,1,2005,12,6,340,49,hot_rainy
2005-12-07,6.774193548387097,73.86277777777778,28.231724137931035,17.569655172413793,1,2005,12,7,341,49,hot_rainy
2005-12-08,6.774193548387097,73.86277777777778,28.231724137931035,17.569655172413793,1,2005,12,8,342,49,hot_rainy
2005-12-09,6.774193548387097,73.86277777777778,28.231724137931035,17.569655172413793,1,2005,12,9,343,49,hot_rainy
2005-12-10,6.774193548387097,73.86277777777778,28.231724137931035,17.569655172413793,1,2005,12,10,344,49,hot_rainy
2005-12-11,6.774193548387097,73.86277777777778,28.231724137931035,17.569655172413793,1,2005,12,11,345,49,hot_rainy
2005-12-12,6.774193548387097,73.86277777777778,28.231724137931035,17.569655172413793,1,2005,12,12,346,50,hot_rainy
2005-12-13,6.774193548387097,73.86277777777778,28.231724137931035,17.569655172413793,1,2005,12,13,347,50,hot_rainy
2005-12-14,6.774193548387097,73.86277777777778,28.231724137931035,17.569655172413793,1,2005,12,14,348,50,hot_rainy
2005-12-15,6.774193548387097,73.86277777777778,28.231724137931035,17.569655172413793,1,2005,12,15,349,50,hot_rainy
2005-12-16,6.774193548387097,73.86277777777778,28.231724137931035,17.569655172413793,1,2005,12,16,350,50,hot_rainy
2005-12-17,6.774193548387097,73.86277777777778,28.231724137931035,17.569655172413793,1,2005,12,17,351,50,hot_rainy
2005-12-18,6.774193548387097,73.86277777777778,28.231724137931035,17.569655172413793,1,2005,12,18,352,50,hot_rainy
2005-12-19,6.774193548387097,73.86277777777778,28.231724137931035,17.569655172413793,1,2005,12,19,353,51,hot_rainy
2005-12-20,6.774193548387097,73.86277777777778,28.231724137931035,17.569655172413793,1,2005,12,20,354,51,hot_rainy
2005-12-21,6.774193548387097,73.86277777777778,28.231724137931035,17.569655172413793,1,2005,12,21,355,51,hot_rainy
2005-12-22,6.774193548387097,73.86277777777778,28.231724137931035,17.569655172413793,1,2005,12,22,356,51,hot_rainy
2005-12-23,6.774193548387097,73.86277777777778,28.231724137931035,17.569655172413793,1,2005,12,23,357,51,hot_rainy
2005-12-24,6.774193548387097,73.86277777777778,28.231724137931035,17.569655172413793,1,2005,12,24,358,51,hot_rainy
2005-12-25,6.774193548387097,73.86277777777778,28.231724137931035,17.569655172413793,1,2005,12,25,359,51,hot_rainy
2005-12-26,6.774193548387097,73.86277777777778,28.231724137931035,17.569655172413793,1,2005,12,26,360,52,hot_rainy
2005-12-27,6.774193548387097,73.86277777777778,28.231724137931035,17.569655172413793,1,2005,12,27,361,52,hot_rainy
2005-12-28,6.774193548387097,73.86277777777778,28.231724137931035,17.569655172413793,1,2005,12,28,362,52,hot_rainy
2005-12-29,6.774193548387097,73.86277777777778,28.231724137931035,17.569655172413793,1,2005,12,29,363,52,hot_rainy
2005-12-30,6.774193548387097,73.86277777777778,28.231724137931035,17.569655172413793,1,2005,12,30,364,52,hot_rainy
2005-12-31,6.774193548387097,73.86277777777778,28.231724137931035,17.569655172413793,1,2005,12,31,365,52,hot_rainy
2006-01-01,9.47741935483871,79.25375,27.49,17.35642857142857,1,2006,1,1,1,52,hot_rainy
2006-01-02,9.47741935483871,79.25375,27.49,17.35642857142857,1,2006,1,2,2,1,hot_rainy
2006-01-03,9.47741935483871,79.25375,27.49,17.35642857142857,1,2006,1,3,3,1,hot_rainy
2006-01-04,9.47741935483871,79.25375,27.49,17.35642857142857,1,2006,1,4,4,1,hot_rainy
2006-01-05,9.47741935483871,79.25375,27.49,17.35642857142857,1,2006,1,5,5,1,hot_rainy
2006-01-06,9.47741935483871,79.25375,27.49,17.35642857142857,1,2006,1,6,6,1,hot_rainy
2006-01-07,9.47741935483871,79.25375,27.49,17.35642857142857,1,2006,1,7,7,1,hot_rainy
2006-01-08,9.47741935483871,79.25375,27.49,17.35642857142857,1,2006,1,8,8,1,hot_rainy
2006-01-09,9.47741935483871,79.25375,27.49,17.35642857142857,1,2006,1,9,9,2,hot_rainy
2006-01-10,9.47741935483871,79.25375,27.49,17.35642857142857,1,2006,1,10,10,2,hot_rainy
2006-01-11,9.47741935483871,79.25375,27.49,17.35642857142857,1,2006,1,11,11,2,hot_rainy
2006-01-12,9.47741935483871,79.25375,27.49,17.35642857142857,1,2006,1,12,12,2,hot_rainy
2006-01-13,9.47741935483871,79.25375,27.49,17.35642857142857,1,2006,1,13,13,2,hot_rainy
2006-01-14,9.47741935483871,79.25375,27.49,17.35642857142857,1,2006,1,14,14,2,hot_rainy
2006-01-15,9.47741935483871,79.25375,27.49,17.35642857142857,1,2006,1,15,15,2,hot_rainy
2006-01-16,9.47741935483871,79.25375,27.49,17.35642857142857,1,2006,1,16,16,3,hot_rainy
2006-01-17,9.47741935483871,79.25375,27.49,17.35642857142857,1,2006,1,17,17,3,hot_rainy
2006-01-18,9.47741935483871,79.25375,27.49,17.35642857142857,1,2006,1,18,18,3,hot_rainy
2006-01-19,9.47741935483871,79.25375,27.49,17.35642857142857,1,2006,1,19,19,3,hot_rainy
2006-01-20,9.47741935483871,79.25375,27.49,17.35642857142857,1,2006,1,20,20,3,hot_rainy
2006-01-21,9.47741935483871,79.25375,27.49,17.35642857142857,1,2006,1,21,21,3,hot_rainy
2006-01-22,9.47741935483871,79.25375,27.49,17.35642857142857,1,2006,1,22,22,3,hot_rainy
2006-01-23,9.47741935483871,79.25375,27.49,17.35642857142857,1,2006,1,23,23,4,hot_rainy
2006-01-24,9.47741935483871,79.25375,27.49,17.35642857142857,1,2006,1,24,24,4,hot_rainy
2006-01-25,9.47741935483871,79.25375,27.49,17.35642857142857,1,2006,1,25,25,4,hot_rainy
2006-01-26,9.47741935483871,79.25375,27.49,17.35642857142857,1,2006,1,26,26,4,hot_rainy
2006-01-27,9.47741935483871,79.25375,27.49,17.35642857142857,1,2006,1,27,27,4,hot_rainy
2006-01-28,9.47741935483871,79.25375,27.49,17.35642857142857,1,2006,1,28,28,4,hot_rainy
2006-01-29,9.47741935483871,79.25375,27.49,17.35642857142857,1,2006,1,29,29,4,hot_rainy
2006-01-30,9.47741935483871,79.25375,27.49,17.35642857142857,1,2006,1,30,30,5,hot_rainy
2006-01-31,9.47741935483871,79.25375,27.49,17.35642857142857,1,2006,1,31,31,5,hot_rainy
2006-02-01,7.732142857142857,78.46233380480905,27.632368742368744,17.148070818070817,1,2006,2,1,32,5,hot_rainy
2006-02-02,7.732142857142857,78.46233380480905,27.632368742368744,17.148070818070817,1,2006,2,2,33,5,hot_rainy
2006-02-03,7.732142857142857,78.46233380480905,27.632368742368744,17.148070818070817,1,2006,2,3,34,5,hot_rainy
2006-02-04,7.732142857142857,78.46233380480905,27.632368742368744,17.148070818070817,1,2006,2,4,35,5,hot_rainy
2006-02-05,7.732142857142857,78.46233380480905,27.632368742368744,17.148070818070817,1,2006,2,5,36,5,hot_rainy
2006-02-06,7.732142857142857,78.46233380480905,27.632368742368744,17.148070818070817,1,2006,2,6,37,6,hot_rainy
2006-02-07,7.732142857142857,78.46233380480905,27.632368742368744,17.148070818070817,1,2006,2,7,38,6,hot_rainy
2006-02-08,7.732142857142857,78.46233380480905,27.632368742368744,17.148070818070817,1,2006,2,8,39,6,hot_rainy
2006-02-09,7.732142857142857,78.46233380480905,27.632368742368744,17.148070818070817,1,2006,2,9,40,6,hot_rainy
2006-02-10,7.732142857142857,78.46233380480905,27.632368742368744,17.148070818070817,1,2006,2,10,41,6,hot_rainy
2006-02-11,7.732142857142857,78.46233380480905,27.632368742368744,17.148070818070817,1,2006,2,11,42,6,hot_rainy
2006-02-12,7.732142857142857,78.46233380480905,27.632368742368744,17.148070818070817,1,2006,2,12,43,6,hot_rainy
2006-02-13,7.732142857142857,78.46233380480905,27.632368742368744,17.148070818070817,1,2006,2,13,44,7,hot_rainy
2006-02-14,7.732142857142857,78.46233380480905,27.632368742368744,17.148070818070817,1,2006,2,14,45,7,hot_rainy
2006-02-15,7.732142857142857,78.46233380480905,27.632368742368744,17.148070818070817,1,2006,2,15,46,7,hot_rainy
2006-02-16,7.732142857142857,78.46233380480905,27.632368742368744,17.148070818070817,1,2006,2,16,47,7,hot_rainy
2006-02-17,7.732142857142857,78.46233380480905,27.632368742368744,17.148070818070817,1,2006,2,17,48,7,hot_rainy
2006-02-18,7.732142857142857,78.46233380480905,27.632368742368744,17.148070818070817,1,2006,2,18,49,7,hot_rainy
2006-02-19,7.732142857142857,78.46233380480905,27.632368742368744,17.148070818070817,1,2006,2,19,50,7,hot_rainy
2006-02-20,7.732142857142857,78.46233380480905,27.632368742368744,17.148070818070817,1,2006,2,20,51,8,hot_rainy
2006-02-21,7.732142857142857,78.46233380480905,27.632368742368744,17.148070818070817,1,2006,2,21,52,8,hot_rainy
2006-02-22,7.732142857142857,78.46233380480905,27.632368742368744,17.148070818070817,1,2006,2,22,53,8,hot_rainy
2006-02-23,7.732142857142857,78.46233380480905,27.632368742368744,17.148070818070817,1,2006,2,23,54,8,hot_rainy
2006-02-24,7.732142857142857,78.46233380480905,27.632368742368744,17.148070818070817,1,2006,2,24,55,8,hot_rainy
2006-02-25,7.732142857142857,78.46233380480905,27.632368742368744,17.148070818070817,1,2006,2,25,56,8,hot_rainy
2006-02-26,7.732142857142857,78.46233380480905,27.632368742368744,17.148070818070817,1,2006,2,26,57,8,hot_rainy
2006-02-27,7.732142857142857,78.46233380480905,27.632368742368744,17.148070818070817,1,2006,2,27,58,9,hot_rainy
2006-02-28,7.732142857142857,78.46233380480905,27.632368742368744,17.148070818070817,1,2006,2,28,59,9,hot_rainy
2006-03-01,3.454838709677419,74.81722222222223,25.84,16.31,1,2006,3,1,60,9,hot_rainy
2006-03-02,3.454838709677419,74.81722222222223,25.84,16.31,1,2006,3,2,61,9,hot_rainy
2006-03-03,3.454838709677419,74.81722222222223,25.84,16.31,1,2006,3,3,62,9,hot_rainy
2006-03-04,3.454838709677419,74.81722222222223,25.84,16.31,1,2006,3,4,63,9,hot_rainy
2006-03-05,3.454838709677419,74.81722222222223,25.84,16.31,1,2006,3,5,64,9,hot_rainy
2006-03-06,3.454838709677419,74.81722222222223,25.84,16.31,1,2006,3,6,65,10,hot_rainy
2006-03-07,3.454838709677419,74.81722222222223,25.84,16.31,1,2006,3,7,66,10,hot_rainy
2006-03-08,3.454838709677419,74.81722222222223,25.84,16.31,1,2006,3,8,67,10,hot_rainy
2006-03-09,3.454838709677419,74.81722222222223,25.84,16.31,1,2006,3,9,68,10,hot_rainy
2006-03-10,3.454838709677419,74.81722222222223,25.84,16.31,1,2006,3,10,69,10,hot_rainy
2006-03-11,3.454838709677419,74.81722222222223,25.84,16.31,1,2006,3,11,70,10,hot_rainy
2006-03-12,3.454838709677419,74.81722222222223,25.84,16.31,1,2006,3,12,71,10,hot_rainy
2006-03-13,3.454838709677419,74.81722222222223,25.84,16.31,1,2006,3,13,72,11,hot_rainy
2006-03-14,3.454838709677419,74.81722222222223,25.84,16.31,1,2006,3,14,73,11,hot_rainy
2006-03-15,3.454838709677419,74.81722222222223,25.84,16.31,1,2006,3,15,74,11,hot_rainy
2006-03-16,3.454838709677419,74.81722222222223,25.84,16.31,1,2006,3,16,75,11,hot_rainy
2006-03-17,3.454838709677419,74.81722222222223,25.84,16.31,1,2006,3,17,76,11,hot_rainy
2006-03-18,3.454838709677419,74.81722222222223,25.84,16.31,1,2006,3,18,77,11,hot_rainy
2006-03-19,3.454838709677419,74.81722222222223,25.84,16.31,1,2006,3,19,78,11,hot_rainy
2006-03-20,3.454838709677419,74.81722222222223,25.84,16.31,1,2006,3,20,79,12,hot_rainy
2006-03-21,3.454838709677419,74.81722222222223,25.84,16.31,1,2006,3,21,80,12,hot_rainy
2006-03-22,3.454838709677419,74.81722222222223,25.84,16.31,1,2006,3,22,81,12,hot_rainy
2006-03-23,3.454838709677419,74.81722222222223,25.84,16.31,1,2006,3,23,82,12,hot_rainy
2006-03-24,3.454838709677419,74.81722222222223,25.84,16.31,1,2006,3,24,83,12,hot_rainy
2006-03-25,3.454838709677419,74.81722222222223,25.84,16.31,1,2006,3,25,84,12,hot_rainy
2006-03-26,3.454838709677419,74.81722222222223,25.84,16.31,1,2006,3,26,85,12,hot_rainy
2006-03-27,3.454838709677419,74.81722222222223,25.84,16.31,1,2006,3,27,86,13,hot_rainy
2006-03-28,3.454838709677419,74.81722222222223,25.84,16.31,1,2006,3,28,87,13,hot_rainy
2006-03-29,3.454838709677419,74.81722222222223,25.84,16.31,1,2006,3,29,88,13,hot_rainy
2006-03-30,3.454838709677419,74.81722222222223,25.84,16.31,1,2006,3,30,89,13,hot_rainy
2006-03-31,3.454838709677419,74.81722222222223,25.84,16.31,1,2006,3,31,90,13,hot_rainy
2006-04-01,0.04,67.55809523809523,26.65,13.32,0,2006,4,1,91,13,hot_rainy
2006-04-02,0.04,67.55809523809523,26.65,13.32,0,2006,4,2,92,13,hot_rainy
2006-04-03,0.04,67.55809523809523,26.65,13.32,0,2006,4,3,93,14,hot_rainy
2006-04-04,0.04,67.55809523809523,26.65,13.32,0,2006,4,4,94,14,hot_rainy
2006-04-05,0.04,67.55809523809523,26.65,13.32,0,2006,4,5,95,14,hot_rainy
2006-04-06,0.04,67.55809523809523,26.65,13.32,0,2006,4,6,96,14,hot_rainy
2006-04-07,0.04,67.55809523809523,26.65,13.32,0,2006,4,7,97,14,hot_rainy
2006-04-08,0.04,67.55809523809523,26.65,13.32,0,2006,4,8,98,14,hot_rainy
2006-04-09,0.04,67.55809523809523,26.65,13.32,0,2006,4,9,99,14,hot_rainy
2006-04-10,0.04,67.55809523809523,26.65,13.32,0,2006,4,10,100,15,hot_rainy
2006-04-11,0.04,67.55809523809523,26.65,13.32,0,2006,4,11,101,15,hot_rainy
2006-04-12,0.04,67.55809523809523,26.65,13.32,0,2006,4,12,102,15,hot_rainy
2006-04-13,0.04,67.55809523809523,26.65,13.32,0,2006,4,13,103,15,hot_rainy
2006-04-14,0.04,67.55809523809523,26.65,13.32,0,2006,4,14,104,15,hot_rainy
2006-04-15,0.04,67.55809523809523,26.65,13.32,0,2006,4,15,105,15,hot_rainy
2006-04-16,0.04,67.55809523809523,26.65,13.32,0,2006,4,16,106,15,hot_rainy
2006-04-17,0.04,67.55809523809523,26.65,13.32,0,2006,4,17,107,16,hot_rainy
2006-04-18,0.04,67.55809523809523,26.65,13.32,0,2006,4,18,108,16,hot_rainy
2006-04-19,0.04,67.55809523809523,26.65,13.32,0,2006,4,19,109,16,hot_rainy
2006-04-20,0.04,67.55809523809523,26.65,13.32,0,2006,4,20,110,16,hot_rainy
2006-04-21,0.04,67.55809523809523,26.65,13.32,0,2006,4,21,111,16,hot_rainy
2006-04-22,0.04,67.55809523809523,26.65,13.32,0,2006,4,22,112,16,hot_rainy
2006-04-23,0.04,67.55809523809523,26.65,13.32,0,2006,4,23,113,16,hot_rainy
2006-04-24,0.04,67.55809523809523,26.65,13.32,0,2006,4,24,114,17,hot_rainy
2006-04-25,0.04,67.55809523809523,26.65,13.32,0,2006,4,25,115,17,hot_rainy
2006-04-26,0.04,67.55809523809523,26.65,13.32,0,2006,4,26,116,17,hot_rainy
2006-04-27,0.04,67.55809523809523,26.65,13.32,0,2006,4,27,117,17,hot_rainy
2006-04-28,0.04,67.55809523809523,26.65,13.32,0,2006,4,28,118,17,hot_rainy
2006-04-29,0.04,67.55809523809523,26.65,13.32,0,2006,4,29,119,17,hot_rainy
2006-04-30,0.04,67.55809523809523,26.65,13.32,0,2006,4,30,120,17,hot_rainy
2006-05-01,0.0,61.221428571428575,26.45,9.05,0,2006,5,1,121,18,cool_dry
2006-05-02,0.0,61.221428571428575,26.45,9.05,0,2006,5,2,122,18,cool_dry
2006-05-03,0.0,61.221428571428575,26.45,9.05,0,2006,5,3,123,18,cool_dry
2006-05-04,0.0,61.221428571428575,26.45,9.05,0,2006,5,4,124,18,cool_dry
2006-05-05,0.0,61.221428571428575,26.45,9.05,0,2006,5,5,125,18,cool_dry
2006-05-06,0.0,61.221428571428575,26.45,9.05,0,2006,5,6,126,18,cool_dry
2006-05-07,0.0,61.221428571428575,26.45,9.05,0,2006,5,7,127,18,cool_dry
2006-05-08,0.0,61.221428571428575,26.45,9.05,0,2006,5,8,128,19,cool_dry
2006-05-09,0.0,61.221428571428575,26.45,9.05,0,2006,5,9,129,19,cool_dry
2006-05-10,0.0,61.221428571428575,26.45,9.05,0,2006,5,10,130,19,cool_dry
2006-05-11,0.0,61.221428571428575,26.45,9.05,0,2006,5,11,131,19,cool_dry
2006-05-12,0.0,61.221428571428575,26.45,9.05,0,2006,5,12,132,19,cool_dry
2006-05-13,0.0,61.221428571428575,26.45,9.05,0,2006,5,13,133,19,cool_dry
2006-05-14,0.0,61.221428571428575,26.45,9.05,0,2006,5,14,134,19,cool_dry
2006-05-15,0.0,61.221428571428575,26.45,9.05,0,2006,5,15,135,20,cool_dry
2006-05-16,0.0,61.221428571428575,26.45,9.05,0,2006,5,16,136,20,cool_dry
2006-05-17,0.0,61.221428571428575,26.45,9.05,0,2006,5,17,137,20,cool_dry
2006-05-18,0.0,61.221428571428575,26.45,9.05,0,2006,5,18,138,20,cool_dry
2006-05-19,0.0,61.221428571428575,26.45,9.05,0,2006,5,19,139,20,cool_dry
2006-05-20,0.0,61.221428571428575,26.45,9.05,0,2006,5,20,140,20,cool_dry
2006-05-21,0.0,61.221428571428575,26.45,9.05,0,2006,5,21,141,20,cool_dry
2006-05-22,0.0,61.221428571428575,26.45,9.05,0,2006,5,22,142,21,cool_dry
2006-05-23,0.0,61.221428571428575,26.45,9.05,0,2006,5,23,143,21,cool_dry
2006-05-24,0.0,61.221428571428575,26.45,9.05,0,2006,5,24,144,21,cool_dry
2006-05-25,0.0,61.221428571428575,26.45,9.05,0,2006,5,25,145,21,cool_dry
2006-05-26,0.0,61.221428571428575,26.45,9.05,0,2006,5,26,146,21,cool_dry
2006-05-27,0.0,61.221428571428575,26.45,9.05,0,2006,5,27,147,21,cool_dry
2006-05-28,0.0,61.221428571428575,26.45,9.05,0,2006,5,28,148,21,cool_dry
2006-05-29,0.0,61.221428571428575,26.45,9.05,0,2006,5,29,149,22,cool_dry
2006-05-30,0.0,61.221428571428575,26.45,9.05,0,2006,5,30,150,22,cool_dry
2006-05-31,0.0,61.221428571428575,26.45,9.05,0,2006,5,31,151,22,cool_dry
2006-06-01,0.0,60.345,23.05,6.24,0,2006,6,1,152,22,cool_dry
2006-06-02,0.0,60.345,23.05,6.24,0,2006,6,2,153,22,cool_dry
2006-06-03,0.0,60.345,23.05,6.24,0,2006,6,3,154,22,cool_dry
2006-06-04,0.0,60.345,23.05,6.24,0,2006,6,4,155,22,cool_dry
2006-06-05,0.0,60.345,23.05,6.24,0,2006,6,5,156,23,cool_dry
2006-06-06,0.0,60.345,23.05,6.24,0,2006,6,6,157,23,cool_dry
2006-06-07,0.0,60.345,23.05,6.24,0,2006,6,7,158,23,cool_dry
2006-06-08,0.0,60.345,23.05,6.24,0,2006,6,8,159,23,cool_dry
2006-06-09,0.0,60.345,23.05,6.24,0,2006,6,9,160,23,cool_dry
2006-06-10,0.0,60.345,23.05,6.24,0,2006,6,10,161,23,cool_dry
2006-06-11,0.0,60.345,23.05,6.24,0,2006,6,11,162,23,cool_dry
2006-06-12,0.0,60.345,23.05,6.24,0,2006,6,12,163,24,cool_dry
2006-06-13,0.0,60.345,23.05,6.24,0,2006,6,13,164,24,cool_dry
2006-06-14,0.0,60.345,23.05,6.24,0,2006,6,14,165,24,cool_dry
2006-06-15,0.0,60.345,23.05,6.24,0,2006,6,15,166,24,cool_dry
2006-06-16,0.0,60.345,23.05,6.24,0,2006,6,16,167,24,cool_dry
2006-06-17,0.0,60.345,23.05,6.24,0,2006,6,17,168,24,cool_dry
2006-06-18,0.0,60.345,23.05,6.24,0,2006,6,18,169,24,cool_dry
2006-06-19,0.0,60.345,23.05,6.24,0,2006,6,19,170,25,cool_dry
2006-06-20,0.0,60.345,23.05,6.24,0,2006,6,20,171,25,cool_dry
2006-06-21,0.0,60.345,23.05,6.24,0,2006,6,21,172,25,cool_dry
2006-06-22,0.0,60.345,23.05,6.24,0,2006,6,22,173,25,cool_dry
2006-06-23,0.0,60.345,23.05,6.24,0,2006,6,23,174,25,cool_dry
2006-06-24,0.0,60.345,23.05,6.24,0,2006,6,24,175,25,cool_dry
2006-06-25,0.0,60.345,23.05,6.24,0,2006,6,25,176,25,cool_dry
2006-06-26,0.0,60.345,23.05,6.24,0,2006,6,26,177,26,cool_dry
2006-06-27,0.0,60.345,23.05,6.24,0,2006,6,27,178,26,cool_dry
2006-06-28,0.0,60.345,23.05,6.24,0,2006,6,28,179,26,cool_dry
2006-06-29,0.0,60.345,23.05,6.24,0,2006,6,29,180,26,cool_dry
2006-06-30,0.0,60.345,23.05,6.24,0,2006,6,30,181,26,cool_dry
2006-07-01,0.0,57.51681818181818,24.11,5.91,0,2006,7,1,182,26,cool_dry
2006-07-02,0.0,57.51681818181818,24.11,5.91,0,2006,7,2,183,26,cool_dry
2006-07-03,0.0,57.51681818181818,24.11,5.91,0,2006,7,3,184,27,cool_dry
2006-07-04,0.0,57.51681818181818,24.11,5.91,0,2006,7,4,185,27,cool_dry
2006-07-05,0.0,57.51681818181818,24.11,5.91,0,2006,7,5,186,27,cool_dry
2006-07-06,0.0,57.51681818181818,24.11,5.91,0,2006,7,6,187,27,cool_dry
2006-07-07,0.0,57.51681818181818,24.11,5.91,0,2006,7,7,188,27,cool_dry
2006-07-08,0.0,57.51681818181818,24.11,5.91,0,2006,7,8,189,27,cool_dry
2006-07-09,0.0,57.51681818181818,24.11,5.91,0,2006,7,9,190,27,cool_dry
2006-07-10,0.0,57.51681818181818,24.11,5.91,0,2006,7,10,191,28,cool_dry
2006-07-11,0.0,57.51681818181818,24.11,5.91,0,2006,7,11,192,28,cool_dry
2006-07-12,0.0,57.51681818181818,24.11,5.91,0,2006,7,12,193,28,cool_dry
2006-07-13,0.0,57.51681818181818,24.11,5.91,0,2006,7,13,194,28,cool_dry
2006-07-14,0.0,57.51681818181818,24.11,5.91,0,2006,7,14,195,28,cool_dry
2006-07-15,0.0,57.51681818181818,24.11,5.91,0,2006,7,15,196,28,cool_dry
2006-07-16,0.0,57.51681818181818,24.11,5.91,0,2006,7,16,197,28,cool_dry
2006-07-17,0.0,57.51681818181818,24.11,5.91,0,2006,7,17,198,29,cool_dry
2006-07-18,0.0,57.51681818181818,24.11,5.91,0,2006,7,18,199,29,cool_dry
2006-07-19,0.0,57.51681818181818,24.11,5.91,0,2006,7,19,200,29,cool_dry
2006-07-20,0.0,57.51681818181818,24.11,5.91,0,2006,7,20,201,29,cool_dry
2006-07-21,0.0,57.51681818181818,24.11,5.91,0,2006,7,21,202,29,cool_dry
2006-07-22,0.0,57.51681818181818,24.11,5.91,0,2006,7,22,203,29,cool_dry
2006-07-23,0.0,57.51681818181818,24.11,5.91,0,2006,7,23,204,29,cool_dry
2006-07-24,0.0,57.51681818181818,24.11,5.91,0,2006,7,24,205,30,cool_dry
2006-07-25,0.0,57.51681818181818,24.11,5.91,0,2006,7,25,206,30,cool_dry
2006-07-26,0.0,57.51681818181818,24.11,5.91,0,2006,7,26,207,30,cool_dry
2006-07-27,0.0,57.51681818181818,24.11,5.91,0,2006,7,27,208,30,cool_dry
2006-07-28,0.0,57.51681818181818,24.11,5.91,0,2006,7,28,209,30,cool_dry
2006-07-29,0.0,57.51681818181818,24.11,5.91,0,2006,7,29,210,30,cool_dry
2006-07-30,0.0,57.51681818181818,24.11,5.91,0,2006,7,30,211,30,cool_dry
2006-07-31,0.0,57.51681818181818,24.11,5.91,0,2006,7,31,212,31,cool_dry
2006-08-01,0.0,49.68869565217391,27.2,8.91,0,2006,8,1,213,31,cool_dry
2006-08-02,0.0,49.68869565217391,27.2,8.91,0,2006,8,2,214,31,cool_dry
2006-08-03,0.0,49.68869565217391,27.2,8.91,0,2006,8,3,215,31,cool_dry
2006-08-04,0.0,49.68869565217391,27.2,8.91,0,2006,8,4,216,31,cool_dry
2006-08-05,0.0,49.68869565217391,27.2,8.91,0,2006,8,5,217,31,cool_dry
2006-08-06,0.0,49.68869565217391,27.2,8.91,0,2006,8,6,218,31,cool_dry
2006-08-07,0.0,49.68869565217391,27.2,8.91,0,2006,8,7,219,32,cool_dry
2006-08-08,0.0,49.68869565217391,27.2,8.91,0,2006,8,8,220,32,cool_dry
2006-08-09,0.0,49.68869565217391,27.2,8.91,0,2006,8,9,221,32,cool_dry
2006-08-10,0.0,49.68869565217391,27.2,8.91,0,2006,8,10,222,32,cool_dry
2006-08-11,0.0,49.68869565217391,27.2,8.91,0,2006,8,11,223,32,cool_dry
2006-08-12,0.0,49.68869565217391,27.2,8.91,0,2006,8,12,224,32,cool_dry
2006-08-13,0.0,49.68869565217391,27.2,8.91,0,2006,8,13,225,32,cool_dry
2006-08-14,0.0,49.68869565217391,27.2,8.91,0,2006,8,14,226,33,cool_dry
2006-08-15,0.0,49.68869565217391,27.2,8.91,0,2006,8,15,227,33,cool_dry
2006-08-16,0.0,49.68869565217391,27.2,8.91,0,2006,8,16,228,33,cool_dry
2006-08-17,0.0,49.68869565217391,27.2,8.91,0,2006,8,17,229,33,cool_dry
2006-08-18,0.0,49.68869565217391,27.2,8.91,0,2006,8,18,230,33,cool_dry
2006-08-19,0.0,49.68869565217391,27.2,8.91,0,2006,8,19,231,33,cool_dry
2006-08-20,0.0,49.68869565217391,27.2,8.91,0,2006,8,20,232,33,cool_dry
2006-08-21,0.0,49.68869565217391,27.2,8.91,0,2006,8,21,233,34,cool_dry
2006-08-22,0.0,49.68869565217391,27.2,8.91,0,2006,8,22,234,34,cool_dry
2006-08-23,0.0,49.68869565217391,27.2,8.91,0,2006,8,23,235,34,cool_dry
2006-08-24,0.0,49.68869565217391,27.2,8.91,0,2006,8,24,236,34,cool_dry
2006-08-25,0.0,49.68869565217391,27.2,8.91,0,2006,8,25,237,34,cool_dry
2006-08-26,0.0,49.68869565217391,27.2,8.91,0,2006,8,26,238,34,cool_dry
2006-08-27,0.0,49.68869565217391,27.2,8.91,0,2006,8,27,239,34,cool_dry
2006-08-28,0.0,49.68869565217391,27.2,8.91,0,2006,8,28,240,35,cool_dry
2006-08-29,0.0,49.68869565217391,27.2,8.91,0,2006,8,29,241,35,cool_dry
2006-08-30,0.0,49.68869565217391,27.2,8.91,0,2006,8,30,242,35,cool_dry
2006-08-31,0.0,49.68869565217391,27.2,8.91,0,2006,8,31,243,35,cool_dry
2006-09-01,0.0,42.211363636363636,27.81,10.82,0,2006,9,1,244,35,hot_dry
2006-09-02,0.0,42.211363636363636,27.81,10.82,0,2006,9,2,245,35,hot_dry
2006-09-03,0.0,42.211363636363636,27.81,10.82,0,2006,9,3,246,35,hot_dry
2006-09-04,0.0,42.211363636363636,27.81,10.82,0,2006,9,4,247,36,hot_dry
2006-09-05,0.0,42.211363636363636,27.81,10.82,0,2006,9,5,248,36,hot_dry
2006-09-06,0.0,42.211363636363636,27.81,10.82,0,2006,9,6,249,36,hot_dry
2006-09-07,0.0,42.211363636363636,27.81,10.82,0,2006,9,7,250,36,hot_dry
2006-09-08,0.0,42.211363636363636,27.81,10.82,0,2006,9,8,251,36,hot_dry
2006-09-09,0.0,42.211363636363636,27.81,10.82,0,2006,9,9,252,36,hot_dry
2006-09-10,0.0,42.211363636363636,27.81,10.82,0,2006,9,10,253,36,hot_dry
2006-09-11,0.0,42.211363636363636,27.81,10.82,0,2006,9,11,254,37,hot_dry
2006-09-12,0.0,42.211363636363636,27.81,10.82,0,2006,9,12,255,37,hot_dry
2006-09-13,0.0,42.211363636363636,27.81,10.82,0,2006,9,13,256,37,hot_dry
2006-09-14,0.0,42.211363636363636,27.81,10.82,0,2006,9,14,257,37,hot_dry
2006-09-15,0.0,42.211363636363636,27.81,10.82,0,2006,9,15,258,37,hot_dry
2006-09-16,0.0,42.211363636363636,27.81,10.82,0,2006,9,16,259,37,hot_dry
2006-09-17,0.0,42.211363636363636,27.81,10.82,0,2006,9,17,260,37,hot_dry
2006-09-18,0.0,42.211363636363636,27.81,10.82,0,2006,9,18,261,38,hot_dry
2006-09-19,0.0,42.211363636363636,27.81,10.82,0,2006,9,19,262,38,hot_dry
2006-09-20,0.0,42.211363636363636,27.81,10.82,0,2006,9,20,263,38,hot_dry
2006-09-21,0.0,42.211363636363636,27.81,10.82,0,2006,9,21,264,38,hot_dry
2006-09-22,0.0,42.211363636363636,27.81,10.82,0,2006,9,22,265,38,hot_dry
2006-09-23,0.0,42.211363636363636,27.81,10.82,0,2006,9,23,266,38,hot_dry
2006-09-24,0.0,42.211363636363636,27.81,10.82,0,2006,9,24,267,38,hot_dry
2006-09-25,0.0,42.211363636363636,27.81,10.82,0,2006,9,25,268,39,hot_dry
2006-09-26,0.0,42.211363636363636,27.81,10.82,0,2006,9,26,269,39,hot_dry
2006-09-27,0.0,42.211363636363636,27.81,10.82,0,2006,9,27,270,39,hot_dry
2006-09-28,0.0,42.211363636363636,27.81,10.82,0,2006,9,28,271,39,hot_dry
2006-09-29,0.0,42.211363636363636,27.81,10.82,0,2006,9,29,272,39,hot_dry
2006-09-30,0.0,42.211363636363636,27.81,10.82,0,2006,9,30,273,39,hot_dry
2006-10-01,0.21935483870967742,44.34952380952381,32.03296296296296,16.126923076923077,0,2006,10,1,274,39,hot_dry
2006-10-02,0.21935483870967742,44.34952380952381,32.03296296296296,16.126923076923077,0,2006,10,2,275,40,hot_dry
2006-10-03,0.21935483870967742,44.34952380952381,32.03296296296296,16.126923076923077,0,2006,10,3,276,40,hot_dry
2006-10-04,0.21935483870967742,44.34952380952381,32.03296296296296,16.126923076923077,0,2006,10,4,277,40,hot_dry
2006-10-05,0.21935483870967742,44.34952380952381,32.03296296296296,16.126923076923077,0,2006,10,5,278,40,hot_dry
2006-10-06,0.21935483870967742,44.34952380952381,32.03296296296296,16.126923076923077,0,2006,10,6,279,40,hot_dry
2006-10-07,0.21935483870967742,44.34952380952381,32.03296296296296,16.126923076923077,0,2006,10,7,280,40,hot_dry
2006-10-08,0.21935483870967742,44.34952380952381,32.03296296296296,16.126923076923077,0,2006,10,8,281,40,hot_dry
2006-10-09,0.21935483870967742,44.34952380952381,32.03296296296296,16.126923076923077,0,2006,10,9,282,41,hot_dry
2006-10-10,0.21935483870967742,44.34952380952381,32.03296296296296,16.126923076923077,0,2006,10,10,283,41,hot_dry
2006-10-11,0.21935483870967742,44.34952380952381,32.03296296296296,16.126923076923077,0,2006,10,11,284,41,hot_dry
2006-10-12,0.21935483870967742,44.34952380952381,32.03296296296296,16.126923076923077,0,2006,10,12,285,41,hot_dry
2006-10-13,0.21935483870967742,44.34952380952381,32.03296296296296,16.126923076923077,0,2006,10,13,286,41,hot_dry
2006-10-14,0.21935483870967742,44.34952380952381,32.03296296296296,16.126923076923077,0,2006,10,14,287,41,hot_dry
2006-10-15,0.21935483870967742,44.34952380952381,32.03296296296296,16.126923076923077,0,2006,10,15,288,41,hot_dry
2006-10-16,0.21935483870967742,44.34952380952381,32.03296296296296,16.126923076923077,0,2006,10,16,289,42,hot_dry
2006-10-17,0.21935483870967742,44.34952380952381,32.03296296296296,16.126923076923077,0,2006,10,17,290,42,hot_dry
2006-10-18,0.21935483870967742,44.34952380952381,32.03296296296296,16.126923076923077,0,2006,10,18,291,42,hot_dry
2006-10-19,0.21935483870967742,44.34952380952381,32.03296296296296,16.126923076923077,0,2006,10,19,292,42,hot_dry
2006-10-20,0.21935483870967742,44.34952380952381,32.03296296296296,16.126923076923077,0,2006,10,20,293,42,hot_dry
2006-10-21,0.21935483870967742,44.34952380952381,32.03296296296296,16.126923076923077,0,2006,10,21,294,42,hot_dry
2006-10-22,0.21935483870967742,44.34952380952381,32.03296296296296,16.126923076923077,0,2006,10,22,295,42,hot_dry
2006-10-23,0.21935483870967742,44.34952380952381,32.03296296296296,16.126923076923077,0,2006,10,23,296,43,hot_dry
2006-10-24,0.21935483870967742,44.34952380952381,32.03296296296296,16.126923076923077,0,2006,10,24,297,43,hot_dry
2006-10-25,0.21935483870967742,44.34952380952381,32.03296296296296,16.126923076923077,0,2006,10,25,298,43,hot_dry
2006-10-26,0.21935483870967742,44.34952380952381,32.03296296296296,16.126923076923077,0,2006,10,26,299,43,hot_dry
2006-10-27,0.21935483870967742,44.34952380952381,32.03296296296296,16.126923076923077,0,2006,10,27,300,43,hot_dry
2006-10-28,0.21935483870967742,44.34952380952381,32.03296296296296,16.126923076923077,0,2006,10,28,301,43,hot_dry
2006-10-29,0.21935483870967742,44.34952380952381,32.03296296296296,16.126923076923077,0,2006,10,29,302,43,hot_dry
2006-10-30,0.21935483870967742,44.34952380952381,32.03296296296296,16.126923076923077,0,2006,10,30,303,44,hot_dry
2006-10-31,0.21935483870967742,44.34952380952381,32.03296296296296,16.126923076923077,0,2006,10,31,304,44,hot_dry
2006-11-01,4.776666666666667,60.46,30.43,17.6,1,2006,11,1,305,44,hot_rainy
2006-11-02,4.776666666666667,60.46,30.43,17.6,1,2006,11,2,306,44,hot_rainy
2006-11-03,4.776666666666667,60.46,30.43,17.6,1,2006,11,3,307,44,hot_rainy
2006-11-04,4.776666666666667,60.46,30.43,17.6,1,2006,11,4,308,44,hot_rainy
2006-11-05,4.776666666666667,60.46,30.43,17.6,1,2006,11,5,309,44,hot_rainy
2006-11-06,4.776666666666667,60.46,30.43,17.6,1,2006,11,6,310,45,hot_rainy
2006-11-07,4.776666666666667,60.46,30.43,17.6,1,2006,11,7,311,45,hot_rainy
2006-11-08,4.776666666666667,60.46,30.43,17.6,1,2006,11,8,312,45,hot_rainy
2006-11-09,4.776666666666667,60.46,30.43,17.6,1,2006,11,9,313,45,hot_rainy
2006-11-10,4.776666666666667,60.46,30.43,17.6,1,2006,11,10,314,45,hot_rainy
2006-11-11,4.776666666666667,60.46,30.43,17.6,1,2006,11,11,315,45,hot_rainy
2006-11-12,4.776666666666667,60.46,30.43,17.6,1,2006,11,12,316,45,hot_rainy
2006-11-13,4.776666666666667,60.46,30.43,17.6,1,2006,11,13,317,46,hot_rainy
2006-11-14,4.776666666666667,60.46,30.43,17.6,1,2006,11,14,318,46,hot_rainy
2006-11-15,4.776666666666667,60.46,30.43,17.6,1,2006,11,15,319,46,hot_rainy
2006-11-16,4.776666666666667,60.46,30.43,17.6,1,2006,11,16,320,46,hot_rainy
2006-11-17,4.776666666666667,60.46,30.43,17.6,1,2006,11,17,321,46,hot_rainy
2006-11-18,4.776666666666667,60.46,30.43,17.6,1,2006,11,18,322,46,hot_rainy
2006-11-19,4.776666666666667,60.46,30.43,17.6,1,2006,11,19,323,46,hot_rainy
2006-11-20,4.776666666666667,60.46,30.43,17.6,1,2006,11,20,324,47,hot_rainy
2006-11-21,4.776666666666667,60.46,30.43,17.6,1,2006,11,21,325,47,hot_rainy
2006-11-22,4.776666666666667,60.46,30.43,17.6,1,2006,11,22,326,47,hot_rainy
2006-11-23,4.776666666666667,60.46,30.43,17.6,1,2006,11,23,327,47,hot_rainy
2006-11-24,4.776666666666667,60.46,30.43,17.6,1,2006,11,24,328,47,hot_rainy
2006-11-25,4.776666666666667,60.46,30.43,17.6,1,2006,11,25,329,47,hot_rainy
2006-11-26,4.776666666666667,60.46,30.43,17.6,1,2006,11,26,330,47,hot_rainy
2006-11-27,4.776666666666667,60.46,30.43,17.6,1,2006,11,27,331,48,hot_rainy
2006-11-28,4.776666666666667,60.46,30.43,17.6,1,2006,11,28,332,48,hot_rainy
2006-11-29,4.776666666666667,60.46,30.43,17.6,1,2006,11,29,333,48,hot_rainy
2006-11-30,4.776666666666667,60.46,30.43,17.6,1,2006,11,30,334,48,hot_rainy
2006-12-01,7.141935483870968,73.53,29.33,17.95,1,2006,12,1,335,48,hot_rainy
2006-12-02,7.141935483870968,73.53,29.33,17.95,1,2006,12,2,336,48,hot_rainy
2006-12-03,7.141935483870968,73.53,29.33,17.95,1,2006,12,3,337,48,hot_rainy
2006-12-04,7.141935483870968,73.53,29.33,17.95,1,2006,12,4,338,49,hot_rainy
2006-12-05,7.141935483870968,73.53,29.33,17.95,1,2006,12,5,339,49,hot_rainy
2006-12-06,7.141935483870968,73.53,29.33,17.95,1,2006,12,6,340,49,hot_rainy
2006-12-07,7.141935483870968,73.53,29.33,17.95,1,2006,12,7,341,49,hot_rainy
2006-12-08,7.141935483870968,73.53,29.33,17.95,1,2006,12,8,342,49,hot_rainy
2006-12-09,7.141935483870968,73.53,29.33,17.95,1,2006,12,9,343,49,hot_rainy
2006-12-10,7.141935483870968,73.53,29.33,17.95,1,2006,12,10,344,49,hot_rainy
2006-12-11,7.141935483870968,73.53,29.33,17.95,1,2006,12,11,345,50,hot_rainy
2006-12-12,7.141935483870968,73.53,29.33,17.95,1,2006,12,12,346,50,hot_rainy
2006-12-13,7.141935483870968,73.53,29.33,17.95,1,2006,12,13,347,50,hot_rainy
2006-12-14,7.141935483870968,73.53,29.33,17.95,1,2006,12,14,348,50,hot_rainy
2006-12-15,7.141935483870968,73.53,29.33,17.95,1,2006,12,15,349,50,hot_rainy
2006-12-16,7.141935483870968,73.53,29.33,17.95,1,2006,12,16,350,50,hot_rainy
2006-12-17,7.141935483870968,73.53,29.33,17.95,1,2006,12,17,351,50,hot_rainy
2006-12-18,7.141935483870968,73.53,29.33,17.95,1,2006,12,18,352,51,hot_rainy
2006-12-19,7.141935483870968,73.53,29.33,17.95,1,2006,12,19,353,51,hot_rainy
2006-12-20,7.141935483870968,73.53,29.33,17.95,1,2006,12,20,354,51,hot_rainy
2006-12-21,7.141935483870968,73.53,29.33,17.95,1,2006,12,21,355,51,hot_rainy
2006-12-22,7.141935483870968,73.53,29.33,17.95,1,2006,12,22,356,51,hot_rainy
2006-12-23,7.141935483870968,73.53,29.33,17.95,1,2006,12,23,357,51,hot_rainy
2006-12-24,7.141935483870968,73.53,29.33,17.95,1,2006,12,24,358,51,hot_rainy
2006-12-25,7.141935483870968,73.53,29.33,17.95,1,2006,12,25,359,52,hot_rainy
2006-12-26,7.141935483870968,73.53,29.33,17.95,1,2006,12,26,360,52,hot_rainy
2006-12-27,7.141935483870968,73.53,29.33,17.95,1,2006,12,27,361,52,hot_rainy
2006-12-28,7.141935483870968,73.53,29.33,17.95,1,2006,12,28,362,52,hot_rainy
2006-12-29,7.141935483870968,73.53,29.33,17.95,1,2006,12,29,363,52,hot_rainy
2006-12-30,7.141935483870968,73.53,29.33,17.95,1,2006,12,30,364,52,hot_rainy
2006-12-31,7.141935483870968,73.53,29.33,17.95,1,2006,12,31,365,52,hot_rainy
2007-01-01,11.848387096774195,83.47,27.08,17.35642857142857,1,2007,1,1,1,1,hot_rainy
2007-01-02,11.848387096774195,83.47,27.08,17.35642857142857,1,2007,1,2,2,1,hot_rainy
2007-01-03,11.848387096774195,83.47,27.08,17.35642857142857,1,2007,1,3,3,1,hot_rainy
2007-01-04,11.848387096774195,83.47,27.08,17.35642857142857,1,2007,1,4,4,1,hot_rainy
2007-01-05,11.848387096774195,83.47,27.08,17.35642857142857,1,2007,1,5,5,1,hot_rainy
2007-01-06,11.848387096774195,83.47,27.08,17.35642857142857,1,2007,1,6,6,1,hot_rainy
2007-01-07,11.848387096774195,83.47,27.08,17.35642857142857,1,2007,1,7,7,1,hot_rainy
2007-01-08,11.848387096774195,83.47,27.08,17.35642857142857,1,2007,1,8,8,2,hot_rainy
2007-01-09,11.848387096774195,83.47,27.08,17.35642857142857,1,2007,1,9,9,2,hot_rainy
2007-01-10,11.848387096774195,83.47,27.08,17.35642857142857,1,2007,1,10,10,2,hot_rainy
2007-01-11,11.848387096774195,83.47,27.08,17.35642857142857,1,2007,1,11,11,2,hot_rainy
2007-01-12,11.848387096774195,83.47,27.08,17.35642857142857,1,2007,1,12,12,2,hot_rainy
2007-01-13,11.848387096774195,83.47,27.08,17.35642857142857,1,2007,1,13,13,2,hot_rainy
2007-01-14,11.848387096774195,83.47,27.08,17.35642857142857,1,2007,1,14,14,2,hot_rainy
2007-01-15,11.848387096774195,83.47,27.08,17.35642857142857,1,2007,1,15,15,3,hot_rainy
2007-01-16,11.848387096774195,83.47,27.08,17.35642857142857,1,2007,1,16,16,3,hot_rainy
2007-01-17,11.848387096774195,83.47,27.08,17.35642857142857,1,2007,1,17,17,3,hot_rainy
2007-01-18,11.848387096774195,83.47,27.08,17.35642857142857,1,2007,1,18,18,3,hot_rainy
2007-01-19,11.848387096774195,83.47,27.08,17.35642857142857,1,2007,1,19,19,3,hot_rainy
2007-01-20,11.848387096774195,83.47,27.08,17.35642857142857,1,2007,1,20,20,3,hot_rainy
2007-01-21,11.848387096774195,83.47,27.08,17.35642857142857,1,2007,1,21,21,3,hot_rainy
2007-01-22,11.848387096774195,83.47,27.08,17.35642857142857,1,2007,1,22,22,4,hot_rainy
2007-01-23,11.848387096774195,83.47,27.08,17.35642857142857,1,2007,1,23,23,4,hot_rainy
2007-01-24,11.848387096774195,83.47,27.08,17.35642857142857,1,2007,1,24,24,4,hot_rainy
2007-01-25,11.848387096774195,83.47,27.08,17.35642857142857,1,2007,1,25,25,4,hot_rainy
2007-01-26,11.848387096774195,83.47,27.08,17.35642857142857,1,2007,1,26,26,4,hot_rainy
2007-01-27,11.848387096774195,83.47,27.08,17.35642857142857,1,2007,1,27,27,4,hot_rainy
2007-01-28,11.848387096774195,83.47,27.08,17.35642857142857,1,2007,1,28,28,4,hot_rainy
2007-01-29,11.848387096774195,83.47,27.08,17.35642857142857,1,2007,1,29,29,5,hot_rainy
2007-01-30,11.848387096774195,83.47,27.08,17.35642857142857,1,2007,1,30,30,5,hot_rainy
2007-01-31,11.848387096774195,83.47,27.08,17.35642857142857,1,2007,1,31,31,5,hot_rainy
2007-02-01,2.5892857142857144,77.0,28.36,17.148070818070817,1,2007,2,1,32,5,hot_rainy
2007-02-02,2.5892857142857144,77.0,28.36,17.148070818070817,1,2007,2,2,33,5,hot_rainy
2007-02-03,2.5892857142857144,77.0,28.36,17.148070818070817,1,2007,2,3,34,5,hot_rainy
2007-02-04,2.5892857142857144,77.0,28.36,17.148070818070817,1,2007,2,4,35,5,hot_rainy
2007-02-05,2.5892857142857144,77.0,28.36,17.148070818070817,1,2007,2,5,36,6,hot_rainy
2007-02-06,2.5892857142857144,77.0,28.36,17.148070818070817,1,2007,2,6,37,6,hot_rainy
2007-02-07,2.5892857142857144,77.0,28.36,17.148070818070817,1,2007,2,7,38,6,hot_rainy
2007-02-08,2.5892857142857144,77.0,28.36,17.148070818070817,1,2007,2,8,39,6,hot_rainy
2007-02-09,2.5892857142857144,77.0,28.36,17.148070818070817,1,2007,2,9,40,6,hot_rainy
2007-02-10,2.5892857142857144,77.0,28.36,17.148070818070817,1,2007,2,10,41,6,hot_rainy
2007-02-11,2.5892857142857144,77.0,28.36,17.148070818070817,1,2007,2,11,42,6,hot_rainy
2007-02-12,2.5892857142857144,77.0,28.36,17.148070818070817,1,2007,2,12,43,7,hot_rainy
2007-02-13,2.5892857142857144,77.0,28.36,17.148070818070817,1,2007,2,13,44,7,hot_rainy
2007-02-14,2.5892857142857144,77.0,28.36,17.148070818070817,1,2007,2,14,45,7,hot_rainy
2007-02-15,2.5892857142857144,77.0,28.36,17.148070818070817,1,2007,2,15,46,7,hot_rainy
2007-02-16,2.5892857142857144,77.0,28.36,17.148070818070817,1,2007,2,16,47,7,hot_rainy
2007-02-17,2.5892857142857144,77.0,28.36,17.148070818070817,1,2007,2,17,48,7,hot_rainy
2007-02-18,2.5892857142857144,77.0,28.36,17.148070818070817,1,2007,2,18,49,7,hot_rainy
2007-02-19,2.5892857142857144,77.0,28.36,17.148070818070817,1,2007,2,19,50,8,hot_rainy
2007-02-20,2.5892857142857144,77.0,28.36,17.148070818070817,1,2007,2,20,51,8,hot_rainy
2007-02-21,2.5892857142857144,77.0,28.36,17.148070818070817,1,2007,2,21,52,8,hot_rainy
2007-02-22,2.5892857142857144,77.0,28.36,17.148070818070817,1,2007,2,22,53,8,hot_rainy
2007-02-23,2.5892857142857144,77.0,28.36,17.148070818070817,1,2007,2,23,54,8,hot_rainy
2007-02-24,2.5892857142857144,77.0,28.36,17.148070818070817,1,2007,2,24,55,8,hot_rainy
2007-02-25,2.5892857142857144,77.0,28.36,17.148070818070817,1,2007,2,25,56,8,hot_rainy
2007-02-26,2.5892857142857144,77.0,28.36,17.148070818070817,1,2007,2,26,57,9,hot_rainy
2007-02-27,2.5892857142857144,77.0,28.36,17.148070818070817,1,2007,2,27,58,9,hot_rainy
2007-02-28,2.5892857142857144,77.0,28.36,17.148070818070817,1,2007,2,28,59,9,hot_rainy
2007-03-01,2.325806451612903,74.81722222222223,29.09,16.29137931034483,1,2007,3,1,60,9,hot_rainy
2007-03-02,2.325806451612903,74.81722222222223,29.09,16.29137931034483,1,2007,3,2,61,9,hot_rainy
2007-03-03,2.325806451612903,74.81722222222223,29.09,16.29137931034483,1,2007,3,3,62,9,hot_rainy
2007-03-04,2.325806451612903,74.81722222222223,29.09,16.29137931034483,1,2007,3,4,63,9,hot_rainy
2007-03-05,2.325806451612903,74.81722222222223,29.09,16.29137931034483,1,2007,3,5,64,10,hot_rainy
2007-03-06,2.325806451612903,74.81722222222223,29.09,16.29137931034483,1,2007,3,6,65,10,hot_rainy
2007-03-07,2.325806451612903,74.81722222222223,29.09,16.29137931034483,1,2007,3,7,66,10,hot_rainy
2007-03-08,2.325806451612903,74.81722222222223,29.09,16.29137931034483,1,2007,3,8,67,10,hot_rainy
2007-03-09,2.325806451612903,74.81722222222223,29.09,16.29137931034483,1,2007,3,9,68,10,hot_rainy
2007-03-10,2.325806451612903,74.81722222222223,29.09,16.29137931034483,1,2007,3,10,69,10,hot_rainy
2007-03-11,2.325806451612903,74.81722222222223,29.09,16.29137931034483,1,2007,3,11,70,10,hot_rainy
2007-03-12,2.325806451612903,74.81722222222223,29.09,16.29137931034483,1,2007,3,12,71,11,hot_rainy
2007-03-13,2.325806451612903,74.81722222222223,29.09,16.29137931034483,1,2007,3,13,72,11,hot_rainy
2007-03-14,2.325806451612903,74.81722222222223,29.09,16.29137931034483,1,2007,3,14,73,11,hot_rainy
2007-03-15,2.325806451612903,74.81722222222223,29.09,16.29137931034483,1,2007,3,15,74,11,hot_rainy
2007-03-16,2.325806451612903,74.81722222222223,29.09,16.29137931034483,1,2007,3,16,75,11,hot_rainy
2007-03-17,2.325806451612903,74.81722222222223,29.09,16.29137931034483,1,2007,3,17,76,11,hot_rainy
2007-03-18,2.325806451612903,74.81722222222223,29.09,16.29137931034483,1,2007,3,18,77,11,hot_rainy
2007-03-19,2.325806451612903,74.81722222222223,29.09,16.29137931034483,1,2007,3,19,78,12,hot_rainy
2007-03-20,2.325806451612903,74.81722222222223,29.09,16.29137931034483,1,2007,3,20,79,12,hot_rainy
2007-03-21,2.325806451612903,74.81722222222223,29.09,16.29137931034483,1,2007,3,21,80,12,hot_rainy
2007-03-22,2.325806451612903,74.81722222222223,29.09,16.29137931034483,1,2007,3,22,81,12,hot_rainy
2007-03-23,2.325806451612903,74.81722222222223,29.09,16.29137931034483,1,2007,3,23,82,12,hot_rainy
2007-03-24,2.325806451612903,74.81722222222223,29.09,16.29137931034483,1,2007,3,24,83,12,hot_rainy
2007-03-25,2.325806451612903,74.81722222222223,29.09,16.29137931034483,1,2007,3,25,84,12,hot_rainy
2007-03-26,2.325806451612903,74.81722222222223,29.09,16.29137931034483,1,2007,3,26,85,13,hot_rainy
2007-03-27,2.325806451612903,74.81722222222223,29.09,16.29137931034483,1,2007,3,27,86,13,hot_rainy
2007-03-28,2.325806451612903,74.81722222222223,29.09,16.29137931034483,1,2007,3,28,87,13,hot_rainy
2007-03-29,2.325806451612903,74.81722222222223,29.09,16.29137931034483,1,2007,3,29,88,13,hot_rainy
2007-03-30,2.325806451612903,74.81722222222223,29.09,16.29137931034483,1,2007,3,30,89,13,hot_rainy
2007-03-31,2.325806451612903,74.81722222222223,29.09,16.29137931034483,1,2007,3,31,90,13,hot_rainy
2007-04-01,1.6066666666666667,70.9,27.71,13.249666666666668,1,2007,4,1,91,13,hot_rainy
2007-04-02,1.6066666666666667,70.9,27.71,13.249666666666668,1,2007,4,2,92,14,hot_rainy
2007-04-03,1.6066666666666667,70.9,27.71,13.249666666666668,1,2007,4,3,93,14,hot_rainy
2007-04-04,1.6066666666666667,70.9,27.71,13.249666666666668,1,2007,4,4,94,14,hot_rainy
2007-04-05,1.6066666666666667,70.9,27.71,13.249666666666668,1,2007,4,5,95,14,hot_rainy
2007-04-06,1.6066666666666667,70.9,27.71,13.249666666666668,1,2007,4,6,96,14,hot_rainy
2007-04-07,1.6066666666666667,70.9,27.71,13.249666666666668,1,2007,4,7,97,14,hot_rainy
2007-04-08,1.6066666666666667,70.9,27.71,13.249666666666668,1,2007,4,8,98,14,hot_rainy
2007-04-09,1.6066666666666667,70.9,27.71,13.249666666666668,1,2007,4,9,99,15,hot_rainy
2007-04-10,1.6066666666666667,70.9,27.71,13.249666666666668,1,2007,4,10,100,15,hot_rainy
2007-04-11,1.6066666666666667,70.9,27.71,13.249666666666668,1,2007,4,11,101,15,hot_rainy
2007-04-12,1.6066666666666667,70.9,27.71,13.249666666666668,1,2007,4,12,102,15,hot_rainy
2007-04-13,1.6066666666666667,70.9,27.71,13.249666666666668,1,2007,4,13,103,15,hot_rainy
2007-04-14,1.6066666666666667,70.9,27.71,13.249666666666668,1,2007,4,14,104,15,hot_rainy
2007-04-15,1.6066666666666667,70.9,27.71,13.249666666666668,1,2007,4,15,105,15,hot_rainy
2007-04-16,1.6066666666666667,70.9,27.71,13.249666666666668,1,2007,4,16,106,16,hot_rainy
2007-04-17,1.6066666666666667,70.9,27.71,13.249666666666668,1,2007,4,17,107,16,hot_rainy
2007-04-18,1.6066666666666667,70.9,27.71,13.249666666666668,1,2007,4,18,108,16,hot_rainy
2007-04-19,1.6066666666666667,70.9,27.71,13.249666666666668,1,2007,4,19,109,16,hot_rainy
2007-04-20,1.6066666666666667,70.9,27.71,13.249666666666668,1,2007,4,20,110,16,hot_rainy
2007-04-21,1.6066666666666667,70.9,27.71,13.249666666666668,1,2007,4,21,111,16,hot_rainy
2007-04-22,1.6066666666666667,70.9,27.71,13.249666666666668,1,2007,4,22,112,16,hot_rainy
2007-04-23,1.6066666666666667,70.9,27.71,13.249666666666668,1,2007,4,23,113,17,hot_rainy
2007-04-24,1.6066666666666667,70.9,27.71,13.249666666666668,1,2007,4,24,114,17,hot_rainy
2007-04-25,1.6066666666666667,70.9,27.71,13.249666666666668,1,2007,4,25,115,17,hot_rainy
2007-04-26,1.6066666666666667,70.9,27.71,13.249666666666668,1,2007,4,26,116,17,hot_rainy
2007-04-27,1.6066666666666667,70.9,27.71,13.249666666666668,1,2007,4,27,117,17,hot_rainy
2007-04-28,1.6066666666666667,70.9,27.71,13.249666666666668,1,2007,4,28,118,17,hot_rainy
2007-04-29,1.6066666666666667,70.9,27.71,13.249666666666668,1,2007,4,29,119,17,hot_rainy
2007-04-30,1.6066666666666667,70.9,27.71,13.249666666666668,1,2007,4,30,120,18,hot_rainy
2007-05-01,0.0,59.54,26.3,9.065185185185186,0,2007,5,1,121,18,cool_dry
2007-05-02,0.0,59.54,26.3,9.065185185185186,0,2007,5,2,122,18,cool_dry
2007-05-03,0.0,59.54,26.3,9.065185185185186,0,2007,5,3,123,18,cool_dry
2007-05-04,0.0,59.54,26.3,9.065185185185186,0,2007,5,4,124,18,cool_dry
2007-05-05,0.0,59.54,26.3,9.065185185185186,0,2007,5,5,125,18,cool_dry
2007-05-06,0.0,59.54,26.3,9.065185185185186,0,2007,5,6,126,18,cool_dry
2007-05-07,0.0,59.54,26.3,9.065185185185186,0,2007,5,7,127,19,cool_dry
2007-05-08,0.0,59.54,26.3,9.065185185185186,0,2007,5,8,128,19,cool_dry
2007-05-09,0.0,59.54,26.3,9.065185185185186,0,2007,5,9,129,19,cool_dry
2007-05-10,0.0,59.54,26.3,9.065185185185186,0,2007,5,10,130,19,cool_dry
2007-05-11,0.0,59.54,26.3,9.065185185185186,0,2007,5,11,131,19,cool_dry
2007-05-12,0.0,59.54,26.3,9.065185185185186,0,2007,5,12,132,19,cool_dry
2007-05-13,0.0,59.54,26.3,9.065185185185186,0,2007,5,13,133,19,cool_dry
2007-05-14,0.0,59.54,26.3,9.065185185185186,0,2007,5,14,134,20,cool_dry
2007-05-15,0.0,59.54,26.3,9.065185185185186,0,2007,5,15,135,20,cool_dry
2007-05-16,0.0,59.54,26.3,9.065185185185186,0,2007,5,16,136,20,cool_dry
2007-05-17,0.0,59.54,26.3,9.065185185185186,0,2007,5,17,137,20,cool_dry
2007-05-18,0.0,59.54,26.3,9.065185185185186,0,2007,5,18,138,20,cool_dry
2007-05-19,0.0,59.54,26.3,9.065185185185186,0,2007,5,19,139,20,cool_dry
2007-05-20,0.0,59.54,26.3,9.065185185185186,0,2007,5,20,140,20,cool_dry
2007-05-21,0.0,59.54,26.3,9.065185185185186,0,2007,5,21,141,21,cool_dry
2007-05-22,0.0,59.54,26.3,9.065185185185186,0,2007,5,22,142,21,cool_dry
2007-05-23,0.0,59.54,26.3,9.065185185185186,0,2007,5,23,143,21,cool_dry
2007-05-24,0.0,59.54,26.3,9.065185185185186,0,2007,5,24,144,21,cool_dry
2007-05-25,0.0,59.54,26.3,9.065185185185186,0,2007,5,25,145,21,cool_dry
2007-05-26,0.0,59.54,26.3,9.065185185185186,0,2007,5,26,146,21,cool_dry
2007-05-27,0.0,59.54,26.3,9.065185185185186,0,2007,5,27,147,21,cool_dry
2007-05-28,0.0,59.54,26.3,9.065185185185186,0,2007,5,28,148,22,cool_dry
2007-05-29,0.0,59.54,26.3,9.065185185185186,0,2007,5,29,149,22,cool_dry
2007-05-30,0.0,59.54,26.3,9.065185185185186,0,2007,5,30,150,22,cool_dry
2007-05-31,0.0,59.54,26.3,9.065185185185186,0,2007,5,31,151,22,cool_dry
2007-06-01,0.0,60.345,24.55,6.635862068965517,0,2007,6,1,152,22,cool_dry
2007-06-02,0.0,60.345,24.55,6.635862068965517,0,2007,6,2,153,22,cool_dry
2007-06-03,0.0,60.345,24.55,6.635862068965517,0,2007,6,3,154,22,cool_dry
2007-06-04,0.0,60.345,24.55,6.635862068965517,0,2007,6,4,155,23,cool_dry
2007-06-05,0.0,60.345,24.55,6.635862068965517,0,2007,6,5,156,23,cool_dry
2007-06-06,0.0,60.345,24.55,6.635862068965517,0,2007,6,6,157,23,cool_dry
2007-06-07,0.0,60.345,24.55,6.635862068965517,0,2007,6,7,158,23,cool_dry
2007-06-08,0.0,60.345,24.55,6.635862068965517,0,2007,6,8,159,23,cool_dry
2007-06-09,0.0,60.345,24.55,6.635862068965517,0,2007,6,9,160,23,cool_dry
2007-06-10,0.0,60.345,24.55,6.635862068965517,0,2007,6,10,161,23,cool_dry
2007-06-11,0.0,60.345,24.55,6.635862068965517,0,2007,6,11,162,24,cool_dry
2007-06-12,0.0,60.345,24.55,6.635862068965517,0,2007,6,12,163,24,cool_dry
2007-06-13,0.0,60.345,24.55,6.635862068965517,0,2007,6,13,164,24,cool_dry
2007-06-14,0.0,60.345,24.55,6.635862068965517,0,2007,6,14,165,24,cool_dry
2007-06-15,0.0,60.345,24.55,6.635862068965517,0,2007,6,15,166,24,cool_dry
2007-06-16,0.0,60.345,24.55,6.635862068965517,0,2007,6,16,167,24,cool_dry
2007-06-17,0.0,60.345,24.55,6.635862068965517,0,2007,6,17,168,24,cool_dry
2007-06-18,0.0,60.345,24.55,6.635862068965517,0,2007,6,18,169,25,cool_dry
2007-06-19,0.0,60.345,24.55,6.635862068965517,0,2007,6,19,170,25,cool_dry
2007-06-20,0.0,60.345,24.55,6.635862068965517,0,2007,6,20,171,25,cool_dry
2007-06-21,0.0,60.345,24.55,6.635862068965517,0,2007,6,21,172,25,cool_dry
2007-06-22,0.0,60.345,24.55,6.635862068965517,0,2007,6,22,173,25,cool_dry
2007-06-23,0.0,60.345,24.55,6.635862068965517,0,2007,6,23,174,25,cool_dry
2007-06-24,0.0,60.345,24.55,6.635862068965517,0,2007,6,24,175,25,cool_dry
2007-06-25,0.0,60.345,24.55,6.635862068965517,0,2007,6,25,176,26,cool_dry
2007-06-26,0.0,60.345,24.55,6.635862068965517,0,2007,6,26,177,26,cool_dry
2007-06-27,0.0,60.345,24.55,6.635862068965517,0,2007,6,27,178,26,cool_dry
2007-06-28,0.0,60.345,24.55,6.635862068965517,0,2007,6,28,179,26,cool_dry
2007-06-29,0.0,60.345,24.55,6.635862068965517,0,2007,6,29,180,26,cool_dry
2007-06-30,0.0,60.345,24.55,6.635862068965517,0,2007,6,30,181,26,cool_dry
2007-07-01,0.0,57.71,24.56,6.087142857142857,0,2007,7,1,182,26,cool_dry
2007-07-02,0.0,57.71,24.56,6.087142857142857,0,2007,7,2,183,27,cool_dry
2007-07-03,0.0,57.71,24.56,6.087142857142857,0,2007,7,3,184,27,cool_dry
2007-07-04,0.0,57.71,24.56,6.087142857142857,0,2007,7,4,185,27,cool_dry
2007-07-05,0.0,57.71,24.56,6.087142857142857,0,2007,7,5,186,27,cool_dry
2007-07-06,0.0,57.71,24.56,6.087142857142857,0,2007,7,6,187,27,cool_dry
2007-07-07,0.0,57.71,24.56,6.087142857142857,0,2007,7,7,188,27,cool_dry
2007-07-08,0.0,57.71,24.56,6.087142857142857,0,2007,7,8,189,27,cool_dry
2007-07-09,0.0,57.71,24.56,6.087142857142857,0,2007,7,9,190,28,cool_dry
2007-07-10,0.0,57.71,24.56,6.087142857142857,0,2007,7,10,191,28,cool_dry
2007-07-11,0.0,57.71,24.56,6.087142857142857,0,2007,7,11,192,28,cool_dry
2007-07-12,0.0,57.71,24.56,6.087142857142857,0,2007,7,12,193,28,cool_dry
2007-07-13,0.0,57.71,24.56,6.087142857142857,0,2007,7,13,194,28,cool_dry
2007-07-14,0.0,57.71,24.56,6.087142857142857,0,2007,7,14,195,28,cool_dry
2007-07-15,0.0,57.71,24.56,6.087142857142857,0,2007,7,15,196,28,cool_dry
2007-07-16,0.0,57.71,24.56,6.087142857142857,0,2007,7,16,197,29,cool_dry
2007-07-17,0.0,57.71,24.56,6.087142857142857,0,2007,7,17,198,29,cool_dry
2007-07-18,0.0,57.71,24.56,6.087142857142857,0,2007,7,18,199,29,cool_dry
2007-07-19,0.0,57.71,24.56,6.087142857142857,0,2007,7,19,200,29,cool_dry
2007-07-20,0.0,57.71,24.56,6.087142857142857,0,2007,7,20,201,29,cool_dry
2007-07-21,0.0,57.71,24.56,6.087142857142857,0,2007,7,21,202,29,cool_dry
2007-07-22,0.0,57.71,24.56,6.087142857142857,0,2007,7,22,203,29,cool_dry
2007-07-23,0.0,57.71,24.56,6.087142857142857,0,2007,7,23,204,30,cool_dry
2007-07-24,0.0,57.71,24.56,6.087142857142857,0,2007,7,24,205,30,cool_dry
2007-07-25,0.0,57.71,24.56,6.087142857142857,0,2007,7,25,206,30,cool_dry
2007-07-26,0.0,57.71,24.56,6.087142857142857,0,2007,7,26,207,30,cool_dry
2007-07-27,0.0,57.71,24.56,6.087142857142857,0,2007,7,27,208,30,cool_dry
2007-07-28,0.0,57.71,24.56,6.087142857142857,0,2007,7,28,209,30,cool_dry
2007-07-29,0.0,57.71,24.56,6.087142857142857,0,2007,7,29,210,30,cool_dry
2007-07-30,0.0,57.71,24.56,6.087142857142857,0,2007,7,30,211,31,cool_dry
2007-07-31,0.0,57.71,24.56,6.087142857142857,0,2007,7,31,212,31,cool_dry
2007-08-01,0.0,49.48,26.89,8.906666666666666,0,2007,8,1,213,31,cool_dry
2007-08-02,0.0,49.48,26.89,8.906666666666666,0,2007,8,2,214,31,cool_dry
2007-08-03,0.0,49.48,26.89,8.906666666666666,0,2007,8,3,215,31,cool_dry
2007-08-04,0.0,49.48,26.89,8.906666666666666,0,2007,8,4,216,31,cool_dry
2007-08-05,0.0,49.48,26.89,8.906666666666666,0,2007,8,5,217,31,cool_dry
2007-08-06,0.0,49.48,26.89,8.906666666666666,0,2007,8,6,218,32,cool_dry
2007-08-07,0.0,49.48,26.89,8.906666666666666,0,2007,8,7,219,32,cool_dry
2007-08-08,0.0,49.48,26.89,8.906666666666666,0,2007,8,8,220,32,cool_dry
2007-08-09,0.0,49.48,26.89,8.906666666666666,0,2007,8,9,221,32,cool_dry
2007-08-10,0.0,49.48,26.89,8.906666666666666,0,2007,8,10,222,32,cool_dry
2007-08-11,0.0,49.48,26.89,8.906666666666666,0,2007,8,11,223,32,cool_dry
2007-08-12,0.0,49.48,26.89,8.906666666666666,0,2007,8,12,224,32,cool_dry
2007-08-13,0.0,49.48,26.89,8.906666666666666,0,2007,8,13,225,33,cool_dry
2007-08-14,0.0,49.48,26.89,8.906666666666666,0,2007,8,14,226,33,cool_dry
2007-08-15,0.0,49.48,26.89,8.906666666666666,0,2007,8,15,227,33,cool_dry
2007-08-16,0.0,49.48,26.89,8.906666666666666,0,2007,8,16,228,33,cool_dry
2007-08-17,0.0,49.48,26.89,8.906666666666666,0,2007,8,17,229,33,cool_dry
2007-08-18,0.0,49.48,26.89,8.906666666666666,0,2007,8,18,230,33,cool_dry
2007-08-19,0.0,49.48,26.89,8.906666666666666,0,2007,8,19,231,33,cool_dry
2007-08-20,0.0,49.48,26.89,8.906666666666666,0,2007,8,20,232,34,cool_dry
2007-08-21,0.0,49.48,26.89,8.906666666666666,0,2007,8,21,233,34,cool_dry
2007-08-22,0.0,49.48,26.89,8.906666666666666,0,2007,8,22,234,34,cool_dry
2007-08-23,0.0,49.48,26.89,8.906666666666666,0,2007,8,23,235,34,cool_dry
2007-08-24,0.0,49.48,26.89,8.906666666666666,0,2007,8,24,236,34,cool_dry
2007-08-25,0.0,49.48,26.89,8.906666666666666,0,2007,8,25,237,34,cool_dry
2007-08-26,0.0,49.48,26.89,8.906666666666666,0,2007,8,26,238,34,cool_dry
2007-08-27,0.0,49.48,26.89,8.906666666666666,0,2007,8,27,239,35,cool_dry
2007-08-28,0.0,49.48,26.89,8.906666666666666,0,2007,8,28,240,35,cool_dry
2007-08-29,0.0,49.48,26.89,8.906666666666666,0,2007,8,29,241,35,cool_dry
2007-08-30,0.0,49.48,26.89,8.906666666666666,0,2007,8,30,242,35,cool_dry
2007-08-31,0.0,49.48,26.89,8.906666666666666,0,2007,8,31,243,35,cool_dry
2007-09-01,0.2033333333333333,60.0,30.69,12.774285714285714,0,2007,9,1,244,35,hot_dry
2007-09-02,0.2033333333333333,60.0,30.69,12.774285714285714,0,2007,9,2,245,35,hot_dry
2007-09-03,0.2033333333333333,60.0,30.69,12.774285714285714,0,2007,9,3,246,36,hot_dry
2007-09-04,0.2033333333333333,60.0,30.69,12.774285714285714,0,2007,9,4,247,36,hot_dry
2007-09-05,0.2033333333333333,60.0,30.69,12.774285714285714,0,2007,9,5,248,36,hot_dry
2007-09-06,0.2033333333333333,60.0,30.69,12.774285714285714,0,2007,9,6,249,36,hot_dry
2007-09-07,0.2033333333333333,60.0,30.69,12.774285714285714,0,2007,9,7,250,36,hot_dry
2007-09-08,0.2033333333333333,60.0,30.69,12.774285714285714,0,2007,9,8,251,36,hot_dry
2007-09-09,0.2033333333333333,60.0,30.69,12.774285714285714,0,2007,9,9,252,36,hot_dry
2007-09-10,0.2033333333333333,60.0,30.69,12.774285714285714,0,2007,9,10,253,37,hot_dry
2007-09-11,0.2033333333333333,60.0,30.69,12.774285714285714,0,2007,9,11,254,37,hot_dry
2007-09-12,0.2033333333333333,60.0,30.69,12.774285714285714,0,2007,9,12,255,37,hot_dry
2007-09-13,0.2033333333333333,60.0,30.69,12.774285714285714,0,2007,9,13,256,37,hot_dry
2007-09-14,0.2033333333333333,60.0,30.69,12.774285714285714,0,2007,9,14,257,37,hot_dry
2007-09-15,0.2033333333333333,60.0,30.69,12.774285714285714,0,2007,9,15,258,37,hot_dry
2007-09-16,0.2033333333333333,60.0,30.69,12.774285714285714,0,2007,9,16,259,37,hot_dry
2007-09-17,0.2033333333333333,60.0,30.69,12.774285714285714,0,2007,9,17,260,38,hot_dry
2007-09-18,0.2033333333333333,60.0,30.69,12.774285714285714,0,2007,9,18,261,38,hot_dry
2007-09-19,0.2033333333333333,60.0,30.69,12.774285714285714,0,2007,9,19,262,38,hot_dry
2007-09-20,0.2033333333333333,60.0,30.69,12.774285714285714,0,2007,9,20,263,38,hot_dry
2007-09-21,0.2033333333333333,60.0,30.69,12.774285714285714,0,2007,9,21,264,38,hot_dry
2007-09-22,0.2033333333333333,60.0,30.69,12.774285714285714,0,2007,9,22,265,38,hot_dry
2007-09-23,0.2033333333333333,60.0,30.69,12.774285714285714,0,2007,9,23,266,38,hot_dry
2007-09-24,0.2033333333333333,60.0,30.69,12.774285714285714,0,2007,9,24,267,39,hot_dry
2007-09-25,0.2033333333333333,60.0,30.69,12.774285714285714,0,2007,9,25,268,39,hot_dry
2007-09-26,0.2033333333333333,60.0,30.69,12.774285714285714,0,2007,9,26,269,39,hot_dry
2007-09-27,0.2033333333333333,60.0,30.69,12.774285714285714,0,2007,9,27,270,39,hot_dry
2007-09-28,0.2033333333333333,60.0,30.69,12.774285714285714,0,2007,9,28,271,39,hot_dry
2007-09-29,0.2033333333333333,60.0,30.69,12.774285714285714,0,2007,9,29,272,39,hot_dry
2007-09-30,0.2033333333333333,60.0,30.69,12.774285714285714,0,2007,9,30,273,39,hot_dry
2007-10-01,0.0,48.52,31.68,16.126923076923077,0,2007,10,1,274,40,hot_dry
2007-10-02,0.0,48.52,31.68,16.126923076923077,0,2007,10,2,275,40,hot_dry
2007-10-03,0.0,48.52,31.68,16.126923076923077,0,2007,10,3,276,40,hot_dry
2007-10-04,0.0,48.52,31.68,16.126923076923077,0,2007,10,4,277,40,hot_dry
2007-10-05,0.0,48.52,31.68,16.126923076923077,0,2007,10,5,278,40,hot_dry
2007-10-06,0.0,48.52,31.68,16.126923076923077,0,2007,10,6,279,40,hot_dry
2007-10-07,0.0,48.52,31.68,16.126923076923077,0,2007,10,7,280,40,hot_dry
2007-10-08,0.0,48.52,31.68,16.126923076923077,0,2007,10,8,281,41,hot_dry
2007-10-09,0.0,48.52,31.68,16.126923076923077,0,2007,10,9,282,41,hot_dry
2007-10-10,0.0,48.52,31.68,16.126923076923077,0,2007,10,10,283,41,hot_dry
2007-10-11,0.0,48.52,31.68,16.126923076923077,0,2007,10,11,284,41,hot_dry
2007-10-12,0.0,48.52,31.68,16.126923076923077,0,2007,10,12,285,41,hot_dry
2007-10-13,0.0,48.52,31.68,16.126923076923077,0,2007,10,13,286,41,hot_dry
2007-10-14,0.0,48.52,31.68,16.126923076923077,0,2007,10,14,287,41,hot_dry
2007-10-15,0.0,48.52,31.68,16.126923076923077,0,2007,10,15,288,42,hot_dry
2007-10-16,0.0,48.52,31.68,16.126923076923077,0,2007,10,16,289,42,hot_dry
2007-10-17,0.0,48.52,31.68,16.126923076923077,0,2007,10,17,290,42,hot_dry
2007-10-18,0.0,48.52,31.68,16.126923076923077,0,2007,10,18,291,42,hot_dry
2007-10-19,0.0,48.52,31.68,16.126923076923077,0,2007,10,19,292,42,hot_dry
2007-10-20,0.0,48.52,31.68,16.126923076923077,0,2007,10,20,293,42,hot_dry
2007-10-21,0.0,48.52,31.68,16.126923076923077,0,2007,10,21,294,42,hot_dry
2007-10-22,0.0,48.52,31.68,16.126923076923077,0,2007,10,22,295,43,hot_dry
2007-10-23,0.0,48.52,31.68,16.126923076923077,0,2007,10,23,296,43,hot_dry
2007-10-24,0.0,48.52,31.68,16.126923076923077,0,2007,10,24,297,43,hot_dry
2007-10-25,0.0,48.52,31.68,16.126923076923077,0,2007,10,25,298,43,hot_dry
2007-10-26,0.0,48.52,31.68,16.126923076923077,0,2007,10,26,299,43,hot_dry
2007-10-27,0.0,48.52,31.68,16.126923076923077,0,2007,10,27,300,43,hot_dry
2007-10-28,0.0,48.52,31.68,16.126923076923077,0,2007,10,28,301,43,hot_dry
2007-10-29,0.0,48.52,31.68,16.126923076923077,0,2007,10,29,302,44,hot_dry
2007-10-30,0.0,48.52,31.68,16.126923076923077,0,2007,10,30,303,44,hot_dry
2007-10-31,0.0,48.52,31.68,16.126923076923077,0,2007,10,31,304,44,hot_dry
2007-11-01,2.8,58.865454545454554,29.85,17.476071428571426,1,2007,11,1,305,44,hot_rainy
2007-11-02,2.8,58.865454545454554,29.85,17.476071428571426,1,2007,11,2,306,44,hot_rainy
2007-11-03,2.8,58.865454545454554,29.85,17.476071428571426,1,2007,11,3,307,44,hot_rainy
2007-11-04,2.8,58.865454545454554,29.85,17.476071428571426,1,2007,11,4,308,44,hot_rainy
2007-11-05,2.8,58.865454545454554,29.85,17.476071428571426,1,2007,11,5,309,45,hot_rainy
2007-11-06,2.8,58.865454545454554,29.85,17.476071428571426,1,2007,11,6,310,45,hot_rainy
2007-11-07,2.8,58.865454545454554,29.85,17.476071428571426,1,2007,11,7,311,45,hot_rainy
2007-11-08,2.8,58.865454545454554,29.85,17.476071428571426,1,2007,11,8,312,45,hot_rainy
2007-11-09,2.8,58.865454545454554,29.85,17.476071428571426,1,2007,11,9,313,45,hot_rainy
2007-11-10,2.8,58.865454545454554,29.85,17.476071428571426,1,2007,11,10,314,45,hot_rainy
2007-11-11,2.8,58.865454545454554,29.85,17.476071428571426,1,2007,11,11,315,45,hot_rainy
2007-11-12,2.8,58.865454545454554,29.85,17.476071428571426,1,2007,11,12,316,46,hot_rainy
2007-11-13,2.8,58.865454545454554,29.85,17.476071428571426,1,2007,11,13,317,46,hot_rainy
2007-11-14,2.8,58.865454545454554,29.85,17.476071428571426,1,2007,11,14,318,46,hot_rainy
2007-11-15,2.8,58.865454545454554,29.85,17.476071428571426,1,2007,11,15,319,46,hot_rainy
2007-11-16,2.8,58.865454545454554,29.85,17.476071428571426,1,2007,11,16,320,46,hot_rainy
2007-11-17,2.8,58.865454545454554,29.85,17.476071428571426,1,2007,11,17,321,46,hot_rainy
2007-11-18,2.8,58.865454545454554,29.85,17.476071428571426,1,2007,11,18,322,46,hot_rainy
2007-11-19,2.8,58.865454545454554,29.85,17.476071428571426,1,2007,11,19,323,47,hot_rainy
2007-11-20,2.8,58.865454545454554,29.85,17.476071428571426,1,2007,11,20,324,47,hot_rainy
2007-11-21,2.8,58.865454545454554,29.85,17.476071428571426,1,2007,11,21,325,47,hot_rainy
2007-11-22,2.8,58.865454545454554,29.85,17.476071428571426,1,2007,11,22,326,47,hot_rainy
2007-11-23,2.8,58.865454545454554,29.85,17.476071428571426,1,2007,11,23,327,47,hot_rainy
2007-11-24,2.8,58.865454545454554,29.85,17.476071428571426,1,2007,11,24,328,47,hot_rainy
2007-11-25,2.8,58.865454545454554,29.85,17.476071428571426,1,2007,11,25,329,47,hot_rainy
2007-11-26,2.8,58.865454545454554,29.85,17.476071428571426,1,2007,11,26,330,48,hot_rainy
2007-11-27,2.8,58.865454545454554,29.85,17.476071428571426,1,2007,11,27,331,48,hot_rainy
2007-11-28,2.8,58.865454545454554,29.85,17.476071428571426,1,2007,11,28,332,48,hot_rainy
2007-11-29,2.8,58.865454545454554,29.85,17.476071428571426,1,2007,11,29,333,48,hot_rainy
2007-11-30,2.8,58.865454545454554,29.85,17.476071428571426,1,2007,11,30,334,48,hot_rainy
2007-12-01,13.54516129032258,86.79,24.94,17.569655172413793,1,2007,12,1,335,48,hot_rainy
2007-12-02,13.54516129032258,86.79,24.94,17.569655172413793,1,2007,12,2,336,48,hot_rainy
2007-12-03,13.54516129032258,86.79,24.94,17.569655172413793,1,2007,12,3,337,49,hot_rainy
2007-12-04,13.54516129032258,86.79,24.94,17.569655172413793,1,2007,12,4,338,49,hot_rainy
2007-12-05,13.54516129032258,86.79,24.94,17.569655172413793,1,2007,12,5,339,49,hot_rainy
2007-12-06,13.54516129032258,86.79,24.94,17.569655172413793,1,2007,12,6,340,49,hot_rainy
2007-12-07,13.54516129032258,86.79,24.94,17.569655172413793,1,2007,12,7,341,49,hot_rainy
2007-12-08,13.54516129032258,86.79,24.94,17.569655172413793,1,2007,12,8,342,49,hot_rainy
2007-12-09,13.54516129032258,86.79,24.94,17.569655172413793,1,2007,12,9,343,49,hot_rainy
2007-12-10,13.54516129032258,86.79,24.94,17.569655172413793,1,2007,12,10,344,50,hot_rainy
2007-12-11,13.54516129032258,86.79,24.94,17.569655172413793,1,2007,12,11,345,50,hot_rainy
2007-12-12,13.54516129032258,86.79,24.94,17.569655172413793,1,2007,12,12,346,50,hot_rainy
2007-12-13,13.54516129032258,86.79,24.94,17.569655172413793,1,2007,12,13,347,50,hot_rainy
2007-12-14,13.54516129032258,86.79,24.94,17.569655172413793,1,2007,12,14,348,50,hot_rainy
2007-12-15,13.54516129032258,86.79,24.94,17.569655172413793,1,2007,12,15,349,50,hot_rainy
2007-12-16,13.54516129032258,86.79,24.94,17.569655172413793,1,2007,12,16,350,50,hot_rainy
2007-12-17,13.54516129032258,86.79,24.94,17.569655172413793,1,2007,12,17,351,51,hot_rainy
2007-12-18,13.54516129032258,86.79,24.94,17.569655172413793,1,2007,12,18,352,51,hot_rainy
2007-12-19,13.54516129032258,86.79,24.94,17.569655172413793,1,2007,12,19,353,51,hot_rainy
2007-12-20,13.54516129032258,86.79,24.94,17.569655172413793,1,2007,12,20,354,51,hot_rainy
2007-12-21,13.54516129032258,86.79,24.94,17.569655172413793,1,2007,12,21,355,51,hot_rainy
2007-12-22,13.54516129032258,86.79,24.94,17.569655172413793,1,2007,12,22,356,51,hot_rainy
2007-12-23,13.54516129032258,86.79,24.94,17.569655172413793,1,2007,12,23,357,51,hot_rainy
2007-12-24,13.54516129032258,86.79,24.94,17.569655172413793,1,2007,12,24,358,52,hot_rainy
2007-12-25,13.54516129032258,86.79,24.94,17.569655172413793,1,2007,12,25,359,52,hot_rainy
2007-12-26,13.54516129032258,86.79,24.94,17.569655172413793,1,2007,12,26,360,52,hot_rainy
2007-12-27,13.54516129032258,86.79,24.94,17.569655172413793,1,2007,12,27,361,52,hot_rainy
2007-12-28,13.54516129032258,86.79,24.94,17.569655172413793,1,2007,12,28,362,52,hot_rainy
2007-12-29,13.54516129032258,86.79,24.94,17.569655172413793,1,2007,12,29,363,52,hot_rainy
2007-12-30,13.54516129032258,86.79,24.94,17.569655172413793,1,2007,12,30,364,52,hot_rainy
2007-12-31,13.54516129032258,86.79,24.94,17.569655172413793,1,2007,12,31,365,1,hot_rainy
2008-01-01,9.661290322580646,88.16,25.49,17.35642857142857,1,2008,1,1,1,1,hot_rainy
2008-01-02,9.661290322580646,88.16,25.49,17.35642857142857,1,2008,1,2,2,1,hot_rainy
2008-01-03,9.661290322580646,88.16,25.49,17.35642857142857,1,2008,1,3,3,1,hot_rainy
2008-01-04,9.661290322580646,88.16,25.49,17.35642857142857,1,2008,1,4,4,1,hot_rainy
2008-01-05,9.661290322580646,88.16,25.49,17.35642857142857,1,2008,1,5,5,1,hot_rainy
2008-01-06,9.661290322580646,88.16,25.49,17.35642857142857,1,2008,1,6,6,1,hot_rainy
2008-01-07,9.661290322580646,88.16,25.49,17.35642857142857,1,2008,1,7,7,2,hot_rainy
2008-01-08,9.661290322580646,88.16,25.49,17.35642857142857,1,2008,1,8,8,2,hot_rainy
2008-01-09,9.661290322580646,88.16,25.49,17.35642857142857,1,2008,1,9,9,2,hot_rainy
2008-01-10,9.661290322580646,88.16,25.49,17.35642857142857,1,2008,1,10,10,2,hot_rainy
2008-01-11,9.661290322580646,88.16,25.49,17.35642857142857,1,2008,1,11,11,2,hot_rainy
2008-01-12,9.661290322580646,88.16,25.49,17.35642857142857,1,2008,1,12,12,2,hot_rainy
2008-01-13,9.661290322580646,88.16,25.49,17.35642857142857,1,2008,1,13,13,2,hot_rainy
2008-01-14,9.661290322580646,88.16,25.49,17.35642857142857,1,2008,1,14,14,3,hot_rainy
2008-01-15,9.661290322580646,88.16,25.49,17.35642857142857,1,2008,1,15,15,3,hot_rainy
2008-01-16,9.661290322580646,88.16,25.49,17.35642857142857,1,2008,1,16,16,3,hot_rainy
2008-01-17,9.661290322580646,88.16,25.49,17.35642857142857,1,2008,1,17,17,3,hot_rainy
2008-01-18,9.661290322580646,88.16,25.49,17.35642857142857,1,2008,1,18,18,3,hot_rainy
2008-01-19,9.661290322580646,88.16,25.49,17.35642857142857,1,2008,1,19,19,3,hot_rainy
2008-01-20,9.661290322580646,88.16,25.49,17.35642857142857,1,2008,1,20,20,3,hot_rainy
2008-01-21,9.661290322580646,88.16,25.49,17.35642857142857,1,2008,1,21,21,4,hot_rainy
2008-01-22,9.661290322580646,88.16,25.49,17.35642857142857,1,2008,1,22,22,4,hot_rainy
2008-01-23,9.661290322580646,88.16,25.49,17.35642857142857,1,2008,1,23,23,4,hot_rainy
2008-01-24,9.661290322580646,88.16,25.49,17.35642857142857,1,2008,1,24,24,4,hot_rainy
2008-01-25,9.661290322580646,88.16,25.49,17.35642857142857,1,2008,1,25,25,4,hot_rainy
2008-01-26,9.661290322580646,88.16,25.49,17.35642857142857,1,2008,1,26,26,4,hot_rainy
2008-01-27,9.661290322580646,88.16,25.49,17.35642857142857,1,2008,1,27,27,4,hot_rainy
2008-01-28,9.661290322580646,88.16,25.49,17.35642857142857,1,2008,1,28,28,5,hot_rainy
2008-01-29,9.661290322580646,88.16,25.49,17.35642857142857,1,2008,1,29,29,5,hot_rainy
2008-01-30,9.661290322580646,88.16,25.49,17.35642857142857,1,2008,1,30,30,5,hot_rainy
2008-01-31,9.661290322580646,88.16,25.49,17.35642857142857,1,2008,1,31,31,5,hot_rainy
2008-02-01,2.4482758620689653,76.0,27.9,17.148070818070817,1,2008,2,1,32,5,hot_rainy
2008-02-02,2.4482758620689653,76.0,27.9,17.148070818070817,1,2008,2,2,33,5,hot_rainy
2008-02-03,2.4482758620689653,76.0,27.9,17.148070818070817,1,2008,2,3,34,5,hot_rainy
2008-02-04,2.4482758620689653,76.0,27.9,17.148070818070817,1,2008,2,4,35,6,hot_rainy
2008-02-05,2.4482758620689653,76.0,27.9,17.148070818070817,1,2008,2,5,36,6,hot_rainy
2008-02-06,2.4482758620689653,76.0,27.9,17.148070818070817,1,2008,2,6,37,6,hot_rainy
2008-02-07,2.4482758620689653,76.0,27.9,17.148070818070817,1,2008,2,7,38,6,hot_rainy
2008-02-08,2.4482758620689653,76.0,27.9,17.148070818070817,1,2008,2,8,39,6,hot_rainy
2008-02-09,2.4482758620689653,76.0,27.9,17.148070818070817,1,2008,2,9,40,6,hot_rainy
2008-02-10,2.4482758620689653,76.0,27.9,17.148070818070817,1,2008,2,10,41,6,hot_rainy
2008-02-11,2.4482758620689653,76.0,27.9,17.148070818070817,1,2008,2,11,42,7,hot_rainy
2008-02-12,2.4482758620689653,76.0,27.9,17.148070818070817,1,2008,2,12,43,7,hot_rainy
2008-02-13,2.4482758620689653,76.0,27.9,17.148070818070817,1,2008,2,13,44,7,hot_rainy
2008-02-14,2.4482758620689653,76.0,27.9,17.148070818070817,1,2008,2,14,45,7,hot_rainy
2008-02-15,2.4482758620689653,76.0,27.9,17.148070818070817,1,2008,2,15,46,7,hot_rainy
2008-02-16,2.4482758620689653,76.0,27.9,17.148070818070817,1,2008,2,16,47,7,hot_rainy
2008-02-17,2.4482758620689653,76.0,27.9,17.148070818070817,1,2008,2,17,48,7,hot_rainy
2008-02-18,2.4482758620689653,76.0,27.9,17.148070818070817,1,2008,2,18,49,8,hot_rainy
2008-02-19,2.4482758620689653,76.0,27.9,17.148070818070817,1,2008,2,19,50,8,hot_rainy
2008-02-20,2.4482758620689653,76.0,27.9,17.148070818070817,1,2008,2,20,51,8,hot_rainy
2008-02-21,2.4482758620689653,76.0,27.9,17.148070818070817,1,2008,2,21,52,8,hot_rainy
2008-02-22,2.4482758620689653,76.0,27.9,17.148070818070817,1,2008,2,22,53,8,hot_rainy
2008-02-23,2.4482758620689653,76.0,27.9,17.148070818070817,1,2008,2,23,54,8,hot_rainy
2008-02-24,2.4482758620689653,76.0,27.9,17.148070818070817,1,2008,2,24,55,8,hot_rainy
2008-02-25,2.4482758620689653,76.0,27.9,17.148070818070817,1,2008,2,25,56,9,hot_rainy
2008-02-26,2.4482758620689653,76.0,27.9,17.148070818070817,1,2008,2,26,57,9,hot_rainy
2008-02-27,2.4482758620689653,76.0,27.9,17.148070818070817,1,2008,2,27,58,9,hot_rainy
2008-02-28,2.4482758620689653,76.0,27.9,17.148070818070817,1,2008,2,28,59,9,hot_rainy
2008-02-29,2.4482758620689653,76.0,27.9,17.148070818070817,1,2008,2,29,60,9,hot_rainy
2008-03-01,3.7451612903225806,74.81722222222223,26.39,16.29137931034483,1,2008,3,1,61,9,hot_rainy
2008-03-02,3.7451612903225806,74.81722222222223,26.39,16.29137931034483,1,2008,3,2,62,9,hot_rainy
2008-03-03,3.7451612903225806,74.81722222222223,26.39,16.29137931034483,1,2008,3,3,63,10,hot_rainy
2008-03-04,3.7451612903225806,74.81722222222223,26.39,16.29137931034483,1,2008,3,4,64,10,hot_rainy
2008-03-05,3.7451612903225806,74.81722222222223,26.39,16.29137931034483,1,2008,3,5,65,10,hot_rainy
2008-03-06,3.7451612903225806,74.81722222222223,26.39,16.29137931034483,1,2008,3,6,66,10,hot_rainy
2008-03-07,3.7451612903225806,74.81722222222223,26.39,16.29137931034483,1,2008,3,7,67,10,hot_rainy
2008-03-08,3.7451612903225806,74.81722222222223,26.39,16.29137931034483,1,2008,3,8,68,10,hot_rainy
2008-03-09,3.7451612903225806,74.81722222222223,26.39,16.29137931034483,1,2008,3,9,69,10,hot_rainy
2008-03-10,3.7451612903225806,74.81722222222223,26.39,16.29137931034483,1,2008,3,10,70,11,hot_rainy
2008-03-11,3.7451612903225806,74.81722222222223,26.39,16.29137931034483,1,2008,3,11,71,11,hot_rainy
2008-03-12,3.7451612903225806,74.81722222222223,26.39,16.29137931034483,1,2008,3,12,72,11,hot_rainy
2008-03-13,3.7451612903225806,74.81722222222223,26.39,16.29137931034483,1,2008,3,13,73,11,hot_rainy
2008-03-14,3.7451612903225806,74.81722222222223,26.39,16.29137931034483,1,2008,3,14,74,11,hot_rainy
2008-03-15,3.7451612903225806,74.81722222222223,26.39,16.29137931034483,1,2008,3,15,75,11,hot_rainy
2008-03-16,3.7451612903225806,74.81722222222223,26.39,16.29137931034483,1,2008,3,16,76,11,hot_rainy
2008-03-17,3.7451612903225806,74.81722222222223,26.39,16.29137931034483,1,2008,3,17,77,12,hot_rainy
2008-03-18,3.7451612903225806,74.81722222222223,26.39,16.29137931034483,1,2008,3,18,78,12,hot_rainy
2008-03-19,3.7451612903225806,74.81722222222223,26.39,16.29137931034483,1,2008,3,19,79,12,hot_rainy
2008-03-20,3.7451612903225806,74.81722222222223,26.39,16.29137931034483,1,2008,3,20,80,12,hot_rainy
2008-03-21,3.7451612903225806,74.81722222222223,26.39,16.29137931034483,1,2008,3,21,81,12,hot_rainy
2008-03-22,3.7451612903225806,74.81722222222223,26.39,16.29137931034483,1,2008,3,22,82,12,hot_rainy
2008-03-23,3.7451612903225806,74.81722222222223,26.39,16.29137931034483,1,2008,3,23,83,12,hot_rainy
2008-03-24,3.7451612903225806,74.81722222222223,26.39,16.29137931034483,1,2008,3,24,84,13,hot_rainy
2008-03-25,3.7451612903225806,74.81722222222223,26.39,16.29137931034483,1,2008,3,25,85,13,hot_rainy
2008-03-26,3.7451612903225806,74.81722222222223,26.39,16.29137931034483,1,2008,3,26,86,13,hot_rainy
2008-03-27,3.7451612903225806,74.81722222222223,26.39,16.29137931034483,1,2008,3,27,87,13,hot_rainy
2008-03-28,3.7451612903225806,74.81722222222223,26.39,16.29137931034483,1,2008,3,28,88,13,hot_rainy
2008-03-29,3.7451612903225806,74.81722222222223,26.39,16.29137931034483,1,2008,3,29,89,13,hot_rainy
2008-03-30,3.7451612903225806,74.81722222222223,26.39,16.29137931034483,1,2008,3,30,90,13,hot_rainy
2008-03-31,3.7451612903225806,74.81722222222223,26.39,16.29137931034483,1,2008,3,31,91,14,hot_rainy
2008-04-01,0.28,66.78,26.57,13.249666666666668,0,2008,4,1,92,14,hot_rainy
2008-04-02,0.28,66.78,26.57,13.249666666666668,0,2008,4,2,93,14,hot_rainy
2008-04-03,0.28,66.78,26.57,13.249666666666668,0,2008,4,3,94,14,hot_rainy
2008-04-04,0.28,66.78,26.57,13.249666666666668,0,2008,4,4,95,14,hot_rainy
2008-04-05,0.28,66.78,26.57,13.249666666666668,0,2008,4,5,96,14,hot_rainy
2008-04-06,0.28,66.78,26.57,13.249666666666668,0,2008,4,6,97,14,hot_rainy
2008-04-07,0.28,66.78,26.57,13.249666666666668,0,2008,4,7,98,15,hot_rainy
2008-04-08,0.28,66.78,26.57,13.249666666666668,0,2008,4,8,99,15,hot_rainy
2008-04-09,0.28,66.78,26.57,13.249666666666668,0,2008,4,9,100,15,hot_rainy
2008-04-10,0.28,66.78,26.57,13.249666666666668,0,2008,4,10,101,15,hot_rainy
2008-04-11,0.28,66.78,26.57,13.249666666666668,0,2008,4,11,102,15,hot_rainy
2008-04-12,0.28,66.78,26.57,13.249666666666668,0,2008,4,12,103,15,hot_rainy
2008-04-13,0.28,66.78,26.57,13.249666666666668,0,2008,4,13,104,15,hot_rainy
2008-04-14,0.28,66.78,26.57,13.249666666666668,0,2008,4,14,105,16,hot_rainy
2008-04-15,0.28,66.78,26.57,13.249666666666668,0,2008,4,15,106,16,hot_rainy
2008-04-16,0.28,66.78,26.57,13.249666666666668,0,2008,4,16,107,16,hot_rainy
2008-04-17,0.28,66.78,26.57,13.249666666666668,0,2008,4,17,108,16,hot_rainy
2008-04-18,0.28,66.78,26.57,13.249666666666668,0,2008,4,18,109,16,hot_rainy
2008-04-19,0.28,66.78,26.57,13.249666666666668,0,2008,4,19,110,16,hot_rainy
2008-04-20,0.28,66.78,26.57,13.249666666666668,0,2008,4,20,111,16,hot_rainy
2008-04-21,0.28,66.78,26.57,13.249666666666668,0,2008,4,21,112,17,hot_rainy
2008-04-22,0.28,66.78,26.57,13.249666666666668,0,2008,4,22,113,17,hot_rainy
2008-04-23,0.28,66.78,26.57,13.249666666666668,0,2008,4,23,114,17,hot_rainy
2008-04-24,0.28,66.78,26.57,13.249666666666668,0,2008,4,24,115,17,hot_rainy
2008-04-25,0.28,66.78,26.57,13.249666666666668,0,2008,4,25,116,17,hot_rainy
2008-04-26,0.28,66.78,26.57,13.249666666666668,0,2008,4,26,117,17,hot_rainy
2008-04-27,0.28,66.78,26.57,13.249666666666668,0,2008,4,27,118,17,hot_rainy
2008-04-28,0.28,66.78,26.57,13.249666666666668,0,2008,4,28,119,18,hot_rainy
2008-04-29,0.28,66.78,26.57,13.249666666666668,0,2008,4,29,120,18,hot_rainy
2008-04-30,0.28,66.78,26.57,13.249666666666668,0,2008,4,30,121,18,hot_rainy
2008-05-01,0.2,65.45,25.89,9.065185185185186,0,2008,5,1,122,18,cool_dry
2008-05-02,0.2,65.45,25.89,9.065185185185186,0,2008,5,2,123,18,cool_dry
2008-05-03,0.2,65.45,25.89,9.065185185185186,0,2008,5,3,124,18,cool_dry
2008-05-04,0.2,65.45,25.89,9.065185185185186,0,2008,5,4,125,18,cool_dry
2008-05-05,0.2,65.45,25.89,9.065185185185186,0,2008,5,5,126,19,cool_dry
2008-05-06,0.2,65.45,25.89,9.065185185185186,0,2008,5,6,127,19,cool_dry
2008-05-07,0.2,65.45,25.89,9.065185185185186,0,2008,5,7,128,19,cool_dry
2008-05-08,0.2,65.45,25.89,9.065185185185186,0,2008,5,8,129,19,cool_dry
2008-05-09,0.2,65.45,25.89,9.065185185185186,0,2008,5,9,130,19,cool_dry
2008-05-10,0.2,65.45,25.89,9.065185185185186,0,2008,5,10,131,19,cool_dry
2008-05-11,0.2,65.45,25.89,9.065185185185186,0,2008,5,11,132,19,cool_dry
2008-05-12,0.2,65.45,25.89,9.065185185185186,0,2008,5,12,133,20,cool_dry
2008-05-13,0.2,65.45,25.89,9.065185185185186,0,2008,5,13,134,20,cool_dry
2008-05-14,0.2,65.45,25.89,9.065185185185186,0,2008,5,14,135,20,cool_dry
2008-05-15,0.2,65.45,25.89,9.065185185185186,0,2008,5,15,136,20,cool_dry
2008-05-16,0.2,65.45,25.89,9.065185185185186,0,2008,5,16,137,20,cool_dry
2008-05-17,0.2,65.45,25.89,9.065185185185186,0,2008,5,17,138,20,cool_dry
2008-05-18,0.2,65.45,25.89,9.065185185185186,0,2008,5,18,139,20,cool_dry
2008-05-19,0.2,65.45,25.89,9.065185185185186,0,2008,5,19,140,21,cool_dry
2008-05-20,0.2,65.45,25.89,9.065185185185186,0,2008,5,20,141,21,cool_dry
2008-05-21,0.2,65.45,25.89,9.065185185185186,0,2008,5,21,142,21,cool_dry
2008-05-22,0.2,65.45,25.89,9.065185185185186,0,2008,5,22,143,21,cool_dry
2008-05-23,0.2,65.45,25.89,9.065185185185186,0,2008,5,23,144,21,cool_dry
2008-05-24,0.2,65.45,25.89,9.065185185185186,0,2008,5,24,145,21,cool_dry
2008-05-25,0.2,65.45,25.89,9.065185185185186,0,2008,5,25,146,21,cool_dry
2008-05-26,0.2,65.45,25.89,9.065185185185186,0,2008,5,26,147,22,cool_dry
2008-05-27,0.2,65.45,25.89,9.065185185185186,0,2008,5,27,148,22,cool_dry
2008-05-28,0.2,65.45,25.89,9.065185185185186,0,2008,5,28,149,22,cool_dry
2008-05-29,0.2,65.45,25.89,9.065185185185186,0,2008,5,29,150,22,cool_dry
2008-05-30,0.2,65.45,25.89,9.065185185185186,0,2008,5,30,151,22,cool_dry
2008-05-31,0.2,65.45,25.89,9.065185185185186,0,2008,5,31,152,22,cool_dry
2008-06-01,0.0,62.77,23.31,6.635862068965517,0,2008,6,1,153,22,cool_dry
2008-06-02,0.0,62.77,23.31,6.635862068965517,0,2008,6,2,154,23,cool_dry
2008-06-03,0.0,62.77,23.31,6.635862068965517,0,2008,6,3,155,23,cool_dry
2008-06-04,0.0,62.77,23.31,6.635862068965517,0,2008,6,4,156,23,cool_dry
2008-06-05,0.0,62.77,23.31,6.635862068965517,0,2008,6,5,157,23,cool_dry
2008-06-06,0.0,62.77,23.31,6.635862068965517,0,2008,6,6,158,23,cool_dry
2008-06-07,0.0,62.77,23.31,6.635862068965517,0,2008,6,7,159,23,cool_dry
2008-06-08,0.0,62.77,23.31,6.635862068965517,0,2008,6,8,160,23,cool_dry
2008-06-09,0.0,62.77,23.31,6.635862068965517,0,2008,6,9,161,24,cool_dry
2008-06-10,0.0,62.77,23.31,6.635862068965517,0,2008,6,10,162,24,cool_dry
2008-06-11,0.0,62.77,23.31,6.635862068965517,0,2008,6,11,163,24,cool_dry
2008-06-12,0.0,62.77,23.31,6.635862068965517,0,2008,6,12,164,24,cool_dry
2008-06-13,0.0,62.77,23.31,6.635862068965517,0,2008,6,13,165,24,cool_dry
2008-06-14,0.0,62.77,23.31,6.635862068965517,0,2008,6,14,166,24,cool_dry
2008-06-15,0.0,62.77,23.31,6.635862068965517,0,2008,6,15,167,24,cool_dry
2008-06-16,0.0,62.77,23.31,6.635862068965517,0,2008,6,16,168,25,cool_dry
2008-06-17,0.0,62.77,23.31,6.635862068965517,0,2008,6,17,169,25,cool_dry
2008-06-18,0.0,62.77,23.31,6.635862068965517,0,2008,6,18,170,25,cool_dry
2008-06-19,0.0,62.77,23.31,6.635862068965517,0,2008,6,19,171,25,cool_dry
2008-06-20,0.0,62.77,23.31,6.635862068965517,0,2008,6,20,172,25,cool_dry
2008-06-21,0.0,62.77,23.31,6.635862068965517,0,2008,6,21,173,25,cool_dry
2008-06-22,0.0,62.77,23.31,6.635862068965517,0,2008,6,22,174,25,cool_dry
2008-06-23,0.0,62.77,23.31,6.635862068965517,0,2008,6,23,175,26,cool_dry
2008-06-24,0.0,62.77,23.31,6.635862068965517,0,2008,6,24,176,26,cool_dry
2008-06-25,0.0,62.77,23.31,6.635862068965517,0,2008,6,25,177,26,cool_dry
2008-06-26,0.0,62.77,23.31,6.635862068965517,0,2008,6,26,178,26,cool_dry
2008-06-27,0.0,62.77,23.31,6.635862068965517,0,2008,6,27,179,26,cool_dry
2008-06-28,0.0,62.77,23.31,6.635862068965517,0,2008,6,28,180,26,cool_dry
2008-06-29,0.0,62.77,23.31,6.635862068965517,0,2008,6,29,181,26,cool_dry
2008-06-30,0.0,62.77,23.31,6.635862068965517,0,2008,6,30,182,27,cool_dry
2008-07-01,0.0,57.51681818181818,24.05,6.087142857142857,0,2008,7,1,183,27,cool_dry
2008-07-02,0.0,57.51681818181818,24.05,6.087142857142857,0,2008,7,2,184,27,cool_dry
2008-07-03,0.0,57.51681818181818,24.05,6.087142857142857,0,2008,7,3,185,27,cool_dry
2008-07-04,0.0,57.51681818181818,24.05,6.087142857142857,0,2008,7,4,186,27,cool_dry
2008-07-05,0.0,57.51681818181818,24.05,6.087142857142857,0,2008,7,5,187,27,cool_dry
2008-07-06,0.0,57.51681818181818,24.05,6.087142857142857,0,2008,7,6,188,27,cool_dry
2008-07-07,0.0,57.51681818181818,24.05,6.087142857142857,0,2008,7,7,189,28,cool_dry
2008-07-08,0.0,57.51681818181818,24.05,6.087142857142857,0,2008,7,8,190,28,cool_dry
2008-07-09,0.0,57.51681818181818,24.05,6.087142857142857,0,2008,7,9,191,28,cool_dry
2008-07-10,0.0,57.51681818181818,24.05,6.087142857142857,0,2008,7,10,192,28,cool_dry
2008-07-11,0.0,57.51681818181818,24.05,6.087142857142857,0,2008,7,11,193,28,cool_dry
2008-07-12,0.0,57.51681818181818,24.05,6.087142857142857,0,2008,7,12,194,28,cool_dry
2008-07-13,0.0,57.51681818181818,24.05,6.087142857142857,0,2008,7,13,195,28,cool_dry
2008-07-14,0.0,57.51681818181818,24.05,6.087142857142857,0,2008,7,14,196,29,cool_dry
2008-07-15,0.0,57.51681818181818,24.05,6.087142857142857,0,2008,7,15,197,29,cool_dry
2008-07-16,0.0,57.51681818181818,24.05,6.087142857142857,0,2008,7,16,198,29,cool_dry
2008-07-17,0.0,57.51681818181818,24.05,6.087142857142857,0,2008,7,17,199,29,cool_dry
2008-07-18,0.0,57.51681818181818,24.05,6.087142857142857,0,2008,7,18,200,29,cool_dry
2008-07-19,0.0,57.51681818181818,24.05,6.087142857142857,0,2008,7,19,201,29,cool_dry
2008-07-20,0.0,57.51681818181818,24.05,6.087142857142857,0,2008,7,20,202,29,cool_dry
2008-07-21,0.0,57.51681818181818,24.05,6.087142857142857,0,2008,7,21,203,30,cool_dry
2008-07-22,0.0,57.51681818181818,24.05,6.087142857142857,0,2008,7,22,204,30,cool_dry
2008-07-23,0.0,57.51681818181818,24.05,6.087142857142857,0,2008,7,23,205,30,cool_dry
2008-07-24,0.0,57.51681818181818,24.05,6.087142857142857,0,2008,7,24,206,30,cool_dry
2008-07-25,0.0,57.51681818181818,24.05,6.087142857142857,0,2008,7,25,207,30,cool_dry
2008-07-26,0.0,57.51681818181818,24.05,6.087142857142857,0,2008,7,26,208,30,cool_dry
2008-07-27,0.0,57.51681818181818,24.05,6.087142857142857,0,2008,7,27,209,30,cool_dry
2008-07-28,0.0,57.51681818181818,24.05,6.087142857142857,0,2008,7,28,210,31,cool_dry
2008-07-29,0.0,57.51681818181818,24.05,6.087142857142857,0,2008,7,29,211,31,cool_dry
2008-07-30,0.0,57.51681818181818,24.05,6.087142857142857,0,2008,7,30,212,31,cool_dry
2008-07-31,0.0,57.51681818181818,24.05,6.087142857142857,0,2008,7,31,213,31,cool_dry
2008-08-01,0.0,55.2,26.74,8.906666666666666,0,2008,8,1,214,31,cool_dry
2008-08-02,0.0,55.2,26.74,8.906666666666666,0,2008,8,2,215,31,cool_dry
2008-08-03,0.0,55.2,26.74,8.906666666666666,0,2008,8,3,216,31,cool_dry
2008-08-04,0.0,55.2,26.74,8.906666666666666,0,2008,8,4,217,32,cool_dry
2008-08-05,0.0,55.2,26.74,8.906666666666666,0,2008,8,5,218,32,cool_dry
2008-08-06,0.0,55.2,26.74,8.906666666666666,0,2008,8,6,219,32,cool_dry
2008-08-07,0.0,55.2,26.74,8.906666666666666,0,2008,8,7,220,32,cool_dry
2008-08-08,0.0,55.2,26.74,8.906666666666666,0,2008,8,8,221,32,cool_dry
2008-08-09,0.0,55.2,26.74,8.906666666666666,0,2008,8,9,222,32,cool_dry
2008-08-10,0.0,55.2,26.74,8.906666666666666,0,2008,8,10,223,32,cool_dry
2008-08-11,0.0,55.2,26.74,8.906666666666666,0,2008,8,11,224,33,cool_dry
2008-08-12,0.0,55.2,26.74,8.906666666666666,0,2008,8,12,225,33,cool_dry
2008-08-13,0.0,55.2,26.74,8.906666666666666,0,2008,8,13,226,33,cool_dry
2008-08-14,0.0,55.2,26.74,8.906666666666666,0,2008,8,14,227,33,cool_dry
2008-08-15,0.0,55.2,26.74,8.906666666666666,0,2008,8,15,228,33,cool_dry
2008-08-16,0.0,55.2,26.74,8.906666666666666,0,2008,8,16,229,33,cool_dry
2008-08-17,0.0,55.2,26.74,8.906666666666666,0,2008,8,17,230,33,cool_dry
2008-08-18,0.0,55.2,26.74,8.906666666666666,0,2008,8,18,231,34,cool_dry
2008-08-19,0.0,55.2,26.74,8.906666666666666,0,2008,8,19,232,34,cool_dry
2008-08-20,0.0,55.2,26.74,8.906666666666666,0,2008,8,20,233,34,cool_dry
2008-08-21,0.0,55.2,26.74,8.906666666666666,0,2008,8,21,234,34,cool_dry
2008-08-22,0.0,55.2,26.74,8.906666666666666,0,2008,8,22,235,34,cool_dry
2008-08-23,0.0,55.2,26.74,8.906666666666666,0,2008,8,23,236,34,cool_dry
2008-08-24,0.0,55.2,26.74,8.906666666666666,0,2008,8,24,237,34,cool_dry
2008-08-25,0.0,55.2,26.74,8.906666666666666,0,2008,8,25,238,35,cool_dry
2008-08-26,0.0,55.2,26.74,8.906666666666666,0,2008,8,26,239,35,cool_dry
2008-08-27,0.0,55.2,26.74,8.906666666666666,0,2008,8,27,240,35,cool_dry
2008-08-28,0.0,55.2,26.74,8.906666666666666,0,2008,8,28,241,35,cool_dry
2008-08-29,0.0,55.2,26.74,8.906666666666666,0,2008,8,29,242,35,cool_dry
2008-08-30,0.0,55.2,26.74,8.906666666666666,0,2008,8,30,243,35,cool_dry
2008-08-31,0.0,55.2,26.74,8.906666666666666,0,2008,8,31,244,35,cool_dry
2008-09-01,0.0,39.55,31.73,12.774285714285714,0,2008,9,1,245,36,hot_dry
2008-09-02,0.0,39.55,31.73,12.774285714285714,0,2008,9,2,246,36,hot_dry
2008-09-03,0.0,39.55,31.73,12.774285714285714,0,2008,9,3,247,36,hot_dry
2008-09-04,0.0,39.55,31.73,12.774285714285714,0,2008,9,4,248,36,hot_dry
2008-09-05,0.0,39.55,31.73,12.774285714285714,0,2008,9,5,249,36,hot_dry
2008-09-06,0.0,39.55,31.73,12.774285714285714,0,2008,9,6,250,36,hot_dry
2008-09-07,0.0,39.55,31.73,12.774285714285714,0,2008,9,7,251,36,hot_dry
2008-09-08,0.0,39.55,31.73,12.774285714285714,0,2008,9,8,252,37,hot_dry
2008-09-09,0.0,39.55,31.73,12.774285714285714,0,2008,9,9,253,37,hot_dry
2008-09-10,0.0,39.55,31.73,12.774285714285714,0,2008,9,10,254,37,hot_dry
2008-09-11,0.0,39.55,31.73,12.774285714285714,0,2008,9,11,255,37,hot_dry
2008-09-12,0.0,39.55,31.73,12.774285714285714,0,2008,9,12,256,37,hot_dry
2008-09-13,0.0,39.55,31.73,12.774285714285714,0,2008,9,13,257,37,hot_dry
2008-09-14,0.0,39.55,31.73,12.774285714285714,0,2008,9,14,258,37,hot_dry
2008-09-15,0.0,39.55,31.73,12.774285714285714,0,2008,9,15,259,38,hot_dry
2008-09-16,0.0,39.55,31.73,12.774285714285714,0,2008,9,16,260,38,hot_dry
2008-09-17,0.0,39.55,31.73,12.774285714285714,0,2008,9,17,261,38,hot_dry
2008-09-18,0.0,39.55,31.73,12.774285714285714,0,2008,9,18,262,38,hot_dry
2008-09-19,0.0,39.55,31.73,12.774285714285714,0,2008,9,19,263,38,hot_dry
2008-09-20,0.0,39.55,31.73,12.774285714285714,0,2008,9,20,264,38,hot_dry
2008-09-21,0.0,39.55,31.73,12.774285714285714,0,2008,9,21,265,38,hot_dry
2008-09-22,0.0,39.55,31.73,12.774285714285714,0,2008,9,22,266,39,hot_dry
2008-09-23,0.0,39.55,31.73,12.774285714285714,0,2008,9,23,267,39,hot_dry
2008-09-24,0.0,39.55,31.73,12.774285714285714,0,2008,9,24,268,39,hot_dry
2008-09-25,0.0,39.55,31.73,12.774285714285714,0,2008,9,25,269,39,hot_dry
2008-09-26,0.0,39.55,31.73,12.774285714285714,0,2008,9,26,270,39,hot_dry
2008-09-27,0.0,39.55,31.73,12.774285714285714,0,2008,9,27,271,39,hot_dry
2008-09-28,0.0,39.55,31.73,12.774285714285714,0,2008,9,28,272,39,hot_dry
2008-09-29,0.0,39.55,31.73,12.774285714285714,0,2008,9,29,273,40,hot_dry
2008-09-30,0.0,39.55,31.73,12.774285714285714,0,2008,9,30,274,40,hot_dry
2008-10-01,0.15161290322580645,43.57,32.72,16.126923076923077,0,2008,10,1,275,40,hot_dry
2008-10-02,0.15161290322580645,43.57,32.72,16.126923076923077,0,2008,10,2,276,40,hot_dry
2008-10-03,0.15161290322580645,43.57,32.72,16.126923076923077,0,2008,10,3,277,40,hot_dry
2008-10-04,0.15161290322580645,43.57,32.72,16.126923076923077,0,2008,10,4,278,40,hot_dry
2008-10-05,0.15161290322580645,43.57,32.72,16.126923076923077,0,2008,10,5,279,40,hot_dry
2008-10-06,0.15161290322580645,43.57,32.72,16.126923076923077,0,2008,10,6,280,41,hot_dry
2008-10-07,0.15161290322580645,43.57,32.72,16.126923076923077,0,2008,10,7,281,41,hot_dry
2008-10-08,0.15161290322580645,43.57,32.72,16.126923076923077,0,2008,10,8,282,41,hot_dry
2008-10-09,0.15161290322580645,43.57,32.72,16.126923076923077,0,2008,10,9,283,41,hot_dry
2008-10-10,0.15161290322580645,43.57,32.72,16.126923076923077,0,2008,10,10,284,41,hot_dry
2008-10-11,0.15161290322580645,43.57,32.72,16.126923076923077,0,2008,10,11,285,41,hot_dry
2008-10-12,0.15161290322580645,43.57,32.72,16.126923076923077,0,2008,10,12,286,41,hot_dry
2008-10-13,0.15161290322580645,43.57,32.72,16.126923076923077,0,2008,10,13,287,42,hot_dry
2008-10-14,0.15161290322580645,43.57,32.72,16.126923076923077,0,2008,10,14,288,42,hot_dry
2008-10-15,0.15161290322580645,43.57,32.72,16.126923076923077,0,2008,10,15,289,42,hot_dry
2008-10-16,0.15161290322580645,43.57,32.72,16.126923076923077,0,2008,10,16,290,42,hot_dry
2008-10-17,0.15161290322580645,43.57,32.72,16.126923076923077,0,2008,10,17,291,42,hot_dry
2008-10-18,0.15161290322580645,43.57,32.72,16.126923076923077,0,2008,10,18,292,42,hot_dry
2008-10-19,0.15161290322580645,43.57,32.72,16.126923076923077,0,2008,10,19,293,42,hot_dry
2008-10-20,0.15161290322580645,43.57,32.72,16.126923076923077,0,2008,10,20,294,43,hot_dry
2008-10-21,0.15161290322580645,43.57,32.72,16.126923076923077,0,2008,10,21,295,43,hot_dry
2008-10-22,0.15161290322580645,43.57,32.72,16.126923076923077,0,2008,10,22,296,43,hot_dry
2008-10-23,0.15161290322580645,43.57,32.72,16.126923076923077,0,2008,10,23,297,43,hot_dry
2008-10-24,0.15161290322580645,43.57,32.72,16.126923076923077,0,2008,10,24,298,43,hot_dry
2008-10-25,0.15161290322580645,43.57,32.72,16.126923076923077,0,2008,10,25,299,43,hot_dry
2008-10-26,0.15161290322580645,43.57,32.72,16.126923076923077,0,2008,10,26,300,43,hot_dry
2008-10-27,0.15161290322580645,43.57,32.72,16.126923076923077,0,2008,10,27,301,44,hot_dry
2008-10-28,0.15161290322580645,43.57,32.72,16.126923076923077,0,2008,10,28,302,44,hot_dry
2008-10-29,0.15161290322580645,43.57,32.72,16.126923076923077,0,2008,10,29,303,44,hot_dry
2008-10-30,0.15161290322580645,43.57,32.72,16.126923076923077,0,2008,10,30,304,44,hot_dry
2008-10-31,0.15161290322580645,43.57,32.72,16.126923076923077,0,2008,10,31,305,44,hot_dry
2008-11-01,5.9,58.865454545454554,30.77,17.476071428571426,1,2008,11,1,306,44,hot_rainy
2008-11-02,5.9,58.865454545454554,30.77,17.476071428571426,1,2008,11,2,307,44,hot_rainy
2008-11-03,5.9,58.865454545454554,30.77,17.476071428571426,1,2008,11,3,308,45,hot_rainy
2008-11-04,5.9,58.865454545454554,30.77,17.476071428571426,1,2008,11,4,309,45,hot_rainy
2008-11-05,5.9,58.865454545454554,30.77,17.476071428571426,1,2008,11,5,310,45,hot_rainy
2008-11-06,5.9,58.865454545454554,30.77,17.476071428571426,1,2008,11,6,311,45,hot_rainy
2008-11-07,5.9,58.865454545454554,30.77,17.476071428571426,1,2008,11,7,312,45,hot_rainy
2008-11-08,5.9,58.865454545454554,30.77,17.476071428571426,1,2008,11,8,313,45,hot_rainy
2008-11-09,5.9,58.865454545454554,30.77,17.476071428571426,1,2008,11,9,314,45,hot_rainy
2008-11-10,5.9,58.865454545454554,30.77,17.476071428571426,1,2008,11,10,315,46,hot_rainy
2008-11-11,5.9,58.865454545454554,30.77,17.476071428571426,1,2008,11,11,316,46,hot_rainy
2008-11-12,5.9,58.865454545454554,30.77,17.476071428571426,1,2008,11,12,317,46,hot_rainy
2008-11-13,5.9,58.865454545454554,30.77,17.476071428571426,1,2008,11,13,318,46,hot_rainy
2008-11-14,5.9,58.865454545454554,30.77,17.476071428571426,1,2008,11,14,319,46,hot_rainy
2008-11-15,5.9,58.865454545454554,30.77,17.476071428571426,1,2008,11,15,320,46,hot_rainy
2008-11-16,5.9,58.865454545454554,30.77,17.476071428571426,1,2008,11,16,321,46,hot_rainy
2008-11-17,5.9,58.865454545454554,30.77,17.476071428571426,1,2008,11,17,322,47,hot_rainy
2008-11-18,5.9,58.865454545454554,30.77,17.476071428571426,1,2008,11,18,323,47,hot_rainy
2008-11-19,5.9,58.865454545454554,30.77,17.476071428571426,1,2008,11,19,324,47,hot_rainy
2008-11-20,5.9,58.865454545454554,30.77,17.476071428571426,1,2008,11,20,325,47,hot_rainy
2008-11-21,5.9,58.865454545454554,30.77,17.476071428571426,1,2008,11,21,326,47,hot_rainy
2008-11-22,5.9,58.865454545454554,30.77,17.476071428571426,1,2008,11,22,327,47,hot_rainy
2008-11-23,5.9,58.865454545454554,30.77,17.476071428571426,1,2008,11,23,328,47,hot_rainy
2008-11-24,5.9,58.865454545454554,30.77,17.476071428571426,1,2008,11,24,329,48,hot_rainy
2008-11-25,5.9,58.865454545454554,30.77,17.476071428571426,1,2008,11,25,330,48,hot_rainy
2008-11-26,5.9,58.865454545454554,30.77,17.476071428571426,1,2008,11,26,331,48,hot_rainy
2008-11-27,5.9,58.865454545454554,30.77,17.476071428571426,1,2008,11,27,332,48,hot_rainy
2008-11-28,5.9,58.865454545454554,30.77,17.476071428571426,1,2008,11,28,333,48,hot_rainy
2008-11-29,5.9,58.865454545454554,30.77,17.476071428571426,1,2008,11,29,334,48,hot_rainy
2008-11-30,5.9,58.865454545454554,30.77,17.476071428571426,1,2008,11,30,335,48,hot_rainy
2008-12-01,6.151612903225806,73.86277777777778,26.91,17.43,1,2008,12,1,336,49,hot_rainy
2008-12-02,6.151612903225806,73.86277777777778,26.91,17.43,1,2008,12,2,337,49,hot_rainy
2008-12-03,6.151612903225806,73.86277777777778,26.91,17.43,1,2008,12,3,338,49,hot_rainy
2008-12-04,6.151612903225806,73.86277777777778,26.91,17.43,1,2008,12,4,339,49,hot_rainy
2008-12-05,6.151612903225806,73.86277777777778,26.91,17.43,1,2008,12,5,340,49,hot_rainy
2008-12-06,6.151612903225806,73.86277777777778,26.91,17.43,1,2008,12,6,341,49,hot_rainy
2008-12-07,6.151612903225806,73.86277777777778,26.91,17.43,1,2008,12,7,342,49,hot_rainy
2008-12-08,6.151612903225806,73.86277777777778,26.91,17.43,1,2008,12,8,343,50,hot_rainy
2008-12-09,6.151612903225806,73.86277777777778,26.91,17.43,1,2008,12,9,344,50,hot_rainy
2008-12-10,6.151612903225806,73.86277777777778,26.91,17.43,1,2008,12,10,345,50,hot_rainy
2008-12-11,6.151612903225806,73.86277777777778,26.91,17.43,1,2008,12,11,346,50,hot_rainy
2008-12-12,6.151612903225806,73.86277777777778,26.91,17.43,1,2008,12,12,347,50,hot_rainy
2008-12-13,6.151612903225806,73.86277777777778,26.91,17.43,1,2008,12,13,348,50,hot_rainy
2008-12-14,6.151612903225806,73.86277777777778,26.91,17.43,1,2008,12,14,349,50,hot_rainy
2008-12-15,6.151612903225806,73.86277777777778,26.91,17.43,1,2008,12,15,350,51,hot_rainy
2008-12-16,6.151612903225806,73.86277777777778,26.91,17.43,1,2008,12,16,351,51,hot_rainy
2008-12-17,6.151612903225806,73.86277777777778,26.91,17.43,1,2008,12,17,352,51,hot_rainy
2008-12-18,6.151612903225806,73.86277777777778,26.91,17.43,1,2008,12,18,353,51,hot_rainy
2008-12-19,6.151612903225806,73.86277777777778,26.91,17.43,1,2008,12,19,354,51,hot_rainy
2008-12-20,6.151612903225806,73.86277777777778,26.91,17.43,1,2008,12,20,355,51,hot_rainy
2008-12-21,6.151612903225806,73.86277777777778,26.91,17.43,1,2008,12,21,356,51,hot_rainy
2008-12-22,6.151612903225806,73.86277777777778,26.91,17.43,1,2008,12,22,357,52,hot_rainy
2008-12-23,6.151612903225806,73.86277777777778,26.91,17.43,1,2008,12,23,358,52,hot_rainy
2008-12-24,6.151612903225806,73.86277777777778,26.91,17.43,1,2008,12,24,359,52,hot_rainy
2008-12-25,6.151612903225806,73.86277777777778,26.91,17.43,1,2008,12,25,360,52,hot_rainy
2008-12-26,6.151612903225806,73.86277777777778,26.91,17.43,1,2008,12,26,361,52,hot_rainy
2008-12-27,6.151612903225806,73.86277777777778,26.91,17.43,1,2008,12,27,362,52,hot_rainy
2008-12-28,6.151612903225806,73.86277777777778,26.91,17.43,1,2008,12,28,363,52,hot_rainy
2008-12-29,6.151612903225806,73.86277777777778,26.91,17.43,1,2008,12,29,364,1,hot_rainy
2008-12-30,6.151612903225806,73.86277777777778,26.91,17.43,1,2008,12,30,365,1,hot_rainy
2008-12-31,6.151612903225806,73.86277777777778,26.91,17.43,1,2008,12,31,366,1,hot_rainy
2009-01-01,6.199999999999999,82.2,27.44,17.14,1,2009,1,1,1,1,hot_rainy
2009-01-02,6.199999999999999,82.2,27.44,17.14,1,2009,1,2,2,1,hot_rainy
2009-01-03,6.199999999999999,82.2,27.44,17.14,1,2009,1,3,3,1,hot_rainy
2009-01-04,6.199999999999999,82.2,27.44,17.14,1,2009,1,4,4,1,hot_rainy
2009-01-05,6.199999999999999,82.2,27.44,17.14,1,2009,1,5,5,2,hot_rainy
2009-01-06,6.199999999999999,82.2,27.44,17.14,1,2009,1,6,6,2,hot_rainy
2009-01-07,6.199999999999999,82.2,27.44,17.14,1,2009,1,7,7,2,hot_rainy
2009-01-08,6.199999999999999,82.2,27.44,17.14,1,2009,1,8,8,2,hot_rainy
2009-01-09,6.199999999999999,82.2,27.44,17.14,1,2009,1,9,9,2,hot_rainy
2009-01-10,6.199999999999999,82.2,27.44,17.14,1,2009,1,10,10,2,hot_rainy
2009-01-11,6.199999999999999,82.2,27.44,17.14,1,2009,1,11,11,2,hot_rainy
2009-01-12,6.199999999999999,82.2,27.44,17.14,1,2009,1,12,12,3,hot_rainy
2009-01-13,6.199999999999999,82.2,27.44,17.14,1,2009,1,13,13,3,hot_rainy
2009-01-14,6.199999999999999,82.2,27.44,17.14,1,2009,1,14,14,3,hot_rainy
2009-01-15,6.199999999999999,82.2,27.44,17.14,1,2009,1,15,15,3,hot_rainy
2009-01-16,6.199999999999999,82.2,27.44,17.14,1,2009,1,16,16,3,hot_rainy
2009-01-17,6.199999999999999,82.2,27.44,17.14,1,2009,1,17,17,3,hot_rainy
2009-01-18,6.199999999999999,82.2,27.44,17.14,1,2009,1,18,18,3,hot_rainy
2009-01-19,6.199999999999999,82.2,27.44,17.14,1,2009,1,19,19,4,hot_rainy
2009-01-20,6.199999999999999,82.2,27.44,17.14,1,2009,1,20,20,4,hot_rainy
2009-01-21,6.199999999999999,82.2,27.44,17.14,1,2009,1,21,21,4,hot_rainy
2009-01-22,6.199999999999999,82.2,27.44,17.14,1,2009,1,22,22,4,hot_rainy
2009-01-23,6.199999999999999,82.2,27.44,17.14,1,2009,1,23,23,4,hot_rainy
2009-01-24,6.199999999999999,82.2,27.44,17.14,1,2009,1,24,24,4,hot_rainy
2009-01-25,6.199999999999999,82.2,27.44,17.14,1,2009,1,25,25,4,hot_rainy
2009-01-26,6.199999999999999,82.2,27.44,17.14,1,2009,1,26,26,5,hot_rainy
2009-01-27,6.199999999999999,82.2,27.44,17.14,1,2009,1,27,27,5,hot_rainy
2009-01-28,6.199999999999999,82.2,27.44,17.14,1,2009,1,28,28,5,hot_rainy
2009-01-29,6.199999999999999,82.2,27.44,17.14,1,2009,1,29,29,5,hot_rainy
2009-01-30,6.199999999999999,82.2,27.44,17.14,1,2009,1,30,30,5,hot_rainy
2009-01-31,6.199999999999999,82.2,27.44,17.14,1,2009,1,31,31,5,hot_rainy
2009-02-01,4.264285714285714,82.61,27.13,15.91,1,2009,2,1,32,5,hot_rainy
2009-02-02,4.264285714285714,82.61,27.13,15.91,1,2009,2,2,33,6,hot_rainy
2009-02-03,4.264285714285714,82.61,27.13,15.91,1,2009,2,3,34,6,hot_rainy
2009-02-04,4.264285714285714,82.61,27.13,15.91,1,2009,2,4,35,6,hot_rainy
2009-02-05,4.264285714285714,82.61,27.13,15.91,1,2009,2,5,36,6,hot_rainy
2009-02-06,4.264285714285714,82.61,27.13,15.91,1,2009,2,6,37,6,hot_rainy
2009-02-07,4.264285714285714,82.61,27.13,15.91,1,2009,2,7,38,6,hot_rainy
2009-02-08,4.264285714285714,82.61,27.13,15.91,1,2009,2,8,39,6,hot_rainy
2009-02-09,4.264285714285714,82.61,27.13,15.91,1,2009,2,9,40,7,hot_rainy
2009-02-10,4.264285714285714,82.61,27.13,15.91,1,2009,2,10,41,7,hot_rainy
2009-02-11,4.264285714285714,82.61,27.13,15.91,1,2009,2,11,42,7,hot_rainy
2009-02-12,4.264285714285714,82.61,27.13,15.91,1,2009,2,12,43,7,hot_rainy
2009-02-13,4.264285714285714,82.61,27.13,15.91,1,2009,2,13,44,7,hot_rainy
2009-02-14,4.264285714285714,82.61,27.13,15.91,1,2009,2,14,45,7,hot_rainy
2009-02-15,4.264285714285714,82.61,27.13,15.91,1,2009,2,15,46,7,hot_rainy
2009-02-16,4.264285714285714,82.61,27.13,15.91,1,2009,2,16,47,8,hot_rainy
2009-02-17,4.264285714285714,82.61,27.13,15.91,1,2009,2,17,48,8,hot_rainy
2009-02-18,4.264285714285714,82.61,27.13,15.91,1,2009,2,18,49,8,hot_rainy
2009-02-19,4.264285714285714,82.61,27.13,15.91,1,2009,2,19,50,8,hot_rainy
2009-02-20,4.264285714285714,82.61,27.13,15.91,1,2009,2,20,51,8,hot_rainy
2009-02-21,4.264285714285714,82.61,27.13,15.91,1,2009,2,21,52,8,hot_rainy
2009-02-22,4.264285714285714,82.61,27.13,15.91,1,2009,2,22,53,8,hot_rainy
2009-02-23,4.264285714285714,82.61,27.13,15.91,1,2009,2,23,54,9,hot_rainy
2009-02-24,4.264285714285714,82.61,27.13,15.91,1,2009,2,24,55,9,hot_rainy
2009-02-25,4.264285714285714,82.61,27.13,15.91,1,2009,2,25,56,9,hot_rainy
2009-02-26,4.264285714285714,82.61,27.13,15.91,1,2009,2,26,57,9,hot_rainy
2009-02-27,4.264285714285714,82.61,27.13,15.91,1,2009,2,27,58,9,hot_rainy
2009-02-28,4.264285714285714,82.61,27.13,15.91,1,2009,2,28,59,9,hot_rainy
2009-03-01,3.896774193548387,74.81722222222223,25.73,15.64,1,2009,3,1,60,9,hot_rainy
2009-03-02,3.896774193548387,74.81722222222223,25.73,15.64,1,2009,3,2,61,10,hot_rainy
2009-03-03,3.896774193548387,74.81722222222223,25.73,15.64,1,2009,3,3,62,10,hot_rainy
2009-03-04,3.896774193548387,74.81722222222223,25.73,15.64,1,2009,3,4,63,10,hot_rainy
2009-03-05,3.896774193548387,74.81722222222223,25.73,15.64,1,2009,3,5,64,10,hot_rainy
2009-03-06,3.896774193548387,74.81722222222223,25.73,15.64,1,2009,3,6,65,10,hot_rainy
2009-03-07,3.896774193548387,74.81722222222223,25.73,15.64,1,2009,3,7,66,10,hot_rainy
2009-03-08,3.896774193548387,74.81722222222223,25.73,15.64,1,2009,3,8,67,10,hot_rainy
2009-03-09,3.896774193548387,74.81722222222223,25.73,15.64,1,2009,3,9,68,11,hot_rainy
2009-03-10,3.896774193548387,74.81722222222223,25.73,15.64,1,2009,3,10,69,11,hot_rainy
2009-03-11,3.896774193548387,74.81722222222223,25.73,15.64,1,2009,3,11,70,11,hot_rainy
2009-03-12,3.896774193548387,74.81722222222223,25.73,15.64,1,2009,3,12,71,11,hot_rainy
2009-03-13,3.896774193548387,74.81722222222223,25.73,15.64,1,2009,3,13,72,11,hot_rainy
2009-03-14,3.896774193548387,74.81722222222223,25.73,15.64,1,2009,3,14,73,11,hot_rainy
2009-03-15,3.896774193548387,74.81722222222223,25.73,15.64,1,2009,3,15,74,11,hot_rainy
2009-03-16,3.896774193548387,74.81722222222223,25.73,15.64,1,2009,3,16,75,12,hot_rainy
2009-03-17,3.896774193548387,74.81722222222223,25.73,15.64,1,2009,3,17,76,12,hot_rainy
2009-03-18,3.896774193548387,74.81722222222223,25.73,15.64,1,2009,3,18,77,12,hot_rainy
2009-03-19,3.896774193548387,74.81722222222223,25.73,15.64,1,2009,3,19,78,12,hot_rainy
2009-03-20,3.896774193548387,74.81722222222223,25.73,15.64,1,2009,3,20,79,12,hot_rainy
2009-03-21,3.896774193548387,74.81722222222223,25.73,15.64,1,2009,3,21,80,12,hot_rainy
2009-03-22,3.896774193548387,74.81722222222223,25.73,15.64,1,2009,3,22,81,12,hot_rainy
2009-03-23,3.896774193548387,74.81722222222223,25.73,15.64,1,2009,3,23,82,13,hot_rainy
2009-03-24,3.896774193548387,74.81722222222223,25.73,15.64,1,2009,3,24,83,13,hot_rainy
2009-03-25,3.896774193548387,74.81722222222223,25.73,15.64,1,2009,3,25,84,13,hot_rainy
2009-03-26,3.896774193548387,74.81722222222223,25.73,15.64,1,2009,3,26,85,13,hot_rainy
2009-03-27,3.896774193548387,74.81722222222223,25.73,15.64,1,2009,3,27,86,13,hot_rainy
2009-03-28,3.896774193548387,74.81722222222223,25.73,15.64,1,2009,3,28,87,13,hot_rainy
2009-03-29,3.896774193548387,74.81722222222223,25.73,15.64,1,2009,3,29,88,13,hot_rainy
2009-03-30,3.896774193548387,74.81722222222223,25.73,15.64,1,2009,3,30,89,14,hot_rainy
2009-03-31,3.896774193548387,74.81722222222223,25.73,15.64,1,2009,3,31,90,14,hot_rainy
2009-04-01,0.0,67.55809523809523,25.59,11.11,0,2009,4,1,91,14,hot_rainy
2009-04-02,0.0,67.55809523809523,25.59,11.11,0,2009,4,2,92,14,hot_rainy
2009-04-03,0.0,67.55809523809523,25.59,11.11,0,2009,4,3,93,14,hot_rainy
2009-04-04,0.0,67.55809523809523,25.59,11.11,0,2009,4,4,94,14,hot_rainy
2009-04-05,0.0,67.55809523809523,25.59,11.11,0,2009,4,5,95,14,hot_rainy
2009-04-06,0.0,67.55809523809523,25.59,11.11,0,2009,4,6,96,15,hot_rainy
2009-04-07,0.0,67.55809523809523,25.59,11.11,0,2009,4,7,97,15,hot_rainy
2009-04-08,0.0,67.55809523809523,25.59,11.11,0,2009,4,8,98,15,hot_rainy
2009-04-09,0.0,67.55809523809523,25.59,11.11,0,2009,4,9,99,15,hot_rainy
2009-04-10,0.0,67.55809523809523,25.59,11.11,0,2009,4,10,100,15,hot_rainy
2009-04-11,0.0,67.55809523809523,25.59,11.11,0,2009,4,11,101,15,hot_rainy
2009-04-12,0.0,67.55809523809523,25.59,11.11,0,2009,4,12,102,15,hot_rainy
2009-04-13,0.0,67.55809523809523,25.59,11.11,0,2009,4,13,103,16,hot_rainy
2009-04-14,0.0,67.55809523809523,25.59,11.11,0,2009,4,14,104,16,hot_rainy
2009-04-15,0.0,67.55809523809523,25.59,11.11,0,2009,4,15,105,16,hot_rainy
2009-04-16,0.0,67.55809523809523,25.59,11.11,0,2009,4,16,106,16,hot_rainy
2009-04-17,0.0,67.55809523809523,25.59,11.11,0,2009,4,17,107,16,hot_rainy
2009-04-18,0.0,67.55809523809523,25.59,11.11,0,2009,4,18,108,16,hot_rainy
2009-04-19,0.0,67.55809523809523,25.59,11.11,0,2009,4,19,109,16,hot_rainy
2009-04-20,0.0,67.55809523809523,25.59,11.11,0,2009,4,20,110,17,hot_rainy
2009-04-21,0.0,67.55809523809523,25.59,11.11,0,2009,4,21,111,17,hot_rainy
2009-04-22,0.0,67.55809523809523,25.59,11.11,0,2009,4,22,112,17,hot_rainy
2009-04-23,0.0,67.55809523809523,25.59,11.11,0,2009,4,23,113,17,hot_rainy
2009-04-24,0.0,67.55809523809523,25.59,11.11,0,2009,4,24,114,17,hot_rainy
2009-04-25,0.0,67.55809523809523,25.59,11.11,0,2009,4,25,115,17,hot_rainy
2009-04-26,0.0,67.55809523809523,25.59,11.11,0,2009,4,26,116,17,hot_rainy
2009-04-27,0.0,67.55809523809523,25.59,11.11,0,2009,4,27,117,18,hot_rainy
2009-04-28,0.0,67.55809523809523,25.59,11.11,0,2009,4,28,118,18,hot_rainy
2009-04-29,0.0,67.55809523809523,25.59,11.11,0,2009,4,29,119,18,hot_rainy
2009-04-30,0.0,67.55809523809523,25.59,11.11,0,2009,4,30,120,18,hot_rainy
2009-05-01,1.6064516129032258,61.221428571428575,24.65,8.48,1,2009,5,1,121,18,cool_dry
2009-05-02,1.6064516129032258,61.221428571428575,24.65,8.48,1,2009,5,2,122,18,cool_dry
2009-05-03,1.6064516129032258,61.221428571428575,24.65,8.48,1,2009,5,3,123,18,cool_dry
2009-05-04,1.6064516129032258,61.221428571428575,24.65,8.48,1,2009,5,4,124,19,cool_dry
2009-05-05,1.6064516129032258,61.221428571428575,24.65,8.48,1,2009,5,5,125,19,cool_dry
2009-05-06,1.6064516129032258,61.221428571428575,24.65,8.48,1,2009,5,6,126,19,cool_dry
2009-05-07,1.6064516129032258,61.221428571428575,24.65,8.48,1,2009,5,7,127,19,cool_dry
2009-05-08,1.6064516129032258,61.221428571428575,24.65,8.48,1,2009,5,8,128,19,cool_dry
2009-05-09,1.6064516129032258,61.221428571428575,24.65,8.48,1,2009,5,9,129,19,cool_dry
2009-05-10,1.6064516129032258,61.221428571428575,24.65,8.48,1,2009,5,10,130,19,cool_dry
2009-05-11,1.6064516129032258,61.221428571428575,24.65,8.48,1,2009,5,11,131,20,cool_dry
2009-05-12,1.6064516129032258,61.221428571428575,24.65,8.48,1,2009,5,12,132,20,cool_dry
2009-05-13,1.6064516129032258,61.221428571428575,24.65,8.48,1,2009,5,13,133,20,cool_dry
2009-05-14,1.6064516129032258,61.221428571428575,24.65,8.48,1,2009,5,14,134,20,cool_dry
2009-05-15,1.6064516129032258,61.221428571428575,24.65,8.48,1,2009,5,15,135,20,cool_dry
2009-05-16,1.6064516129032258,61.221428571428575,24.65,8.48,1,2009,5,16,136,20,cool_dry
2009-05-17,1.6064516129032258,61.221428571428575,24.65,8.48,1,2009,5,17,137,20,cool_dry
2009-05-18,1.6064516129032258,61.221428571428575,24.65,8.48,1,2009,5,18,138,21,cool_dry
2009-05-19,1.6064516129032258,61.221428571428575,24.65,8.48,1,2009,5,19,139,21,cool_dry
2009-05-20,1.6064516129032258,61.221428571428575,24.65,8.48,1,2009,5,20,140,21,cool_dry
2009-05-21,1.6064516129032258,61.221428571428575,24.65,8.48,1,2009,5,21,141,21,cool_dry
2009-05-22,1.6064516129032258,61.221428571428575,24.65,8.48,1,2009,5,22,142,21,cool_dry
2009-05-23,1.6064516129032258,61.221428571428575,24.65,8.48,1,2009,5,23,143,21,cool_dry
2009-05-24,1.6064516129032258,61.221428571428575,24.65,8.48,1,2009,5,24,144,21,cool_dry
2009-05-25,1.6064516129032258,61.221428571428575,24.65,8.48,1,2009,5,25,145,22,cool_dry
2009-05-26,1.6064516129032258,61.221428571428575,24.65,8.48,1,2009,5,26,146,22,cool_dry
2009-05-27,1.6064516129032258,61.221428571428575,24.65,8.48,1,2009,5,27,147,22,cool_dry
2009-05-28,1.6064516129032258,61.221428571428575,24.65,8.48,1,2009,5,28,148,22,cool_dry
2009-05-29,1.6064516129032258,61.221428571428575,24.65,8.48,1,2009,5,29,149,22,cool_dry
2009-05-30,1.6064516129032258,61.221428571428575,24.65,8.48,1,2009,5,30,150,22,cool_dry
2009-05-31,1.6064516129032258,61.221428571428575,24.65,8.48,1,2009,5,31,151,22,cool_dry
2009-06-01,0.03333333333333333,65.76,24.27,7.22,0,2009,6,1,152,23,cool_dry
2009-06-02,0.03333333333333333,65.76,24.27,7.22,0,2009,6,2,153,23,cool_dry
2009-06-03,0.03333333333333333,65.76,24.27,7.22,0,2009,6,3,154,23,cool_dry
2009-06-04,0.03333333333333333,65.76,24.27,7.22,0,2009,6,4,155,23,cool_dry
2009-06-05,0.03333333333333333,65.76,24.27,7.22,0,2009,6,5,156,23,cool_dry
2009-06-06,0.03333333333333333,65.76,24.27,7.22,0,2009,6,6,157,23,cool_dry
2009-06-07,0.03333333333333333,65.76,24.27,7.22,0,2009,6,7,158,23,cool_dry
2009-06-08,0.03333333333333333,65.76,24.27,7.22,0,2009,6,8,159,24,cool_dry
2009-06-09,0.03333333333333333,65.76,24.27,7.22,0,2009,6,9,160,24,cool_dry
2009-06-10,0.03333333333333333,65.76,24.27,7.22,0,2009,6,10,161,24,cool_dry
2009-06-11,0.03333333333333333,65.76,24.27,7.22,0,2009,6,11,162,24,cool_dry
2009-06-12,0.03333333333333333,65.76,24.27,7.22,0,2009,6,12,163,24,cool_dry
2009-06-13,0.03333333333333333,65.76,24.27,7.22,0,2009,6,13,164,24,cool_dry
2009-06-14,0.03333333333333333,65.76,24.27,7.22,0,2009,6,14,165,24,cool_dry
2009-06-15,0.03333333333333333,65.76,24.27,7.22,0,2009,6,15,166,25,cool_dry
2009-06-16,0.03333333333333333,65.76,24.27,7.22,0,2009,6,16,167,25,cool_dry
2009-06-17,0.03333333333333333,65.76,24.27,7.22,0,2009,6,17,168,25,cool_dry
2009-06-18,0.03333333333333333,65.76,24.27,7.22,0,2009,6,18,169,25,cool_dry
2009-06-19,0.03333333333333333,65.76,24.27,7.22,0,2009,6,19,170,25,cool_dry
2009-06-20,0.03333333333333333,65.76,24.27,7.22,0,2009,6,20,171,25,cool_dry
2009-06-21,0.03333333333333333,65.76,24.27,7.22,0,2009,6,21,172,25,cool_dry
2009-06-22,0.03333333333333333,65.76,24.27,7.22,0,2009,6,22,173,26,cool_dry
2009-06-23,0.03333333333333333,65.76,24.27,7.22,0,2009,6,23,174,26,cool_dry
2009-06-24,0.03333333333333333,65.76,24.27,7.22,0,2009,6,24,175,26,cool_dry
2009-06-25,0.03333333333333333,65.76,24.27,7.22,0,2009,6,25,176,26,cool_dry
2009-06-26,0.03333333333333333,65.76,24.27,7.22,0,2009,6,26,177,26,cool_dry
2009-06-27,0.03333333333333333,65.76,24.27,7.22,0,2009,6,27,178,26,cool_dry
2009-06-28,0.03333333333333333,65.76,24.27,7.22,0,2009,6,28,179,26,cool_dry
2009-06-29,0.03333333333333333,65.76,24.27,7.22,0,2009,6,29,180,27,cool_dry
2009-06-30,0.03333333333333333,65.76,24.27,7.22,0,2009,6,30,181,27,cool_dry
2009-07-01,0.0,65.0,23.425862068965515,6.087142857142857,0,2009,7,1,182,27,cool_dry
2009-07-02,0.0,65.0,23.425862068965515,6.087142857142857,0,2009,7,2,183,27,cool_dry
2009-07-03,0.0,65.0,23.425862068965515,6.087142857142857,0,2009,7,3,184,27,cool_dry
2009-07-04,0.0,65.0,23.425862068965515,6.087142857142857,0,2009,7,4,185,27,cool_dry
2009-07-05,0.0,65.0,23.425862068965515,6.087142857142857,0,2009,7,5,186,27,cool_dry
2009-07-06,0.0,65.0,23.425862068965515,6.087142857142857,0,2009,7,6,187,28,cool_dry
2009-07-07,0.0,65.0,23.425862068965515,6.087142857142857,0,2009,7,7,188,28,cool_dry
2009-07-08,0.0,65.0,23.425862068965515,6.087142857142857,0,2009,7,8,189,28,cool_dry
2009-07-09,0.0,65.0,23.425862068965515,6.087142857142857,0,2009,7,9,190,28,cool_dry
2009-07-10,0.0,65.0,23.425862068965515,6.087142857142857,0,2009,7,10,191,28,cool_dry
2009-07-11,0.0,65.0,23.425862068965515,6.087142857142857,0,2009,7,11,192,28,cool_dry
2009-07-12,0.0,65.0,23.425862068965515,6.087142857142857,0,2009,7,12,193,28,cool_dry
2009-07-13,0.0,65.0,23.425862068965515,6.087142857142857,0,2009,7,13,194,29,cool_dry
2009-07-14,0.0,65.0,23.425862068965515,6.087142857142857,0,2009,7,14,195,29,cool_dry
2009-07-15,0.0,65.0,23.425862068965515,6.087142857142857,0,2009,7,15,196,29,cool_dry
2009-07-16,0.0,65.0,23.425862068965515,6.087142857142857,0,2009,7,16,197,29,cool_dry
2009-07-17,0.0,65.0,23.425862068965515,6.087142857142857,0,2009,7,17,198,29,cool_dry
2009-07-18,0.0,65.0,23.425862068965515,6.087142857142857,0,2009,7,18,199,29,cool_dry
2009-07-19,0.0,65.0,23.425862068965515,6.087142857142857,0,2009,7,19,200,29,cool_dry
2009-07-20,0.0,65.0,23.425862068965515,6.087142857142857,0,2009,7,20,201,30,cool_dry
2009-07-21,0.0,65.0,23.425862068965515,6.087142857142857,0,2009,7,21,202,30,cool_dry
2009-07-22,0.0,65.0,23.425862068965515,6.087142857142857,0,2009,7,22,203,30,cool_dry
2009-07-23,0.0,65.0,23.425862068965515,6.087142857142857,0,2009,7,23,204,30,cool_dry
2009-07-24,0.0,65.0,23.425862068965515,6.087142857142857,0,2009,7,24,205,30,cool_dry
2009-07-25,0.0,65.0,23.425862068965515,6.087142857142857,0,2009,7,25,206,30,cool_dry
2009-07-26,0.0,65.0,23.425862068965515,6.087142857142857,0,2009,7,26,207,30,cool_dry
2009-07-27,0.0,65.0,23.425862068965515,6.087142857142857,0,2009,7,27,208,31,cool_dry
2009-07-28,0.0,65.0,23.425862068965515,6.087142857142857,0,2009,7,28,209,31,cool_dry
2009-07-29,0.0,65.0,23.425862068965515,6.087142857142857,0,2009,7,29,210,31,cool_dry
2009-07-30,0.0,65.0,23.425862068965515,6.087142857142857,0,2009,7,30,211,31,cool_dry
2009-07-31,0.0,65.0,23.425862068965515,6.087142857142857,0,2009,7,31,212,31,cool_dry
2009-08-01,0.0,49.68869565217391,26.582142857142856,8.906666666666666,0,2009,8,1,213,31,cool_dry
2009-08-02,0.0,49.68869565217391,26.582142857142856,8.906666666666666,0,2009,8,2,214,31,cool_dry
2009-08-03,0.0,49.68869565217391,26.582142857142856,8.906666666666666,0,2009,8,3,215,32,cool_dry
2009-08-04,0.0,49.68869565217391,26.582142857142856,8.906666666666666,0,2009,8,4,216,32,cool_dry
2009-08-05,0.0,49.68869565217391,26.582142857142856,8.906666666666666,0,2009,8,5,217,32,cool_dry
2009-08-06,0.0,49.68869565217391,26.582142857142856,8.906666666666666,0,2009,8,6,218,32,cool_dry
2009-08-07,0.0,49.68869565217391,26.582142857142856,8.906666666666666,0,2009,8,7,219,32,cool_dry
2009-08-08,0.0,49.68869565217391,26.582142857142856,8.906666666666666,0,2009,8,8,220,32,cool_dry
2009-08-09,0.0,49.68869565217391,26.582142857142856,8.906666666666666,0,2009,8,9,221,32,cool_dry
2009-08-10,0.0,49.68869565217391,26.582142857142856,8.906666666666666,0,2009,8,10,222,33,cool_dry
2009-08-11,0.0,49.68869565217391,26.582142857142856,8.906666666666666,0,2009,8,11,223,33,cool_dry
2009-08-12,0.0,49.68869565217391,26.582142857142856,8.906666666666666,0,2009,8,12,224,33,cool_dry
2009-08-13,0.0,49.68869565217391,26.582142857142856,8.906666666666666,0,2009,8,13,225,33,cool_dry
2009-08-14,0.0,49.68869565217391,26.582142857142856,8.906666666666666,0,2009,8,14,226,33,cool_dry
2009-08-15,0.0,49.68869565217391,26.582142857142856,8.906666666666666,0,2009,8,15,227,33,cool_dry
2009-08-16,0.0,49.68869565217391,26.582142857142856,8.906666666666666,0,2009,8,16,228,33,cool_dry
2009-08-17,0.0,49.68869565217391,26.582142857142856,8.906666666666666,0,2009,8,17,229,34,cool_dry
2009-08-18,0.0,49.68869565217391,26.582142857142856,8.906666666666666,0,2009,8,18,230,34,cool_dry
2009-08-19,0.0,49.68869565217391,26.582142857142856,8.906666666666666,0,2009,8,19,231,34,cool_dry
2009-08-20,0.0,49.68869565217391,26.582142857142856,8.906666666666666,0,2009,8,20,232,34,cool_dry
2009-08-21,0.0,49.68869565217391,26.582142857142856,8.906666666666666,0,2009,8,21,233,34,cool_dry
2009-08-22,0.0,49.68869565217391,26.582142857142856,8.906666666666666,0,2009,8,22,234,34,cool_dry
2009-08-23,0.0,49.68869565217391,26.582142857142856,8.906666666666666,0,2009,8,23,235,34,cool_dry
2009-08-24,0.0,49.68869565217391,26.582142857142856,8.906666666666666,0,2009,8,24,236,35,cool_dry
2009-08-25,0.0,49.68869565217391,26.582142857142856,8.906666666666666,0,2009,8,25,237,35,cool_dry
2009-08-26,0.0,49.68869565217391,26.582142857142856,8.906666666666666,0,2009,8,26,238,35,cool_dry
2009-08-27,0.0,49.68869565217391,26.582142857142856,8.906666666666666,0,2009,8,27,239,35,cool_dry
2009-08-28,0.0,49.68869565217391,26.582142857142856,8.906666666666666,0,2009,8,28,240,35,cool_dry
2009-08-29,0.0,49.68869565217391,26.582142857142856,8.906666666666666,0,2009,8,29,241,35,cool_dry
2009-08-30,0.0,49.68869565217391,26.582142857142856,8.906666666666666,0,2009,8,30,242,35,cool_dry
2009-08-31,0.0,49.68869565217391,26.582142857142856,8.906666666666666,0,2009,8,31,243,36,cool_dry
2009-09-01,0.0,42.211363636363636,30.97,13.87,0,2009,9,1,244,36,hot_dry
2009-09-02,0.0,42.211363636363636,30.97,13.87,0,2009,9,2,245,36,hot_dry
2009-09-03,0.0,42.211363636363636,30.97,13.87,0,2009,9,3,246,36,hot_dry
2009-09-04,0.0,42.211363636363636,30.97,13.87,0,2009,9,4,247,36,hot_dry
2009-09-05,0.0,42.211363636363636,30.97,13.87,0,2009,9,5,248,36,hot_dry
2009-09-06,0.0,42.211363636363636,30.97,13.87,0,2009,9,6,249,36,hot_dry
2009-09-07,0.0,42.211363636363636,30.97,13.87,0,2009,9,7,250,37,hot_dry
2009-09-08,0.0,42.211363636363636,30.97,13.87,0,2009,9,8,251,37,hot_dry
2009-09-09,0.0,42.211363636363636,30.97,13.87,0,2009,9,9,252,37,hot_dry
2009-09-10,0.0,42.211363636363636,30.97,13.87,0,2009,9,10,253,37,hot_dry
2009-09-11,0.0,42.211363636363636,30.97,13.87,0,2009,9,11,254,37,hot_dry
2009-09-12,0.0,42.211363636363636,30.97,13.87,0,2009,9,12,255,37,hot_dry
2009-09-13,0.0,42.211363636363636,30.97,13.87,0,2009,9,13,256,37,hot_dry
2009-09-14,0.0,42.211363636363636,30.97,13.87,0,2009,9,14,257,38,hot_dry
2009-09-15,0.0,42.211363636363636,30.97,13.87,0,2009,9,15,258,38,hot_dry
2009-09-16,0.0,42.211363636363636,30.97,13.87,0,2009,9,16,259,38,hot_dry
2009-09-17,0.0,42.211363636363636,30.97,13.87,0,2009,9,17,260,38,hot_dry
2009-09-18,0.0,42.211363636363636,30.97,13.87,0,2009,9,18,261,38,hot_dry
2009-09-19,0.0,42.211363636363636,30.97,13.87,0,2009,9,19,262,38,hot_dry
2009-09-20,0.0,42.211363636363636,30.97,13.87,0,2009,9,20,263,38,hot_dry
2009-09-21,0.0,42.211363636363636,30.97,13.87,0,2009,9,21,264,39,hot_dry
2009-09-22,0.0,42.211363636363636,30.97,13.87,0,2009,9,22,265,39,hot_dry
2009-09-23,0.0,42.211363636363636,30.97,13.87,0,2009,9,23,266,39,hot_dry
2009-09-24,0.0,42.211363636363636,30.97,13.87,0,2009,9,24,267,39,hot_dry
2009-09-25,0.0,42.211363636363636,30.97,13.87,0,2009,9,25,268,39,hot_dry
2009-09-26,0.0,42.211363636363636,30.97,13.87,0,2009,9,26,269,39,hot_dry
2009-09-27,0.0,42.211363636363636,30.97,13.87,0,2009,9,27,270,39,hot_dry
2009-09-28,0.0,42.211363636363636,30.97,13.87,0,2009,9,28,271,40,hot_dry
2009-09-29,0.0,42.211363636363636,30.97,13.87,0,2009,9,29,272,40,hot_dry
2009-09-30,0.0,42.211363636363636,30.97,13.87,0,2009,9,30,273,40,hot_dry
2009-10-01,0.33225806451612905,44.34952380952381,30.73,15.55,0,2009,10,1,274,40,hot_dry
2009-10-02,0.33225806451612905,44.34952380952381,30.73,15.55,0,2009,10,2,275,40,hot_dry
2009-10-03,0.33225806451612905,44.34952380952381,30.73,15.55,0,2009,10,3,276,40,hot_dry
2009-10-04,0.33225806451612905,44.34952380952381,30.73,15.55,0,2009,10,4,277,40,hot_dry
2009-10-05,0.33225806451612905,44.34952380952381,30.73,15.55,0,2009,10,5,278,41,hot_dry
2009-10-06,0.33225806451612905,44.34952380952381,30.73,15.55,0,2009,10,6,279,41,hot_dry
2009-10-07,0.33225806451612905,44.34952380952381,30.73,15.55,0,2009,10,7,280,41,hot_dry
2009-10-08,0.33225806451612905,44.34952380952381,30.73,15.55,0,2009,10,8,281,41,hot_dry
2009-10-09,0.33225806451612905,44.34952380952381,30.73,15.55,0,2009,10,9,282,41,hot_dry
2009-10-10,0.33225806451612905,44.34952380952381,30.73,15.55,0,2009,10,10,283,41,hot_dry
2009-10-11,0.33225806451612905,44.34952380952381,30.73,15.55,0,2009,10,11,284,41,hot_dry
2009-10-12,0.33225806451612905,44.34952380952381,30.73,15.55,0,2009,10,12,285,42,hot_dry
2009-10-13,0.33225806451612905,44.34952380952381,30.73,15.55,0,2009,10,13,286,42,hot_dry
2009-10-14,0.33225806451612905,44.34952380952381,30.73,15.55,0,2009,10,14,287,42,hot_dry
2009-10-15,0.33225806451612905,44.34952380952381,30.73,15.55,0,2009,10,15,288,42,hot_dry
2009-10-16,0.33225806451612905,44.34952380952381,30.73,15.55,0,2009,10,16,289,42,hot_dry
2009-10-17,0.33225806451612905,44.34952380952381,30.73,15.55,0,2009,10,17,290,42,hot_dry
2009-10-18,0.33225806451612905,44.34952380952381,30.73,15.55,0,2009,10,18,291,42,hot_dry
2009-10-19,0.33225806451612905,44.34952380952381,30.73,15.55,0,2009,10,19,292,43,hot_dry
2009-10-20,0.33225806451612905,44.34952380952381,30.73,15.55,0,2009,10,20,293,43,hot_dry
2009-10-21,0.33225806451612905,44.34952380952381,30.73,15.55,0,2009,10,21,294,43,hot_dry
2009-10-22,0.33225806451612905,44.34952380952381,30.73,15.55,0,2009,10,22,295,43,hot_dry
2009-10-23,0.33225806451612905,44.34952380952381,30.73,15.55,0,2009,10,23,296,43,hot_dry
2009-10-24,0.33225806451612905,44.34952380952381,30.73,15.55,0,2009,10,24,297,43,hot_dry
2009-10-25,0.33225806451612905,44.34952380952381,30.73,15.55,0,2009,10,25,298,43,hot_dry
2009-10-26,0.33225806451612905,44.34952380952381,30.73,15.55,0,2009,10,26,299,44,hot_dry
2009-10-27,0.33225806451612905,44.34952380952381,30.73,15.55,0,2009,10,27,300,44,hot_dry
2009-10-28,0.33225806451612905,44.34952380952381,30.73,15.55,0,2009,10,28,301,44,hot_dry
2009-10-29,0.33225806451612905,44.34952380952381,30.73,15.55,0,2009,10,29,302,44,hot_dry
2009-10-30,0.33225806451612905,44.34952380952381,30.73,15.55,0,2009,10,30,303,44,hot_dry
2009-10-31,0.33225806451612905,44.34952380952381,30.73,15.55,0,2009,10,31,304,44,hot_dry
2009-11-01,2.511,67.79,28.07,17.15,1,2009,11,1,305,44,hot_rainy
2009-11-02,2.511,67.79,28.07,17.15,1,2009,11,2,306,45,hot_rainy
2009-11-03,2.511,67.79,28.07,17.15,1,2009,11,3,307,45,hot_rainy
2009-11-04,2.511,67.79,28.07,17.15,1,2009,11,4,308,45,hot_rainy
2009-11-05,2.511,67.79,28.07,17.15,1,2009,11,5,309,45,hot_rainy
2009-11-06,2.511,67.79,28.07,17.15,1,2009,11,6,310,45,hot_rainy
2009-11-07,2.511,67.79,28.07,17.15,1,2009,11,7,311,45,hot_rainy
2009-11-08,2.511,67.79,28.07,17.15,1,2009,11,8,312,45,hot_rainy
2009-11-09,2.511,67.79,28.07,17.15,1,2009,11,9,313,46,hot_rainy
2009-11-10,2.511,67.79,28.07,17.15,1,2009,11,10,314,46,hot_rainy
2009-11-11,2.511,67.79,28.07,17.15,1,2009,11,11,315,46,hot_rainy
2009-11-12,2.511,67.79,28.07,17.15,1,2009,11,12,316,46,hot_rainy
2009-11-13,2.511,67.79,28.07,17.15,1,2009,11,13,317,46,hot_rainy
2009-11-14,2.511,67.79,28.07,17.15,1,2009,11,14,318,46,hot_rainy
2009-11-15,2.511,67.79,28.07,17.15,1,2009,11,15,319,46,hot_rainy
2009-11-16,2.511,67.79,28.07,17.15,1,2009,11,16,320,47,hot_rainy
2009-11-17,2.511,67.79,28.07,17.15,1,2009,11,17,321,47,hot_rainy
2009-11-18,2.511,67.79,28.07,17.15,1,2009,11,18,322,47,hot_rainy
2009-11-19,2.511,67.79,28.07,17.15,1,2009,11,19,323,47,hot_rainy
2009-11-20,2.511,67.79,28.07,17.15,1,2009,11,20,324,47,hot_rainy
2009-11-21,2.511,67.79,28.07,17.15,1,2009,11,21,325,47,hot_rainy
2009-11-22,2.511,67.79,28.07,17.15,1,2009,11,22,326,47,hot_rainy
2009-11-23,2.511,67.79,28.07,17.15,1,2009,11,23,327,48,hot_rainy
2009-11-24,2.511,67.79,28.07,17.15,1,2009,11,24,328,48,hot_rainy
2009-11-25,2.511,67.79,28.07,17.15,1,2009,11,25,329,48,hot_rainy
2009-11-26,2.511,67.79,28.07,17.15,1,2009,11,26,330,48,hot_rainy
2009-11-27,2.511,67.79,28.07,17.15,1,2009,11,27,331,48,hot_rainy
2009-11-28,2.511,67.79,28.07,17.15,1,2009,11,28,332,48,hot_rainy
2009-11-29,2.511,67.79,28.07,17.15,1,2009,11,29,333,48,hot_rainy
2009-11-30,2.511,67.79,28.07,17.15,1,2009,11,30,334,49,hot_rainy
2009-12-01,3.4612903225806453,73.86277777777778,27.89,17.49,1,2009,12,1,335,49,hot_rainy
2009-12-02,3.4612903225806453,73.86277777777778,27.89,17.49,1,2009,12,2,336,49,hot_rainy
2009-12-03,3.4612903225806453,73.86277777777778,27.89,17.49,1,2009,12,3,337,49,hot_rainy
2009-12-04,3.4612903225806453,73.86277777777778,27.89,17.49,1,2009,12,4,338,49,hot_rainy
2009-12-05,3.4612903225806453,73.86277777777778,27.89,17.49,1,2009,12,5,339,49,hot_rainy
2009-12-06,3.4612903225806453,73.86277777777778,27.89,17.49,1,2009,12,6,340,49,hot_rainy
2009-12-07,3.4612903225806453,73.86277777777778,27.89,17.49,1,2009,12,7,341,50,hot_rainy
2009-12-08,3.4612903225806453,73.86277777777778,27.89,17.49,1,2009,12,8,342,50,hot_rainy
2009-12-09,3.4612903225806453,73.86277777777778,27.89,17.49,1,2009,12,9,343,50,hot_rainy
2009-12-10,3.4612903225806453,73.86277777777778,27.89,17.49,1,2009,12,10,344,50,hot_rainy
2009-12-11,3.4612903225806453,73.86277777777778,27.89,17.49,1,2009,12,11,345,50,hot_rainy
2009-12-12,3.4612903225806453,73.86277777777778,27.89,17.49,1,2009,12,12,346,50,hot_rainy
2009-12-13,3.4612903225806453,73.86277777777778,27.89,17.49,1,2009,12,13,347,50,hot_rainy
2009-12-14,3.4612903225806453,73.86277777777778,27.89,17.49,1,2009,12,14,348,51,hot_rainy
2009-12-15,3.4612903225806453,73.86277777777778,27.89,17.49,1,2009,12,15,349,51,hot_rainy
2009-12-16,3.4612903225806453,73.86277777777778,27.89,17.49,1,2009,12,16,350,51,hot_rainy
2009-12-17,3.4612903225806453,73.86277777777778,27.89,17.49,1,2009,12,17,351,51,hot_rainy
2009-12-18,3.4612903225806453,73.86277777777778,27.89,17.49,1,2009,12,18,352,51,hot_rainy
2009-12-19,3.4612903225806453,73.86277777777778,27.89,17.49,1,2009,12,19,353,51,hot_rainy
2009-12-20,3.4612903225806453,73.86277777777778,27.89,17.49,1,2009,12,20,354,51,hot_rainy
2009-12-21,3.4612903225806453,73.86277777777778,27.89,17.49,1,2009,12,21,355,52,hot_rainy
2009-12-22,3.4612903225806453,73.86277777777778,27.89,17.49,1,2009,12,22,356,52,hot_rainy
2009-12-23,3.4612903225806453,73.86277777777778,27.89,17.49,1,2009,12,23,357,52,hot_rainy
2009-12-24,3.4612903225806453,73.86277777777778,27.89,17.49,1,2009,12,24,358,52,hot_rainy
2009-12-25,3.4612903225806453,73.86277777777778,27.89,17.49,1,2009,12,25,359,52,hot_rainy
2009-12-26,3.4612903225806453,73.86277777777778,27.89,17.49,1,2009,12,26,360,52,hot_rainy
2009-12-27,3.4612903225806453,73.86277777777778,27.89,17.49,1,2009,12,27,361,52,hot_rainy
2009-12-28,3.4612903225806453,73.86277777777778,27.89,17.49,1,2009,12,28,362,53,hot_rainy
2009-12-29,3.4612903225806453,73.86277777777778,27.89,17.49,1,2009,12,29,363,53,hot_rainy
2009-12-30,3.4612903225806453,73.86277777777778,27.89,17.49,1,2009,12,30,364,53,hot_rainy
2009-12-31,3.4612903225806453,73.86277777777778,27.89,17.49,1,2009,12,31,365,53,hot_rainy
2010-01-01,6.209677419354839,79.25375,27.49,17.4,1,2010,1,1,1,53,hot_rainy
2010-01-02,6.209677419354839,79.25375,27.49,17.4,1,2010,1,2,2,53,hot_rainy
2010-01-03,6.209677419354839,79.25375,27.49,17.4,1,2010,1,3,3,53,hot_rainy
2010-01-04,6.209677419354839,79.25375,27.49,17.4,1,2010,1,4,4,1,hot_rainy
2010-01-05,6.209677419354839,79.25375,27.49,17.4,1,2010,1,5,5,1,hot_rainy
2010-01-06,6.209677419354839,79.25375,27.49,17.4,1,2010,1,6,6,1,hot_rainy
2010-01-07,6.209677419354839,79.25375,27.49,17.4,1,2010,1,7,7,1,hot_rainy
2010-01-08,6.209677419354839,79.25375,27.49,17.4,1,2010,1,8,8,1,hot_rainy
2010-01-09,6.209677419354839,79.25375,27.49,17.4,1,2010,1,9,9,1,hot_rainy
2010-01-10,6.209677419354839,79.25375,27.49,17.4,1,2010,1,10,10,1,hot_rainy
2010-01-11,6.209677419354839,79.25375,27.49,17.4,1,2010,1,11,11,2,hot_rainy
2010-01-12,6.209677419354839,79.25375,27.49,17.4,1,2010,1,12,12,2,hot_rainy
2010-01-13,6.209677419354839,79.25375,27.49,17.4,1,2010,1,13,13,2,hot_rainy
2010-01-14,6.209677419354839,79.25375,27.49,17.4,1,2010,1,14,14,2,hot_rainy
2010-01-15,6.209677419354839,79.25375,27.49,17.4,1,2010,1,15,15,2,hot_rainy
2010-01-16,6.209677419354839,79.25375,27.49,17.4,1,2010,1,16,16,2,hot_rainy
2010-01-17,6.209677419354839,79.25375,27.49,17.4,1,2010,1,17,17,2,hot_rainy
2010-01-18,6.209677419354839,79.25375,27.49,17.4,1,2010,1,18,18,3,hot_rainy
2010-01-19,6.209677419354839,79.25375,27.49,17.4,1,2010,1,19,19,3,hot_rainy
2010-01-20,6.209677419354839,79.25375,27.49,17.4,1,2010,1,20,20,3,hot_rainy
2010-01-21,6.209677419354839,79.25375,27.49,17.4,1,2010,1,21,21,3,hot_rainy
2010-01-22,6.209677419354839,79.25375,27.49,17.4,1,2010,1,22,22,3,hot_rainy
2010-01-23,6.209677419354839,79.25375,27.49,17.4,1,2010,1,23,23,3,hot_rainy
2010-01-24,6.209677419354839,79.25375,27.49,17.4,1,2010,1,24,24,3,hot_rainy
2010-01-25,6.209677419354839,79.25375,27.49,17.4,1,2010,1,25,25,4,hot_rainy
2010-01-26,6.209677419354839,79.25375,27.49,17.4,1,2010,1,26,26,4,hot_rainy
2010-01-27,6.209677419354839,79.25375,27.49,17.4,1,2010,1,27,27,4,hot_rainy
2010-01-28,6.209677419354839,79.25375,27.49,17.4,1,2010,1,28,28,4,hot_rainy
2010-01-29,6.209677419354839,79.25375,27.49,17.4,1,2010,1,29,29,4,hot_rainy
2010-01-30,6.209677419354839,79.25375,27.49,17.4,1,2010,1,30,30,4,hot_rainy
2010-01-31,6.209677419354839,79.25375,27.49,17.4,1,2010,1,31,31,4,hot_rainy
2010-02-01,5.453571428571428,84.61,26.83,17.73,1,2010,2,1,32,5,hot_rainy
2010-02-02,5.453571428571428,84.61,26.83,17.73,1,2010,2,2,33,5,hot_rainy
2010-02-03,5.453571428571428,84.61,26.83,17.73,1,2010,2,3,34,5,hot_rainy
2010-02-04,5.453571428571428,84.61,26.83,17.73,1,2010,2,4,35,5,hot_rainy
2010-02-05,5.453571428571428,84.61,26.83,17.73,1,2010,2,5,36,5,hot_rainy
2010-02-06,5.453571428571428,84.61,26.83,17.73,1,2010,2,6,37,5,hot_rainy
2010-02-07,5.453571428571428,84.61,26.83,17.73,1,2010,2,7,38,5,hot_rainy
2010-02-08,5.453571428571428,84.61,26.83,17.73,1,2010,2,8,39,6,hot_rainy
2010-02-09,5.453571428571428,84.61,26.83,17.73,1,2010,2,9,40,6,hot_rainy
2010-02-10,5.453571428571428,84.61,26.83,17.73,1,2010,2,10,41,6,hot_rainy
2010-02-11,5.453571428571428,84.61,26.83,17.73,1,2010,2,11,42,6,hot_rainy
2010-02-12,5.453571428571428,84.61,26.83,17.73,1,2010,2,12,43,6,hot_rainy
2010-02-13,5.453571428571428,84.61,26.83,17.73,1,2010,2,13,44,6,hot_rainy
2010-02-14,5.453571428571428,84.61,26.83,17.73,1,2010,2,14,45,6,hot_rainy
2010-02-15,5.453571428571428,84.61,26.83,17.73,1,2010,2,15,46,7,hot_rainy
2010-02-16,5.453571428571428,84.61,26.83,17.73,1,2010,2,16,47,7,hot_rainy
2010-02-17,5.453571428571428,84.61,26.83,17.73,1,2010,2,17,48,7,hot_rainy
2010-02-18,5.453571428571428,84.61,26.83,17.73,1,2010,2,18,49,7,hot_rainy
2010-02-19,5.453571428571428,84.61,26.83,17.73,1,2010,2,19,50,7,hot_rainy
2010-02-20,5.453571428571428,84.61,26.83,17.73,1,2010,2,20,51,7,hot_rainy
2010-02-21,5.453571428571428,84.61,26.83,17.73,1,2010,2,21,52,7,hot_rainy
2010-02-22,5.453571428571428,84.61,26.83,17.73,1,2010,2,22,53,8,hot_rainy
2010-02-23,5.453571428571428,84.61,26.83,17.73,1,2010,2,23,54,8,hot_rainy
2010-02-24,5.453571428571428,84.61,26.83,17.73,1,2010,2,24,55,8,hot_rainy
2010-02-25,5.453571428571428,84.61,26.83,17.73,1,2010,2,25,56,8,hot_rainy
2010-02-26,5.453571428571428,84.61,26.83,17.73,1,2010,2,26,57,8,hot_rainy
2010-02-27,5.453571428571428,84.61,26.83,17.73,1,2010,2,27,58,8,hot_rainy
2010-02-28,5.453571428571428,84.61,26.83,17.73,1,2010,2,28,59,8,hot_rainy
2010-03-01,6.625806451612903,74.81722222222223,26.55,16.6,1,2010,3,1,60,9,hot_rainy
2010-03-02,6.625806451612903,74.81722222222223,26.55,16.6,1,2010,3,2,61,9,hot_rainy
2010-03-03,6.625806451612903,74.81722222222223,26.55,16.6,1,2010,3,3,62,9,hot_rainy
2010-03-04,6.625806451612903,74.81722222222223,26.55,16.6,1,2010,3,4,63,9,hot_rainy
2010-03-05,6.625806451612903,74.81722222222223,26.55,16.6,1,2010,3,5,64,9,hot_rainy
2010-03-06,6.625806451612903,74.81722222222223,26.55,16.6,1,2010,3,6,65,9,hot_rainy
2010-03-07,6.625806451612903,74.81722222222223,26.55,16.6,1,2010,3,7,66,9,hot_rainy
2010-03-08,6.625806451612903,74.81722222222223,26.55,16.6,1,2010,3,8,67,10,hot_rainy
2010-03-09,6.625806451612903,74.81722222222223,26.55,16.6,1,2010,3,9,68,10,hot_rainy
2010-03-10,6.625806451612903,74.81722222222223,26.55,16.6,1,2010,3,10,69,10,hot_rainy
2010-03-11,6.625806451612903,74.81722222222223,26.55,16.6,1,2010,3,11,70,10,hot_rainy
2010-03-12,6.625806451612903,74.81722222222223,26.55,16.6,1,2010,3,12,71,10,hot_rainy
2010-03-13,6.625806451612903,74.81722222222223,26.55,16.6,1,2010,3,13,72,10,hot_rainy
2010-03-14,6.625806451612903,74.81722222222223,26.55,16.6,1,2010,3,14,73,10,hot_rainy
2010-03-15,6.625806451612903,74.81722222222223,26.55,16.6,1,2010,3,15,74,11,hot_rainy
2010-03-16,6.625806451612903,74.81722222222223,26.55,16.6,1,2010,3,16,75,11,hot_rainy
2010-03-17,6.625806451612903,74.81722222222223,26.55,16.6,1,2010,3,17,76,11,hot_rainy
2010-03-18,6.625806451612903,74.81722222222223,26.55,16.6,1,2010,3,18,77,11,hot_rainy
2010-03-19,6.625806451612903,74.81722222222223,26.55,16.6,1,2010,3,19,78,11,hot_rainy
2010-03-20,6.625806451612903,74.81722222222223,26.55,16.6,1,2010,3,20,79,11,hot_rainy
2010-03-21,6.625806451612903,74.81722222222223,26.55,16.6,1,2010,3,21,80,11,hot_rainy
2010-03-22,6.625806451612903,74.81722222222223,26.55,16.6,1,2010,3,22,81,12,hot_rainy
2010-03-23,6.625806451612903,74.81722222222223,26.55,16.6,1,2010,3,23,82,12,hot_rainy
2010-03-24,6.625806451612903,74.81722222222223,26.55,16.6,1,2010,3,24,83,12,hot_rainy
2010-03-25,6.625806451612903,74.81722222222223,26.55,16.6,1,2010,3,25,84,12,hot_rainy
2010-03-26,6.625806451612903,74.81722222222223,26.55,16.6,1,2010,3,26,85,12,hot_rainy
2010-03-27,6.625806451612903,74.81722222222223,26.55,16.6,1,2010,3,27,86,12,hot_rainy
2010-03-28,6.625806451612903,74.81722222222223,26.55,16.6,1,2010,3,28,87,12,hot_rainy
2010-03-29,6.625806451612903,74.81722222222223,26.55,16.6,1,2010,3,29,88,13,hot_rainy
2010-03-30,6.625806451612903,74.81722222222223,26.55,16.6,1,2010,3,30,89,13,hot_rainy
2010-03-31,6.625806451612903,74.81722222222223,26.55,16.6,1,2010,3,31,90,13,hot_rainy
2010-04-01,2.086666666666667,79.21,26.87,15.6,1,2010,4,1,91,13,hot_rainy
2010-04-02,2.086666666666667,79.21,26.87,15.6,1,2010,4,2,92,13,hot_rainy
2010-04-03,2.086666666666667,79.21,26.87,15.6,1,2010,4,3,93,13,hot_rainy
2010-04-04,2.086666666666667,79.21,26.87,15.6,1,2010,4,4,94,13,hot_rainy
2010-04-05,2.086666666666667,79.21,26.87,15.6,1,2010,4,5,95,14,hot_rainy
2010-04-06,2.086666666666667,79.21,26.87,15.6,1,2010,4,6,96,14,hot_rainy
2010-04-07,2.086666666666667,79.21,26.87,15.6,1,2010,4,7,97,14,hot_rainy
2010-04-08,2.086666666666667,79.21,26.87,15.6,1,2010,4,8,98,14,hot_rainy
2010-04-09,2.086666666666667,79.21,26.87,15.6,1,2010,4,9,99,14,hot_rainy
2010-04-10,2.086666666666667,79.21,26.87,15.6,1,2010,4,10,100,14,hot_rainy
2010-04-11,2.086666666666667,79.21,26.87,15.6,1,2010,4,11,101,14,hot_rainy
2010-04-12,2.086666666666667,79.21,26.87,15.6,1,2010,4,12,102,15,hot_rainy
2010-04-13,2.086666666666667,79.21,26.87,15.6,1,2010,4,13,103,15,hot_rainy
2010-04-14,2.086666666666667,79.21,26.87,15.6,1,2010,4,14,104,15,hot_rainy
2010-04-15,2.086666666666667,79.21,26.87,15.6,1,2010,4,15,105,15,hot_rainy
2010-04-16,2.086666666666667,79.21,26.87,15.6,1,2010,4,16,106,15,hot_rainy
2010-04-17,2.086666666666667,79.21,26.87,15.6,1,2010,4,17,107,15,hot_rainy
2010-04-18,2.086666666666667,79.21,26.87,15.6,1,2010,4,18,108,15,hot_rainy
2010-04-19,2.086666666666667,79.21,26.87,15.6,1,2010,4,19,109,16,hot_rainy
2010-04-20,2.086666666666667,79.21,26.87,15.6,1,2010,4,20,110,16,hot_rainy
2010-04-21,2.086666666666667,79.21,26.87,15.6,1,2010,4,21,111,16,hot_rainy
2010-04-22,2.086666666666667,79.21,26.87,15.6,1,2010,4,22,112,16,hot_rainy
2010-04-23,2.086666666666667,79.21,26.87,15.6,1,2010,4,23,113,16,hot_rainy
2010-04-24,2.086666666666667,79.21,26.87,15.6,1,2010,4,24,114,16,hot_rainy
2010-04-25,2.086666666666667,79.21,26.87,15.6,1,2010,4,25,115,16,hot_rainy
2010-04-26,2.086666666666667,79.21,26.87,15.6,1,2010,4,26,116,17,hot_rainy
2010-04-27,2.086666666666667,79.21,26.87,15.6,1,2010,4,27,117,17,hot_rainy
2010-04-28,2.086666666666667,79.21,26.87,15.6,1,2010,4,28,118,17,hot_rainy
2010-04-29,2.086666666666667,79.21,26.87,15.6,1,2010,4,29,119,17,hot_rainy
2010-04-30,2.086666666666667,79.21,26.87,15.6,1,2010,4,30,120,17,hot_rainy
2010-05-01,0.11935483870967742,61.221428571428575,26.46,10.23,0,2010,5,1,121,17,cool_dry
2010-05-02,0.11935483870967742,61.221428571428575,26.46,10.23,0,2010,5,2,122,17,cool_dry
2010-05-03,0.11935483870967742,61.221428571428575,26.46,10.23,0,2010,5,3,123,18,cool_dry
2010-05-04,0.11935483870967742,61.221428571428575,26.46,10.23,0,2010,5,4,124,18,cool_dry
2010-05-05,0.11935483870967742,61.221428571428575,26.46,10.23,0,2010,5,5,125,18,cool_dry
2010-05-06,0.11935483870967742,61.221428571428575,26.46,10.23,0,2010,5,6,126,18,cool_dry
2010-05-07,0.11935483870967742,61.221428571428575,26.46,10.23,0,2010,5,7,127,18,cool_dry
2010-05-08,0.11935483870967742,61.221428571428575,26.46,10.23,0,2010,5,8,128,18,cool_dry
2010-05-09,0.11935483870967742,61.221428571428575,26.46,10.23,0,2010,5,9,129,18,cool_dry
2010-05-10,0.11935483870967742,61.221428571428575,26.46,10.23,0,2010,5,10,130,19,cool_dry
2010-05-11,0.11935483870967742,61.221428571428575,26.46,10.23,0,2010,5,11,131,19,cool_dry
2010-05-12,0.11935483870967742,61.221428571428575,26.46,10.23,0,2010,5,12,132,19,cool_dry
2010-05-13,0.11935483870967742,61.221428571428575,26.46,10.23,0,2010,5,13,133,19,cool_dry
2010-05-14,0.11935483870967742,61.221428571428575,26.46,10.23,0,2010,5,14,134,19,cool_dry
2010-05-15,0.11935483870967742,61.221428571428575,26.46,10.23,0,2010,5,15,135,19,cool_dry
2010-05-16,0.11935483870967742,61.221428571428575,26.46,10.23,0,2010,5,16,136,19,cool_dry
2010-05-17,0.11935483870967742,61.221428571428575,26.46,10.23,0,2010,5,17,137,20,cool_dry
2010-05-18,0.11935483870967742,61.221428571428575,26.46,10.23,0,2010,5,18,138,20,cool_dry
2010-05-19,0.11935483870967742,61.221428571428575,26.46,10.23,0,2010,5,19,139,20,cool_dry
2010-05-20,0.11935483870967742,61.221428571428575,26.46,10.23,0,2010,5,20,140,20,cool_dry
2010-05-21,0.11935483870967742,61.221428571428575,26.46,10.23,0,2010,5,21,141,20,cool_dry
2010-05-22,0.11935483870967742,61.221428571428575,26.46,10.23,0,2010,5,22,142,20,cool_dry
2010-05-23,0.11935483870967742,61.221428571428575,26.46,10.23,0,2010,5,23,143,20,cool_dry
2010-05-24,0.11935483870967742,61.221428571428575,26.46,10.23,0,2010,5,24,144,21,cool_dry
2010-05-25,0.11935483870967742,61.221428571428575,26.46,10.23,0,2010,5,25,145,21,cool_dry
2010-05-26,0.11935483870967742,61.221428571428575,26.46,10.23,0,2010,5,26,146,21,cool_dry
2010-05-27,0.11935483870967742,61.221428571428575,26.46,10.23,0,2010,5,27,147,21,cool_dry
2010-05-28,0.11935483870967742,61.221428571428575,26.46,10.23,0,2010,5,28,148,21,cool_dry
2010-05-29,0.11935483870967742,61.221428571428575,26.46,10.23,0,2010,5,29,149,21,cool_dry
2010-05-30,0.11935483870967742,61.221428571428575,26.46,10.23,0,2010,5,30,150,21,cool_dry
2010-05-31,0.11935483870967742,61.221428571428575,26.46,10.23,0,2010,5,31,151,22,cool_dry
2010-06-01,0.0,60.345,22.86,6.33,0,2010,6,1,152,22,cool_dry
2010-06-02,0.0,60.345,22.86,6.33,0,2010,6,2,153,22,cool_dry
2010-06-03,0.0,60.345,22.86,6.33,0,2010,6,3,154,22,cool_dry
2010-06-04,0.0,60.345,22.86,6.33,0,2010,6,4,155,22,cool_dry
2010-06-05,0.0,60.345,22.86,6.33,0,2010,6,5,156,22,cool_dry
2010-06-06,0.0,60.345,22.86,6.33,0,2010,6,6,157,22,cool_dry
2010-06-07,0.0,60.345,22.86,6.33,0,2010,6,7,158,23,cool_dry
2010-06-08,0.0,60.345,22.86,6.33,0,2010,6,8,159,23,cool_dry
2010-06-09,0.0,60.345,22.86,6.33,0,2010,6,9,160,23,cool_dry
2010-06-10,0.0,60.345,22.86,6.33,0,2010,6,10,161,23,cool_dry
2010-06-11,0.0,60.345,22.86,6.33,0,2010,6,11,162,23,cool_dry
2010-06-12,0.0,60.345,22.86,6.33,0,2010,6,12,163,23,cool_dry
2010-06-13,0.0,60.345,22.86,6.33,0,2010,6,13,164,23,cool_dry
2010-06-14,0.0,60.345,22.86,6.33,0,2010,6,14,165,24,cool_dry
2010-06-15,0.0,60.345,22.86,6.33,0,2010,6,15,166,24,cool_dry
2010-06-16,0.0,60.345,22.86,6.33,0,2010,6,16,167,24,cool_dry
2010-06-17,0.0,60.345,22.86,6.33,0,2010,6,17,168,24,cool_dry
2010-06-18,0.0,60.345,22.86,6.33,0,2010,6,18,169,24,cool_dry
2010-06-19,0.0,60.345,22.86,6.33,0,2010,6,19,170,24,cool_dry
2010-06-20,0.0,60.345,22.86,6.33,0,2010,6,20,171,24,cool_dry
2010-06-21,0.0,60.345,22.86,6.33,0,2010,6,21,172,25,cool_dry
2010-06-22,0.0,60.345,22.86,6.33,0,2010,6,22,173,25,cool_dry
2010-06-23,0.0,60.345,22.86,6.33,0,2010,6,23,174,25,cool_dry
2010-06-24,0.0,60.345,22.86,6.33,0,2010,6,24,175,25,cool_dry
2010-06-25,0.0,60.345,22.86,6.33,0,2010,6,25,176,25,cool_dry
2010-06-26,0.0,60.345,22.86,6.33,0,2010,6,26,177,25,cool_dry
2010-06-27,0.0,60.345,22.86,6.33,0,2010,6,27,178,25,cool_dry
2010-06-28,0.0,60.345,22.86,6.33,0,2010,6,28,179,26,cool_dry
2010-06-29,0.0,60.345,22.86,6.33,0,2010,6,29,180,26,cool_dry
2010-06-30,0.0,60.345,22.86,6.33,0,2010,6,30,181,26,cool_dry
2010-07-01,0.0,57.51681818181818,22.57,7.14,0,2010,7,1,182,26,cool_dry
2010-07-02,0.0,57.51681818181818,22.57,7.14,0,2010,7,2,183,26,cool_dry
2010-07-03,0.0,57.51681818181818,22.57,7.14,0,2010,7,3,184,26,cool_dry
2010-07-04,0.0,57.51681818181818,22.57,7.14,0,2010,7,4,185,26,cool_dry
2010-07-05,0.0,57.51681818181818,22.57,7.14,0,2010,7,5,186,27,cool_dry
2010-07-06,0.0,57.51681818181818,22.57,7.14,0,2010,7,6,187,27,cool_dry
2010-07-07,0.0,57.51681818181818,22.57,7.14,0,2010,7,7,188,27,cool_dry
2010-07-08,0.0,57.51681818181818,22.57,7.14,0,2010,7,8,189,27,cool_dry
2010-07-09,0.0,57.51681818181818,22.57,7.14,0,2010,7,9,190,27,cool_dry
2010-07-10,0.0,57.51681818181818,22.57,7.14,0,2010,7,10,191,27,cool_dry
2010-07-11,0.0,57.51681818181818,22.57,7.14,0,2010,7,11,192,27,cool_dry
2010-07-12,0.0,57.51681818181818,22.57,7.14,0,2010,7,12,193,28,cool_dry
2010-07-13,0.0,57.51681818181818,22.57,7.14,0,2010,7,13,194,28,cool_dry
2010-07-14,0.0,57.51681818181818,22.57,7.14,0,2010,7,14,195,28,cool_dry
2010-07-15,0.0,57.51681818181818,22.57,7.14,0,2010,7,15,196,28,cool_dry
2010-07-16,0.0,57.51681818181818,22.57,7.14,0,2010,7,16,197,28,cool_dry
2010-07-17,0.0,57.51681818181818,22.57,7.14,0,2010,7,17,198,28,cool_dry
2010-07-18,0.0,57.51681818181818,22.57,7.14,0,2010,7,18,199,28,cool_dry
2010-07-19,0.0,57.51681818181818,22.57,7.14,0,2010,7,19,200,29,cool_dry
2010-07-20,0.0,57.51681818181818,22.57,7.14,0,2010,7,20,201,29,cool_dry
2010-07-21,0.0,57.51681818181818,22.57,7.14,0,2010,7,21,202,29,cool_dry
2010-07-22,0.0,57.51681818181818,22.57,7.14,0,2010,7,22,203,29,cool_dry
2010-07-23,0.0,57.51681818181818,22.57,7.14,0,2010,7,23,204,29,cool_dry
2010-07-24,0.0,57.51681818181818,22.57,7.14,0,2010,7,24,205,29,cool_dry
2010-07-25,0.0,57.51681818181818,22.57,7.14,0,2010,7,25,206,29,cool_dry
2010-07-26,0.0,57.51681818181818,22.57,7.14,0,2010,7,26,207,30,cool_dry
2010-07-27,0.0,57.51681818181818,22.57,7.14,0,2010,7,27,208,30,cool_dry
2010-07-28,0.0,57.51681818181818,22.57,7.14,0,2010,7,28,209,30,cool_dry
2010-07-29,0.0,57.51681818181818,22.57,7.14,0,2010,7,29,210,30,cool_dry
2010-07-30,0.0,57.51681818181818,22.57,7.14,0,2010,7,30,211,30,cool_dry
2010-07-31,0.0,57.51681818181818,22.57,7.14,0,2010,7,31,212,30,cool_dry
2010-08-01,0.0,52.19,24.98,6.89,0,2010,8,1,213,30,cool_dry
2010-08-02,0.0,52.19,24.98,6.89,0,2010,8,2,214,31,cool_dry
2010-08-03,0.0,52.19,24.98,6.89,0,2010,8,3,215,31,cool_dry
2010-08-04,0.0,52.19,24.98,6.89,0,2010,8,4,216,31,cool_dry
2010-08-05,0.0,52.19,24.98,6.89,0,2010,8,5,217,31,cool_dry
2010-08-06,0.0,52.19,24.98,6.89,0,2010,8,6,218,31,cool_dry
2010-08-07,0.0,52.19,24.98,6.89,0,2010,8,7,219,31,cool_dry
2010-08-08,0.0,52.19,24.98,6.89,0,2010,8,8,220,31,cool_dry
2010-08-09,0.0,52.19,24.98,6.89,0,2010,8,9,221,32,cool_dry
2010-08-10,0.0,52.19,24.98,6.89,0,2010,8,10,222,32,cool_dry
2010-08-11,0.0,52.19,24.98,6.89,0,2010,8,11,223,32,cool_dry
2010-08-12,0.0,52.19,24.98,6.89,0,2010,8,12,224,32,cool_dry
2010-08-13,0.0,52.19,24.98,6.89,0,2010,8,13,225,32,cool_dry
2010-08-14,0.0,52.19,24.98,6.89,0,2010,8,14,226,32,cool_dry
2010-08-15,0.0,52.19,24.98,6.89,0,2010,8,15,227,32,cool_dry
2010-08-16,0.0,52.19,24.98,6.89,0,2010,8,16,228,33,cool_dry
2010-08-17,0.0,52.19,24.98,6.89,0,2010,8,17,229,33,cool_dry
2010-08-18,0.0,52.19,24.98,6.89,0,2010,8,18,230,33,cool_dry
2010-08-19,0.0,52.19,24.98,6.89,0,2010,8,19,231,33,cool_dry
2010-08-20,0.0,52.19,24.98,6.89,0,2010,8,20,232,33,cool_dry
2010-08-21,0.0,52.19,24.98,6.89,0,2010,8,21,233,33,cool_dry
2010-08-22,0.0,52.19,24.98,6.89,0,2010,8,22,234,33,cool_dry
2010-08-23,0.0,52.19,24.98,6.89,0,2010,8,23,235,34,cool_dry
2010-08-24,0.0,52.19,24.98,6.89,0,2010,8,24,236,34,cool_dry
2010-08-25,0.0,52.19,24.98,6.89,0,2010,8,25,237,34,cool_dry
2010-08-26,0.0,52.19,24.98,6.89,0,2010,8,26,238,34,cool_dry
2010-08-27,0.0,52.19,24.98,6.89,0,2010,8,27,239,34,cool_dry
2010-08-28,0.0,52.19,24.98,6.89,0,2010,8,28,240,34,cool_dry
2010-08-29,0.0,52.19,24.98,6.89,0,2010,8,29,241,34,cool_dry
2010-08-30,0.0,52.19,24.98,6.89,0,2010,8,30,242,35,cool_dry
2010-08-31,0.0,52.19,24.98,6.89,0,2010,8,31,243,35,cool_dry
2010-09-01,0.0,39.15,30.35,11.64,0,2010,9,1,244,35,hot_dry
2010-09-02,0.0,39.15,30.35,11.64,0,2010,9,2,245,35,hot_dry
2010-09-03,0.0,39.15,30.35,11.64,0,2010,9,3,246,35,hot_dry
2010-09-04,0.0,39.15,30.35,11.64,0,2010,9,4,247,35,hot_dry
2010-09-05,0.0,39.15,30.35,11.64,0,2010,9,5,248,35,hot_dry
2010-09-06,0.0,39.15,30.35,11.64,0,2010,9,6,249,36,hot_dry
2010-09-07,0.0,39.15,30.35,11.64,0,2010,9,7,250,36,hot_dry
2010-09-08,0.0,39.15,30.35,11.64,0,2010,9,8,251,36,hot_dry
2010-09-09,0.0,39.15,30.35,11.64,0,2010,9,9,252,36,hot_dry
2010-09-10,0.0,39.15,30.35,11.64,0,2010,9,10,253,36,hot_dry
2010-09-11,0.0,39.15,30.35,11.64,0,2010,9,11,254,36,hot_dry
2010-09-12,0.0,39.15,30.35,11.64,0,2010,9,12,255,36,hot_dry
2010-09-13,0.0,39.15,30.35,11.64,0,2010,9,13,256,37,hot_dry
2010-09-14,0.0,39.15,30.35,11.64,0,2010,9,14,257,37,hot_dry
2010-09-15,0.0,39.15,30.35,11.64,0,2010,9,15,258,37,hot_dry
2010-09-16,0.0,39.15,30.35,11.64,0,2010,9,16,259,37,hot_dry
2010-09-17,0.0,39.15,30.35,11.64,0,2010,9,17,260,37,hot_dry
2010-09-18,0.0,39.15,30.35,11.64,0,2010,9,18,261,37,hot_dry
2010-09-19,0.0,39.15,30.35,11.64,0,2010,9,19,262,37,hot_dry
2010-09-20,0.0,39.15,30.35,11.64,0,2010,9,20,263,38,hot_dry
2010-09-21,0.0,39.15,30.35,11.64,0,2010,9,21,264,38,hot_dry
2010-09-22,0.0,39.15,30.35,11.64,0,2010,9,22,265,38,hot_dry
2010-09-23,0.0,39.15,30.35,11.64,0,2010,9,23,266,38,hot_dry
2010-09-24,0.0,39.15,30.35,11.64,0,2010,9,24,267,38,hot_dry
2010-09-25,0.0,39.15,30.35,11.64,0,2010,9,25,268,38,hot_dry
2010-09-26,0.0,39.15,30.35,11.64,0,2010,9,26,269,38,hot_dry
2010-09-27,0.0,39.15,30.35,11.64,0,2010,9,27,270,39,hot_dry
2010-09-28,0.0,39.15,30.35,11.64,0,2010,9,28,271,39,hot_dry
2010-09-29,0.0,39.15,30.35,11.64,0,2010,9,29,272,39,hot_dry
2010-09-30,0.0,39.15,30.35,11.64,0,2010,9,30,273,39,hot_dry
2010-10-01,0.22258064516129034,44.34952380952381,34.19,16.7,0,2010,10,1,274,39,hot_dry
2010-10-02,0.22258064516129034,44.34952380952381,34.19,16.7,0,2010,10,2,275,39,hot_dry
2010-10-03,0.22258064516129034,44.34952380952381,34.19,16.7,0,2010,10,3,276,39,hot_dry
2010-10-04,0.22258064516129034,44.34952380952381,34.19,16.7,0,2010,10,4,277,40,hot_dry
2010-10-05,0.22258064516129034,44.34952380952381,34.19,16.7,0,2010,10,5,278,40,hot_dry
2010-10-06,0.22258064516129034,44.34952380952381,34.19,16.7,0,2010,10,6,279,40,hot_dry
2010-10-07,0.22258064516129034,44.34952380952381,34.19,16.7,0,2010,10,7,280,40,hot_dry
2010-10-08,0.22258064516129034,44.34952380952381,34.19,16.7,0,2010,10,8,281,40,hot_dry
2010-10-09,0.22258064516129034,44.34952380952381,34.19,16.7,0,2010,10,9,282,40,hot_dry
2010-10-10,0.22258064516129034,44.34952380952381,34.19,16.7,0,2010,10,10,283,40,hot_dry
2010-10-11,0.22258064516129034,44.34952380952381,34.19,16.7,0,2010,10,11,284,41,hot_dry
2010-10-12,0.22258064516129034,44.34952380952381,34.19,16.7,0,2010,10,12,285,41,hot_dry
2010-10-13,0.22258064516129034,44.34952380952381,34.19,16.7,0,2010,10,13,286,41,hot_dry
2010-10-14,0.22258064516129034,44.34952380952381,34.19,16.7,0,2010,10,14,287,41,hot_dry
2010-10-15,0.22258064516129034,44.34952380952381,34.19,16.7,0,2010,10,15,288,41,hot_dry
2010-10-16,0.22258064516129034,44.34952380952381,34.19,16.7,0,2010,10,16,289,41,hot_dry
2010-10-17,0.22258064516129034,44.34952380952381,34.19,16.7,0,2010,10,17,290,41,hot_dry
2010-10-18,0.22258064516129034,44.34952380952381,34.19,16.7,0,2010,10,18,291,42,hot_dry
2010-10-19,0.22258064516129034,44.34952380952381,34.19,16.7,0,2010,10,19,292,42,hot_dry
2010-10-20,0.22258064516129034,44.34952380952381,34.19,16.7,0,2010,10,20,293,42,hot_dry
2010-10-21,0.22258064516129034,44.34952380952381,34.19,16.7,0,2010,10,21,294,42,hot_dry
2010-10-22,0.22258064516129034,44.34952380952381,34.19,16.7,0,2010,10,22,295,42,hot_dry
2010-10-23,0.22258064516129034,44.34952380952381,34.19,16.7,0,2010,10,23,296,42,hot_dry
2010-10-24,0.22258064516129034,44.34952380952381,34.19,16.7,0,2010,10,24,297,42,hot_dry
2010-10-25,0.22258064516129034,44.34952380952381,34.19,16.7,0,2010,10,25,298,43,hot_dry
2010-10-26,0.22258064516129034,44.34952380952381,34.19,16.7,0,2010,10,26,299,43,hot_dry
2010-10-27,0.22258064516129034,44.34952380952381,34.19,16.7,0,2010,10,27,300,43,hot_dry
2010-10-28,0.22258064516129034,44.34952380952381,34.19,16.7,0,2010,10,28,301,43,hot_dry
2010-10-29,0.22258064516129034,44.34952380952381,34.19,16.7,0,2010,10,29,302,43,hot_dry
2010-10-30,0.22258064516129034,44.34952380952381,34.19,16.7,0,2010,10,30,303,43,hot_dry
2010-10-31,0.22258064516129034,44.34952380952381,34.19,16.7,0,2010,10,31,304,43,hot_dry
2010-11-01,3.86,59.35,31.21,17.39,1,2010,11,1,305,44,hot_rainy
2010-11-02,3.86,59.35,31.21,17.39,1,2010,11,2,306,44,hot_rainy
2010-11-03,3.86,59.35,31.21,17.39,1,2010,11,3,307,44,hot_rainy
2010-11-04,3.86,59.35,31.21,17.39,1,2010,11,4,308,44,hot_rainy
2010-11-05,3.86,59.35,31.21,17.39,1,2010,11,5,309,44,hot_rainy
2010-11-06,3.86,59.35,31.21,17.39,1,2010,11,6,310,44,hot_rainy
2010-11-07,3.86,59.35,31.21,17.39,1,2010,11,7,311,44,hot_rainy
2010-11-08,3.86,59.35,31.21,17.39,1,2010,11,8,312,45,hot_rainy
2010-11-09,3.86,59.35,31.21,17.39,1,2010,11,9,313,45,hot_rainy
2010-11-10,3.86,59.35,31.21,17.39,1,2010,11,10,314,45,hot_rainy
2010-11-11,3.86,59.35,31.21,17.39,1,2010,11,11,315,45,hot_rainy
2010-11-12,3.86,59.35,31.21,17.39,1,2010,11,12,316,45,hot_rainy
2010-11-13,3.86,59.35,31.21,17.39,1,2010,11,13,317,45,hot_rainy
2010-11-14,3.86,59.35,31.21,17.39,1,2010,11,14,318,45,hot_rainy
2010-11-15,3.86,59.35,31.21,17.39,1,2010,11,15,319,46,hot_rainy
2010-11-16,3.86,59.35,31.21,17.39,1,2010,11,16,320,46,hot_rainy
2010-11-17,3.86,59.35,31.21,17.39,1,2010,11,17,321,46,hot_rainy
2010-11-18,3.86,59.35,31.21,17.39,1,2010,11,18,322,46,hot_rainy
2010-11-19,3.86,59.35,31.21,17.39,1,2010,11,19,323,46,hot_rainy
2010-11-20,3.86,59.35,31.21,17.39,1,2010,11,20,324,46,hot_rainy
2010-11-21,3.86,59.35,31.21,17.39,1,2010,11,21,325,46,hot_rainy
2010-11-22,3.86,59.35,31.21,17.39,1,2010,11,22,326,47,hot_rainy
2010-11-23,3.86,59.35,31.21,17.39,1,2010,11,23,327,47,hot_rainy
2010-11-24,3.86,59.35,31.21,17.39,1,2010,11,24,328,47,hot_rainy
2010-11-25,3.86,59.35,31.21,17.39,1,2010,11,25,329,47,hot_rainy
2010-11-26,3.86,59.35,31.21,17.39,1,2010,11,26,330,47,hot_rainy
2010-11-27,3.86,59.35,31.21,17.39,1,2010,11,27,331,47,hot_rainy
2010-11-28,3.86,59.35,31.21,17.39,1,2010,11,28,332,47,hot_rainy
2010-11-29,3.86,59.35,31.21,17.39,1,2010,11,29,333,48,hot_rainy
2010-11-30,3.86,59.35,31.21,17.39,1,2010,11,30,334,48,hot_rainy
2010-12-01,8.725806451612904,81.9,26.72,16.87,1,2010,12,1,335,48,hot_rainy
2010-12-02,8.725806451612904,81.9,26.72,16.87,1,2010,12,2,336,48,hot_rainy
2010-12-03,8.725806451612904,81.9,26.72,16.87,1,2010,12,3,337,48,hot_rainy
2010-12-04,8.725806451612904,81.9,26.72,16.87,1,2010,12,4,338,48,hot_rainy
2010-12-05,8.725806451612904,81.9,26.72,16.87,1,2010,12,5,339,48,hot_rainy
2010-12-06,8.725806451612904,81.9,26.72,16.87,1,2010,12,6,340,49,hot_rainy
2010-12-07,8.725806451612904,81.9,26.72,16.87,1,2010,12,7,341,49,hot_rainy
2010-12-08,8.725806451612904,81.9,26.72,16.87,1,2010,12,8,342,49,hot_rainy
2010-12-09,8.725806451612904,81.9,26.72,16.87,1,2010,12,9,343,49,hot_rainy
2010-12-10,8.725806451612904,81.9,26.72,16.87,1,2010,12,10,344,49,hot_rainy
2010-12-11,8.725806451612904,81.9,26.72,16.87,1,2010,12,11,345,49,hot_rainy
2010-12-12,8.725806451612904,81.9,26.72,16.87,1,2010,12,12,346,49,hot_rainy
2010-12-13,8.725806451612904,81.9,26.72,16.87,1,2010,12,13,347,50,hot_rainy
2010-12-14,8.725806451612904,81.9,26.72,16.87,1,2010,12,14,348,50,hot_rainy
2010-12-15,8.725806451612904,81.9,26.72,16.87,1,2010,12,15,349,50,hot_rainy
2010-12-16,8.725806451612904,81.9,26.72,16.87,1,2010,12,16,350,50,hot_rainy
2010-12-17,8.725806451612904,81.9,26.72,16.87,1,2010,12,17,351,50,hot_rainy
2010-12-18,8.725806451612904,81.9,26.72,16.87,1,2010,12,18,352,50,hot_rainy
2010-12-19,8.725806451612904,81.9,26.72,16.87,1,2010,12,19,353,50,hot_rainy
2010-12-20,8.725806451612904,81.9,26.72,16.87,1,2010,12,20,354,51,hot_rainy
2010-12-21,8.725806451612904,81.9,26.72,16.87,1,2010,12,21,355,51,hot_rainy
2010-12-22,8.725806451612904,81.9,26.72,16.87,1,2010,12,22,356,51,hot_rainy
2010-12-23,8.725806451612904,81.9,26.72,16.87,1,2010,12,23,357,51,hot_rainy
2010-12-24,8.725806451612904,81.9,26.72,16.87,1,2010,12,24,358,51,hot_rainy
2010-12-25,8.725806451612904,81.9,26.72,16.87,1,2010,12,25,359,51,hot_rainy
2010-12-26,8.725806451612904,81.9,26.72,16.87,1,2010,12,26,360,51,hot_rainy
2010-12-27,8.725806451612904,81.9,26.72,16.87,1,2010,12,27,361,52,hot_rainy
2010-12-28,8.725806451612904,81.9,26.72,16.87,1,2010,12,28,362,52,hot_rainy
2010-12-29,8.725806451612904,81.9,26.72,16.87,1,2010,12,29,363,52,hot_rainy
2010-12-30,8.725806451612904,81.9,26.72,16.87,1,2010,12,30,364,52,hot_rainy
2010-12-31,8.725806451612904,81.9,26.72,16.87,1,2010,12,31,365,52,hot_rainy
2011-01-01,6.519354838709678,84.76,25.9,17.46,1,2011,1,1,1,52,hot_rainy
2011-01-02,6.519354838709678,84.76,25.9,17.46,1,2011,1,2,2,52,hot_rainy
2011-01-03,6.519354838709678,84.76,25.9,17.46,1,2011,1,3,3,1,hot_rainy
2011-01-04,6.519354838709678,84.76,25.9,17.46,1,2011,1,4,4,1,hot_rainy
2011-01-05,6.519354838709678,84.76,25.9,17.46,1,2011,1,5,5,1,hot_rainy
2011-01-06,6.519354838709678,84.76,25.9,17.46,1,2011,1,6,6,1,hot_rainy
2011-01-07,6.519354838709678,84.76,25.9,17.46,1,2011,1,7,7,1,hot_rainy
2011-01-08,6.519354838709678,84.76,25.9,17.46,1,2011,1,8,8,1,hot_rainy
2011-01-09,6.519354838709678,84.76,25.9,17.46,1,2011,1,9,9,1,hot_rainy
2011-01-10,6.519354838709678,84.76,25.9,17.46,1,2011,1,10,10,2,hot_rainy
2011-01-11,6.519354838709678,84.76,25.9,17.46,1,2011,1,11,11,2,hot_rainy
2011-01-12,6.519354838709678,84.76,25.9,17.46,1,2011,1,12,12,2,hot_rainy
2011-01-13,6.519354838709678,84.76,25.9,17.46,1,2011,1,13,13,2,hot_rainy
2011-01-14,6.519354838709678,84.76,25.9,17.46,1,2011,1,14,14,2,hot_rainy
2011-01-15,6.519354838709678,84.76,25.9,17.46,1,2011,1,15,15,2,hot_rainy
2011-01-16,6.519354838709678,84.76,25.9,17.46,1,2011,1,16,16,2,hot_rainy
2011-01-17,6.519354838709678,84.76,25.9,17.46,1,2011,1,17,17,3,hot_rainy
2011-01-18,6.519354838709678,84.76,25.9,17.46,1,2011,1,18,18,3,hot_rainy
2011-01-19,6.519354838709678,84.76,25.9,17.46,1,2011,1,19,19,3,hot_rainy
2011-01-20,6.519354838709678,84.76,25.9,17.46,1,2011,1,20,20,3,hot_rainy
2011-01-21,6.519354838709678,84.76,25.9,17.46,1,2011,1,21,21,3,hot_rainy
2011-01-22,6.519354838709678,84.76,25.9,17.46,1,2011,1,22,22,3,hot_rainy
2011-01-23,6.519354838709678,84.76,25.9,17.46,1,2011,1,23,23,3,hot_rainy
2011-01-24,6.519354838709678,84.76,25.9,17.46,1,2011,1,24,24,4,hot_rainy
2011-01-25,6.519354838709678,84.76,25.9,17.46,1,2011,1,25,25,4,hot_rainy
2011-01-26,6.519354838709678,84.76,25.9,17.46,1,2011,1,26,26,4,hot_rainy
2011-01-27,6.519354838709678,84.76,25.9,17.46,1,2011,1,27,27,4,hot_rainy
2011-01-28,6.519354838709678,84.76,25.9,17.46,1,2011,1,28,28,4,hot_rainy
2011-01-29,6.519354838709678,84.76,25.9,17.46,1,2011,1,29,29,4,hot_rainy
2011-01-30,6.519354838709678,84.76,25.9,17.46,1,2011,1,30,30,4,hot_rainy
2011-01-31,6.519354838709678,84.76,25.9,17.46,1,2011,1,31,31,5,hot_rainy
2011-02-01,4.728571428571429,79.16,27.57,15.61,1,2011,2,1,32,5,hot_rainy
2011-02-02,4.728571428571429,79.16,27.57,15.61,1,2011,2,2,33,5,hot_rainy
2011-02-03,4.728571428571429,79.16,27.57,15.61,1,2011,2,3,34,5,hot_rainy
2011-02-04,4.728571428571429,79.16,27.57,15.61,1,2011,2,4,35,5,hot_rainy
2011-02-05,4.728571428571429,79.16,27.57,15.61,1,2011,2,5,36,5,hot_rainy
2011-02-06,4.728571428571429,79.16,27.57,15.61,1,2011,2,6,37,5,hot_rainy
2011-02-07,4.728571428571429,79.16,27.57,15.61,1,2011,2,7,38,6,hot_rainy
2011-02-08,4.728571428571429,79.16,27.57,15.61,1,2011,2,8,39,6,hot_rainy
2011-02-09,4.728571428571429,79.16,27.57,15.61,1,2011,2,9,40,6,hot_rainy
2011-02-10,4.728571428571429,79.16,27.57,15.61,1,2011,2,10,41,6,hot_rainy
2011-02-11,4.728571428571429,79.16,27.57,15.61,1,2011,2,11,42,6,hot_rainy
2011-02-12,4.728571428571429,79.16,27.57,15.61,1,2011,2,12,43,6,hot_rainy
2011-02-13,4.728571428571429,79.16,27.57,15.61,1,2011,2,13,44,6,hot_rainy
2011-02-14,4.728571428571429,79.16,27.57,15.61,1,2011,2,14,45,7,hot_rainy
2011-02-15,4.728571428571429,79.16,27.57,15.61,1,2011,2,15,46,7,hot_rainy
2011-02-16,4.728571428571429,79.16,27.57,15.61,1,2011,2,16,47,7,hot_rainy
2011-02-17,4.728571428571429,79.16,27.57,15.61,1,2011,2,17,48,7,hot_rainy
2011-02-18,4.728571428571429,79.16,27.57,15.61,1,2011,2,18,49,7,hot_rainy
2011-02-19,4.728571428571429,79.16,27.57,15.61,1,2011,2,19,50,7,hot_rainy
2011-02-20,4.728571428571429,79.16,27.57,15.61,1,2011,2,20,51,7,hot_rainy
2011-02-21,4.728571428571429,79.16,27.57,15.61,1,2011,2,21,52,8,hot_rainy
2011-02-22,4.728571428571429,79.16,27.57,15.61,1,2011,2,22,53,8,hot_rainy
2011-02-23,4.728571428571429,79.16,27.57,15.61,1,2011,2,23,54,8,hot_rainy
2011-02-24,4.728571428571429,79.16,27.57,15.61,1,2011,2,24,55,8,hot_rainy
2011-02-25,4.728571428571429,79.16,27.57,15.61,1,2011,2,25,56,8,hot_rainy
2011-02-26,4.728571428571429,79.16,27.57,15.61,1,2011,2,26,57,8,hot_rainy
2011-02-27,4.728571428571429,79.16,27.57,15.61,1,2011,2,27,58,8,hot_rainy
2011-02-28,4.728571428571429,79.16,27.57,15.61,1,2011,2,28,59,9,hot_rainy
2011-03-01,2.806451612903226,81.1,26.78,16.02,1,2011,3,1,60,9,hot_rainy
2011-03-02,2.806451612903226,81.1,26.78,16.02,1,2011,3,2,61,9,hot_rainy
2011-03-03,2.806451612903226,81.1,26.78,16.02,1,2011,3,3,62,9,hot_rainy
2011-03-04,2.806451612903226,81.1,26.78,16.02,1,2011,3,4,63,9,hot_rainy
2011-03-05,2.806451612903226,81.1,26.78,16.02,1,2011,3,5,64,9,hot_rainy
2011-03-06,2.806451612903226,81.1,26.78,16.02,1,2011,3,6,65,9,hot_rainy
2011-03-07,2.806451612903226,81.1,26.78,16.02,1,2011,3,7,66,10,hot_rainy
2011-03-08,2.806451612903226,81.1,26.78,16.02,1,2011,3,8,67,10,hot_rainy
2011-03-09,2.806451612903226,81.1,26.78,16.02,1,2011,3,9,68,10,hot_rainy
2011-03-10,2.806451612903226,81.1,26.78,16.02,1,2011,3,10,69,10,hot_rainy
2011-03-11,2.806451612903226,81.1,26.78,16.02,1,2011,3,11,70,10,hot_rainy
2011-03-12,2.806451612903226,81.1,26.78,16.02,1,2011,3,12,71,10,hot_rainy
2011-03-13,2.806451612903226,81.1,26.78,16.02,1,2011,3,13,72,10,hot_rainy
2011-03-14,2.806451612903226,81.1,26.78,16.02,1,2011,3,14,73,11,hot_rainy
2011-03-15,2.806451612903226,81.1,26.78,16.02,1,2011,3,15,74,11,hot_rainy
2011-03-16,2.806451612903226,81.1,26.78,16.02,1,2011,3,16,75,11,hot_rainy
2011-03-17,2.806451612903226,81.1,26.78,16.02,1,2011,3,17,76,11,hot_rainy
2011-03-18,2.806451612903226,81.1,26.78,16.02,1,2011,3,18,77,11,hot_rainy
2011-03-19,2.806451612903226,81.1,26.78,16.02,1,2011,3,19,78,11,hot_rainy
2011-03-20,2.806451612903226,81.1,26.78,16.02,1,2011,3,20,79,11,hot_rainy
2011-03-21,2.806451612903226,81.1,26.78,16.02,1,2011,3,21,80,12,hot_rainy
2011-03-22,2.806451612903226,81.1,26.78,16.02,1,2011,3,22,81,12,hot_rainy
2011-03-23,2.806451612903226,81.1,26.78,16.02,1,2011,3,23,82,12,hot_rainy
2011-03-24,2.806451612903226,81.1,26.78,16.02,1,2011,3,24,83,12,hot_rainy
2011-03-25,2.806451612903226,81.1,26.78,16.02,1,2011,3,25,84,12,hot_rainy
2011-03-26,2.806451612903226,81.1,26.78,16.02,1,2011,3,26,85,12,hot_rainy
2011-03-27,2.806451612903226,81.1,26.78,16.02,1,2011,3,27,86,12,hot_rainy
2011-03-28,2.806451612903226,81.1,26.78,16.02,1,2011,3,28,87,13,hot_rainy
2011-03-29,2.806451612903226,81.1,26.78,16.02,1,2011,3,29,88,13,hot_rainy
2011-03-30,2.806451612903226,81.1,26.78,16.02,1,2011,3,30,89,13,hot_rainy
2011-03-31,2.806451612903226,81.1,26.78,16.02,1,2011,3,31,90,13,hot_rainy
2011-04-01,0.33666666666666667,67.55809523809523,28.13,13.81,0,2011,4,1,91,13,hot_rainy
2011-04-02,0.33666666666666667,67.55809523809523,28.13,13.81,0,2011,4,2,92,13,hot_rainy
2011-04-03,0.33666666666666667,67.55809523809523,28.13,13.81,0,2011,4,3,93,13,hot_rainy
2011-04-04,0.33666666666666667,67.55809523809523,28.13,13.81,0,2011,4,4,94,14,hot_rainy
2011-04-05,0.33666666666666667,67.55809523809523,28.13,13.81,0,2011,4,5,95,14,hot_rainy
2011-04-06,0.33666666666666667,67.55809523809523,28.13,13.81,0,2011,4,6,96,14,hot_rainy
2011-04-07,0.33666666666666667,67.55809523809523,28.13,13.81,0,2011,4,7,97,14,hot_rainy
2011-04-08,0.33666666666666667,67.55809523809523,28.13,13.81,0,2011,4,8,98,14,hot_rainy
2011-04-09,0.33666666666666667,67.55809523809523,28.13,13.81,0,2011,4,9,99,14,hot_rainy
2011-04-10,0.33666666666666667,67.55809523809523,28.13,13.81,0,2011,4,10,100,14,hot_rainy
2011-04-11,0.33666666666666667,67.55809523809523,28.13,13.81,0,2011,4,11,101,15,hot_rainy
2011-04-12,0.33666666666666667,67.55809523809523,28.13,13.81,0,2011,4,12,102,15,hot_rainy
2011-04-13,0.33666666666666667,67.55809523809523,28.13,13.81,0,2011,4,13,103,15,hot_rainy
2011-04-14,0.33666666666666667,67.55809523809523,28.13,13.81,0,2011,4,14,104,15,hot_rainy
2011-04-15,0.33666666666666667,67.55809523809523,28.13,13.81,0,2011,4,15,105,15,hot_rainy
2011-04-16,0.33666666666666667,67.55809523809523,28.13,13.81,0,2011,4,16,106,15,hot_rainy
2011-04-17,0.33666666666666667,67.55809523809523,28.13,13.81,0,2011,4,17,107,15,hot_rainy
2011-04-18,0.33666666666666667,67.55809523809523,28.13,13.81,0,2011,4,18,108,16,hot_rainy
2011-04-19,0.33666666666666667,67.55809523809523,28.13,13.81,0,2011,4,19,109,16,hot_rainy
2011-04-20,0.33666666666666667,67.55809523809523,28.13,13.81,0,2011,4,20,110,16,hot_rainy
2011-04-21,0.33666666666666667,67.55809523809523,28.13,13.81,0,2011,4,21,111,16,hot_rainy
2011-04-22,0.33666666666666667,67.55809523809523,28.13,13.81,0,2011,4,22,112,16,hot_rainy
2011-04-23,0.33666666666666667,67.55809523809523,28.13,13.81,0,2011,4,23,113,16,hot_rainy
2011-04-24,0.33666666666666667,67.55809523809523,28.13,13.81,0,2011,4,24,114,16,hot_rainy
2011-04-25,0.33666666666666667,67.55809523809523,28.13,13.81,0,2011,4,25,115,17,hot_rainy
2011-04-26,0.33666666666666667,67.55809523809523,28.13,13.81,0,2011,4,26,116,17,hot_rainy
2011-04-27,0.33666666666666667,67.55809523809523,28.13,13.81,0,2011,4,27,117,17,hot_rainy
2011-04-28,0.33666666666666667,67.55809523809523,28.13,13.81,0,2011,4,28,118,17,hot_rainy
2011-04-29,0.33666666666666667,67.55809523809523,28.13,13.81,0,2011,4,29,119,17,hot_rainy
2011-04-30,0.33666666666666667,67.55809523809523,28.13,13.81,0,2011,4,30,120,17,hot_rainy
2011-05-01,0.0,61.221428571428575,26.27,8.51,0,2011,5,1,121,17,cool_dry
2011-05-02,0.0,61.221428571428575,26.27,8.51,0,2011,5,2,122,18,cool_dry
2011-05-03,0.0,61.221428571428575,26.27,8.51,0,2011,5,3,123,18,cool_dry
2011-05-04,0.0,61.221428571428575,26.27,8.51,0,2011,5,4,124,18,cool_dry
2011-05-05,0.0,61.221428571428575,26.27,8.51,0,2011,5,5,125,18,cool_dry
2011-05-06,0.0,61.221428571428575,26.27,8.51,0,2011,5,6,126,18,cool_dry
2011-05-07,0.0,61.221428571428575,26.27,8.51,0,2011,5,7,127,18,cool_dry
2011-05-08,0.0,61.221428571428575,26.27,8.51,0,2011,5,8,128,18,cool_dry
2011-05-09,0.0,61.221428571428575,26.27,8.51,0,2011,5,9,129,19,cool_dry
2011-05-10,0.0,61.221428571428575,26.27,8.51,0,2011,5,10,130,19,cool_dry
2011-05-11,0.0,61.221428571428575,26.27,8.51,0,2011,5,11,131,19,cool_dry
2011-05-12,0.0,61.221428571428575,26.27,8.51,0,2011,5,12,132,19,cool_dry
2011-05-13,0.0,61.221428571428575,26.27,8.51,0,2011,5,13,133,19,cool_dry
2011-05-14,0.0,61.221428571428575,26.27,8.51,0,2011,5,14,134,19,cool_dry
2011-05-15,0.0,61.221428571428575,26.27,8.51,0,2011,5,15,135,19,cool_dry
2011-05-16,0.0,61.221428571428575,26.27,8.51,0,2011,5,16,136,20,cool_dry
2011-05-17,0.0,61.221428571428575,26.27,8.51,0,2011,5,17,137,20,cool_dry
2011-05-18,0.0,61.221428571428575,26.27,8.51,0,2011,5,18,138,20,cool_dry
2011-05-19,0.0,61.221428571428575,26.27,8.51,0,2011,5,19,139,20,cool_dry
2011-05-20,0.0,61.221428571428575,26.27,8.51,0,2011,5,20,140,20,cool_dry
2011-05-21,0.0,61.221428571428575,26.27,8.51,0,2011,5,21,141,20,cool_dry
2011-05-22,0.0,61.221428571428575,26.27,8.51,0,2011,5,22,142,20,cool_dry
2011-05-23,0.0,61.221428571428575,26.27,8.51,0,2011,5,23,143,21,cool_dry
2011-05-24,0.0,61.221428571428575,26.27,8.51,0,2011,5,24,144,21,cool_dry
2011-05-25,0.0,61.221428571428575,26.27,8.51,0,2011,5,25,145,21,cool_dry
2011-05-26,0.0,61.221428571428575,26.27,8.51,0,2011,5,26,146,21,cool_dry
2011-05-27,0.0,61.221428571428575,26.27,8.51,0,2011,5,27,147,21,cool_dry
2011-05-28,0.0,61.221428571428575,26.27,8.51,0,2011,5,28,148,21,cool_dry
2011-05-29,0.0,61.221428571428575,26.27,8.51,0,2011,5,29,149,21,cool_dry
2011-05-30,0.0,61.221428571428575,26.27,8.51,0,2011,5,30,150,22,cool_dry
2011-05-31,0.0,61.221428571428575,26.27,8.51,0,2011,5,31,151,22,cool_dry
2011-06-01,0.04666666666666666,56.29,24.57,5.84,0,2011,6,1,152,22,cool_dry
2011-06-02,0.04666666666666666,56.29,24.57,5.84,0,2011,6,2,153,22,cool_dry
2011-06-03,0.04666666666666666,56.29,24.57,5.84,0,2011,6,3,154,22,cool_dry
2011-06-04,0.04666666666666666,56.29,24.57,5.84,0,2011,6,4,155,22,cool_dry
2011-06-05,0.04666666666666666,56.29,24.57,5.84,0,2011,6,5,156,22,cool_dry
2011-06-06,0.04666666666666666,56.29,24.57,5.84,0,2011,6,6,157,23,cool_dry
2011-06-07,0.04666666666666666,56.29,24.57,5.84,0,2011,6,7,158,23,cool_dry
2011-06-08,0.04666666666666666,56.29,24.57,5.84,0,2011,6,8,159,23,cool_dry
2011-06-09,0.04666666666666666,56.29,24.57,5.84,0,2011,6,9,160,23,cool_dry
2011-06-10,0.04666666666666666,56.29,24.57,5.84,0,2011,6,10,161,23,cool_dry
2011-06-11,0.04666666666666666,56.29,24.57,5.84,0,2011,6,11,162,23,cool_dry
2011-06-12,0.04666666666666666,56.29,24.57,5.84,0,2011,6,12,163,23,cool_dry
2011-06-13,0.04666666666666666,56.29,24.57,5.84,0,2011,6,13,164,24,cool_dry
2011-06-14,0.04666666666666666,56.29,24.57,5.84,0,2011,6,14,165,24,cool_dry
2011-06-15,0.04666666666666666,56.29,24.57,5.84,0,2011,6,15,166,24,cool_dry
2011-06-16,0.04666666666666666,56.29,24.57,5.84,0,2011,6,16,167,24,cool_dry
2011-06-17,0.04666666666666666,56.29,24.57,5.84,0,2011,6,17,168,24,cool_dry
2011-06-18,0.04666666666666666,56.29,24.57,5.84,0,2011,6,18,169,24,cool_dry
2011-06-19,0.04666666666666666,56.29,24.57,5.84,0,2011,6,19,170,24,cool_dry
2011-06-20,0.04666666666666666,56.29,24.57,5.84,0,2011,6,20,171,25,cool_dry
2011-06-21,0.04666666666666666,56.29,24.57,5.84,0,2011,6,21,172,25,cool_dry
2011-06-22,0.04666666666666666,56.29,24.57,5.84,0,2011,6,22,173,25,cool_dry
2011-06-23,0.04666666666666666,56.29,24.57,5.84,0,2011,6,23,174,25,cool_dry
2011-06-24,0.04666666666666666,56.29,24.57,5.84,0,2011,6,24,175,25,cool_dry
2011-06-25,0.04666666666666666,56.29,24.57,5.84,0,2011,6,25,176,25,cool_dry
2011-06-26,0.04666666666666666,56.29,24.57,5.84,0,2011,6,26,177,25,cool_dry
2011-06-27,0.04666666666666666,56.29,24.57,5.84,0,2011,6,27,178,26,cool_dry
2011-06-28,0.04666666666666666,56.29,24.57,5.84,0,2011,6,28,179,26,cool_dry
2011-06-29,0.04666666666666666,56.29,24.57,5.84,0,2011,6,29,180,26,cool_dry
2011-06-30,0.04666666666666666,56.29,24.57,5.84,0,2011,6,30,181,26,cool_dry
2011-07-01,0.0,57.51681818181818,23.47,5.35,0,2011,7,1,182,26,cool_dry
2011-07-02,0.0,57.51681818181818,23.47,5.35,0,2011,7,2,183,26,cool_dry
2011-07-03,0.0,57.51681818181818,23.47,5.35,0,2011,7,3,184,26,cool_dry
2011-07-04,0.0,57.51681818181818,23.47,5.35,0,2011,7,4,185,27,cool_dry
2011-07-05,0.0,57.51681818181818,23.47,5.35,0,2011,7,5,186,27,cool_dry
2011-07-06,0.0,57.51681818181818,23.47,5.35,0,2011,7,6,187,27,cool_dry
2011-07-07,0.0,57.51681818181818,23.47,5.35,0,2011,7,7,188,27,cool_dry
2011-07-08,0.0,57.51681818181818,23.47,5.35,0,2011,7,8,189,27,cool_dry
2011-07-09,0.0,57.51681818181818,23.47,5.35,0,2011,7,9,190,27,cool_dry
2011-07-10,0.0,57.51681818181818,23.47,5.35,0,2011,7,10,191,27,cool_dry
2011-07-11,0.0,57.51681818181818,23.47,5.35,0,2011,7,11,192,28,cool_dry
2011-07-12,0.0,57.51681818181818,23.47,5.35,0,2011,7,12,193,28,cool_dry
2011-07-13,0.0,57.51681818181818,23.47,5.35,0,2011,7,13,194,28,cool_dry
2011-07-14,0.0,57.51681818181818,23.47,5.35,0,2011,7,14,195,28,cool_dry
2011-07-15,0.0,57.51681818181818,23.47,5.35,0,2011,7,15,196,28,cool_dry
2011-07-16,0.0,57.51681818181818,23.47,5.35,0,2011,7,16,197,28,cool_dry
2011-07-17,0.0,57.51681818181818,23.47,5.35,0,2011,7,17,198,28,cool_dry
2011-07-18,0.0,57.51681818181818,23.47,5.35,0,2011,7,18,199,29,cool_dry
2011-07-19,0.0,57.51681818181818,23.47,5.35,0,2011,7,19,200,29,cool_dry
2011-07-20,0.0,57.51681818181818,23.47,5.35,0,2011,7,20,201,29,cool_dry
2011-07-21,0.0,57.51681818181818,23.47,5.35,0,2011,7,21,202,29,cool_dry
2011-07-22,0.0,57.51681818181818,23.47,5.35,0,2011,7,22,203,29,cool_dry
2011-07-23,0.0,57.51681818181818,23.47,5.35,0,2011,7,23,204,29,cool_dry
2011-07-24,0.0,57.51681818181818,23.47,5.35,0,2011,7,24,205,29,cool_dry
2011-07-25,0.0,57.51681818181818,23.47,5.35,0,2011,7,25,206,30,cool_dry
2011-07-26,0.0,57.51681818181818,23.47,5.35,0,2011,7,26,207,30,cool_dry
2011-07-27,0.0,57.51681818181818,23.47,5.35,0,2011,7,27,208,30,cool_dry
2011-07-28,0.0,57.51681818181818,23.47,5.35,0,2011,7,28,209,30,cool_dry
2011-07-29,0.0,57.51681818181818,23.47,5.35,0,2011,7,29,210,30,cool_dry
2011-07-30,0.0,57.51681818181818,23.47,5.35,0,2011,7,30,211,30,cool_dry
2011-07-31,0.0,57.51681818181818,23.47,5.35,0,2011,7,31,212,30,cool_dry
2011-08-01,0.0,49.68869565217391,26.582142857142856,8.906666666666666,0,2011,8,1,213,31,cool_dry
2011-08-02,0.0,49.68869565217391,26.582142857142856,8.906666666666666,0,2011,8,2,214,31,cool_dry
2011-08-03,0.0,49.68869565217391,26.582142857142856,8.906666666666666,0,2011,8,3,215,31,cool_dry
2011-08-04,0.0,49.68869565217391,26.582142857142856,8.906666666666666,0,2011,8,4,216,31,cool_dry
2011-08-05,0.0,49.68869565217391,26.582142857142856,8.906666666666666,0,2011,8,5,217,31,cool_dry
2011-08-06,0.0,49.68869565217391,26.582142857142856,8.906666666666666,0,2011,8,6,218,31,cool_dry
2011-08-07,0.0,49.68869565217391,26.582142857142856,8.906666666666666,0,2011,8,7,219,31,cool_dry
2011-08-08,0.0,49.68869565217391,26.582142857142856,8.906666666666666,0,2011,8,8,220,32,cool_dry
2011-08-09,0.0,49.68869565217391,26.582142857142856,8.906666666666666,0,2011,8,9,221,32,cool_dry
2011-08-10,0.0,49.68869565217391,26.582142857142856,8.906666666666666,0,2011,8,10,222,32,cool_dry
2011-08-11,0.0,49.68869565217391,26.582142857142856,8.906666666666666,0,2011,8,11,223,32,cool_dry
2011-08-12,0.0,49.68869565217391,26.582142857142856,8.906666666666666,0,2011,8,12,224,32,cool_dry
2011-08-13,0.0,49.68869565217391,26.582142857142856,8.906666666666666,0,2011,8,13,225,32,cool_dry
2011-08-14,0.0,49.68869565217391,26.582142857142856,8.906666666666666,0,2011,8,14,226,32,cool_dry
2011-08-15,0.0,49.68869565217391,26.582142857142856,8.906666666666666,0,2011,8,15,227,33,cool_dry
2011-08-16,0.0,49.68869565217391,26.582142857142856,8.906666666666666,0,2011,8,16,228,33,cool_dry
2011-08-17,0.0,49.68869565217391,26.582142857142856,8.906666666666666,0,2011,8,17,229,33,cool_dry
2011-08-18,0.0,49.68869565217391,26.582142857142856,8.906666666666666,0,2011,8,18,230,33,cool_dry
2011-08-19,0.0,49.68869565217391,26.582142857142856,8.906666666666666,0,2011,8,19,231,33,cool_dry
2011-08-20,0.0,49.68869565217391,26.582142857142856,8.906666666666666,0,2011,8,20,232,33,cool_dry
2011-08-21,0.0,49.68869565217391,26.582142857142856,8.906666666666666,0,2011,8,21,233,33,cool_dry
2011-08-22,0.0,49.68869565217391,26.582142857142856,8.906666666666666,0,2011,8,22,234,34,cool_dry
2011-08-23,0.0,49.68869565217391,26.582142857142856,8.906666666666666,0,2011,8,23,235,34,cool_dry
2011-08-24,0.0,49.68869565217391,26.582142857142856,8.906666666666666,0,2011,8,24,236,34,cool_dry
2011-08-25,0.0,49.68869565217391,26.582142857142856,8.906666666666666,0,2011,8,25,237,34,cool_dry
2011-08-26,0.0,49.68869565217391,26.582142857142856,8.906666666666666,0,2011,8,26,238,34,cool_dry
2011-08-27,0.0,49.68869565217391,26.582142857142856,8.906666666666666,0,2011,8,27,239,34,cool_dry
2011-08-28,0.0,49.68869565217391,26.582142857142856,8.906666666666666,0,2011,8,28,240,34,cool_dry
2011-08-29,0.0,49.68869565217391,26.582142857142856,8.906666666666666,0,2011,8,29,241,35,cool_dry
2011-08-30,0.0,49.68869565217391,26.582142857142856,8.906666666666666,0,2011,8,30,242,35,cool_dry
2011-08-31,0.0,49.68869565217391,26.582142857142856,8.906666666666666,0,2011,8,31,243,35,cool_dry
2011-09-01,0.0,42.211363636363636,29.88,11.57,0,2011,9,1,244,35,hot_dry
2011-09-02,0.0,42.211363636363636,29.88,11.57,0,2011,9,2,245,35,hot_dry
2011-09-03,0.0,42.211363636363636,29.88,11.57,0,2011,9,3,246,35,hot_dry
2011-09-04,0.0,42.211363636363636,29.88,11.57,0,2011,9,4,247,35,hot_dry
2011-09-05,0.0,42.211363636363636,29.88,11.57,0,2011,9,5,248,36,hot_dry
2011-09-06,0.0,42.211363636363636,29.88,11.57,0,2011,9,6,249,36,hot_dry
2011-09-07,0.0,42.211363636363636,29.88,11.57,0,2011,9,7,250,36,hot_dry
2011-09-08,0.0,42.211363636363636,29.88,11.57,0,2011,9,8,251,36,hot_dry
2011-09-09,0.0,42.211363636363636,29.88,11.57,0,2011,9,9,252,36,hot_dry
2011-09-10,0.0,42.211363636363636,29.88,11.57,0,2011,9,10,253,36,hot_dry
2011-09-11,0.0,42.211363636363636,29.88,11.57,0,2011,9,11,254,36,hot_dry
2011-09-12,0.0,42.211363636363636,29.88,11.57,0,2011,9,12,255,37,hot_dry
2011-09-13,0.0,42.211363636363636,29.88,11.57,0,2011,9,13,256,37,hot_dry
2011-09-14,0.0,42.211363636363636,29.88,11.57,0,2011,9,14,257,37,hot_dry
2011-09-15,0.0,42.211363636363636,29.88,11.57,0,2011,9,15,258,37,hot_dry
2011-09-16,0.0,42.211363636363636,29.88,11.57,0,2011,9,16,259,37,hot_dry
2011-09-17,0.0,42.211363636363636,29.88,11.57,0,2011,9,17,260,37,hot_dry
2011-09-18,0.0,42.211363636363636,29.88,11.57,0,2011,9,18,261,37,hot_dry
2011-09-19,0.0,42.211363636363636,29.88,11.57,0,2011,9,19,262,38,hot_dry
2011-09-20,0.0,42.211363636363636,29.88,11.57,0,2011,9,20,263,38,hot_dry
2011-09-21,0.0,42.211363636363636,29.88,11.57,0,2011,9,21,264,38,hot_dry
2011-09-22,0.0,42.211363636363636,29.88,11.57,0,2011,9,22,265,38,hot_dry
2011-09-23,0.0,42.211363636363636,29.88,11.57,0,2011,9,23,266,38,hot_dry
2011-09-24,0.0,42.211363636363636,29.88,11.57,0,2011,9,24,267,38,hot_dry
2011-09-25,0.0,42.211363636363636,29.88,11.57,0,2011,9,25,268,38,hot_dry
2011-09-26,0.0,42.211363636363636,29.88,11.57,0,2011,9,26,269,39,hot_dry
2011-09-27,0.0,42.211363636363636,29.88,11.57,0,2011,9,27,270,39,hot_dry
2011-09-28,0.0,42.211363636363636,29.88,11.57,0,2011,9,28,271,39,hot_dry
2011-09-29,0.0,42.211363636363636,29.88,11.57,0,2011,9,29,272,39,hot_dry
2011-09-30,0.0,42.211363636363636,29.88,11.57,0,2011,9,30,273,39,hot_dry
2011-10-01,0.12580645161290321,51.03,32.46,16.22,0,2011,10,1,274,39,hot_dry
2011-10-02,0.12580645161290321,51.03,32.46,16.22,0,2011,10,2,275,39,hot_dry
2011-10-03,0.12580645161290321,51.03,32.46,16.22,0,2011,10,3,276,40,hot_dry
2011-10-04,0.12580645161290321,51.03,32.46,16.22,0,2011,10,4,277,40,hot_dry
2011-10-05,0.12580645161290321,51.03,32.46,16.22,0,2011,10,5,278,40,hot_dry
2011-10-06,0.12580645161290321,51.03,32.46,16.22,0,2011,10,6,279,40,hot_dry
2011-10-07,0.12580645161290321,51.03,32.46,16.22,0,2011,10,7,280,40,hot_dry
2011-10-08,0.12580645161290321,51.03,32.46,16.22,0,2011,10,8,281,40,hot_dry
2011-10-09,0.12580645161290321,51.03,32.46,16.22,0,2011,10,9,282,40,hot_dry
2011-10-10,0.12580645161290321,51.03,32.46,16.22,0,2011,10,10,283,41,hot_dry
2011-10-11,0.12580645161290321,51.03,32.46,16.22,0,2011,10,11,284,41,hot_dry
2011-10-12,0.12580645161290321,51.03,32.46,16.22,0,2011,10,12,285,41,hot_dry
2011-10-13,0.12580645161290321,51.03,32.46,16.22,0,2011,10,13,286,41,hot_dry
2011-10-14,0.12580645161290321,51.03,32.46,16.22,0,2011,10,14,287,41,hot_dry
2011-10-15,0.12580645161290321,51.03,32.46,16.22,0,2011,10,15,288,41,hot_dry
2011-10-16,0.12580645161290321,51.03,32.46,16.22,0,2011,10,16,289,41,hot_dry
2011-10-17,0.12580645161290321,51.03,32.46,16.22,0,2011,10,17,290,42,hot_dry
2011-10-18,0.12580645161290321,51.03,32.46,16.22,0,2011,10,18,291,42,hot_dry
2011-10-19,0.12580645161290321,51.03,32.46,16.22,0,2011,10,19,292,42,hot_dry
2011-10-20,0.12580645161290321,51.03,32.46,16.22,0,2011,10,20,293,42,hot_dry
2011-10-21,0.12580645161290321,51.03,32.46,16.22,0,2011,10,21,294,42,hot_dry
2011-10-22,0.12580645161290321,51.03,32.46,16.22,0,2011,10,22,295,42,hot_dry
2011-10-23,0.12580645161290321,51.03,32.46,16.22,0,2011,10,23,296,42,hot_dry
2011-10-24,0.12580645161290321,51.03,32.46,16.22,0,2011,10,24,297,43,hot_dry
2011-10-25,0.12580645161290321,51.03,32.46,16.22,0,2011,10,25,298,43,hot_dry
2011-10-26,0.12580645161290321,51.03,32.46,16.22,0,2011,10,26,299,43,hot_dry
2011-10-27,0.12580645161290321,51.03,32.46,16.22,0,2011,10,27,300,43,hot_dry
2011-10-28,0.12580645161290321,51.03,32.46,16.22,0,2011,10,28,301,43,hot_dry
2011-10-29,0.12580645161290321,51.03,32.46,16.22,0,2011,10,29,302,43,hot_dry
2011-10-30,0.12580645161290321,51.03,32.46,16.22,0,2011,10,30,303,43,hot_dry
2011-10-31,0.12580645161290321,51.03,32.46,16.22,0,2011,10,31,304,44,hot_dry
2011-11-01,2.9233333333333333,64.25,34.51,16.52,1,2011,11,1,305,44,hot_rainy
2011-11-02,2.9233333333333333,64.25,34.51,16.52,1,2011,11,2,306,44,hot_rainy
2011-11-03,2.9233333333333333,64.25,34.51,16.52,1,2011,11,3,307,44,hot_rainy
2011-11-04,2.9233333333333333,64.25,34.51,16.52,1,2011,11,4,308,44,hot_rainy
2011-11-05,2.9233333333333333,64.25,34.51,16.52,1,2011,11,5,309,44,hot_rainy
2011-11-06,2.9233333333333333,64.25,34.51,16.52,1,2011,11,6,310,44,hot_rainy
2011-11-07,2.9233333333333333,64.25,34.51,16.52,1,2011,11,7,311,45,hot_rainy
2011-11-08,2.9233333333333333,64.25,34.51,16.52,1,2011,11,8,312,45,hot_rainy
2011-11-09,2.9233333333333333,64.25,34.51,16.52,1,2011,11,9,313,45,hot_rainy
2011-11-10,2.9233333333333333,64.25,34.51,16.52,1,2011,11,10,314,45,hot_rainy
2011-11-11,2.9233333333333333,64.25,34.51,16.52,1,2011,11,11,315,45,hot_rainy
2011-11-12,2.9233333333333333,64.25,34.51,16.52,1,2011,11,12,316,45,hot_rainy
2011-11-13,2.9233333333333333,64.25,34.51,16.52,1,2011,11,13,317,45,hot_rainy
2011-11-14,2.9233333333333333,64.25,34.51,16.52,1,2011,11,14,318,46,hot_rainy
2011-11-15,2.9233333333333333,64.25,34.51,16.52,1,2011,11,15,319,46,hot_rainy
2011-11-16,2.9233333333333333,64.25,34.51,16.52,1,2011,11,16,320,46,hot_rainy
2011-11-17,2.9233333333333333,64.25,34.51,16.52,1,2011,11,17,321,46,hot_rainy
2011-11-18,2.9233333333333333,64.25,34.51,16.52,1,2011,11,18,322,46,hot_rainy
2011-11-19,2.9233333333333333,64.25,34.51,16.52,1,2011,11,19,323,46,hot_rainy
2011-11-20,2.9233333333333333,64.25,34.51,16.52,1,2011,11,20,324,46,hot_rainy
2011-11-21,2.9233333333333333,64.25,34.51,16.52,1,2011,11,21,325,47,hot_rainy
2011-11-22,2.9233333333333333,64.25,34.51,16.52,1,2011,11,22,326,47,hot_rainy
2011-11-23,2.9233333333333333,64.25,34.51,16.52,1,2011,11,23,327,47,hot_rainy
2011-11-24,2.9233333333333333,64.25,34.51,16.52,1,2011,11,24,328,47,hot_rainy
2011-11-25,2.9233333333333333,64.25,34.51,16.52,1,2011,11,25,329,47,hot_rainy
2011-11-26,2.9233333333333333,64.25,34.51,16.52,1,2011,11,26,330,47,hot_rainy
2011-11-27,2.9233333333333333,64.25,34.51,16.52,1,2011,11,27,331,47,hot_rainy
2011-11-28,2.9233333333333333,64.25,34.51,16.52,1,2011,11,28,332,48,hot_rainy
2011-11-29,2.9233333333333333,64.25,34.51,16.52,1,2011,11,29,333,48,hot_rainy
2011-11-30,2.9233333333333333,64.25,34.51,16.52,1,2011,11,30,334,48,hot_rainy
2011-12-01,9.019354838709678,73.86277777777778,27.88,16.76,1,2011,12,1,335,48,hot_rainy
2011-12-02,9.019354838709678,73.86277777777778,27.88,16.76,1,2011,12,2,336,48,hot_rainy
2011-12-03,9.019354838709678,73.86277777777778,27.88,16.76,1,2011,12,3,337,48,hot_rainy
2011-12-04,9.019354838709678,73.86277777777778,27.88,16.76,1,2011,12,4,338,48,hot_rainy
2011-12-05,9.019354838709678,73.86277777777778,27.88,16.76,1,2011,12,5,339,49,hot_rainy
2011-12-06,9.019354838709678,73.86277777777778,27.88,16.76,1,2011,12,6,340,49,hot_rainy
2011-12-07,9.019354838709678,73.86277777777778,27.88,16.76,1,2011,12,7,341,49,hot_rainy
2011-12-08,9.019354838709678,73.86277777777778,27.88,16.76,1,2011,12,8,342,49,hot_rainy
2011-12-09,9.019354838709678,73.86277777777778,27.88,16.76,1,2011,12,9,343,49,hot_rainy
2011-12-10,9.019354838709678,73.86277777777778,27.88,16.76,1,2011,12,10,344,49,hot_rainy
2011-12-11,9.019354838709678,73.86277777777778,27.88,16.76,1,2011,12,11,345,49,hot_rainy
2011-12-12,9.019354838709678,73.86277777777778,27.88,16.76,1,2011,12,12,346,50,hot_rainy
2011-12-13,9.019354838709678,73.86277777777778,27.88,16.76,1,2011,12,13,347,50,hot_rainy
2011-12-14,9.019354838709678,73.86277777777778,27.88,16.76,1,2011,12,14,348,50,hot_rainy
2011-12-15,9.019354838709678,73.86277777777778,27.88,16.76,1,2011,12,15,349,50,hot_rainy
2011-12-16,9.019354838709678,73.86277777777778,27.88,16.76,1,2011,12,16,350,50,hot_rainy
2011-12-17,9.019354838709678,73.86277777777778,27.88,16.76,1,2011,12,17,351,50,hot_rainy
2011-12-18,9.019354838709678,73.86277777777778,27.88,16.76,1,2011,12,18,352,50,hot_rainy
2011-12-19,9.019354838709678,73.86277777777778,27.88,16.76,1,2011,12,19,353,51,hot_rainy
2011-12-20,9.019354838709678,73.86277777777778,27.88,16.76,1,2011,12,20,354,51,hot_rainy
2011-12-21,9.019354838709678,73.86277777777778,27.88,16.76,1,2011,12,21,355,51,hot_rainy
2011-12-22,9.019354838709678,73.86277777777778,27.88,16.76,1,2011,12,22,356,51,hot_rainy
2011-12-23,9.019354838709678,73.86277777777778,27.88,16.76,1,2011,12,23,357,51,hot_rainy
2011-12-24,9.019354838709678,73.86277777777778,27.88,16.76,1,2011,12,24,358,51,hot_rainy
2011-12-25,9.019354838709678,73.86277777777778,27.88,16.76,1,2011,12,25,359,51,hot_rainy
2011-12-26,9.019354838709678,73.86277777777778,27.88,16.76,1,2011,12,26,360,52,hot_rainy
2011-12-27,9.019354838709678,73.86277777777778,27.88,16.76,1,2011,12,27,361,52,hot_rainy
2011-12-28,9.019354838709678,73.86277777777778,27.88,16.76,1,2011,12,28,362,52,hot_rainy
2011-12-29,9.019354838709678,73.86277777777778,27.88,16.76,1,2011,12,29,363,52,hot_rainy
2011-12-30,9.019354838709678,73.86277777777778,27.88,16.76,1,2011,12,30,364,52,hot_rainy
2011-12-31,9.019354838709678,73.86277777777778,27.88,16.76,1,2011,12,31,365,52,hot_rainy
2012-01-01,5.932258064516129,79.25375,27.84,16.81,1,2012,1,1,1,52,hot_rainy
2012-01-02,5.932258064516129,79.25375,27.84,16.81,1,2012,1,2,2,1,hot_rainy
2012-01-03,5.932258064516129,79.25375,27.84,16.81,1,2012,1,3,3,1,hot_rainy
2012-01-04,5.932258064516129,79.25375,27.84,16.81,1,2012,1,4,4,1,hot_rainy
2012-01-05,5.932258064516129,79.25375,27.84,16.81,1,2012,1,5,5,1,hot_rainy
2012-01-06,5.932258064516129,79.25375,27.84,16.81,1,2012,1,6,6,1,hot_rainy
2012-01-07,5.932258064516129,79.25375,27.84,16.81,1,2012,1,7,7,1,hot_rainy
2012-01-08,5.932258064516129,79.25375,27.84,16.81,1,2012,1,8,8,1,hot_rainy
2012-01-09,5.932258064516129,79.25375,27.84,16.81,1,2012,1,9,9,2,hot_rainy
2012-01-10,5.932258064516129,79.25375,27.84,16.81,1,2012,1,10,10,2,hot_rainy
2012-01-11,5.932258064516129,79.25375,27.84,16.81,1,2012,1,11,11,2,hot_rainy
2012-01-12,5.932258064516129,79.25375,27.84,16.81,1,2012,1,12,12,2,hot_rainy
2012-01-13,5.932258064516129,79.25375,27.84,16.81,1,2012,1,13,13,2,hot_rainy
2012-01-14,5.932258064516129,79.25375,27.84,16.81,1,2012,1,14,14,2,hot_rainy
2012-01-15,5.932258064516129,79.25375,27.84,16.81,1,2012,1,15,15,2,hot_rainy
2012-01-16,5.932258064516129,79.25375,27.84,16.81,1,2012,1,16,16,3,hot_rainy
2012-01-17,5.932258064516129,79.25375,27.84,16.81,1,2012,1,17,17,3,hot_rainy
2012-01-18,5.932258064516129,79.25375,27.84,16.81,1,2012,1,18,18,3,hot_rainy
2012-01-19,5.932258064516129,79.25375,27.84,16.81,1,2012,1,19,19,3,hot_rainy
2012-01-20,5.932258064516129,79.25375,27.84,16.81,1,2012,1,20,20,3,hot_rainy
2012-01-21,5.932258064516129,79.25375,27.84,16.81,1,2012,1,21,21,3,hot_rainy
2012-01-22,5.932258064516129,79.25375,27.84,16.81,1,2012,1,22,22,3,hot_rainy
2012-01-23,5.932258064516129,79.25375,27.84,16.81,1,2012,1,23,23,4,hot_rainy
2012-01-24,5.932258064516129,79.25375,27.84,16.81,1,2012,1,24,24,4,hot_rainy
2012-01-25,5.932258064516129,79.25375,27.84,16.81,1,2012,1,25,25,4,hot_rainy
2012-01-26,5.932258064516129,79.25375,27.84,16.81,1,2012,1,26,26,4,hot_rainy
2012-01-27,5.932258064516129,79.25375,27.84,16.81,1,2012,1,27,27,4,hot_rainy
2012-01-28,5.932258064516129,79.25375,27.84,16.81,1,2012,1,28,28,4,hot_rainy
2012-01-29,5.932258064516129,79.25375,27.84,16.81,1,2012,1,29,29,4,hot_rainy
2012-01-30,5.932258064516129,79.25375,27.84,16.81,1,2012,1,30,30,5,hot_rainy
2012-01-31,5.932258064516129,79.25375,27.84,16.81,1,2012,1,31,31,5,hot_rainy
2012-02-01,3.882758620689655,80.07,27.95,17.08,1,2012,2,1,32,5,hot_rainy
2012-02-02,3.882758620689655,80.07,27.95,17.08,1,2012,2,2,33,5,hot_rainy
2012-02-03,3.882758620689655,80.07,27.95,17.08,1,2012,2,3,34,5,hot_rainy
2012-02-04,3.882758620689655,80.07,27.95,17.08,1,2012,2,4,35,5,hot_rainy
2012-02-05,3.882758620689655,80.07,27.95,17.08,1,2012,2,5,36,5,hot_rainy
2012-02-06,3.882758620689655,80.07,27.95,17.08,1,2012,2,6,37,6,hot_rainy
2012-02-07,3.882758620689655,80.07,27.95,17.08,1,2012,2,7,38,6,hot_rainy
2012-02-08,3.882758620689655,80.07,27.95,17.08,1,2012,2,8,39,6,hot_rainy
2012-02-09,3.882758620689655,80.07,27.95,17.08,1,2012,2,9,40,6,hot_rainy
2012-02-10,3.882758620689655,80.07,27.95,17.08,1,2012,2,10,41,6,hot_rainy
2012-02-11,3.882758620689655,80.07,27.95,17.08,1,2012,2,11,42,6,hot_rainy
2012-02-12,3.882758620689655,80.07,27.95,17.08,1,2012,2,12,43,6,hot_rainy
2012-02-13,3.882758620689655,80.07,27.95,17.08,1,2012,2,13,44,7,hot_rainy
2012-02-14,3.882758620689655,80.07,27.95,17.08,1,2012,2,14,45,7,hot_rainy
2012-02-15,3.882758620689655,80.07,27.95,17.08,1,2012,2,15,46,7,hot_rainy
2012-02-16,3.882758620689655,80.07,27.95,17.08,1,2012,2,16,47,7,hot_rainy
2012-02-17,3.882758620689655,80.07,27.95,17.08,1,2012,2,17,48,7,hot_rainy
2012-02-18,3.882758620689655,80.07,27.95,17.08,1,2012,2,18,49,7,hot_rainy
2012-02-19,3.882758620689655,80.07,27.95,17.08,1,2012,2,19,50,7,hot_rainy
2012-02-20,3.882758620689655,80.07,27.95,17.08,1,2012,2,20,51,8,hot_rainy
2012-02-21,3.882758620689655,80.07,27.95,17.08,1,2012,2,21,52,8,hot_rainy
2012-02-22,3.882758620689655,80.07,27.95,17.08,1,2012,2,22,53,8,hot_rainy
2012-02-23,3.882758620689655,80.07,27.95,17.08,1,2012,2,23,54,8,hot_rainy
2012-02-24,3.882758620689655,80.07,27.95,17.08,1,2012,2,24,55,8,hot_rainy
2012-02-25,3.882758620689655,80.07,27.95,17.08,1,2012,2,25,56,8,hot_rainy
2012-02-26,3.882758620689655,80.07,27.95,17.08,1,2012,2,26,57,8,hot_rainy
2012-02-27,3.882758620689655,80.07,27.95,17.08,1,2012,2,27,58,9,hot_rainy
2012-02-28,3.882758620689655,80.07,27.95,17.08,1,2012,2,28,59,9,hot_rainy
2012-02-29,3.882758620689655,80.07,27.95,17.08,1,2012,2,29,60,9,hot_rainy
2012-03-01,2.4935483870967743,74.81,27.24,16.29,1,2012,3,1,61,9,hot_rainy
2012-03-02,2.4935483870967743,74.81,27.24,16.29,1,2012,3,2,62,9,hot_rainy
2012-03-03,2.4935483870967743,74.81,27.24,16.29,1,2012,3,3,63,9,hot_rainy
2012-03-04,2.4935483870967743,74.81,27.24,16.29,1,2012,3,4,64,9,hot_rainy
2012-03-05,2.4935483870967743,74.81,27.24,16.29,1,2012,3,5,65,10,hot_rainy
2012-03-06,2.4935483870967743,74.81,27.24,16.29,1,2012,3,6,66,10,hot_rainy
2012-03-07,2.4935483870967743,74.81,27.24,16.29,1,2012,3,7,67,10,hot_rainy
2012-03-08,2.4935483870967743,74.81,27.24,16.29,1,2012,3,8,68,10,hot_rainy
2012-03-09,2.4935483870967743,74.81,27.24,16.29,1,2012,3,9,69,10,hot_rainy
2012-03-10,2.4935483870967743,74.81,27.24,16.29,1,2012,3,10,70,10,hot_rainy
2012-03-11,2.4935483870967743,74.81,27.24,16.29,1,2012,3,11,71,10,hot_rainy
2012-03-12,2.4935483870967743,74.81,27.24,16.29,1,2012,3,12,72,11,hot_rainy
2012-03-13,2.4935483870967743,74.81,27.24,16.29,1,2012,3,13,73,11,hot_rainy
2012-03-14,2.4935483870967743,74.81,27.24,16.29,1,2012,3,14,74,11,hot_rainy
2012-03-15,2.4935483870967743,74.81,27.24,16.29,1,2012,3,15,75,11,hot_rainy
2012-03-16,2.4935483870967743,74.81,27.24,16.29,1,2012,3,16,76,11,hot_rainy
2012-03-17,2.4935483870967743,74.81,27.24,16.29,1,2012,3,17,77,11,hot_rainy
2012-03-18,2.4935483870967743,74.81,27.24,16.29,1,2012,3,18,78,11,hot_rainy
2012-03-19,2.4935483870967743,74.81,27.24,16.29,1,2012,3,19,79,12,hot_rainy
2012-03-20,2.4935483870967743,74.81,27.24,16.29,1,2012,3,20,80,12,hot_rainy
2012-03-21,2.4935483870967743,74.81,27.24,16.29,1,2012,3,21,81,12,hot_rainy
2012-03-22,2.4935483870967743,74.81,27.24,16.29,1,2012,3,22,82,12,hot_rainy
2012-03-23,2.4935483870967743,74.81,27.24,16.29,1,2012,3,23,83,12,hot_rainy
2012-03-24,2.4935483870967743,74.81,27.24,16.29,1,2012,3,24,84,12,hot_rainy
2012-03-25,2.4935483870967743,74.81,27.24,16.29,1,2012,3,25,85,12,hot_rainy
2012-03-26,2.4935483870967743,74.81,27.24,16.29,1,2012,3,26,86,13,hot_rainy
2012-03-27,2.4935483870967743,74.81,27.24,16.29,1,2012,3,27,87,13,hot_rainy
2012-03-28,2.4935483870967743,74.81,27.24,16.29,1,2012,3,28,88,13,hot_rainy
2012-03-29,2.4935483870967743,74.81,27.24,16.29,1,2012,3,29,89,13,hot_rainy
2012-03-30,2.4935483870967743,74.81,27.24,16.29,1,2012,3,30,90,13,hot_rainy
2012-03-31,2.4935483870967743,74.81,27.24,16.29,1,2012,3,31,91,13,hot_rainy
2012-04-01,0.9700000000000001,66.9,26.19,11.61,0,2012,4,1,92,13,hot_rainy
2012-04-02,0.9700000000000001,66.9,26.19,11.61,0,2012,4,2,93,14,hot_rainy
2012-04-03,0.9700000000000001,66.9,26.19,11.61,0,2012,4,3,94,14,hot_rainy
2012-04-04,0.9700000000000001,66.9,26.19,11.61,0,2012,4,4,95,14,hot_rainy
2012-04-05,0.9700000000000001,66.9,26.19,11.61,0,2012,4,5,96,14,hot_rainy
2012-04-06,0.9700000000000001,66.9,26.19,11.61,0,2012,4,6,97,14,hot_rainy
2012-04-07,0.9700000000000001,66.9,26.19,11.61,0,2012,4,7,98,14,hot_rainy
2012-04-08,0.9700000000000001,66.9,26.19,11.61,0,2012,4,8,99,14,hot_rainy
2012-04-09,0.9700000000000001,66.9,26.19,11.61,0,2012,4,9,100,15,hot_rainy
2012-04-10,0.9700000000000001,66.9,26.19,11.61,0,2012,4,10,101,15,hot_rainy
2012-04-11,0.9700000000000001,66.9,26.19,11.61,0,2012,4,11,102,15,hot_rainy
2012-04-12,0.9700000000000001,66.9,26.19,11.61,0,2012,4,12,103,15,hot_rainy
2012-04-13,0.9700000000000001,66.9,26.19,11.61,0,2012,4,13,104,15,hot_rainy
2012-04-14,0.9700000000000001,66.9,26.19,11.61,0,2012,4,14,105,15,hot_rainy
2012-04-15,0.9700000000000001,66.9,26.19,11.61,0,2012,4,15,106,15,hot_rainy
2012-04-16,0.9700000000000001,66.9,26.19,11.61,0,2012,4,16,107,16,hot_rainy
2012-04-17,0.9700000000000001,66.9,26.19,11.61,0,2012,4,17,108,16,hot_rainy
2012-04-18,0.9700000000000001,66.9,26.19,11.61,0,2012,4,18,109,16,hot_rainy
2012-04-19,0.9700000000000001,66.9,26.19,11.61,0,2012,4,19,110,16,hot_rainy
2012-04-20,0.9700000000000001,66.9,26.19,11.61,0,2012,4,20,111,16,hot_rainy
2012-04-21,0.9700000000000001,66.9,26.19,11.61,0,2012,4,21,112,16,hot_rainy
2012-04-22,0.9700000000000001,66.9,26.19,11.61,0,2012,4,22,113,16,hot_rainy
2012-04-23,0.9700000000000001,66.9,26.19,11.61,0,2012,4,23,114,17,hot_rainy
2012-04-24,0.9700000000000001,66.9,26.19,11.61,0,2012,4,24,115,17,hot_rainy
2012-04-25,0.9700000000000001,66.9,26.19,11.61,0,2012,4,25,116,17,hot_rainy
2012-04-26,0.9700000000000001,66.9,26.19,11.61,0,2012,4,26,117,17,hot_rainy
2012-04-27,0.9700000000000001,66.9,26.19,11.61,0,2012,4,27,118,17,hot_rainy
2012-04-28,0.9700000000000001,66.9,26.19,11.61,0,2012,4,28,119,17,hot_rainy
2012-04-29,0.9700000000000001,66.9,26.19,11.61,0,2012,4,29,120,17,hot_rainy
2012-04-30,0.9700000000000001,66.9,26.19,11.61,0,2012,4,30,121,18,hot_rainy
2012-05-01,0.0,56.26,25.48,8.01,0,2012,5,1,122,18,cool_dry
2012-05-02,0.0,56.26,25.48,8.01,0,2012,5,2,123,18,cool_dry
2012-05-03,0.0,56.26,25.48,8.01,0,2012,5,3,124,18,cool_dry
2012-05-04,0.0,56.26,25.48,8.01,0,2012,5,4,125,18,cool_dry
2012-05-05,0.0,56.26,25.48,8.01,0,2012,5,5,126,18,cool_dry
2012-05-06,0.0,56.26,25.48,8.01,0,2012,5,6,127,18,cool_dry
2012-05-07,0.0,56.26,25.48,8.01,0,2012,5,7,128,19,cool_dry
2012-05-08,0.0,56.26,25.48,8.01,0,2012,5,8,129,19,cool_dry
2012-05-09,0.0,56.26,25.48,8.01,0,2012,5,9,130,19,cool_dry
2012-05-10,0.0,56.26,25.48,8.01,0,2012,5,10,131,19,cool_dry
2012-05-11,0.0,56.26,25.48,8.01,0,2012,5,11,132,19,cool_dry
2012-05-12,0.0,56.26,25.48,8.01,0,2012,5,12,133,19,cool_dry
2012-05-13,0.0,56.26,25.48,8.01,0,2012,5,13,134,19,cool_dry
2012-05-14,0.0,56.26,25.48,8.01,0,2012,5,14,135,20,cool_dry
2012-05-15,0.0,56.26,25.48,8.01,0,2012,5,15,136,20,cool_dry
2012-05-16,0.0,56.26,25.48,8.01,0,2012,5,16,137,20,cool_dry
2012-05-17,0.0,56.26,25.48,8.01,0,2012,5,17,138,20,cool_dry
2012-05-18,0.0,56.26,25.48,8.01,0,2012,5,18,139,20,cool_dry
2012-05-19,0.0,56.26,25.48,8.01,0,2012,5,19,140,20,cool_dry
2012-05-20,0.0,56.26,25.48,8.01,0,2012,5,20,141,20,cool_dry
2012-05-21,0.0,56.26,25.48,8.01,0,2012,5,21,142,21,cool_dry
2012-05-22,0.0,56.26,25.48,8.01,0,2012,5,22,143,21,cool_dry
2012-05-23,0.0,56.26,25.48,8.01,0,2012,5,23,144,21,cool_dry
2012-05-24,0.0,56.26,25.48,8.01,0,2012,5,24,145,21,cool_dry
2012-05-25,0.0,56.26,25.48,8.01,0,2012,5,25,146,21,cool_dry
2012-05-26,0.0,56.26,25.48,8.01,0,2012,5,26,147,21,cool_dry
2012-05-27,0.0,56.26,25.48,8.01,0,2012,5,27,148,21,cool_dry
2012-05-28,0.0,56.26,25.48,8.01,0,2012,5,28,149,22,cool_dry
2012-05-29,0.0,56.26,25.48,8.01,0,2012,5,29,150,22,cool_dry
2012-05-30,0.0,56.26,25.48,8.01,0,2012,5,30,151,22,cool_dry
2012-05-31,0.0,56.26,25.48,8.01,0,2012,5,31,152,22,cool_dry
2012-06-01,0.0,57.41,24.08,7.31,0,2012,6,1,153,22,cool_dry
2012-06-02,0.0,57.41,24.08,7.31,0,2012,6,2,154,22,cool_dry
2012-06-03,0.0,57.41,24.08,7.31,0,2012,6,3,155,22,cool_dry
2012-06-04,0.0,57.41,24.08,7.31,0,2012,6,4,156,23,cool_dry
2012-06-05,0.0,57.41,24.08,7.31,0,2012,6,5,157,23,cool_dry
2012-06-06,0.0,57.41,24.08,7.31,0,2012,6,6,158,23,cool_dry
2012-06-07,0.0,57.41,24.08,7.31,0,2012,6,7,159,23,cool_dry
2012-06-08,0.0,57.41,24.08,7.31,0,2012,6,8,160,23,cool_dry
2012-06-09,0.0,57.41,24.08,7.31,0,2012,6,9,161,23,cool_dry
2012-06-10,0.0,57.41,24.08,7.31,0,2012,6,10,162,23,cool_dry
2012-06-11,0.0,57.41,24.08,7.31,0,2012,6,11,163,24,cool_dry
2012-06-12,0.0,57.41,24.08,7.31,0,2012,6,12,164,24,cool_dry
2012-06-13,0.0,57.41,24.08,7.31,0,2012,6,13,165,24,cool_dry
2012-06-14,0.0,57.41,24.08,7.31,0,2012,6,14,166,24,cool_dry
2012-06-15,0.0,57.41,24.08,7.31,0,2012,6,15,167,24,cool_dry
2012-06-16,0.0,57.41,24.08,7.31,0,2012,6,16,168,24,cool_dry
2012-06-17,0.0,57.41,24.08,7.31,0,2012,6,17,169,24,cool_dry
2012-06-18,0.0,57.41,24.08,7.31,0,2012,6,18,170,25,cool_dry
2012-06-19,0.0,57.41,24.08,7.31,0,2012,6,19,171,25,cool_dry
2012-06-20,0.0,57.41,24.08,7.31,0,2012,6,20,172,25,cool_dry
2012-06-21,0.0,57.41,24.08,7.31,0,2012,6,21,173,25,cool_dry
2012-06-22,0.0,57.41,24.08,7.31,0,2012,6,22,174,25,cool_dry
2012-06-23,0.0,57.41,24.08,7.31,0,2012,6,23,175,25,cool_dry
2012-06-24,0.0,57.41,24.08,7.31,0,2012,6,24,176,25,cool_dry
2012-06-25,0.0,57.41,24.08,7.31,0,2012,6,25,177,26,cool_dry
2012-06-26,0.0,57.41,24.08,7.31,0,2012,6,26,178,26,cool_dry
2012-06-27,0.0,57.41,24.08,7.31,0,2012,6,27,179,26,cool_dry
2012-06-28,0.0,57.41,24.08,7.31,0,2012,6,28,180,26,cool_dry
2012-06-29,0.0,57.41,24.08,7.31,0,2012,6,29,181,26,cool_dry
2012-06-30,0.0,57.41,24.08,7.31,0,2012,6,30,182,26,cool_dry
2012-07-01,0.0,50.71,24.03,5.58,0,2012,7,1,183,26,cool_dry
2012-07-02,0.0,50.71,24.03,5.58,0,2012,7,2,184,27,cool_dry
2012-07-03,0.0,50.71,24.03,5.58,0,2012,7,3,185,27,cool_dry
2012-07-04,0.0,50.71,24.03,5.58,0,2012,7,4,186,27,cool_dry
2012-07-05,0.0,50.71,24.03,5.58,0,2012,7,5,187,27,cool_dry
2012-07-06,0.0,50.71,24.03,5.58,0,2012,7,6,188,27,cool_dry
2012-07-07,0.0,50.71,24.03,5.58,0,2012,7,7,189,27,cool_dry
2012-07-08,0.0,50.71,24.03,5.58,0,2012,7,8,190,27,cool_dry
2012-07-09,0.0,50.71,24.03,5.58,0,2012,7,9,191,28,cool_dry
2012-07-10,0.0,50.71,24.03,5.58,0,2012,7,10,192,28,cool_dry
2012-07-11,0.0,50.71,24.03,5.58,0,2012,7,11,193,28,cool_dry
2012-07-12,0.0,50.71,24.03,5.58,0,2012,7,12,194,28,cool_dry
2012-07-13,0.0,50.71,24.03,5.58,0,2012,7,13,195,28,cool_dry
2012-07-14,0.0,50.71,24.03,5.58,0,2012,7,14,196,28,cool_dry
2012-07-15,0.0,50.71,24.03,5.58,0,2012,7,15,197,28,cool_dry
2012-07-16,0.0,50.71,24.03,5.58,0,2012,7,16,198,29,cool_dry
2012-07-17,0.0,50.71,24.03,5.58,0,2012,7,17,199,29,cool_dry
2012-07-18,0.0,50.71,24.03,5.58,0,2012,7,18,200,29,cool_dry
2012-07-19,0.0,50.71,24.03,5.58,0,2012,7,19,201,29,cool_dry
2012-07-20,0.0,50.71,24.03,5.58,0,2012,7,20,202,29,cool_dry
2012-07-21,0.0,50.71,24.03,5.58,0,2012,7,21,203,29,cool_dry
2012-07-22,0.0,50.71,24.03,5.58,0,2012,7,22,204,29,cool_dry
2012-07-23,0.0,50.71,24.03,5.58,0,2012,7,23,205,30,cool_dry
2012-07-24,0.0,50.71,24.03,5.58,0,2012,7,24,206,30,cool_dry
2012-07-25,0.0,50.71,24.03,5.58,0,2012,7,25,207,30,cool_dry
2012-07-26,0.0,50.71,24.03,5.58,0,2012,7,26,208,30,cool_dry
2012-07-27,0.0,50.71,24.03,5.58,0,2012,7,27,209,30,cool_dry
2012-07-28,0.0,50.71,24.03,5.58,0,2012,7,28,210,30,cool_dry
2012-07-29,0.0,50.71,24.03,5.58,0,2012,7,29,211,30,cool_dry
2012-07-30,0.0,50.71,24.03,5.58,0,2012,7,30,212,31,cool_dry
2012-07-31,0.0,50.71,24.03,5.58,0,2012,7,31,213,31,cool_dry
2012-08-01,0.0,45.45,27.66,9.65,0,2012,8,1,214,31,cool_dry
2012-08-02,0.0,45.45,27.66,9.65,0,2012,8,2,215,31,cool_dry
2012-08-03,0.0,45.45,27.66,9.65,0,2012,8,3,216,31,cool_dry
2012-08-04,0.0,45.45,27.66,9.65,0,2012,8,4,217,31,cool_dry
2012-08-05,0.0,45.45,27.66,9.65,0,2012,8,5,218,31,cool_dry
2012-08-06,0.0,45.45,27.66,9.65,0,2012,8,6,219,32,cool_dry
2012-08-07,0.0,45.45,27.66,9.65,0,2012,8,7,220,32,cool_dry
2012-08-08,0.0,45.45,27.66,9.65,0,2012,8,8,221,32,cool_dry
2012-08-09,0.0,45.45,27.66,9.65,0,2012,8,9,222,32,cool_dry
2012-08-10,0.0,45.45,27.66,9.65,0,2012,8,10,223,32,cool_dry
2012-08-11,0.0,45.45,27.66,9.65,0,2012,8,11,224,32,cool_dry
2012-08-12,0.0,45.45,27.66,9.65,0,2012,8,12,225,32,cool_dry
2012-08-13,0.0,45.45,27.66,9.65,0,2012,8,13,226,33,cool_dry
2012-08-14,0.0,45.45,27.66,9.65,0,2012,8,14,227,33,cool_dry
2012-08-15,0.0,45.45,27.66,9.65,0,2012,8,15,228,33,cool_dry
2012-08-16,0.0,45.45,27.66,9.65,0,2012,8,16,229,33,cool_dry
2012-08-17,0.0,45.45,27.66,9.65,0,2012,8,17,230,33,cool_dry
2012-08-18,0.0,45.45,27.66,9.65,0,2012,8,18,231,33,cool_dry
2012-08-19,0.0,45.45,27.66,9.65,0,2012,8,19,232,33,cool_dry
2012-08-20,0.0,45.45,27.66,9.65,0,2012,8,20,233,34,cool_dry
2012-08-21,0.0,45.45,27.66,9.65,0,2012,8,21,234,34,cool_dry
2012-08-22,0.0,45.45,27.66,9.65,0,2012,8,22,235,34,cool_dry
2012-08-23,0.0,45.45,27.66,9.65,0,2012,8,23,236,34,cool_dry
2012-08-24,0.0,45.45,27.66,9.65,0,2012,8,24,237,34,cool_dry
2012-08-25,0.0,45.45,27.66,9.65,0,2012,8,25,238,34,cool_dry
2012-08-26,0.0,45.45,27.66,9.65,0,2012,8,26,239,34,cool_dry
2012-08-27,0.0,45.45,27.66,9.65,0,2012,8,27,240,35,cool_dry
2012-08-28,0.0,45.45,27.66,9.65,0,2012,8,28,241,35,cool_dry
2012-08-29,0.0,45.45,27.66,9.65,0,2012,8,29,242,35,cool_dry
2012-08-30,0.0,45.45,27.66,9.65,0,2012,8,30,243,35,cool_dry
2012-08-31,0.0,45.45,27.66,9.65,0,2012,8,31,244,35,cool_dry
2012-09-01,0.0,42.211363636363636,31.86,13.66,0,2012,9,1,245,35,hot_dry
2012-09-02,0.0,42.211363636363636,31.86,13.66,0,2012,9,2,246,35,hot_dry
2012-09-03,0.0,42.211363636363636,31.86,13.66,0,2012,9,3,247,36,hot_dry
2012-09-04,0.0,42.211363636363636,31.86,13.66,0,2012,9,4,248,36,hot_dry
2012-09-05,0.0,42.211363636363636,31.86,13.66,0,2012,9,5,249,36,hot_dry
2012-09-06,0.0,42.211363636363636,31.86,13.66,0,2012,9,6,250,36,hot_dry
2012-09-07,0.0,42.211363636363636,31.86,13.66,0,2012,9,7,251,36,hot_dry
2012-09-08,0.0,42.211363636363636,31.86,13.66,0,2012,9,8,252,36,hot_dry
2012-09-09,0.0,42.211363636363636,31.86,13.66,0,2012,9,9,253,36,hot_dry
2012-09-10,0.0,42.211363636363636,31.86,13.66,0,2012,9,10,254,37,hot_dry
2012-09-11,0.0,42.211363636363636,31.86,13.66,0,2012,9,11,255,37,hot_dry
2012-09-12,0.0,42.211363636363636,31.86,13.66,0,2012,9,12,256,37,hot_dry
2012-09-13,0.0,42.211363636363636,31.86,13.66,0,2012,9,13,257,37,hot_dry
2012-09-14,0.0,42.211363636363636,31.86,13.66,0,2012,9,14,258,37,hot_dry
2012-09-15,0.0,42.211363636363636,31.86,13.66,0,2012,9,15,259,37,hot_dry
2012-09-16,0.0,42.211363636363636,31.86,13.66,0,2012,9,16,260,37,hot_dry
2012-09-17,0.0,42.211363636363636,31.86,13.66,0,2012,9,17,261,38,hot_dry
2012-09-18,0.0,42.211363636363636,31.86,13.66,0,2012,9,18,262,38,hot_dry
2012-09-19,0.0,42.211363636363636,31.86,13.66,0,2012,9,19,263,38,hot_dry
2012-09-20,0.0,42.211363636363636,31.86,13.66,0,2012,9,20,264,38,hot_dry
2012-09-21,0.0,42.211363636363636,31.86,13.66,0,2012,9,21,265,38,hot_dry
2012-09-22,0.0,42.211363636363636,31.86,13.66,0,2012,9,22,266,38,hot_dry
2012-09-23,0.0,42.211363636363636,31.86,13.66,0,2012,9,23,267,38,hot_dry
2012-09-24,0.0,42.211363636363636,31.86,13.66,0,2012,9,24,268,39,hot_dry
2012-09-25,0.0,42.211363636363636,31.86,13.66,0,2012,9,25,269,39,hot_dry
2012-09-26,0.0,42.211363636363636,31.86,13.66,0,2012,9,26,270,39,hot_dry
2012-09-27,0.0,42.211363636363636,31.86,13.66,0,2012,9,27,271,39,hot_dry
2012-09-28,0.0,42.211363636363636,31.86,13.66,0,2012,9,28,272,39,hot_dry
2012-09-29,0.0,42.211363636363636,31.86,13.66,0,2012,9,29,273,39,hot_dry
2012-09-30,0.0,42.211363636363636,31.86,13.66,0,2012,9,30,274,39,hot_dry
2012-10-01,0.06774193548387097,44.34952380952381,32.26,16.43,0,2012,10,1,275,40,hot_dry
2012-10-02,0.06774193548387097,44.34952380952381,32.26,16.43,0,2012,10,2,276,40,hot_dry
2012-10-03,0.06774193548387097,44.34952380952381,32.26,16.43,0,2012,10,3,277,40,hot_dry
2012-10-04,0.06774193548387097,44.34952380952381,32.26,16.43,0,2012,10,4,278,40,hot_dry
2012-10-05,0.06774193548387097,44.34952380952381,32.26,16.43,0,2012,10,5,279,40,hot_dry
2012-10-06,0.06774193548387097,44.34952380952381,32.26,16.43,0,2012,10,6,280,40,hot_dry
2012-10-07,0.06774193548387097,44.34952380952381,32.26,16.43,0,2012,10,7,281,40,hot_dry
2012-10-08,0.06774193548387097,44.34952380952381,32.26,16.43,0,2012,10,8,282,41,hot_dry
2012-10-09,0.06774193548387097,44.34952380952381,32.26,16.43,0,2012,10,9,283,41,hot_dry
2012-10-10,0.06774193548387097,44.34952380952381,32.26,16.43,0,2012,10,10,284,41,hot_dry
2012-10-11,0.06774193548387097,44.34952380952381,32.26,16.43,0,2012,10,11,285,41,hot_dry
2012-10-12,0.06774193548387097,44.34952380952381,32.26,16.43,0,2012,10,12,286,41,hot_dry
2012-10-13,0.06774193548387097,44.34952380952381,32.26,16.43,0,2012,10,13,287,41,hot_dry
2012-10-14,0.06774193548387097,44.34952380952381,32.26,16.43,0,2012,10,14,288,41,hot_dry
2012-10-15,0.06774193548387097,44.34952380952381,32.26,16.43,0,2012,10,15,289,42,hot_dry
2012-10-16,0.06774193548387097,44.34952380952381,32.26,16.43,0,2012,10,16,290,42,hot_dry
2012-10-17,0.06774193548387097,44.34952380952381,32.26,16.43,0,2012,10,17,291,42,hot_dry
2012-10-18,0.06774193548387097,44.34952380952381,32.26,16.43,0,2012,10,18,292,42,hot_dry
2012-10-19,0.06774193548387097,44.34952380952381,32.26,16.43,0,2012,10,19,293,42,hot_dry
2012-10-20,0.06774193548387097,44.34952380952381,32.26,16.43,0,2012,10,20,294,42,hot_dry
2012-10-21,0.06774193548387097,44.34952380952381,32.26,16.43,0,2012,10,21,295,42,hot_dry
2012-10-22,0.06774193548387097,44.34952380952381,32.26,16.43,0,2012,10,22,296,43,hot_dry
2012-10-23,0.06774193548387097,44.34952380952381,32.26,16.43,0,2012,10,23,297,43,hot_dry
2012-10-24,0.06774193548387097,44.34952380952381,32.26,16.43,0,2012,10,24,298,43,hot_dry
2012-10-25,0.06774193548387097,44.34952380952381,32.26,16.43,0,2012,10,25,299,43,hot_dry
2012-10-26,0.06774193548387097,44.34952380952381,32.26,16.43,0,2012,10,26,300,43,hot_dry
2012-10-27,0.06774193548387097,44.34952380952381,32.26,16.43,0,2012,10,27,301,43,hot_dry
2012-10-28,0.06774193548387097,44.34952380952381,32.26,16.43,0,2012,10,28,302,43,hot_dry
2012-10-29,0.06774193548387097,44.34952380952381,32.26,16.43,0,2012,10,29,303,44,hot_dry
2012-10-30,0.06774193548387097,44.34952380952381,32.26,16.43,0,2012,10,30,304,44,hot_dry
2012-10-31,0.06774193548387097,44.34952380952381,32.26,16.43,0,2012,10,31,305,44,hot_dry
2012-11-01,2.1933333333333334,58.865454545454554,30.66,17.07,1,2012,11,1,306,44,hot_rainy
2012-11-02,2.1933333333333334,58.865454545454554,30.66,17.07,1,2012,11,2,307,44,hot_rainy
2012-11-03,2.1933333333333334,58.865454545454554,30.66,17.07,1,2012,11,3,308,44,hot_rainy
2012-11-04,2.1933333333333334,58.865454545454554,30.66,17.07,1,2012,11,4,309,44,hot_rainy
2012-11-05,2.1933333333333334,58.865454545454554,30.66,17.07,1,2012,11,5,310,45,hot_rainy
2012-11-06,2.1933333333333334,58.865454545454554,30.66,17.07,1,2012,11,6,311,45,hot_rainy
2012-11-07,2.1933333333333334,58.865454545454554,30.66,17.07,1,2012,11,7,312,45,hot_rainy
2012-11-08,2.1933333333333334,58.865454545454554,30.66,17.07,1,2012,11,8,313,45,hot_rainy
2012-11-09,2.1933333333333334,58.865454545454554,30.66,17.07,1,2012,11,9,314,45,hot_rainy
2012-11-10,2.1933333333333334,58.865454545454554,30.66,17.07,1,2012,11,10,315,45,hot_rainy
2012-11-11,2.1933333333333334,58.865454545454554,30.66,17.07,1,2012,11,11,316,45,hot_rainy
2012-11-12,2.1933333333333334,58.865454545454554,30.66,17.07,1,2012,11,12,317,46,hot_rainy
2012-11-13,2.1933333333333334,58.865454545454554,30.66,17.07,1,2012,11,13,318,46,hot_rainy
2012-11-14,2.1933333333333334,58.865454545454554,30.66,17.07,1,2012,11,14,319,46,hot_rainy
2012-11-15,2.1933333333333334,58.865454545454554,30.66,17.07,1,2012,11,15,320,46,hot_rainy
2012-11-16,2.1933333333333334,58.865454545454554,30.66,17.07,1,2012,11,16,321,46,hot_rainy
2012-11-17,2.1933333333333334,58.865454545454554,30.66,17.07,1,2012,11,17,322,46,hot_rainy
2012-11-18,2.1933333333333334,58.865454545454554,30.66,17.07,1,2012,11,18,323,46,hot_rainy
2012-11-19,2.1933333333333334,58.865454545454554,30.66,17.07,1,2012,11,19,324,47,hot_rainy
2012-11-20,2.1933333333333334,58.865454545454554,30.66,17.07,1,2012,11,20,325,47,hot_rainy
2012-11-21,2.1933333333333334,58.865454545454554,30.66,17.07,1,2012,11,21,326,47,hot_rainy
2012-11-22,2.1933333333333334,58.865454545454554,30.66,17.07,1,2012,11,22,327,47,hot_rainy
2012-11-23,2.1933333333333334,58.865454545454554,30.66,17.07,1,2012,11,23,328,47,hot_rainy
2012-11-24,2.1933333333333334,58.865454545454554,30.66,17.07,1,2012,11,24,329,47,hot_rainy
2012-11-25,2.1933333333333334,58.865454545454554,30.66,17.07,1,2012,11,25,330,47,hot_rainy
2012-11-26,2.1933333333333334,58.865454545454554,30.66,17.07,1,2012,11,26,331,48,hot_rainy
2012-11-27,2.1933333333333334,58.865454545454554,30.66,17.07,1,2012,11,27,332,48,hot_rainy
2012-11-28,2.1933333333333334,58.865454545454554,30.66,17.07,1,2012,11,28,333,48,hot_rainy
2012-11-29,2.1933333333333334,58.865454545454554,30.66,17.07,1,2012,11,29,334,48,hot_rainy
2012-11-30,2.1933333333333334,58.865454545454554,30.66,17.07,1,2012,11,30,335,48,hot_rainy
2012-12-01,5.638709677419355,73.86277777777778,27.52,18.12,1,2012,12,1,336,48,hot_rainy
2012-12-02,5.638709677419355,73.86277777777778,27.52,18.12,1,2012,12,2,337,48,hot_rainy
2012-12-03,5.638709677419355,73.86277777777778,27.52,18.12,1,2012,12,3,338,49,hot_rainy
2012-12-04,5.638709677419355,73.86277777777778,27.52,18.12,1,2012,12,4,339,49,hot_rainy
2012-12-05,5.638709677419355,73.86277777777778,27.52,18.12,1,2012,12,5,340,49,hot_rainy
2012-12-06,5.638709677419355,73.86277777777778,27.52,18.12,1,2012,12,6,341,49,hot_rainy
2012-12-07,5.638709677419355,73.86277777777778,27.52,18.12,1,2012,12,7,342,49,hot_rainy
2012-12-08,5.638709677419355,73.86277777777778,27.52,18.12,1,2012,12,8,343,49,hot_rainy
2012-12-09,5.638709677419355,73.86277777777778,27.52,18.12,1,2012,12,9,344,49,hot_rainy
2012-12-10,5.638709677419355,73.86277777777778,27.52,18.12,1,2012,12,10,345,50,hot_rainy
2012-12-11,5.638709677419355,73.86277777777778,27.52,18.12,1,2012,12,11,346,50,hot_rainy
2012-12-12,5.638709677419355,73.86277777777778,27.52,18.12,1,2012,12,12,347,50,hot_rainy
2012-12-13,5.638709677419355,73.86277777777778,27.52,18.12,1,2012,12,13,348,50,hot_rainy
2012-12-14,5.638709677419355,73.86277777777778,27.52,18.12,1,2012,12,14,349,50,hot_rainy
2012-12-15,5.638709677419355,73.86277777777778,27.52,18.12,1,2012,12,15,350,50,hot_rainy
2012-12-16,5.638709677419355,73.86277777777778,27.52,18.12,1,2012,12,16,351,50,hot_rainy
2012-12-17,5.638709677419355,73.86277777777778,27.52,18.12,1,2012,12,17,352,51,hot_rainy
2012-12-18,5.638709677419355,73.86277777777778,27.52,18.12,1,2012,12,18,353,51,hot_rainy
2012-12-19,5.638709677419355,73.86277777777778,27.52,18.12,1,2012,12,19,354,51,hot_rainy
2012-12-20,5.638709677419355,73.86277777777778,27.52,18.12,1,2012,12,20,355,51,hot_rainy
2012-12-21,5.638709677419355,73.86277777777778,27.52,18.12,1,2012,12,21,356,51,hot_rainy
2012-12-22,5.638709677419355,73.86277777777778,27.52,18.12,1,2012,12,22,357,51,hot_rainy
2012-12-23,5.638709677419355,73.86277777777778,27.52,18.12,1,2012,12,23,358,51,hot_rainy
2012-12-24,5.638709677419355,73.86277777777778,27.52,18.12,1,2012,12,24,359,52,hot_rainy
2012-12-25,5.638709677419355,73.86277777777778,27.52,18.12,1,2012,12,25,360,52,hot_rainy
2012-12-26,5.638709677419355,73.86277777777778,27.52,18.12,1,2012,12,26,361,52,hot_rainy
2012-12-27,5.638709677419355,73.86277777777778,27.52,18.12,1,2012,12,27,362,52,hot_rainy
2012-12-28,5.638709677419355,73.86277777777778,27.52,18.12,1,2012,12,28,363,52,hot_rainy
2012-12-29,5.638709677419355,73.86277777777778,27.52,18.12,1,2012,12,29,364,52,hot_rainy
2012-12-30,5.638709677419355,73.86277777777778,27.52,18.12,1,2012,12,30,365,52,hot_rainy
2012-12-31,5.638709677419355,73.86277777777778,27.52,18.12,1,2012,12,31,366,1,hot_rainy
2013-01-01,6.152116935483871,79.25375,27.49,17.35642857142857,1,2013,1,1,1,1,hot_rainy
2013-01-02,6.152116935483871,79.25375,27.49,17.35642857142857,1,2013,1,2,2,1,hot_rainy
2013-01-03,6.152116935483871,79.25375,27.49,17.35642857142857,1,2013,1,3,3,1,hot_rainy
2013-01-04,6.152116935483871,79.25375,27.49,17.35642857142857,1,2013,1,4,4,1,hot_rainy
2013-01-05,6.152116935483871,79.25375,27.49,17.35642857142857,1,2013,1,5,5,1,hot_rainy
2013-01-06,6.152116935483871,79.25375,27.49,17.35642857142857,1,2013,1,6,6,1,hot_rainy
2013-01-07,6.152116935483871,79.25375,27.49,17.35642857142857,1,2013,1,7,7,2,hot_rainy
2013-01-08,6.152116935483871,79.25375,27.49,17.35642857142857,1,2013,1,8,8,2,hot_rainy
2013-01-09,6.152116935483871,79.25375,27.49,17.35642857142857,1,2013,1,9,9,2,hot_rainy
2013-01-10,6.152116935483871,79.25375,27.49,17.35642857142857,1,2013,1,10,10,2,hot_rainy
2013-01-11,6.152116935483871,79.25375,27.49,17.35642857142857,1,2013,1,11,11,2,hot_rainy
2013-01-12,6.152116935483871,79.25375,27.49,17.35642857142857,1,2013,1,12,12,2,hot_rainy
2013-01-13,6.152116935483871,79.25375,27.49,17.35642857142857,1,2013,1,13,13,2,hot_rainy
2013-01-14,6.152116935483871,79.25375,27.49,17.35642857142857,1,2013,1,14,14,3,hot_rainy
2013-01-15,6.152116935483871,79.25375,27.49,17.35642857142857,1,2013,1,15,15,3,hot_rainy
2013-01-16,6.152116935483871,79.25375,27.49,17.35642857142857,1,2013,1,16,16,3,hot_rainy
2013-01-17,6.152116935483871,79.25375,27.49,17.35642857142857,1,2013,1,17,17,3,hot_rainy
2013-01-18,6.152116935483871,79.25375,27.49,17.35642857142857,1,2013,1,18,18,3,hot_rainy
2013-01-19,6.152116935483871,79.25375,27.49,17.35642857142857,1,2013,1,19,19,3,hot_rainy
2013-01-20,6.152116935483871,79.25375,27.49,17.35642857142857,1,2013,1,20,20,3,hot_rainy
2013-01-21,6.152116935483871,79.25375,27.49,17.35642857142857,1,2013,1,21,21,4,hot_rainy
2013-01-22,6.152116935483871,79.25375,27.49,17.35642857142857,1,2013,1,22,22,4,hot_rainy
2013-01-23,6.152116935483871,79.25375,27.49,17.35642857142857,1,2013,1,23,23,4,hot_rainy
2013-01-24,6.152116935483871,79.25375,27.49,17.35642857142857,1,2013,1,24,24,4,hot_rainy
2013-01-25,6.152116935483871,79.25375,27.49,17.35642857142857,1,2013,1,25,25,4,hot_rainy
2013-01-26,6.152116935483871,79.25375,27.49,17.35642857142857,1,2013,1,26,26,4,hot_rainy
2013-01-27,6.152116935483871,79.25375,27.49,17.35642857142857,1,2013,1,27,27,4,hot_rainy
2013-01-28,6.152116935483871,79.25375,27.49,17.35642857142857,1,2013,1,28,28,5,hot_rainy
2013-01-29,6.152116935483871,79.25375,27.49,17.35642857142857,1,2013,1,29,29,5,hot_rainy
2013-01-30,6.152116935483871,79.25375,27.49,17.35642857142857,1,2013,1,30,30,5,hot_rainy
2013-01-31,6.152116935483871,79.25375,27.49,17.35642857142857,1,2013,1,31,31,5,hot_rainy
2013-02-01,5.082964601769912,78.46233380480905,27.632368742368744,17.148070818070817,1,2013,2,1,32,5,hot_rainy
2013-02-02,5.082964601769912,78.46233380480905,27.632368742368744,17.148070818070817,1,2013,2,2,33,5,hot_rainy
2013-02-03,5.082964601769912,78.46233380480905,27.632368742368744,17.148070818070817,1,2013,2,3,34,5,hot_rainy
2013-02-04,5.082964601769912,78.46233380480905,27.632368742368744,17.148070818070817,1,2013,2,4,35,6,hot_rainy
2013-02-05,5.082964601769912,78.46233380480905,27.632368742368744,17.148070818070817,1,2013,2,5,36,6,hot_rainy
2013-02-06,5.082964601769912,78.46233380480905,27.632368742368744,17.148070818070817,1,2013,2,6,37,6,hot_rainy
2013-02-07,5.082964601769912,78.46233380480905,27.632368742368744,17.148070818070817,1,2013,2,7,38,6,hot_rainy
2013-02-08,5.082964601769912,78.46233380480905,27.632368742368744,17.148070818070817,1,2013,2,8,39,6,hot_rainy
2013-02-09,5.082964601769912,78.46233380480905,27.632368742368744,17.148070818070817,1,2013,2,9,40,6,hot_rainy
2013-02-10,5.082964601769912,78.46233380480905,27.632368742368744,17.148070818070817,1,2013,2,10,41,6,hot_rainy
2013-02-11,5.082964601769912,78.46233380480905,27.632368742368744,17.148070818070817,1,2013,2,11,42,7,hot_rainy
2013-02-12,5.082964601769912,78.46233380480905,27.632368742368744,17.148070818070817,1,2013,2,12,43,7,hot_rainy
2013-02-13,5.082964601769912,78.46233380480905,27.632368742368744,17.148070818070817,1,2013,2,13,44,7,hot_rainy
2013-02-14,5.082964601769912,78.46233380480905,27.632368742368744,17.148070818070817,1,2013,2,14,45,7,hot_rainy
2013-02-15,5.082964601769912,78.46233380480905,27.632368742368744,17.148070818070817,1,2013,2,15,46,7,hot_rainy
2013-02-16,5.082964601769912,78.46233380480905,27.632368742368744,17.148070818070817,1,2013,2,16,47,7,hot_rainy
2013-02-17,5.082964601769912,78.46233380480905,27.632368742368744,17.148070818070817,1,2013,2,17,48,7,hot_rainy
2013-02-18,5.082964601769912,78.46233380480905,27.632368742368744,17.148070818070817,1,2013,2,18,49,8,hot_rainy
2013-02-19,5.082964601769912,78.46233380480905,27.632368742368744,17.148070818070817,1,2013,2,19,50,8,hot_rainy
2013-02-20,5.082964601769912,78.46233380480905,27.632368742368744,17.148070818070817,1,2013,2,20,51,8,hot_rainy
2013-02-21,5.082964601769912,78.46233380480905,27.632368742368744,17.148070818070817,1,2013,2,21,52,8,hot_rainy
2013-02-22,5.082964601769912,78.46233380480905,27.632368742368744,17.148070818070817,1,2013,2,22,53,8,hot_rainy
2013-02-23,5.082964601769912,78.46233380480905,27.632368742368744,17.148070818070817,1,2013,2,23,54,8,hot_rainy
2013-02-24,5.082964601769912,78.46233380480905,27.632368742368744,17.148070818070817,1,2013,2,24,55,8,hot_rainy
2013-02-25,5.082964601769912,78.46233380480905,27.632368742368744,17.148070818070817,1,2013,2,25,56,9,hot_rainy
2013-02-26,5.082964601769912,78.46233380480905,27.632368742368744,17.148070818070817,1,2013,2,26,57,9,hot_rainy
2013-02-27,5.082964601769912,78.46233380480905,27.632368742368744,17.148070818070817,1,2013,2,27,58,9,hot_rainy
2013-02-28,5.082964601769912,78.46233380480905,27.632368742368744,17.148070818070817,1,2013,2,28,59,9,hot_rainy
2013-03-01,3.4522372528616025,74.81722222222223,27.522068965517242,16.29137931034483,1,2013,3,1,60,9,hot_rainy
2013-03-02,3.4522372528616025,74.81722222222223,27.522068965517242,16.29137931034483,1,2013,3,2,61,9,hot_rainy
2013-03-03,3.4522372528616025,74.81722222222223,27.522068965517242,16.29137931034483,1,2013,3,3,62,9,hot_rainy
2013-03-04,3.4522372528616025,74.81722222222223,27.522068965517242,16.29137931034483,1,2013,3,4,63,10,hot_rainy
2013-03-05,3.4522372528616025,74.81722222222223,27.522068965517242,16.29137931034483,1,2013,3,5,64,10,hot_rainy
2013-03-06,3.4522372528616025,74.81722222222223,27.522068965517242,16.29137931034483,1,2013,3,6,65,10,hot_rainy
2013-03-07,3.4522372528616025,74.81722222222223,27.522068965517242,16.29137931034483,1,2013,3,7,66,10,hot_rainy
2013-03-08,3.4522372528616025,74.81722222222223,27.522068965517242,16.29137931034483,1,2013,3,8,67,10,hot_rainy
2013-03-09,3.4522372528616025,74.81722222222223,27.522068965517242,16.29137931034483,1,2013,3,9,68,10,hot_rainy
2013-03-10,3.4522372528616025,74.81722222222223,27.522068965517242,16.29137931034483,1,2013,3,10,69,10,hot_rainy
2013-03-11,3.4522372528616025,74.81722222222223,27.522068965517242,16.29137931034483,1,2013,3,11,70,11,hot_rainy
2013-03-12,3.4522372528616025,74.81722222222223,27.522068965517242,16.29137931034483,1,2013,3,12,71,11,hot_rainy
2013-03-13,3.4522372528616025,74.81722222222223,27.522068965517242,16.29137931034483,1,2013,3,13,72,11,hot_rainy
2013-03-14,3.4522372528616025,74.81722222222223,27.522068965517242,16.29137931034483,1,2013,3,14,73,11,hot_rainy
2013-03-15,3.4522372528616025,74.81722222222223,27.522068965517242,16.29137931034483,1,2013,3,15,74,11,hot_rainy
2013-03-16,3.4522372528616025,74.81722222222223,27.522068965517242,16.29137931034483,1,2013,3,16,75,11,hot_rainy
2013-03-17,3.4522372528616025,74.81722222222223,27.522068965517242,16.29137931034483,1,2013,3,17,76,11,hot_rainy
2013-03-18,3.4522372528616025,74.81722222222223,27.522068965517242,16.29137931034483,1,2013,3,18,77,12,hot_rainy
2013-03-19,3.4522372528616025,74.81722222222223,27.522068965517242,16.29137931034483,1,2013,3,19,78,12,hot_rainy
2013-03-20,3.4522372528616025,74.81722222222223,27.522068965517242,16.29137931034483,1,2013,3,20,79,12,hot_rainy
2013-03-21,3.4522372528616025,74.81722222222223,27.522068965517242,16.29137931034483,1,2013,3,21,80,12,hot_rainy
2013-03-22,3.4522372528616025,74.81722222222223,27.522068965517242,16.29137931034483,1,2013,3,22,81,12,hot_rainy
2013-03-23,3.4522372528616025,74.81722222222223,27.522068965517242,16.29137931034483,1,2013,3,23,82,12,hot_rainy
2013-03-24,3.4522372528616025,74.81722222222223,27.522068965517242,16.29137931034483,1,2013,3,24,83,12,hot_rainy
2013-03-25,3.4522372528616025,74.81722222222223,27.522068965517242,16.29137931034483,1,2013,3,25,84,13,hot_rainy
2013-03-26,3.4522372528616025,74.81722222222223,27.522068965517242,16.29137931034483,1,2013,3,26,85,13,hot_rainy
2013-03-27,3.4522372528616025,74.81722222222223,27.522068965517242,16.29137931034483,1,2013,3,27,86,13,hot_rainy
2013-03-28,3.4522372528616025,74.81722222222223,27.522068965517242,16.29137931034483,1,2013,3,28,87,13,hot_rainy
2013-03-29,3.4522372528616025,74.81722222222223,27.522068965517242,16.29137931034483,1,2013,3,29,88,13,hot_rainy
2013-03-30,3.4522372528616025,74.81722222222223,27.522068965517242,16.29137931034483,1,2013,3,30,89,13,hot_rainy
2013-03-31,3.4522372528616025,74.81722222222223,27.522068965517242,16.29137931034483,1,2013,3,31,90,13,hot_rainy
2013-04-01,0.8603124999999999,67.55809523809523,26.844333333333335,13.249666666666668,0,2013,4,1,91,14,hot_rainy
2013-04-02,0.8603124999999999,67.55809523809523,26.844333333333335,13.249666666666668,0,2013,4,2,92,14,hot_rainy
2013-04-03,0.8603124999999999,67.55809523809523,26.844333333333335,13.249666666666668,0,2013,4,3,93,14,hot_rainy
2013-04-04,0.8603124999999999,67.55809523809523,26.844333333333335,13.249666666666668,0,2013,4,4,94,14,hot_rainy
2013-04-05,0.8603124999999999,67.55809523809523,26.844333333333335,13.249666666666668,0,2013,4,5,95,14,hot_rainy
2013-04-06,0.8603124999999999,67.55809523809523,26.844333333333335,13.249666666666668,0,2013,4,6,96,14,hot_rainy
2013-04-07,0.8603124999999999,67.55809523809523,26.844333333333335,13.249666666666668,0,2013,4,7,97,14,hot_rainy
2013-04-08,0.8603124999999999,67.55809523809523,26.844333333333335,13.249666666666668,0,2013,4,8,98,15,hot_rainy
2013-04-09,0.8603124999999999,67.55809523809523,26.844333333333335,13.249666666666668,0,2013,4,9,99,15,hot_rainy
2013-04-10,0.8603124999999999,67.55809523809523,26.844333333333335,13.249666666666668,0,2013,4,10,100,15,hot_rainy
2013-04-11,0.8603124999999999,67.55809523809523,26.844333333333335,13.249666666666668,0,2013,4,11,101,15,hot_rainy
2013-04-12,0.8603124999999999,67.55809523809523,26.844333333333335,13.249666666666668,0,2013,4,12,102,15,hot_rainy
2013-04-13,0.8603124999999999,67.55809523809523,26.844333333333335,13.249666666666668,0,2013,4,13,103,15,hot_rainy
2013-04-14,0.8603124999999999,67.55809523809523,26.844333333333335,13.249666666666668,0,2013,4,14,104,15,hot_rainy
2013-04-15,0.8603124999999999,67.55809523809523,26.844333333333335,13.249666666666668,0,2013,4,15,105,16,hot_rainy
2013-04-16,0.8603124999999999,67.55809523809523,26.844333333333335,13.249666666666668,0,2013,4,16,106,16,hot_rainy
2013-04-17,0.8603124999999999,67.55809523809523,26.844333333333335,13.249666666666668,0,2013,4,17,107,16,hot_rainy
2013-04-18,0.8603124999999999,67.55809523809523,26.844333333333335,13.249666666666668,0,2013,4,18,108,16,hot_rainy
2013-04-19,0.8603124999999999,67.55809523809523,26.844333333333335,13.249666666666668,0,2013,4,19,109,16,hot_rainy
2013-04-20,0.8603124999999999,67.55809523809523,26.844333333333335,13.249666666666668,0,2013,4,20,110,16,hot_rainy
2013-04-21,0.8603124999999999,67.55809523809523,26.844333333333335,13.249666666666668,0,2013,4,21,111,16,hot_rainy
2013-04-22,0.8603124999999999,67.55809523809523,26.844333333333335,13.249666666666668,0,2013,4,22,112,17,hot_rainy
2013-04-23,0.8603124999999999,67.55809523809523,26.844333333333335,13.249666666666668,0,2013,4,23,113,17,hot_rainy
2013-04-24,0.8603124999999999,67.55809523809523,26.844333333333335,13.249666666666668,0,2013,4,24,114,17,hot_rainy
2013-04-25,0.8603124999999999,67.55809523809523,26.844333333333335,13.249666666666668,0,2013,4,25,115,17,hot_rainy
2013-04-26,0.8603124999999999,67.55809523809523,26.844333333333335,13.249666666666668,0,2013,4,26,116,17,hot_rainy
2013-04-27,0.8603124999999999,67.55809523809523,26.844333333333335,13.249666666666668,0,2013,4,27,117,17,hot_rainy
2013-04-28,0.8603124999999999,67.55809523809523,26.844333333333335,13.249666666666668,0,2013,4,28,118,17,hot_rainy
2013-04-29,0.8603124999999999,67.55809523809523,26.844333333333335,13.249666666666668,0,2013,4,29,119,18,hot_rainy
2013-04-30,0.8603124999999999,67.55809523809523,26.844333333333335,13.249666666666668,0,2013,4,30,120,18,hot_rainy
2013-05-01,0.1662851196670135,61.221428571428575,25.666428571428572,9.065185185185186,0,2013,5,1,121,18,cool_dry
2013-05-02,0.1662851196670135,61.221428571428575,25.666428571428572,9.065185185185186,0,2013,5,2,122,18,cool_dry
2013-05-03,0.1662851196670135,61.221428571428575,25.666428571428572,9.065185185185186,0,2013,5,3,123,18,cool_dry
2013-05-04,0.1662851196670135,61.221428571428575,25.666428571428572,9.065185185185186,0,2013,5,4,124,18,cool_dry
2013-05-05,0.1662851196670135,61.221428571428575,25.666428571428572,9.065185185185186,0,2013,5,5,125,18,cool_dry
2013-05-06,0.1662851196670135,61.221428571428575,25.666428571428572,9.065185185185186,0,2013,5,6,126,19,cool_dry
2013-05-07,0.1662851196670135,61.221428571428575,25.666428571428572,9.065185185185186,0,2013,5,7,127,19,cool_dry
2013-05-08,0.1662851196670135,61.221428571428575,25.666428571428572,9.065185185185186,0,2013,5,8,128,19,cool_dry
2013-05-09,0.1662851196670135,61.221428571428575,25.666428571428572,9.065185185185186,0,2013,5,9,129,19,cool_dry
2013-05-10,0.1662851196670135,61.221428571428575,25.666428571428572,9.065185185185186,0,2013,5,10,130,19,cool_dry
2013-05-11,0.1662851196670135,61.221428571428575,25.666428571428572,9.065185185185186,0,2013,5,11,131,19,cool_dry
2013-05-12,0.1662851196670135,61.221428571428575,25.666428571428572,9.065185185185186,0,2013,5,12,132,19,cool_dry
2013-05-13,0.1662851196670135,61.221428571428575,25.666428571428572,9.065185185185186,0,2013,5,13,133,20,cool_dry
2013-05-14,0.1662851196670135,61.221428571428575,25.666428571428572,9.065185185185186,0,2013,5,14,134,20,cool_dry
2013-05-15,0.1662851196670135,61.221428571428575,25.666428571428572,9.065185185185186,0,2013,5,15,135,20,cool_dry
2013-05-16,0.1662851196670135,61.221428571428575,25.666428571428572,9.065185185185186,0,2013,5,16,136,20,cool_dry
2013-05-17,0.1662851196670135,61.221428571428575,25.666428571428572,9.065185185185186,0,2013,5,17,137,20,cool_dry
2013-05-18,0.1662851196670135,61.221428571428575,25.666428571428572,9.065185185185186,0,2013,5,18,138,20,cool_dry
2013-05-19,0.1662851196670135,61.221428571428575,25.666428571428572,9.065185185185186,0,2013,5,19,139,20,cool_dry
2013-05-20,0.1662851196670135,61.221428571428575,25.666428571428572,9.065185185185186,0,2013,5,20,140,21,cool_dry
2013-05-21,0.1662851196670135,61.221428571428575,25.666428571428572,9.065185185185186,0,2013,5,21,141,21,cool_dry
2013-05-22,0.1662851196670135,61.221428571428575,25.666428571428572,9.065185185185186,0,2013,5,22,142,21,cool_dry
2013-05-23,0.1662851196670135,61.221428571428575,25.666428571428572,9.065185185185186,0,2013,5,23,143,21,cool_dry
2013-05-24,0.1662851196670135,61.221428571428575,25.666428571428572,9.065185185185186,0,2013,5,24,144,21,cool_dry
2013-05-25,0.1662851196670135,61.221428571428575,25.666428571428572,9.065185185185186,0,2013,5,25,145,21,cool_dry
2013-05-26,0.1662851196670135,61.221428571428575,25.666428571428572,9.065185185185186,0,2013,5,26,146,21,cool_dry
2013-05-27,0.1662851196670135,61.221428571428575,25.666428571428572,9.065185185185186,0,2013,5,27,147,22,cool_dry
2013-05-28,0.1662851196670135,61.221428571428575,25.666428571428572,9.065185185185186,0,2013,5,28,148,22,cool_dry
2013-05-29,0.1662851196670135,61.221428571428575,25.666428571428572,9.065185185185186,0,2013,5,29,149,22,cool_dry
2013-05-30,0.1662851196670135,61.221428571428575,25.666428571428572,9.065185185185186,0,2013,5,30,150,22,cool_dry
2013-05-31,0.1662851196670135,61.221428571428575,25.666428571428572,9.065185185185186,0,2013,5,31,151,22,cool_dry
2013-06-01,0.04583333333333333,60.345,23.633999999999997,6.635862068965517,0,2013,6,1,152,22,cool_dry
2013-06-02,0.04583333333333333,60.345,23.633999999999997,6.635862068965517,0,2013,6,2,153,22,cool_dry
2013-06-03,0.04583333333333333,60.345,23.633999999999997,6.635862068965517,0,2013,6,3,154,23,cool_dry
2013-06-04,0.04583333333333333,60.345,23.633999999999997,6.635862068965517,0,2013,6,4,155,23,cool_dry
2013-06-05,0.04583333333333333,60.345,23.633999999999997,6.635862068965517,0,2013,6,5,156,23,cool_dry
2013-06-06,0.04583333333333333,60.345,23.633999999999997,6.635862068965517,0,2013,6,6,157,23,cool_dry
2013-06-07,0.04583333333333333,60.345,23.633999999999997,6.635862068965517,0,2013,6,7,158,23,cool_dry
2013-06-08,0.04583333333333333,60.345,23.633999999999997,6.635862068965517,0,2013,6,8,159,23,cool_dry
2013-06-09,0.04583333333333333,60.345,23.633999999999997,6.635862068965517,0,2013,6,9,160,23,cool_dry
2013-06-10,0.04583333333333333,60.345,23.633999999999997,6.635862068965517,0,2013,6,10,161,24,cool_dry
2013-06-11,0.04583333333333333,60.345,23.633999999999997,6.635862068965517,0,2013,6,11,162,24,cool_dry
2013-06-12,0.04583333333333333,60.345,23.633999999999997,6.635862068965517,0,2013,6,12,163,24,cool_dry
2013-06-13,0.04583333333333333,60.345,23.633999999999997,6.635862068965517,0,2013,6,13,164,24,cool_dry
2013-06-14,0.04583333333333333,60.345,23.633999999999997,6.635862068965517,0,2013,6,14,165,24,cool_dry
2013-06-15,0.04583333333333333,60.345,23.633999999999997,6.635862068965517,0,2013,6,15,166,24,cool_dry
2013-06-16,0.04583333333333333,60.345,23.633999999999997,6.635862068965517,0,2013,6,16,167,24,cool_dry
2013-06-17,0.04583333333333333,60.345,23.633999999999997,6.635862068965517,0,2013,6,17,168,25,cool_dry
2013-06-18,0.04583333333333333,60.345,23.633999999999997,6.635862068965517,0,2013,6,18,169,25,cool_dry
2013-06-19,0.04583333333333333,60.345,23.633999999999997,6.635862068965517,0,2013,6,19,170,25,cool_dry
2013-06-20,0.04583333333333333,60.345,23.633999999999997,6.635862068965517,0,2013,6,20,171,25,cool_dry
2013-06-21,0.04583333333333333,60.345,23.633999999999997,6.635862068965517,0,2013,6,21,172,25,cool_dry
2013-06-22,0.04583333333333333,60.345,23.633999999999997,6.635862068965517,0,2013,6,22,173,25,cool_dry
2013-06-23,0.04583333333333333,60.345,23.633999999999997,6.635862068965517,0,2013,6,23,174,25,cool_dry
2013-06-24,0.04583333333333333,60.345,23.633999999999997,6.635862068965517,0,2013,6,24,175,26,cool_dry
2013-06-25,0.04583333333333333,60.345,23.633999999999997,6.635862068965517,0,2013,6,25,176,26,cool_dry
2013-06-26,0.04583333333333333,60.345,23.633999999999997,6.635862068965517,0,2013,6,26,177,26,cool_dry
2013-06-27,0.04583333333333333,60.345,23.633999999999997,6.635862068965517,0,2013,6,27,178,26,cool_dry
2013-06-28,0.04583333333333333,60.345,23.633999999999997,6.635862068965517,0,2013,6,28,179,26,cool_dry
2013-06-29,0.04583333333333333,60.345,23.633999999999997,6.635862068965517,0,2013,6,29,180,26,cool_dry
2013-06-30,0.04583333333333333,60.345,23.633999999999997,6.635862068965517,0,2013,6,30,181,26,cool_dry
2013-07-01,0.002620967741935484,57.51681818181818,23.425862068965515,6.087142857142857,0,2013,7,1,182,27,cool_dry
2013-07-02,0.002620967741935484,57.51681818181818,23.425862068965515,6.087142857142857,0,2013,7,2,183,27,cool_dry
2013-07-03,0.002620967741935484,57.51681818181818,23.425862068965515,6.087142857142857,0,2013,7,3,184,27,cool_dry
2013-07-04,0.002620967741935484,57.51681818181818,23.425862068965515,6.087142857142857,0,2013,7,4,185,27,cool_dry
2013-07-05,0.002620967741935484,57.51681818181818,23.425862068965515,6.087142857142857,0,2013,7,5,186,27,cool_dry
2013-07-06,0.002620967741935484,57.51681818181818,23.425862068965515,6.087142857142857,0,2013,7,6,187,27,cool_dry
2013-07-07,0.002620967741935484,57.51681818181818,23.425862068965515,6.087142857142857,0,2013,7,7,188,27,cool_dry
2013-07-08,0.002620967741935484,57.51681818181818,23.425862068965515,6.087142857142857,0,2013,7,8,189,28,cool_dry
2013-07-09,0.002620967741935484,57.51681818181818,23.425862068965515,6.087142857142857,0,2013,7,9,190,28,cool_dry
2013-07-10,0.002620967741935484,57.51681818181818,23.425862068965515,6.087142857142857,0,2013,7,10,191,28,cool_dry
2013-07-11,0.002620967741935484,57.51681818181818,23.425862068965515,6.087142857142857,0,2013,7,11,192,28,cool_dry
2013-07-12,0.002620967741935484,57.51681818181818,23.425862068965515,6.087142857142857,0,2013,7,12,193,28,cool_dry
2013-07-13,0.002620967741935484,57.51681818181818,23.425862068965515,6.087142857142857,0,2013,7,13,194,28,cool_dry
2013-07-14,0.002620967741935484,57.51681818181818,23.425862068965515,6.087142857142857,0,2013,7,14,195,28,cool_dry
2013-07-15,0.002620967741935484,57.51681818181818,23.425862068965515,6.087142857142857,0,2013,7,15,196,29,cool_dry
2013-07-16,0.002620967741935484,57.51681818181818,23.425862068965515,6.087142857142857,0,2013,7,16,197,29,cool_dry
2013-07-17,0.002620967741935484,57.51681818181818,23.425862068965515,6.087142857142857,0,2013,7,17,198,29,cool_dry
2013-07-18,0.002620967741935484,57.51681818181818,23.425862068965515,6.087142857142857,0,2013,7,18,199,29,cool_dry
2013-07-19,0.002620967741935484,57.51681818181818,23.425862068965515,6.087142857142857,0,2013,7,19,200,29,cool_dry
2013-07-20,0.002620967741935484,57.51681818181818,23.425862068965515,6.087142857142857,0,2013,7,20,201,29,cool_dry
2013-07-21,0.002620967741935484,57.51681818181818,23.425862068965515,6.087142857142857,0,2013,7,21,202,29,cool_dry
2013-07-22,0.002620967741935484,57.51681818181818,23.425862068965515,6.087142857142857,0,2013,7,22,203,30,cool_dry
2013-07-23,0.002620967741935484,57.51681818181818,23.425862068965515,6.087142857142857,0,2013,7,23,204,30,cool_dry
2013-07-24,0.002620967741935484,57.51681818181818,23.425862068965515,6.087142857142857,0,2013,7,24,205,30,cool_dry
2013-07-25,0.002620967741935484,57.51681818181818,23.425862068965515,6.087142857142857,0,2013,7,25,206,30,cool_dry
2013-07-26,0.002620967741935484,57.51681818181818,23.425862068965515,6.087142857142857,0,2013,7,26,207,30,cool_dry
2013-07-27,0.002620967741935484,57.51681818181818,23.425862068965515,6.087142857142857,0,2013,7,27,208,30,cool_dry
2013-07-28,0.002620967741935484,57.51681818181818,23.425862068965515,6.087142857142857,0,2013,7,28,209,30,cool_dry
2013-07-29,0.002620967741935484,57.51681818181818,23.425862068965515,6.087142857142857,0,2013,7,29,210,31,cool_dry
2013-07-30,0.002620967741935484,57.51681818181818,23.425862068965515,6.087142857142857,0,2013,7,30,211,31,cool_dry
2013-07-31,0.002620967741935484,57.51681818181818,23.425862068965515,6.087142857142857,0,2013,7,31,212,31,cool_dry
2013-08-01,0.009781477627471384,49.68869565217391,26.582142857142856,8.906666666666666,0,2013,8,1,213,31,cool_dry
2013-08-02,0.009781477627471384,49.68869565217391,26.582142857142856,8.906666666666666,0,2013,8,2,214,31,cool_dry
2013-08-03,0.009781477627471384,49.68869565217391,26.582142857142856,8.906666666666666,0,2013,8,3,215,31,cool_dry
2013-08-04,0.009781477627471384,49.68869565217391,26.582142857142856,8.906666666666666,0,2013,8,4,216,31,cool_dry
2013-08-05,0.009781477627471384,49.68869565217391,26.582142857142856,8.906666666666666,0,2013,8,5,217,32,cool_dry
2013-08-06,0.009781477627471384,49.68869565217391,26.582142857142856,8.906666666666666,0,2013,8,6,218,32,cool_dry
2013-08-07,0.009781477627471384,49.68869565217391,26.582142857142856,8.906666666666666,0,2013,8,7,219,32,cool_dry
2013-08-08,0.009781477627471384,49.68869565217391,26.582142857142856,8.906666666666666,0,2013,8,8,220,32,cool_dry
2013-08-09,0.009781477627471384,49.68869565217391,26.582142857142856,8.906666666666666,0,2013,8,9,221,32,cool_dry
2013-08-10,0.009781477627471384,49.68869565217391,26.582142857142856,8.906666666666666,0,2013,8,10,222,32,cool_dry
2013-08-11,0.009781477627471384,49.68869565217391,26.582142857142856,8.906666666666666,0,2013,8,11,223,32,cool_dry
2013-08-12,0.009781477627471384,49.68869565217391,26.582142857142856,8.906666666666666,0,2013,8,12,224,33,cool_dry
2013-08-13,0.009781477627471384,49.68869565217391,26.582142857142856,8.906666666666666,0,2013,8,13,225,33,cool_dry
2013-08-14,0.009781477627471384,49.68869565217391,26.582142857142856,8.906666666666666,0,2013,8,14,226,33,cool_dry
2013-08-15,0.009781477627471384,49.68869565217391,26.582142857142856,8.906666666666666,0,2013,8,15,227,33,cool_dry
2013-08-16,0.009781477627471384,49.68869565217391,26.582142857142856,8.906666666666666,0,2013,8,16,228,33,cool_dry
2013-08-17,0.009781477627471384,49.68869565217391,26.582142857142856,8.906666666666666,0,2013,8,17,229,33,cool_dry
2013-08-18,0.009781477627471384,49.68869565217391,26.582142857142856,8.906666666666666,0,2013,8,18,230,33,cool_dry
2013-08-19,0.009781477627471384,49.68869565217391,26.582142857142856,8.906666666666666,0,2013,8,19,231,34,cool_dry
2013-08-20,0.009781477627471384,49.68869565217391,26.582142857142856,8.906666666666666,0,2013,8,20,232,34,cool_dry
2013-08-21,0.009781477627471384,49.68869565217391,26.582142857142856,8.906666666666666,0,2013,8,21,233,34,cool_dry
2013-08-22,0.009781477627471384,49.68869565217391,26.582142857142856,8.906666666666666,0,2013,8,22,234,34,cool_dry
2013-08-23,0.009781477627471384,49.68869565217391,26.582142857142856,8.906666666666666,0,2013,8,23,235,34,cool_dry
2013-08-24,0.009781477627471384,49.68869565217391,26.582142857142856,8.906666666666666,0,2013,8,24,236,34,cool_dry
2013-08-25,0.009781477627471384,49.68869565217391,26.582142857142856,8.906666666666666,0,2013,8,25,237,34,cool_dry
2013-08-26,0.009781477627471384,49.68869565217391,26.582142857142856,8.906666666666666,0,2013,8,26,238,35,cool_dry
2013-08-27,0.009781477627471384,49.68869565217391,26.582142857142856,8.906666666666666,0,2013,8,27,239,35,cool_dry
2013-08-28,0.009781477627471384,49.68869565217391,26.582142857142856,8.906666666666666,0,2013,8,28,240,35,cool_dry
2013-08-29,0.009781477627471384,49.68869565217391,26.582142857142856,8.906666666666666,0,2013,8,29,241,35,cool_dry
2013-08-30,0.009781477627471384,49.68869565217391,26.582142857142856,8.906666666666666,0,2013,8,30,242,35,cool_dry
2013-08-31,0.009781477627471384,49.68869565217391,26.582142857142856,8.906666666666666,0,2013,8,31,243,35,cool_dry
2013-09-01,0.04580645161290322,42.211363636363636,30.173793103448276,12.774285714285714,0,2013,9,1,244,35,hot_dry
2013-09-02,0.04580645161290322,42.211363636363636,30.173793103448276,12.774285714285714,0,2013,9,2,245,36,hot_dry
2013-09-03,0.04580645161290322,42.211363636363636,30.173793103448276,12.774285714285714,0,2013,9,3,246,36,hot_dry
2013-09-04,0.04580645161290322,42.211363636363636,30.173793103448276,12.774285714285714,0,2013,9,4,247,36,hot_dry
2013-09-05,0.04580645161290322,42.211363636363636,30.173793103448276,12.774285714285714,0,2013,9,5,248,36,hot_dry
2013-09-06,0.04580645161290322,42.211363636363636,30.173793103448276,12.774285714285714,0,2013,9,6,249,36,hot_dry
2013-09-07,0.04580645161290322,42.211363636363636,30.173793103448276,12.774285714285714,0,2013,9,7,250,36,hot_dry
2013-09-08,0.04580645161290322,42.211363636363636,30.173793103448276,12.774285714285714,0,2013,9,8,251,36,hot_dry
2013-09-09,0.04580645161290322,42.211363636363636,30.173793103448276,12.774285714285714,0,2013,9,9,252,37,hot_dry
2013-09-10,0.04580645161290322,42.211363636363636,30.173793103448276,12.774285714285714,0,2013,9,10,253,37,hot_dry
2013-09-11,0.04580645161290322,42.211363636363636,30.173793103448276,12.774285714285714,0,2013,9,11,254,37,hot_dry
2013-09-12,0.04580645161290322,42.211363636363636,30.173793103448276,12.774285714285714,0,2013,9,12,255,37,hot_dry
2013-09-13,0.04580645161290322,42.211363636363636,30.173793103448276,12.774285714285714,0,2013,9,13,256,37,hot_dry
2013-09-14,0.04580645161290322,42.211363636363636,30.173793103448276,12.774285714285714,0,2013,9,14,257,37,hot_dry
2013-09-15,0.04580645161290322,42.211363636363636,30.173793103448276,12.774285714285714,0,2013,9,15,258,37,hot_dry
2013-09-16,0.04580645161290322,42.211363636363636,30.173793103448276,12.774285714285714,0,2013,9,16,259,38,hot_dry
2013-09-17,0.04580645161290322,42.211363636363636,30.173793103448276,12.774285714285714,0,2013,9,17,260,38,hot_dry
2013-09-18,0.04580645161290322,42.211363636363636,30.173793103448276,12.774285714285714,0,2013,9,18,261,38,hot_dry
2013-09-19,0.04580645161290322,42.211363636363636,30.173793103448276,12.774285714285714,0,2013,9,19,262,38,hot_dry
2013-09-20,0.04580645161290322,42.211363636363636,30.173793103448276,12.774285714285714,0,2013,9,20,263,38,hot_dry
2013-09-21,0.04580645161290322,42.211363636363636,30.173793103448276,12.774285714285714,0,2013,9,21,264,38,hot_dry
2013-09-22,0.04580645161290322,42.211363636363636,30.173793103448276,12.774285714285714,0,2013,9,22,265,38,hot_dry
2013-09-23,0.04580645161290322,42.211363636363636,30.173793103448276,12.774285714285714,0,2013,9,23,266,39,hot_dry
2013-09-24,0.04580645161290322,42.211363636363636,30.173793103448276,12.774285714285714,0,2013,9,24,267,39,hot_dry
2013-09-25,0.04580645161290322,42.211363636363636,30.173793103448276,12.774285714285714,0,2013,9,25,268,39,hot_dry
2013-09-26,0.04580645161290322,42.211363636363636,30.173793103448276,12.774285714285714,0,2013,9,26,269,39,hot_dry
2013-09-27,0.04580645161290322,42.211363636363636,30.173793103448276,12.774285714285714,0,2013,9,27,270,39,hot_dry
2013-09-28,0.04580645161290322,42.211363636363636,30.173793103448276,12.774285714285714,0,2013,9,28,271,39,hot_dry
2013-09-29,0.04580645161290322,42.211363636363636,30.173793103448276,12.774285714285714,0,2013,9,29,272,39,hot_dry
2013-09-30,0.04580645161290322,42.211363636363636,30.173793103448276,12.774285714285714,0,2013,9,30,273,40,hot_dry
2013-10-01,0.38761706555671177,44.34952380952381,32.03296296296296,16.126923076923077,0,2013,10,1,274,40,hot_dry
2013-10-02,0.38761706555671177,44.34952380952381,32.03296296296296,16.126923076923077,0,2013,10,2,275,40,hot_dry
2013-10-03,0.38761706555671177,44.34952380952381,32.03296296296296,16.126923076923077,0,2013,10,3,276,40,hot_dry
2013-10-04,0.38761706555671177,44.34952380952381,32.03296296296296,16.126923076923077,0,2013,10,4,277,40,hot_dry
2013-10-05,0.38761706555671177,44.34952380952381,32.03296296296296,16.126923076923077,0,2013,10,5,278,40,hot_dry
2013-10-06,0.38761706555671177,44.34952380952381,32.03296296296296,16.126923076923077,0,2013,10,6,279,40,hot_dry
2013-10-07,0.38761706555671177,44.34952380952381,32.03296296296296,16.126923076923077,0,2013,10,7,280,41,hot_dry
2013-10-08,0.38761706555671177,44.34952380952381,32.03296296296296,16.126923076923077,0,2013,10,8,281,41,hot_dry
2013-10-09,0.38761706555671177,44.34952380952381,32.03296296296296,16.126923076923077,0,2013,10,9,282,41,hot_dry
2013-10-10,0.38761706555671177,44.34952380952381,32.03296296296296,16.126923076923077,0,2013,10,10,283,41,hot_dry
2013-10-11,0.38761706555671177,44.34952380952381,32.03296296296296,16.126923076923077,0,2013,10,11,284,41,hot_dry
2013-10-12,0.38761706555671177,44.34952380952381,32.03296296296296,16.126923076923077,0,2013,10,12,285,41,hot_dry
2013-10-13,0.38761706555671177,44.34952380952381,32.03296296296296,16.126923076923077,0,2013,10,13,286,41,hot_dry
2013-10-14,0.38761706555671177,44.34952380952381,32.03296296296296,16.126923076923077,0,2013,10,14,287,42,hot_dry
2013-10-15,0.38761706555671177,44.34952380952381,32.03296296296296,16.126923076923077,0,2013,10,15,288,42,hot_dry
2013-10-16,0.38761706555671177,44.34952380952381,32.03296296296296,16.126923076923077,0,2013,10,16,289,42,hot_dry
2013-10-17,0.38761706555671177,44.34952380952381,32.03296296296296,16.126923076923077,0,2013,10,17,290,42,hot_dry
2013-10-18,0.38761706555671177,44.34952380952381,32.03296296296296,16.126923076923077,0,2013,10,18,291,42,hot_dry
2013-10-19,0.38761706555671177,44.34952380952381,32.03296296296296,16.126923076923077,0,2013,10,19,292,42,hot_dry
2013-10-20,0.38761706555671177,44.34952380952381,32.03296296296296,16.126923076923077,0,2013,10,20,293,42,hot_dry
2013-10-21,0.38761706555671177,44.34952380952381,32.03296296296296,16.126923076923077,0,2013,10,21,294,43,hot_dry
2013-10-22,0.38761706555671177,44.34952380952381,32.03296296296296,16.126923076923077,0,2013,10,22,295,43,hot_dry
2013-10-23,0.38761706555671177,44.34952380952381,32.03296296296296,16.126923076923077,0,2013,10,23,296,43,hot_dry
2013-10-24,0.38761706555671177,44.34952380952381,32.03296296296296,16.126923076923077,0,2013,10,24,297,43,hot_dry
2013-10-25,0.38761706555671177,44.34952380952381,32.03296296296296,16.126923076923077,0,2013,10,25,298,43,hot_dry
2013-10-26,0.38761706555671177,44.34952380952381,32.03296296296296,16.126923076923077,0,2013,10,26,299,43,hot_dry
2013-10-27,0.38761706555671177,44.34952380952381,32.03296296296296,16.126923076923077,0,2013,10,27,300,43,hot_dry
2013-10-28,0.38761706555671177,44.34952380952381,32.03296296296296,16.126923076923077,0,2013,10,28,301,44,hot_dry
2013-10-29,0.38761706555671177,44.34952380952381,32.03296296296296,16.126923076923077,0,2013,10,29,302,44,hot_dry
2013-10-30,0.38761706555671177,44.34952380952381,32.03296296296296,16.126923076923077,0,2013,10,30,303,44,hot_dry
2013-10-31,0.38761706555671177,44.34952380952381,32.03296296296296,16.126923076923077,0,2013,10,31,304,44,hot_dry
2013-11-01,2.511,58.865454545454554,30.724482758620688,17.476071428571426,1,2013,11,1,305,44,hot_rainy
2013-11-02,2.511,58.865454545454554,30.724482758620688,17.476071428571426,1,2013,11,2,306,44,hot_rainy
2013-11-03,2.511,58.865454545454554,30.724482758620688,17.476071428571426,1,2013,11,3,307,44,hot_rainy
2013-11-04,2.511,58.865454545454554,30.724482758620688,17.476071428571426,1,2013,11,4,308,45,hot_rainy
2013-11-05,2.511,58.865454545454554,30.724482758620688,17.476071428571426,1,2013,11,5,309,45,hot_rainy
2013-11-06,2.511,58.865454545454554,30.724482758620688,17.476071428571426,1,2013,11,6,310,45,hot_rainy
2013-11-07,2.511,58.865454545454554,30.724482758620688,17.476071428571426,1,2013,11,7,311,45,hot_rainy
2013-11-08,2.511,58.865454545454554,30.724482758620688,17.476071428571426,1,2013,11,8,312,45,hot_rainy
2013-11-09,2.511,58.865454545454554,30.724482758620688,17.476071428571426,1,2013,11,9,313,45,hot_rainy
2013-11-10,2.511,58.865454545454554,30.724482758620688,17.476071428571426,1,2013,11,10,314,45,hot_rainy
2013-11-11,2.511,58.865454545454554,30.724482758620688,17.476071428571426,1,2013,11,11,315,46,hot_rainy
2013-11-12,2.511,58.865454545454554,30.724482758620688,17.476071428571426,1,2013,11,12,316,46,hot_rainy
2013-11-13,2.511,58.865454545454554,30.724482758620688,17.476071428571426,1,2013,11,13,317,46,hot_rainy
2013-11-14,2.511,58.865454545454554,30.724482758620688,17.476071428571426,1,2013,11,14,318,46,hot_rainy
2013-11-15,2.511,58.865454545454554,30.724482758620688,17.476071428571426,1,2013,11,15,319,46,hot_rainy
2013-11-16,2.511,58.865454545454554,30.724482758620688,17.476071428571426,1,2013,11,16,320,46,hot_rainy
2013-11-17,2.511,58.865454545454554,30.724482758620688,17.476071428571426,1,2013,11,17,321,46,hot_rainy
2013-11-18,2.511,58.865454545454554,30.724482758620688,17.476071428571426,1,2013,11,18,322,47,hot_rainy
2013-11-19,2.511,58.865454545454554,30.724482758620688,17.476071428571426,1,2013,11,19,323,47,hot_rainy
2013-11-20,2.511,58.865454545454554,30.724482758620688,17.476071428571426,1,2013,11,20,324,47,hot_rainy
2013-11-21,2.511,58.865454545454554,30.724482758620688,17.476071428571426,1,2013,11,21,325,47,hot_rainy
2013-11-22,2.511,58.865454545454554,30.724482758620688,17.476071428571426,1,2013,11,22,326,47,hot_rainy
2013-11-23,2.511,58.865454545454554,30.724482758620688,17.476071428571426,1,2013,11,23,327,47,hot_rainy
2013-11-24,2.511,58.865454545454554,30.724482758620688,17.476071428571426,1,2013,11,24,328,47,hot_rainy
2013-11-25,2.511,58.865454545454554,30.724482758620688,17.476071428571426,1,2013,11,25,329,48,hot_rainy
2013-11-26,2.511,58.865454545454554,30.724482758620688,17.476071428571426,1,2013,11,26,330,48,hot_rainy
2013-11-27,2.511,58.865454545454554,30.724482758620688,17.476071428571426,1,2013,11,27,331,48,hot_rainy
2013-11-28,2.511,58.865454545454554,30.724482758620688,17.476071428571426,1,2013,11,28,332,48,hot_rainy
2013-11-29,2.511,58.865454545454554,30.724482758620688,17.476071428571426,1,2013,11,29,333,48,hot_rainy
2013-11-30,2.511,58.865454545454554,30.724482758620688,17.476071428571426,1,2013,11,30,334,48,hot_rainy
2013-12-01,5.243808532778356,73.86277777777778,28.231724137931035,17.569655172413793,1,2013,12,1,335,48,hot_rainy
2013-12-02,5.243808532778356,73.86277777777778,28.231724137931035,17.569655172413793,1,2013,12,2,336,49,hot_rainy
2013-12-03,5.243808532778356,73.86277777777778,28.231724137931035,17.569655172413793,1,2013,12,3,337,49,hot_rainy
2013-12-04,5.243808532778356,73.86277777777778,28.231724137931035,17.569655172413793,1,2013,12,4,338,49,hot_rainy
2013-12-05,5.243808532778356,73.86277777777778,28.231724137931035,17.569655172413793,1,2013,12,5,339,49,hot_rainy
2013-12-06,5.243808532778356,73.86277777777778,28.231724137931035,17.569655172413793,1,2013,12,6,340,49,hot_rainy
2013-12-07,5.243808532778356,73.86277777777778,28.231724137931035,17.569655172413793,1,2013,12,7,341,49,hot_rainy
2013-12-08,5.243808532778356,73.86277777777778,28.231724137931035,17.569655172413793,1,2013,12,8,342,49,hot_rainy
2013-12-09,5.243808532778356,73.86277777777778,28.231724137931035,17.569655172413793,1,2013,12,9,343,50,hot_rainy
2013-12-10,5.243808532778356,73.86277777777778,28.231724137931035,17.569655172413793,1,2013,12,10,344,50,hot_rainy
2013-12-11,5.243808532778356,73.86277777777778,28.231724137931035,17.569655172413793,1,2013,12,11,345,50,hot_rainy
2013-12-12,5.243808532778356,73.86277777777778,28.231724137931035,17.569655172413793,1,2013,12,12,346,50,hot_rainy
2013-12-13,5.243808532778356,73.86277777777778,28.231724137931035,17.569655172413793,1,2013,12,13,347,50,hot_rainy
2013-12-14,5.243808532778356,73.86277777777778,28.231724137931035,17.569655172413793,1,2013,12,14,348,50,hot_rainy
2013-12-15,5.243808532778356,73.86277777777778,28.231724137931035,17.569655172413793,1,2013,12,15,349,50,hot_rainy
2013-12-16,5.243808532778356,73.86277777777778,28.231724137931035,17.569655172413793,1,2013,12,16,350,51,hot_rainy
2013-12-17,5.243808532778356,73.86277777777778,28.231724137931035,17.569655172413793,1,2013,12,17,351,51,hot_rainy
2013-12-18,5.243808532778356,73.86277777777778,28.231724137931035,17.569655172413793,1,2013,12,18,352,51,hot_rainy
2013-12-19,5.243808532778356,73.86277777777778,28.231724137931035,17.569655172413793,1,2013,12,19,353,51,hot_rainy
2013-12-20,5.243808532778356,73.86277777777778,28.231724137931035,17.569655172413793,1,2013,12,20,354,51,hot_rainy
2013-12-21,5.243808532778356,73.86277777777778,28.231724137931035,17.569655172413793,1,2013,12,21,355,51,hot_rainy
2013-12-22,5.243808532778356,73.86277777777778,28.231724137931035,17.569655172413793,1,2013,12,22,356,51,hot_rainy
2013-12-23,5.243808532778356,73.86277777777778,28.231724137931035,17.569655172413793,1,2013,12,23,357,52,hot_rainy
2013-12-24,5.243808532778356,73.86277777777778,28.231724137931035,17.569655172413793,1,2013,12,24,358,52,hot_rainy
2013-12-25,5.243808532778356,73.86277777777778,28.231724137931035,17.569655172413793,1,2013,12,25,359,52,hot_rainy
2013-12-26,5.243808532778356,73.86277777777778,28.231724137931035,17.569655172413793,1,2013,12,26,360,52,hot_rainy
2013-12-27,5.243808532778356,73.86277777777778,28.231724137931035,17.569655172413793,1,2013,12,27,361,52,hot_rainy
2013-12-28,5.243808532778356,73.86277777777778,28.231724137931035,17.569655172413793,1,2013,12,28,362,52,hot_rainy
2013-12-29,5.243808532778356,73.86277777777778,28.231724137931035,17.569655172413793,1,2013,12,29,363,52,hot_rainy
2013-12-30,5.243808532778356,73.86277777777778,28.231724137931035,17.569655172413793,1,2013,12,30,364,1,hot_rainy
2013-12-31,5.243808532778356,73.86277777777778,28.231724137931035,17.569655172413793,1,2013,12,31,365,1,hot_rainy
2014-01-01,7.203225806451614,79.25375,28.05,17.23,1,2014,1,1,1,1,hot_rainy
2014-01-02,7.203225806451614,79.25375,28.05,17.23,1,2014,1,2,2,1,hot_rainy
2014-01-03,7.203225806451614,79.25375,28.05,17.23,1,2014,1,3,3,1,hot_rainy
2014-01-04,7.203225806451614,79.25375,28.05,17.23,1,2014,1,4,4,1,hot_rainy
2014-01-05,7.203225806451614,79.25375,28.05,17.23,1,2014,1,5,5,1,hot_rainy
2014-01-06,7.203225806451614,79.25375,28.05,17.23,1,2014,1,6,6,2,hot_rainy
2014-01-07,7.203225806451614,79.25375,28.05,17.23,1,2014,1,7,7,2,hot_rainy
2014-01-08,7.203225806451614,79.25375,28.05,17.23,1,2014,1,8,8,2,hot_rainy
2014-01-09,7.203225806451614,79.25375,28.05,17.23,1,2014,1,9,9,2,hot_rainy
2014-01-10,7.203225806451614,79.25375,28.05,17.23,1,2014,1,10,10,2,hot_rainy
2014-01-11,7.203225806451614,79.25375,28.05,17.23,1,2014,1,11,11,2,hot_rainy
2014-01-12,7.203225806451614,79.25375,28.05,17.23,1,2014,1,12,12,2,hot_rainy
2014-01-13,7.203225806451614,79.25375,28.05,17.23,1,2014,1,13,13,3,hot_rainy
2014-01-14,7.203225806451614,79.25375,28.05,17.23,1,2014,1,14,14,3,hot_rainy
2014-01-15,7.203225806451614,79.25375,28.05,17.23,1,2014,1,15,15,3,hot_rainy
2014-01-16,7.203225806451614,79.25375,28.05,17.23,1,2014,1,16,16,3,hot_rainy
2014-01-17,7.203225806451614,79.25375,28.05,17.23,1,2014,1,17,17,3,hot_rainy
2014-01-18,7.203225806451614,79.25375,28.05,17.23,1,2014,1,18,18,3,hot_rainy
2014-01-19,7.203225806451614,79.25375,28.05,17.23,1,2014,1,19,19,3,hot_rainy
2014-01-20,7.203225806451614,79.25375,28.05,17.23,1,2014,1,20,20,4,hot_rainy
2014-01-21,7.203225806451614,79.25375,28.05,17.23,1,2014,1,21,21,4,hot_rainy
2014-01-22,7.203225806451614,79.25375,28.05,17.23,1,2014,1,22,22,4,hot_rainy
2014-01-23,7.203225806451614,79.25375,28.05,17.23,1,2014,1,23,23,4,hot_rainy
2014-01-24,7.203225806451614,79.25375,28.05,17.23,1,2014,1,24,24,4,hot_rainy
2014-01-25,7.203225806451614,79.25375,28.05,17.23,1,2014,1,25,25,4,hot_rainy
2014-01-26,7.203225806451614,79.25375,28.05,17.23,1,2014,1,26,26,4,hot_rainy
2014-01-27,7.203225806451614,79.25375,28.05,17.23,1,2014,1,27,27,5,hot_rainy
2014-01-28,7.203225806451614,79.25375,28.05,17.23,1,2014,1,28,28,5,hot_rainy
2014-01-29,7.203225806451614,79.25375,28.05,17.23,1,2014,1,29,29,5,hot_rainy
2014-01-30,7.203225806451614,79.25375,28.05,17.23,1,2014,1,30,30,5,hot_rainy
2014-01-31,7.203225806451614,79.25375,28.05,17.23,1,2014,1,31,31,5,hot_rainy
2014-02-01,2.2,78.46233380480905,27.46,17.73,1,2014,2,1,32,5,hot_rainy
2014-02-02,2.2,78.46233380480905,27.46,17.73,1,2014,2,2,33,5,hot_rainy
2014-02-03,2.2,78.46233380480905,27.46,17.73,1,2014,2,3,34,6,hot_rainy
2014-02-04,2.2,78.46233380480905,27.46,17.73,1,2014,2,4,35,6,hot_rainy
2014-02-05,2.2,78.46233380480905,27.46,17.73,1,2014,2,5,36,6,hot_rainy
2014-02-06,2.2,78.46233380480905,27.46,17.73,1,2014,2,6,37,6,hot_rainy
2014-02-07,2.2,78.46233380480905,27.46,17.73,1,2014,2,7,38,6,hot_rainy
2014-02-08,2.2,78.46233380480905,27.46,17.73,1,2014,2,8,39,6,hot_rainy
2014-02-09,2.2,78.46233380480905,27.46,17.73,1,2014,2,9,40,6,hot_rainy
2014-02-10,2.2,78.46233380480905,27.46,17.73,1,2014,2,10,41,7,hot_rainy
2014-02-11,2.2,78.46233380480905,27.46,17.73,1,2014,2,11,42,7,hot_rainy
2014-02-12,2.2,78.46233380480905,27.46,17.73,1,2014,2,12,43,7,hot_rainy
2014-02-13,2.2,78.46233380480905,27.46,17.73,1,2014,2,13,44,7,hot_rainy
2014-02-14,2.2,78.46233380480905,27.46,17.73,1,2014,2,14,45,7,hot_rainy
2014-02-15,2.2,78.46233380480905,27.46,17.73,1,2014,2,15,46,7,hot_rainy
2014-02-16,2.2,78.46233380480905,27.46,17.73,1,2014,2,16,47,7,hot_rainy
2014-02-17,2.2,78.46233380480905,27.46,17.73,1,2014,2,17,48,8,hot_rainy
2014-02-18,2.2,78.46233380480905,27.46,17.73,1,2014,2,18,49,8,hot_rainy
2014-02-19,2.2,78.46233380480905,27.46,17.73,1,2014,2,19,50,8,hot_rainy
2014-02-20,2.2,78.46233380480905,27.46,17.73,1,2014,2,20,51,8,hot_rainy
2014-02-21,2.2,78.46233380480905,27.46,17.73,1,2014,2,21,52,8,hot_rainy
2014-02-22,2.2,78.46233380480905,27.46,17.73,1,2014,2,22,53,8,hot_rainy
2014-02-23,2.2,78.46233380480905,27.46,17.73,1,2014,2,23,54,8,hot_rainy
2014-02-24,2.2,78.46233380480905,27.46,17.73,1,2014,2,24,55,9,hot_rainy
2014-02-25,2.2,78.46233380480905,27.46,17.73,1,2014,2,25,56,9,hot_rainy
2014-02-26,2.2,78.46233380480905,27.46,17.73,1,2014,2,26,57,9,hot_rainy
2014-02-27,2.2,78.46233380480905,27.46,17.73,1,2014,2,27,58,9,hot_rainy
2014-02-28,2.2,78.46233380480905,27.46,17.73,1,2014,2,28,59,9,hot_rainy
2014-03-01,2.2516129032258063,74.81722222222223,27.9,16.76,1,2014,3,1,60,9,hot_rainy
2014-03-02,2.2516129032258063,74.81722222222223,27.9,16.76,1,2014,3,2,61,9,hot_rainy
2014-03-03,2.2516129032258063,74.81722222222223,27.9,16.76,1,2014,3,3,62,10,hot_rainy
2014-03-04,2.2516129032258063,74.81722222222223,27.9,16.76,1,2014,3,4,63,10,hot_rainy
2014-03-05,2.2516129032258063,74.81722222222223,27.9,16.76,1,2014,3,5,64,10,hot_rainy
2014-03-06,2.2516129032258063,74.81722222222223,27.9,16.76,1,2014,3,6,65,10,hot_rainy
2014-03-07,2.2516129032258063,74.81722222222223,27.9,16.76,1,2014,3,7,66,10,hot_rainy
2014-03-08,2.2516129032258063,74.81722222222223,27.9,16.76,1,2014,3,8,67,10,hot_rainy
2014-03-09,2.2516129032258063,74.81722222222223,27.9,16.76,1,2014,3,9,68,10,hot_rainy
2014-03-10,2.2516129032258063,74.81722222222223,27.9,16.76,1,2014,3,10,69,11,hot_rainy
2014-03-11,2.2516129032258063,74.81722222222223,27.9,16.76,1,2014,3,11,70,11,hot_rainy
2014-03-12,2.2516129032258063,74.81722222222223,27.9,16.76,1,2014,3,12,71,11,hot_rainy
2014-03-13,2.2516129032258063,74.81722222222223,27.9,16.76,1,2014,3,13,72,11,hot_rainy
2014-03-14,2.2516129032258063,74.81722222222223,27.9,16.76,1,2014,3,14,73,11,hot_rainy
2014-03-15,2.2516129032258063,74.81722222222223,27.9,16.76,1,2014,3,15,74,11,hot_rainy
2014-03-16,2.2516129032258063,74.81722222222223,27.9,16.76,1,2014,3,16,75,11,hot_rainy
2014-03-17,2.2516129032258063,74.81722222222223,27.9,16.76,1,2014,3,17,76,12,hot_rainy
2014-03-18,2.2516129032258063,74.81722222222223,27.9,16.76,1,2014,3,18,77,12,hot_rainy
2014-03-19,2.2516129032258063,74.81722222222223,27.9,16.76,1,2014,3,19,78,12,hot_rainy
2014-03-20,2.2516129032258063,74.81722222222223,27.9,16.76,1,2014,3,20,79,12,hot_rainy
2014-03-21,2.2516129032258063,74.81722222222223,27.9,16.76,1,2014,3,21,80,12,hot_rainy
2014-03-22,2.2516129032258063,74.81722222222223,27.9,16.76,1,2014,3,22,81,12,hot_rainy
2014-03-23,2.2516129032258063,74.81722222222223,27.9,16.76,1,2014,3,23,82,12,hot_rainy
2014-03-24,2.2516129032258063,74.81722222222223,27.9,16.76,1,2014,3,24,83,13,hot_rainy
2014-03-25,2.2516129032258063,74.81722222222223,27.9,16.76,1,2014,3,25,84,13,hot_rainy
2014-03-26,2.2516129032258063,74.81722222222223,27.9,16.76,1,2014,3,26,85,13,hot_rainy
2014-03-27,2.2516129032258063,74.81722222222223,27.9,16.76,1,2014,3,27,86,13,hot_rainy
2014-03-28,2.2516129032258063,74.81722222222223,27.9,16.76,1,2014,3,28,87,13,hot_rainy
2014-03-29,2.2516129032258063,74.81722222222223,27.9,16.76,1,2014,3,29,88,13,hot_rainy
2014-03-30,2.2516129032258063,74.81722222222223,27.9,16.76,1,2014,3,30,89,13,hot_rainy
2014-03-31,2.2516129032258063,74.81722222222223,27.9,16.76,1,2014,3,31,90,14,hot_rainy
2014-04-01,1.2133333333333334,67.55809523809523,25.72,14.21,1,2014,4,1,91,14,hot_rainy
2014-04-02,1.2133333333333334,67.55809523809523,25.72,14.21,1,2014,4,2,92,14,hot_rainy
2014-04-03,1.2133333333333334,67.55809523809523,25.72,14.21,1,2014,4,3,93,14,hot_rainy
2014-04-04,1.2133333333333334,67.55809523809523,25.72,14.21,1,2014,4,4,94,14,hot_rainy
2014-04-05,1.2133333333333334,67.55809523809523,25.72,14.21,1,2014,4,5,95,14,hot_rainy
2014-04-06,1.2133333333333334,67.55809523809523,25.72,14.21,1,2014,4,6,96,14,hot_rainy
2014-04-07,1.2133333333333334,67.55809523809523,25.72,14.21,1,2014,4,7,97,15,hot_rainy
2014-04-08,1.2133333333333334,67.55809523809523,25.72,14.21,1,2014,4,8,98,15,hot_rainy
2014-04-09,1.2133333333333334,67.55809523809523,25.72,14.21,1,2014,4,9,99,15,hot_rainy
2014-04-10,1.2133333333333334,67.55809523809523,25.72,14.21,1,2014,4,10,100,15,hot_rainy
2014-04-11,1.2133333333333334,67.55809523809523,25.72,14.21,1,2014,4,11,101,15,hot_rainy
2014-04-12,1.2133333333333334,67.55809523809523,25.72,14.21,1,2014,4,12,102,15,hot_rainy
2014-04-13,1.2133333333333334,67.55809523809523,25.72,14.21,1,2014,4,13,103,15,hot_rainy
2014-04-14,1.2133333333333334,67.55809523809523,25.72,14.21,1,2014,4,14,104,16,hot_rainy
2014-04-15,1.2133333333333334,67.55809523809523,25.72,14.21,1,2014,4,15,105,16,hot_rainy
2014-04-16,1.2133333333333334,67.55809523809523,25.72,14.21,1,2014,4,16,106,16,hot_rainy
2014-04-17,1.2133333333333334,67.55809523809523,25.72,14.21,1,2014,4,17,107,16,hot_rainy
2014-04-18,1.2133333333333334,67.55809523809523,25.72,14.21,1,2014,4,18,108,16,hot_rainy
2014-04-19,1.2133333333333334,67.55809523809523,25.72,14.21,1,2014,4,19,109,16,hot_rainy
2014-04-20,1.2133333333333334,67.55809523809523,25.72,14.21,1,2014,4,20,110,16,hot_rainy
2014-04-21,1.2133333333333334,67.55809523809523,25.72,14.21,1,2014,4,21,111,17,hot_rainy
2014-04-22,1.2133333333333334,67.55809523809523,25.72,14.21,1,2014,4,22,112,17,hot_rainy
2014-04-23,1.2133333333333334,67.55809523809523,25.72,14.21,1,2014,4,23,113,17,hot_rainy
2014-04-24,1.2133333333333334,67.55809523809523,25.72,14.21,1,2014,4,24,114,17,hot_rainy
2014-04-25,1.2133333333333334,67.55809523809523,25.72,14.21,1,2014,4,25,115,17,hot_rainy
2014-04-26,1.2133333333333334,67.55809523809523,25.72,14.21,1,2014,4,26,116,17,hot_rainy
2014-04-27,1.2133333333333334,67.55809523809523,25.72,14.21,1,2014,4,27,117,17,hot_rainy
2014-04-28,1.2133333333333334,67.55809523809523,25.72,14.21,1,2014,4,28,118,18,hot_rainy
2014-04-29,1.2133333333333334,67.55809523809523,25.72,14.21,1,2014,4,29,119,18,hot_rainy
2014-04-30,1.2133333333333334,67.55809523809523,25.72,14.21,1,2014,4,30,120,18,hot_rainy
2014-05-01,0.0,61.221428571428575,26.09,9.15,0,2014,5,1,121,18,cool_dry
2014-05-02,0.0,61.221428571428575,26.09,9.15,0,2014,5,2,122,18,cool_dry
2014-05-03,0.0,61.221428571428575,26.09,9.15,0,2014,5,3,123,18,cool_dry
2014-05-04,0.0,61.221428571428575,26.09,9.15,0,2014,5,4,124,18,cool_dry
2014-05-05,0.0,61.221428571428575,26.09,9.15,0,2014,5,5,125,19,cool_dry
2014-05-06,0.0,61.221428571428575,26.09,9.15,0,2014,5,6,126,19,cool_dry
2014-05-07,0.0,61.221428571428575,26.09,9.15,0,2014,5,7,127,19,cool_dry
2014-05-08,0.0,61.221428571428575,26.09,9.15,0,2014,5,8,128,19,cool_dry
2014-05-09,0.0,61.221428571428575,26.09,9.15,0,2014,5,9,129,19,cool_dry
2014-05-10,0.0,61.221428571428575,26.09,9.15,0,2014,5,10,130,19,cool_dry
2014-05-11,0.0,61.221428571428575,26.09,9.15,0,2014,5,11,131,19,cool_dry
2014-05-12,0.0,61.221428571428575,26.09,9.15,0,2014,5,12,132,20,cool_dry
2014-05-13,0.0,61.221428571428575,26.09,9.15,0,2014,5,13,133,20,cool_dry
2014-05-14,0.0,61.221428571428575,26.09,9.15,0,2014,5,14,134,20,cool_dry
2014-05-15,0.0,61.221428571428575,26.09,9.15,0,2014,5,15,135,20,cool_dry
2014-05-16,0.0,61.221428571428575,26.09,9.15,0,2014,5,16,136,20,cool_dry
2014-05-17,0.0,61.221428571428575,26.09,9.15,0,2014,5,17,137,20,cool_dry
2014-05-18,0.0,61.221428571428575,26.09,9.15,0,2014,5,18,138,20,cool_dry
2014-05-19,0.0,61.221428571428575,26.09,9.15,0,2014,5,19,139,21,cool_dry
2014-05-20,0.0,61.221428571428575,26.09,9.15,0,2014,5,20,140,21,cool_dry
2014-05-21,0.0,61.221428571428575,26.09,9.15,0,2014,5,21,141,21,cool_dry
2014-05-22,0.0,61.221428571428575,26.09,9.15,0,2014,5,22,142,21,cool_dry
2014-05-23,0.0,61.221428571428575,26.09,9.15,0,2014,5,23,143,21,cool_dry
2014-05-24,0.0,61.221428571428575,26.09,9.15,0,2014,5,24,144,21,cool_dry
2014-05-25,0.0,61.221428571428575,26.09,9.15,0,2014,5,25,145,21,cool_dry
2014-05-26,0.0,61.221428571428575,26.09,9.15,0,2014,5,26,146,22,cool_dry
2014-05-27,0.0,61.221428571428575,26.09,9.15,0,2014,5,27,147,22,cool_dry
2014-05-28,0.0,61.221428571428575,26.09,9.15,0,2014,5,28,148,22,cool_dry
2014-05-29,0.0,61.221428571428575,26.09,9.15,0,2014,5,29,149,22,cool_dry
2014-05-30,0.0,61.221428571428575,26.09,9.15,0,2014,5,30,150,22,cool_dry
2014-05-31,0.0,61.221428571428575,26.09,9.15,0,2014,5,31,151,22,cool_dry
2014-06-01,0.0,60.345,24.44,7.55,0,2014,6,1,152,22,cool_dry
2014-06-02,0.0,60.345,24.44,7.55,0,2014,6,2,153,23,cool_dry
2014-06-03,0.0,60.345,24.44,7.55,0,2014,6,3,154,23,cool_dry
2014-06-04,0.0,60.345,24.44,7.55,0,2014,6,4,155,23,cool_dry
2014-06-05,0.0,60.345,24.44,7.55,0,2014,6,5,156,23,cool_dry
2014-06-06,0.0,60.345,24.44,7.55,0,2014,6,6,157,23,cool_dry
2014-06-07,0.0,60.345,24.44,7.55,0,2014,6,7,158,23,cool_dry
2014-06-08,0.0,60.345,24.44,7.55,0,2014,6,8,159,23,cool_dry
2014-06-09,0.0,60.345,24.44,7.55,0,2014,6,9,160,24,cool_dry
2014-06-10,0.0,60.345,24.44,7.55,0,2014,6,10,161,24,cool_dry
2014-06-11,0.0,60.345,24.44,7.55,0,2014,6,11,162,24,cool_dry
2014-06-12,0.0,60.345,24.44,7.55,0,2014,6,12,163,24,cool_dry
2014-06-13,0.0,60.345,24.44,7.55,0,2014,6,13,164,24,cool_dry
2014-06-14,0.0,60.345,24.44,7.55,0,2014,6,14,165,24,cool_dry
2014-06-15,0.0,60.345,24.44,7.55,0,2014,6,15,166,24,cool_dry
2014-06-16,0.0,60.345,24.44,7.55,0,2014,6,16,167,25,cool_dry
2014-06-17,0.0,60.345,24.44,7.55,0,2014,6,17,168,25,cool_dry
2014-06-18,0.0,60.345,24.44,7.55,0,2014,6,18,169,25,cool_dry
2014-06-19,0.0,60.345,24.44,7.55,0,2014,6,19,170,25,cool_dry
2014-06-20,0.0,60.345,24.44,7.55,0,2014,6,20,171,25,cool_dry
2014-06-21,0.0,60.345,24.44,7.55,0,2014,6,21,172,25,cool_dry
2014-06-22,0.0,60.345,24.44,7.55,0,2014,6,22,173,25,cool_dry
2014-06-23,0.0,60.345,24.44,7.55,0,2014,6,23,174,26,cool_dry
2014-06-24,0.0,60.345,24.44,7.55,0,2014,6,24,175,26,cool_dry
2014-06-25,0.0,60.345,24.44,7.55,0,2014,6,25,176,26,cool_dry
2014-06-26,0.0,60.345,24.44,7.55,0,2014,6,26,177,26,cool_dry
2014-06-27,0.0,60.345,24.44,7.55,0,2014,6,27,178,26,cool_dry
2014-06-28,0.0,60.345,24.44,7.55,0,2014,6,28,179,26,cool_dry
2014-06-29,0.0,60.345,24.44,7.55,0,2014,6,29,180,26,cool_dry
2014-06-30,0.0,60.345,24.44,7.55,0,2014,6,30,181,27,cool_dry
2014-07-01,0.0,57.51681818181818,24.59,6.22,0,2014,7,1,182,27,cool_dry
2014-07-02,0.0,57.51681818181818,24.59,6.22,0,2014,7,2,183,27,cool_dry
2014-07-03,0.0,57.51681818181818,24.59,6.22,0,2014,7,3,184,27,cool_dry
2014-07-04,0.0,57.51681818181818,24.59,6.22,0,2014,7,4,185,27,cool_dry
2014-07-05,0.0,57.51681818181818,24.59,6.22,0,2014,7,5,186,27,cool_dry
2014-07-06,0.0,57.51681818181818,24.59,6.22,0,2014,7,6,187,27,cool_dry
2014-07-07,0.0,57.51681818181818,24.59,6.22,0,2014,7,7,188,28,cool_dry
2014-07-08,0.0,57.51681818181818,24.59,6.22,0,2014,7,8,189,28,cool_dry
2014-07-09,0.0,57.51681818181818,24.59,6.22,0,2014,7,9,190,28,cool_dry
2014-07-10,0.0,57.51681818181818,24.59,6.22,0,2014,7,10,191,28,cool_dry
2014-07-11,0.0,57.51681818181818,24.59,6.22,0,2014,7,11,192,28,cool_dry
2014-07-12,0.0,57.51681818181818,24.59,6.22,0,2014,7,12,193,28,cool_dry
2014-07-13,0.0,57.51681818181818,24.59,6.22,0,2014,7,13,194,28,cool_dry
2014-07-14,0.0,57.51681818181818,24.59,6.22,0,2014,7,14,195,29,cool_dry
2014-07-15,0.0,57.51681818181818,24.59,6.22,0,2014,7,15,196,29,cool_dry
2014-07-16,0.0,57.51681818181818,24.59,6.22,0,2014,7,16,197,29,cool_dry
2014-07-17,0.0,57.51681818181818,24.59,6.22,0,2014,7,17,198,29,cool_dry
2014-07-18,0.0,57.51681818181818,24.59,6.22,0,2014,7,18,199,29,cool_dry
2014-07-19,0.0,57.51681818181818,24.59,6.22,0,2014,7,19,200,29,cool_dry
2014-07-20,0.0,57.51681818181818,24.59,6.22,0,2014,7,20,201,29,cool_dry
2014-07-21,0.0,57.51681818181818,24.59,6.22,0,2014,7,21,202,30,cool_dry
2014-07-22,0.0,57.51681818181818,24.59,6.22,0,2014,7,22,203,30,cool_dry
2014-07-23,0.0,57.51681818181818,24.59,6.22,0,2014,7,23,204,30,cool_dry
2014-07-24,0.0,57.51681818181818,24.59,6.22,0,2014,7,24,205,30,cool_dry
2014-07-25,0.0,57.51681818181818,24.59,6.22,0,2014,7,25,206,30,cool_dry
2014-07-26,0.0,57.51681818181818,24.59,6.22,0,2014,7,26,207,30,cool_dry
2014-07-27,0.0,57.51681818181818,24.59,6.22,0,2014,7,27,208,30,cool_dry
2014-07-28,0.0,57.51681818181818,24.59,6.22,0,2014,7,28,209,31,cool_dry
2014-07-29,0.0,57.51681818181818,24.59,6.22,0,2014,7,29,210,31,cool_dry
2014-07-30,0.0,57.51681818181818,24.59,6.22,0,2014,7,30,211,31,cool_dry
2014-07-31,0.0,57.51681818181818,24.59,6.22,0,2014,7,31,212,31,cool_dry
2014-08-01,0.0,49.68869565217391,27.09,8.52,0,2014,8,1,213,31,cool_dry
2014-08-02,0.0,49.68869565217391,27.09,8.52,0,2014,8,2,214,31,cool_dry
2014-08-03,0.0,49.68869565217391,27.09,8.52,0,2014,8,3,215,31,cool_dry
2014-08-04,0.0,49.68869565217391,27.09,8.52,0,2014,8,4,216,32,cool_dry
2014-08-05,0.0,49.68869565217391,27.09,8.52,0,2014,8,5,217,32,cool_dry
2014-08-06,0.0,49.68869565217391,27.09,8.52,0,2014,8,6,218,32,cool_dry
2014-08-07,0.0,49.68869565217391,27.09,8.52,0,2014,8,7,219,32,cool_dry
2014-08-08,0.0,49.68869565217391,27.09,8.52,0,2014,8,8,220,32,cool_dry
2014-08-09,0.0,49.68869565217391,27.09,8.52,0,2014,8,9,221,32,cool_dry
2014-08-10,0.0,49.68869565217391,27.09,8.52,0,2014,8,10,222,32,cool_dry
2014-08-11,0.0,49.68869565217391,27.09,8.52,0,2014,8,11,223,33,cool_dry
2014-08-12,0.0,49.68869565217391,27.09,8.52,0,2014,8,12,224,33,cool_dry
2014-08-13,0.0,49.68869565217391,27.09,8.52,0,2014,8,13,225,33,cool_dry
2014-08-14,0.0,49.68869565217391,27.09,8.52,0,2014,8,14,226,33,cool_dry
2014-08-15,0.0,49.68869565217391,27.09,8.52,0,2014,8,15,227,33,cool_dry
2014-08-16,0.0,49.68869565217391,27.09,8.52,0,2014,8,16,228,33,cool_dry
2014-08-17,0.0,49.68869565217391,27.09,8.52,0,2014,8,17,229,33,cool_dry
2014-08-18,0.0,49.68869565217391,27.09,8.52,0,2014,8,18,230,34,cool_dry
2014-08-19,0.0,49.68869565217391,27.09,8.52,0,2014,8,19,231,34,cool_dry
2014-08-20,0.0,49.68869565217391,27.09,8.52,0,2014,8,20,232,34,cool_dry
2014-08-21,0.0,49.68869565217391,27.09,8.52,0,2014,8,21,233,34,cool_dry
2014-08-22,0.0,49.68869565217391,27.09,8.52,0,2014,8,22,234,34,cool_dry
2014-08-23,0.0,49.68869565217391,27.09,8.52,0,2014,8,23,235,34,cool_dry
2014-08-24,0.0,49.68869565217391,27.09,8.52,0,2014,8,24,236,34,cool_dry
2014-08-25,0.0,49.68869565217391,27.09,8.52,0,2014,8,25,237,35,cool_dry
2014-08-26,0.0,49.68869565217391,27.09,8.52,0,2014,8,26,238,35,cool_dry
2014-08-27,0.0,49.68869565217391,27.09,8.52,0,2014,8,27,239,35,cool_dry
2014-08-28,0.0,49.68869565217391,27.09,8.52,0,2014,8,28,240,35,cool_dry
2014-08-29,0.0,49.68869565217391,27.09,8.52,0,2014,8,29,241,35,cool_dry
2014-08-30,0.0,49.68869565217391,27.09,8.52,0,2014,8,30,242,35,cool_dry
2014-08-31,0.0,49.68869565217391,27.09,8.52,0,2014,8,31,243,35,cool_dry
2014-09-01,0.0,42.211363636363636,29.49,12.9,0,2014,9,1,244,36,hot_dry
2014-09-02,0.0,42.211363636363636,29.49,12.9,0,2014,9,2,245,36,hot_dry
2014-09-03,0.0,42.211363636363636,29.49,12.9,0,2014,9,3,246,36,hot_dry
2014-09-04,0.0,42.211363636363636,29.49,12.9,0,2014,9,4,247,36,hot_dry
2014-09-05,0.0,42.211363636363636,29.49,12.9,0,2014,9,5,248,36,hot_dry
2014-09-06,0.0,42.211363636363636,29.49,12.9,0,2014,9,6,249,36,hot_dry
2014-09-07,0.0,42.211363636363636,29.49,12.9,0,2014,9,7,250,36,hot_dry
2014-09-08,0.0,42.211363636363636,29.49,12.9,0,2014,9,8,251,37,hot_dry
2014-09-09,0.0,42.211363636363636,29.49,12.9,0,2014,9,9,252,37,hot_dry
2014-09-10,0.0,42.211363636363636,29.49,12.9,0,2014,9,10,253,37,hot_dry
2014-09-11,0.0,42.211363636363636,29.49,12.9,0,2014,9,11,254,37,hot_dry
2014-09-12,0.0,42.211363636363636,29.49,12.9,0,2014,9,12,255,37,hot_dry
2014-09-13,0.0,42.211363636363636,29.49,12.9,0,2014,9,13,256,37,hot_dry
2014-09-14,0.0,42.211363636363636,29.49,12.9,0,2014,9,14,257,37,hot_dry
2014-09-15,0.0,42.211363636363636,29.49,12.9,0,2014,9,15,258,38,hot_dry
2014-09-16,0.0,42.211363636363636,29.49,12.9,0,2014,9,16,259,38,hot_dry
2014-09-17,0.0,42.211363636363636,29.49,12.9,0,2014,9,17,260,38,hot_dry
2014-09-18,0.0,42.211363636363636,29.49,12.9,0,2014,9,18,261,38,hot_dry
2014-09-19,0.0,42.211363636363636,29.49,12.9,0,2014,9,19,262,38,hot_dry
2014-09-20,0.0,42.211363636363636,29.49,12.9,0,2014,9,20,263,38,hot_dry
2014-09-21,0.0,42.211363636363636,29.49,12.9,0,2014,9,21,264,38,hot_dry
2014-09-22,0.0,42.211363636363636,29.49,12.9,0,2014,9,22,265,39,hot_dry
2014-09-23,0.0,42.211363636363636,29.49,12.9,0,2014,9,23,266,39,hot_dry
2014-09-24,0.0,42.211363636363636,29.49,12.9,0,2014,9,24,267,39,hot_dry
2014-09-25,0.0,42.211363636363636,29.49,12.9,0,2014,9,25,268,39,hot_dry
2014-09-26,0.0,42.211363636363636,29.49,12.9,0,2014,9,26,269,39,hot_dry
2014-09-27,0.0,42.211363636363636,29.49,12.9,0,2014,9,27,270,39,hot_dry
2014-09-28,0.0,42.211363636363636,29.49,12.9,0,2014,9,28,271,39,hot_dry
2014-09-29,0.0,42.211363636363636,29.49,12.9,0,2014,9,29,272,40,hot_dry
2014-09-30,0.0,42.211363636363636,29.49,12.9,0,2014,9,30,273,40,hot_dry
2014-10-01,0.0,44.34952380952381,33.15,15.9,0,2014,10,1,274,40,hot_dry
2014-10-02,0.0,44.34952380952381,33.15,15.9,0,2014,10,2,275,40,hot_dry
2014-10-03,0.0,44.34952380952381,33.15,15.9,0,2014,10,3,276,40,hot_dry
2014-10-04,0.0,44.34952380952381,33.15,15.9,0,2014,10,4,277,40,hot_dry
2014-10-05,0.0,44.34952380952381,33.15,15.9,0,2014,10,5,278,40,hot_dry
2014-10-06,0.0,44.34952380952381,33.15,15.9,0,2014,10,6,279,41,hot_dry
2014-10-07,0.0,44.34952380952381,33.15,15.9,0,2014,10,7,280,41,hot_dry
2014-10-08,0.0,44.34952380952381,33.15,15.9,0,2014,10,8,281,41,hot_dry
2014-10-09,0.0,44.34952380952381,33.15,15.9,0,2014,10,9,282,41,hot_dry
2014-10-10,0.0,44.34952380952381,33.15,15.9,0,2014,10,10,283,41,hot_dry
2014-10-11,0.0,44.34952380952381,33.15,15.9,0,2014,10,11,284,41,hot_dry
2014-10-12,0.0,44.34952380952381,33.15,15.9,0,2014,10,12,285,41,hot_dry
2014-10-13,0.0,44.34952380952381,33.15,15.9,0,2014,10,13,286,42,hot_dry
2014-10-14,0.0,44.34952380952381,33.15,15.9,0,2014,10,14,287,42,hot_dry
2014-10-15,0.0,44.34952380952381,33.15,15.9,0,2014,10,15,288,42,hot_dry
2014-10-16,0.0,44.34952380952381,33.15,15.9,0,2014,10,16,289,42,hot_dry
2014-10-17,0.0,44.34952380952381,33.15,15.9,0,2014,10,17,290,42,hot_dry
2014-10-18,0.0,44.34952380952381,33.15,15.9,0,2014,10,18,291,42,hot_dry
2014-10-19,0.0,44.34952380952381,33.15,15.9,0,2014,10,19,292,42,hot_dry
2014-10-20,0.0,44.34952380952381,33.15,15.9,0,2014,10,20,293,43,hot_dry
2014-10-21,0.0,44.34952380952381,33.15,15.9,0,2014,10,21,294,43,hot_dry
2014-10-22,0.0,44.34952380952381,33.15,15.9,0,2014,10,22,295,43,hot_dry
2014-10-23,0.0,44.34952380952381,33.15,15.9,0,2014,10,23,296,43,hot_dry
2014-10-24,0.0,44.34952380952381,33.15,15.9,0,2014,10,24,297,43,hot_dry
2014-10-25,0.0,44.34952380952381,33.15,15.9,0,2014,10,25,298,43,hot_dry
2014-10-26,0.0,44.34952380952381,33.15,15.9,0,2014,10,26,299,43,hot_dry
2014-10-27,0.0,44.34952380952381,33.15,15.9,0,2014,10,27,300,44,hot_dry
2014-10-28,0.0,44.34952380952381,33.15,15.9,0,2014,10,28,301,44,hot_dry
2014-10-29,0.0,44.34952380952381,33.15,15.9,0,2014,10,29,302,44,hot_dry
2014-10-30,0.0,44.34952380952381,33.15,15.9,0,2014,10,30,303,44,hot_dry
2014-10-31,0.0,44.34952380952381,33.15,15.9,0,2014,10,31,304,44,hot_dry
2014-11-01,0.6466666666666666,58.865454545454554,32.73,18.52,0,2014,11,1,305,44,hot_rainy
2014-11-02,0.6466666666666666,58.865454545454554,32.73,18.52,0,2014,11,2,306,44,hot_rainy
2014-11-03,0.6466666666666666,58.865454545454554,32.73,18.52,0,2014,11,3,307,45,hot_rainy
2014-11-04,0.6466666666666666,58.865454545454554,32.73,18.52,0,2014,11,4,308,45,hot_rainy
2014-11-05,0.6466666666666666,58.865454545454554,32.73,18.52,0,2014,11,5,309,45,hot_rainy
2014-11-06,0.6466666666666666,58.865454545454554,32.73,18.52,0,2014,11,6,310,45,hot_rainy
2014-11-07,0.6466666666666666,58.865454545454554,32.73,18.52,0,2014,11,7,311,45,hot_rainy
2014-11-08,0.6466666666666666,58.865454545454554,32.73,18.52,0,2014,11,8,312,45,hot_rainy
2014-11-09,0.6466666666666666,58.865454545454554,32.73,18.52,0,2014,11,9,313,45,hot_rainy
2014-11-10,0.6466666666666666,58.865454545454554,32.73,18.52,0,2014,11,10,314,46,hot_rainy
2014-11-11,0.6466666666666666,58.865454545454554,32.73,18.52,0,2014,11,11,315,46,hot_rainy
2014-11-12,0.6466666666666666,58.865454545454554,32.73,18.52,0,2014,11,12,316,46,hot_rainy
2014-11-13,0.6466666666666666,58.865454545454554,32.73,18.52,0,2014,11,13,317,46,hot_rainy
2014-11-14,0.6466666666666666,58.865454545454554,32.73,18.52,0,2014,11,14,318,46,hot_rainy
2014-11-15,0.6466666666666666,58.865454545454554,32.73,18.52,0,2014,11,15,319,46,hot_rainy
2014-11-16,0.6466666666666666,58.865454545454554,32.73,18.52,0,2014,11,16,320,46,hot_rainy
2014-11-17,0.6466666666666666,58.865454545454554,32.73,18.52,0,2014,11,17,321,47,hot_rainy
2014-11-18,0.6466666666666666,58.865454545454554,32.73,18.52,0,2014,11,18,322,47,hot_rainy
2014-11-19,0.6466666666666666,58.865454545454554,32.73,18.52,0,2014,11,19,323,47,hot_rainy
2014-11-20,0.6466666666666666,58.865454545454554,32.73,18.52,0,2014,11,20,324,47,hot_rainy
2014-11-21,0.6466666666666666,58.865454545454554,32.73,18.52,0,2014,11,21,325,47,hot_rainy
2014-11-22,0.6466666666666666,58.865454545454554,32.73,18.52,0,2014,11,22,326,47,hot_rainy
2014-11-23,0.6466666666666666,58.865454545454554,32.73,18.52,0,2014,11,23,327,47,hot_rainy
2014-11-24,0.6466666666666666,58.865454545454554,32.73,18.52,0,2014,11,24,328,48,hot_rainy
2014-11-25,0.6466666666666666,58.865454545454554,32.73,18.52,0,2014,11,25,329,48,hot_rainy
2014-11-26,0.6466666666666666,58.865454545454554,32.73,18.52,0,2014,11,26,330,48,hot_rainy
2014-11-27,0.6466666666666666,58.865454545454554,32.73,18.52,0,2014,11,27,331,48,hot_rainy
2014-11-28,0.6466666666666666,58.865454545454554,32.73,18.52,0,2014,11,28,332,48,hot_rainy
2014-11-29,0.6466666666666666,58.865454545454554,32.73,18.52,0,2014,11,29,333,48,hot_rainy
2014-11-30,0.6466666666666666,58.865454545454554,32.73,18.52,0,2014,11,30,334,48,hot_rainy
2014-12-01,6.729032258064516,73.86277777777778,28.67,18.35,1,2014,12,1,335,49,hot_rainy
2014-12-02,6.729032258064516,73.86277777777778,28.67,18.35,1,2014,12,2,336,49,hot_rainy
2014-12-03,6.729032258064516,73.86277777777778,28.67,18.35,1,2014,12,3,337,49,hot_rainy
2014-12-04,6.729032258064516,73.86277777777778,28.67,18.35,1,2014,12,4,338,49,hot_rainy
2014-12-05,6.729032258064516,73.86277777777778,28.67,18.35,1,2014,12,5,339,49,hot_rainy
2014-12-06,6.729032258064516,73.86277777777778,28.67,18.35,1,2014,12,6,340,49,hot_rainy
2014-12-07,6.729032258064516,73.86277777777778,28.67,18.35,1,2014,12,7,341,49,hot_rainy
2014-12-08,6.729032258064516,73.86277777777778,28.67,18.35,1,2014,12,8,342,50,hot_rainy
2014-12-09,6.729032258064516,73.86277777777778,28.67,18.35,1,2014,12,9,343,50,hot_rainy
2014-12-10,6.729032258064516,73.86277777777778,28.67,18.35,1,2014,12,10,344,50,hot_rainy
2014-12-11,6.729032258064516,73.86277777777778,28.67,18.35,1,2014,12,11,345,50,hot_rainy
2014-12-12,6.729032258064516,73.86277777777778,28.67,18.35,1,2014,12,12,346,50,hot_rainy
2014-12-13,6.729032258064516,73.86277777777778,28.67,18.35,1,2014,12,13,347,50,hot_rainy
2014-12-14,6.729032258064516,73.86277777777778,28.67,18.35,1,2014,12,14,348,50,hot_rainy
2014-12-15,6.729032258064516,73.86277777777778,28.67,18.35,1,2014,12,15,349,51,hot_rainy
2014-12-16,6.729032258064516,73.86277777777778,28.67,18.35,1,2014,12,16,350,51,hot_rainy
2014-12-17,6.729032258064516,73.86277777777778,28.67,18.35,1,2014,12,17,351,51,hot_rainy
2014-12-18,6.729032258064516,73.86277777777778,28.67,18.35,1,2014,12,18,352,51,hot_rainy
2014-12-19,6.729032258064516,73.86277777777778,28.67,18.35,1,2014,12,19,353,51,hot_rainy
2014-12-20,6.729032258064516,73.86277777777778,28.67,18.35,1,2014,12,20,354,51,hot_rainy
2014-12-21,6.729032258064516,73.86277777777778,28.67,18.35,1,2014,12,21,355,51,hot_rainy
2014-12-22,6.729032258064516,73.86277777777778,28.67,18.35,1,2014,12,22,356,52,hot_rainy
2014-12-23,6.729032258064516,73.86277777777778,28.67,18.35,1,2014,12,23,357,52,hot_rainy
2014-12-24,6.729032258064516,73.86277777777778,28.67,18.35,1,2014,12,24,358,52,hot_rainy
2014-12-25,6.729032258064516,73.86277777777778,28.67,18.35,1,2014,12,25,359,52,hot_rainy
2014-12-26,6.729032258064516,73.86277777777778,28.67,18.35,1,2014,12,26,360,52,hot_rainy
2014-12-27,6.729032258064516,73.86277777777778,28.67,18.35,1,2014,12,27,361,52,hot_rainy
2014-12-28,6.729032258064516,73.86277777777778,28.67,18.35,1,2014,12,28,362,52,hot_rainy
2014-12-29,6.729032258064516,73.86277777777778,28.67,18.35,1,2014,12,29,363,1,hot_rainy
2014-12-30,6.729032258064516,73.86277777777778,28.67,18.35,1,2014,12,30,364,1,hot_rainy
2014-12-31,6.729032258064516,73.86277777777778,28.67,18.35,1,2014,12,31,365,1,hot_rainy
2015-01-01,5.996774193548387,79.25375,27.47,17.29,1,2015,1,1,1,1,hot_rainy
2015-01-02,5.996774193548387,79.25375,27.47,17.29,1,2015,1,2,2,1,hot_rainy
2015-01-03,5.996774193548387,79.25375,27.47,17.29,1,2015,1,3,3,1,hot_rainy
2015-01-04,5.996774193548387,79.25375,27.47,17.29,1,2015,1,4,4,1,hot_rainy
2015-01-05,5.996774193548387,79.25375,27.47,17.29,1,2015,1,5,5,2,hot_rainy
2015-01-06,5.996774193548387,79.25375,27.47,17.29,1,2015,1,6,6,2,hot_rainy
2015-01-07,5.996774193548387,79.25375,27.47,17.29,1,2015,1,7,7,2,hot_rainy
2015-01-08,5.996774193548387,79.25375,27.47,17.29,1,2015,1,8,8,2,hot_rainy
2015-01-09,5.996774193548387,79.25375,27.47,17.29,1,2015,1,9,9,2,hot_rainy
2015-01-10,5.996774193548387,79.25375,27.47,17.29,1,2015,1,10,10,2,hot_rainy
2015-01-11,5.996774193548387,79.25375,27.47,17.29,1,2015,1,11,11,2,hot_rainy
2015-01-12,5.996774193548387,79.25375,27.47,17.29,1,2015,1,12,12,3,hot_rainy
2015-01-13,5.996774193548387,79.25375,27.47,17.29,1,2015,1,13,13,3,hot_rainy
2015-01-14,5.996774193548387,79.25375,27.47,17.29,1,2015,1,14,14,3,hot_rainy
2015-01-15,5.996774193548387,79.25375,27.47,17.29,1,2015,1,15,15,3,hot_rainy
2015-01-16,5.996774193548387,79.25375,27.47,17.29,1,2015,1,16,16,3,hot_rainy
2015-01-17,5.996774193548387,79.25375,27.47,17.29,1,2015,1,17,17,3,hot_rainy
2015-01-18,5.996774193548387,79.25375,27.47,17.29,1,2015,1,18,18,3,hot_rainy
2015-01-19,5.996774193548387,79.25375,27.47,17.29,1,2015,1,19,19,4,hot_rainy
2015-01-20,5.996774193548387,79.25375,27.47,17.29,1,2015,1,20,20,4,hot_rainy
2015-01-21,5.996774193548387,79.25375,27.47,17.29,1,2015,1,21,21,4,hot_rainy
2015-01-22,5.996774193548387,79.25375,27.47,17.29,1,2015,1,22,22,4,hot_rainy
2015-01-23,5.996774193548387,79.25375,27.47,17.29,1,2015,1,23,23,4,hot_rainy
2015-01-24,5.996774193548387,79.25375,27.47,17.29,1,2015,1,24,24,4,hot_rainy
2015-01-25,5.996774193548387,79.25375,27.47,17.29,1,2015,1,25,25,4,hot_rainy
2015-01-26,5.996774193548387,79.25375,27.47,17.29,1,2015,1,26,26,5,hot_rainy
2015-01-27,5.996774193548387,79.25375,27.47,17.29,1,2015,1,27,27,5,hot_rainy
2015-01-28,5.996774193548387,79.25375,27.47,17.29,1,2015,1,28,28,5,hot_rainy
2015-01-29,5.996774193548387,79.25375,27.47,17.29,1,2015,1,29,29,5,hot_rainy
2015-01-30,5.996774193548387,79.25375,27.47,17.29,1,2015,1,30,30,5,hot_rainy
2015-01-31,5.996774193548387,79.25375,27.47,17.29,1,2015,1,31,31,5,hot_rainy
2015-02-01,6.864285714285714,78.46233380480905,28.77,16.86,1,2015,2,1,32,5,hot_rainy
2015-02-02,6.864285714285714,78.46233380480905,28.77,16.86,1,2015,2,2,33,6,hot_rainy
2015-02-03,6.864285714285714,78.46233380480905,28.77,16.86,1,2015,2,3,34,6,hot_rainy
2015-02-04,6.864285714285714,78.46233380480905,28.77,16.86,1,2015,2,4,35,6,hot_rainy
2015-02-05,6.864285714285714,78.46233380480905,28.77,16.86,1,2015,2,5,36,6,hot_rainy
2015-02-06,6.864285714285714,78.46233380480905,28.77,16.86,1,2015,2,6,37,6,hot_rainy
2015-02-07,6.864285714285714,78.46233380480905,28.77,16.86,1,2015,2,7,38,6,hot_rainy
2015-02-08,6.864285714285714,78.46233380480905,28.77,16.86,1,2015,2,8,39,6,hot_rainy
2015-02-09,6.864285714285714,78.46233380480905,28.77,16.86,1,2015,2,9,40,7,hot_rainy
2015-02-10,6.864285714285714,78.46233380480905,28.77,16.86,1,2015,2,10,41,7,hot_rainy
2015-02-11,6.864285714285714,78.46233380480905,28.77,16.86,1,2015,2,11,42,7,hot_rainy
2015-02-12,6.864285714285714,78.46233380480905,28.77,16.86,1,2015,2,12,43,7,hot_rainy
2015-02-13,6.864285714285714,78.46233380480905,28.77,16.86,1,2015,2,13,44,7,hot_rainy
2015-02-14,6.864285714285714,78.46233380480905,28.77,16.86,1,2015,2,14,45,7,hot_rainy
2015-02-15,6.864285714285714,78.46233380480905,28.77,16.86,1,2015,2,15,46,7,hot_rainy
2015-02-16,6.864285714285714,78.46233380480905,28.77,16.86,1,2015,2,16,47,8,hot_rainy
2015-02-17,6.864285714285714,78.46233380480905,28.77,16.86,1,2015,2,17,48,8,hot_rainy
2015-02-18,6.864285714285714,78.46233380480905,28.77,16.86,1,2015,2,18,49,8,hot_rainy
2015-02-19,6.864285714285714,78.46233380480905,28.77,16.86,1,2015,2,19,50,8,hot_rainy
2015-02-20,6.864285714285714,78.46233380480905,28.77,16.86,1,2015,2,20,51,8,hot_rainy
2015-02-21,6.864285714285714,78.46233380480905,28.77,16.86,1,2015,2,21,52,8,hot_rainy
2015-02-22,6.864285714285714,78.46233380480905,28.77,16.86,1,2015,2,22,53,8,hot_rainy
2015-02-23,6.864285714285714,78.46233380480905,28.77,16.86,1,2015,2,23,54,9,hot_rainy
2015-02-24,6.864285714285714,78.46233380480905,28.77,16.86,1,2015,2,24,55,9,hot_rainy
2015-02-25,6.864285714285714,78.46233380480905,28.77,16.86,1,2015,2,25,56,9,hot_rainy
2015-02-26,6.864285714285714,78.46233380480905,28.77,16.86,1,2015,2,26,57,9,hot_rainy
2015-02-27,6.864285714285714,78.46233380480905,28.77,16.86,1,2015,2,27,58,9,hot_rainy
2015-02-28,6.864285714285714,78.46233380480905,28.77,16.86,1,2015,2,28,59,9,hot_rainy
2015-03-01,3.512903225806452,74.81722222222223,28.03,15.48,1,2015,3,1,60,9,hot_rainy
2015-03-02,3.512903225806452,74.81722222222223,28.03,15.48,1,2015,3,2,61,10,hot_rainy
2015-03-03,3.512903225806452,74.81722222222223,28.03,15.48,1,2015,3,3,62,10,hot_rainy
2015-03-04,3.512903225806452,74.81722222222223,28.03,15.48,1,2015,3,4,63,10,hot_rainy
2015-03-05,3.512903225806452,74.81722222222223,28.03,15.48,1,2015,3,5,64,10,hot_rainy
2015-03-06,3.512903225806452,74.81722222222223,28.03,15.48,1,2015,3,6,65,10,hot_rainy
2015-03-07,3.512903225806452,74.81722222222223,28.03,15.48,1,2015,3,7,66,10,hot_rainy
2015-03-08,3.512903225806452,74.81722222222223,28.03,15.48,1,2015,3,8,67,10,hot_rainy
2015-03-09,3.512903225806452,74.81722222222223,28.03,15.48,1,2015,3,9,68,11,hot_rainy
2015-03-10,3.512903225806452,74.81722222222223,28.03,15.48,1,2015,3,10,69,11,hot_rainy
2015-03-11,3.512903225806452,74.81722222222223,28.03,15.48,1,2015,3,11,70,11,hot_rainy
2015-03-12,3.512903225806452,74.81722222222223,28.03,15.48,1,2015,3,12,71,11,hot_rainy
2015-03-13,3.512903225806452,74.81722222222223,28.03,15.48,1,2015,3,13,72,11,hot_rainy
2015-03-14,3.512903225806452,74.81722222222223,28.03,15.48,1,2015,3,14,73,11,hot_rainy
2015-03-15,3.512903225806452,74.81722222222223,28.03,15.48,1,2015,3,15,74,11,hot_rainy
2015-03-16,3.512903225806452,74.81722222222223,28.03,15.48,1,2015,3,16,75,12,hot_rainy
2015-03-17,3.512903225806452,74.81722222222223,28.03,15.48,1,2015,3,17,76,12,hot_rainy
2015-03-18,3.512903225806452,74.81722222222223,28.03,15.48,1,2015,3,18,77,12,hot_rainy
2015-03-19,3.512903225806452,74.81722222222223,28.03,15.48,1,2015,3,19,78,12,hot_rainy
2015-03-20,3.512903225806452,74.81722222222223,28.03,15.48,1,2015,3,20,79,12,hot_rainy
2015-03-21,3.512903225806452,74.81722222222223,28.03,15.48,1,2015,3,21,80,12,hot_rainy
2015-03-22,3.512903225806452,74.81722222222223,28.03,15.48,1,2015,3,22,81,12,hot_rainy
2015-03-23,3.512903225806452,74.81722222222223,28.03,15.48,1,2015,3,23,82,13,hot_rainy
2015-03-24,3.512903225806452,74.81722222222223,28.03,15.48,1,2015,3,24,83,13,hot_rainy
2015-03-25,3.512903225806452,74.81722222222223,28.03,15.48,1,2015,3,25,84,13,hot_rainy
2015-03-26,3.512903225806452,74.81722222222223,28.03,15.48,1,2015,3,26,85,13,hot_rainy
2015-03-27,3.512903225806452,74.81722222222223,28.03,15.48,1,2015,3,27,86,13,hot_rainy
2015-03-28,3.512903225806452,74.81722222222223,28.03,15.48,1,2015,3,28,87,13,hot_rainy
2015-03-29,3.512903225806452,74.81722222222223,28.03,15.48,1,2015,3,29,88,13,hot_rainy
2015-03-30,3.512903225806452,74.81722222222223,28.03,15.48,1,2015,3,30,89,14,hot_rainy
2015-03-31,3.512903225806452,74.81722222222223,28.03,15.48,1,2015,3,31,90,14,hot_rainy
2015-04-01,2.93,67.55809523809523,25.57,14.81,1,2015,4,1,91,14,hot_rainy
2015-04-02,2.93,67.55809523809523,25.57,14.81,1,2015,4,2,92,14,hot_rainy
2015-04-03,2.93,67.55809523809523,25.57,14.81,1,2015,4,3,93,14,hot_rainy
2015-04-04,2.93,67.55809523809523,25.57,14.81,1,2015,4,4,94,14,hot_rainy
2015-04-05,2.93,67.55809523809523,25.57,14.81,1,2015,4,5,95,14,hot_rainy
2015-04-06,2.93,67.55809523809523,25.57,14.81,1,2015,4,6,96,15,hot_rainy
2015-04-07,2.93,67.55809523809523,25.57,14.81,1,2015,4,7,97,15,hot_rainy
2015-04-08,2.93,67.55809523809523,25.57,14.81,1,2015,4,8,98,15,hot_rainy
2015-04-09,2.93,67.55809523809523,25.57,14.81,1,2015,4,9,99,15,hot_rainy
2015-04-10,2.93,67.55809523809523,25.57,14.81,1,2015,4,10,100,15,hot_rainy
2015-04-11,2.93,67.55809523809523,25.57,14.81,1,2015,4,11,101,15,hot_rainy
2015-04-12,2.93,67.55809523809523,25.57,14.81,1,2015,4,12,102,15,hot_rainy
2015-04-13,2.93,67.55809523809523,25.57,14.81,1,2015,4,13,103,16,hot_rainy
2015-04-14,2.93,67.55809523809523,25.57,14.81,1,2015,4,14,104,16,hot_rainy
2015-04-15,2.93,67.55809523809523,25.57,14.81,1,2015,4,15,105,16,hot_rainy
2015-04-16,2.93,67.55809523809523,25.57,14.81,1,2015,4,16,106,16,hot_rainy
2015-04-17,2.93,67.55809523809523,25.57,14.81,1,2015,4,17,107,16,hot_rainy
2015-04-18,2.93,67.55809523809523,25.57,14.81,1,2015,4,18,108,16,hot_rainy
2015-04-19,2.93,67.55809523809523,25.57,14.81,1,2015,4,19,109,16,hot_rainy
2015-04-20,2.93,67.55809523809523,25.57,14.81,1,2015,4,20,110,17,hot_rainy
2015-04-21,2.93,67.55809523809523,25.57,14.81,1,2015,4,21,111,17,hot_rainy
2015-04-22,2.93,67.55809523809523,25.57,14.81,1,2015,4,22,112,17,hot_rainy
2015-04-23,2.93,67.55809523809523,25.57,14.81,1,2015,4,23,113,17,hot_rainy
2015-04-24,2.93,67.55809523809523,25.57,14.81,1,2015,4,24,114,17,hot_rainy
2015-04-25,2.93,67.55809523809523,25.57,14.81,1,2015,4,25,115,17,hot_rainy
2015-04-26,2.93,67.55809523809523,25.57,14.81,1,2015,4,26,116,17,hot_rainy
2015-04-27,2.93,67.55809523809523,25.57,14.81,1,2015,4,27,117,18,hot_rainy
2015-04-28,2.93,67.55809523809523,25.57,14.81,1,2015,4,28,118,18,hot_rainy
2015-04-29,2.93,67.55809523809523,25.57,14.81,1,2015,4,29,119,18,hot_rainy
2015-04-30,2.93,67.55809523809523,25.57,14.81,1,2015,4,30,120,18,hot_rainy
2015-05-01,0.0,61.221428571428575,25.42,9.12,0,2015,5,1,121,18,cool_dry
2015-05-02,0.0,61.221428571428575,25.42,9.12,0,2015,5,2,122,18,cool_dry
2015-05-03,0.0,61.221428571428575,25.42,9.12,0,2015,5,3,123,18,cool_dry
2015-05-04,0.0,61.221428571428575,25.42,9.12,0,2015,5,4,124,19,cool_dry
2015-05-05,0.0,61.221428571428575,25.42,9.12,0,2015,5,5,125,19,cool_dry
2015-05-06,0.0,61.221428571428575,25.42,9.12,0,2015,5,6,126,19,cool_dry
2015-05-07,0.0,61.221428571428575,25.42,9.12,0,2015,5,7,127,19,cool_dry
2015-05-08,0.0,61.221428571428575,25.42,9.12,0,2015,5,8,128,19,cool_dry
2015-05-09,0.0,61.221428571428575,25.42,9.12,0,2015,5,9,129,19,cool_dry
2015-05-10,0.0,61.221428571428575,25.42,9.12,0,2015,5,10,130,19,cool_dry
2015-05-11,0.0,61.221428571428575,25.42,9.12,0,2015,5,11,131,20,cool_dry
2015-05-12,0.0,61.221428571428575,25.42,9.12,0,2015,5,12,132,20,cool_dry
2015-05-13,0.0,61.221428571428575,25.42,9.12,0,2015,5,13,133,20,cool_dry
2015-05-14,0.0,61.221428571428575,25.42,9.12,0,2015,5,14,134,20,cool_dry
2015-05-15,0.0,61.221428571428575,25.42,9.12,0,2015,5,15,135,20,cool_dry
2015-05-16,0.0,61.221428571428575,25.42,9.12,0,2015,5,16,136,20,cool_dry
2015-05-17,0.0,61.221428571428575,25.42,9.12,0,2015,5,17,137,20,cool_dry
2015-05-18,0.0,61.221428571428575,25.42,9.12,0,2015,5,18,138,21,cool_dry
2015-05-19,0.0,61.221428571428575,25.42,9.12,0,2015,5,19,139,21,cool_dry
2015-05-20,0.0,61.221428571428575,25.42,9.12,0,2015,5,20,140,21,cool_dry
2015-05-21,0.0,61.221428571428575,25.42,9.12,0,2015,5,21,141,21,cool_dry
2015-05-22,0.0,61.221428571428575,25.42,9.12,0,2015,5,22,142,21,cool_dry
2015-05-23,0.0,61.221428571428575,25.42,9.12,0,2015,5,23,143,21,cool_dry
2015-05-24,0.0,61.221428571428575,25.42,9.12,0,2015,5,24,144,21,cool_dry
2015-05-25,0.0,61.221428571428575,25.42,9.12,0,2015,5,25,145,22,cool_dry
2015-05-26,0.0,61.221428571428575,25.42,9.12,0,2015,5,26,146,22,cool_dry
2015-05-27,0.0,61.221428571428575,25.42,9.12,0,2015,5,27,147,22,cool_dry
2015-05-28,0.0,61.221428571428575,25.42,9.12,0,2015,5,28,148,22,cool_dry
2015-05-29,0.0,61.221428571428575,25.42,9.12,0,2015,5,29,149,22,cool_dry
2015-05-30,0.0,61.221428571428575,25.42,9.12,0,2015,5,30,150,22,cool_dry
2015-05-31,0.0,61.221428571428575,25.42,9.12,0,2015,5,31,151,22,cool_dry
2015-06-01,0.0,60.345,24.39,7.06,0,2015,6,1,152,23,cool_dry
2015-06-02,0.0,60.345,24.39,7.06,0,2015,6,2,153,23,cool_dry
2015-06-03,0.0,60.345,24.39,7.06,0,2015,6,3,154,23,cool_dry
2015-06-04,0.0,60.345,24.39,7.06,0,2015,6,4,155,23,cool_dry
2015-06-05,0.0,60.345,24.39,7.06,0,2015,6,5,156,23,cool_dry
2015-06-06,0.0,60.345,24.39,7.06,0,2015,6,6,157,23,cool_dry
2015-06-07,0.0,60.345,24.39,7.06,0,2015,6,7,158,23,cool_dry
2015-06-08,0.0,60.345,24.39,7.06,0,2015,6,8,159,24,cool_dry
2015-06-09,0.0,60.345,24.39,7.06,0,2015,6,9,160,24,cool_dry
2015-06-10,0.0,60.345,24.39,7.06,0,2015,6,10,161,24,cool_dry
2015-06-11,0.0,60.345,24.39,7.06,0,2015,6,11,162,24,cool_dry
2015-06-12,0.0,60.345,24.39,7.06,0,2015,6,12,163,24,cool_dry
2015-06-13,0.0,60.345,24.39,7.06,0,2015,6,13,164,24,cool_dry
2015-06-14,0.0,60.345,24.39,7.06,0,2015,6,14,165,24,cool_dry
2015-06-15,0.0,60.345,24.39,7.06,0,2015,6,15,166,25,cool_dry
2015-06-16,0.0,60.345,24.39,7.06,0,2015,6,16,167,25,cool_dry
2015-06-17,0.0,60.345,24.39,7.06,0,2015,6,17,168,25,cool_dry
2015-06-18,0.0,60.345,24.39,7.06,0,2015,6,18,169,25,cool_dry
2015-06-19,0.0,60.345,24.39,7.06,0,2015,6,19,170,25,cool_dry
2015-06-20,0.0,60.345,24.39,7.06,0,2015,6,20,171,25,cool_dry
2015-06-21,0.0,60.345,24.39,7.06,0,2015,6,21,172,25,cool_dry
2015-06-22,0.0,60.345,24.39,7.06,0,2015,6,22,173,26,cool_dry
2015-06-23,0.0,60.345,24.39,7.06,0,2015,6,23,174,26,cool_dry
2015-06-24,0.0,60.345,24.39,7.06,0,2015,6,24,175,26,cool_dry
2015-06-25,0.0,60.345,24.39,7.06,0,2015,6,25,176,26,cool_dry
2015-06-26,0.0,60.345,24.39,7.06,0,2015,6,26,177,26,cool_dry
2015-06-27,0.0,60.345,24.39,7.06,0,2015,6,27,178,26,cool_dry
2015-06-28,0.0,60.345,24.39,7.06,0,2015,6,28,179,26,cool_dry
2015-06-29,0.0,60.345,24.39,7.06,0,2015,6,29,180,27,cool_dry
2015-06-30,0.0,60.345,24.39,7.06,0,2015,6,30,181,27,cool_dry
2015-07-01,0.0,57.51681818181818,25.34,7.27,0,2015,7,1,182,27,cool_dry
2015-07-02,0.0,57.51681818181818,25.34,7.27,0,2015,7,2,183,27,cool_dry
2015-07-03,0.0,57.51681818181818,25.34,7.27,0,2015,7,3,184,27,cool_dry
2015-07-04,0.0,57.51681818181818,25.34,7.27,0,2015,7,4,185,27,cool_dry
2015-07-05,0.0,57.51681818181818,25.34,7.27,0,2015,7,5,186,27,cool_dry
2015-07-06,0.0,57.51681818181818,25.34,7.27,0,2015,7,6,187,28,cool_dry
2015-07-07,0.0,57.51681818181818,25.34,7.27,0,2015,7,7,188,28,cool_dry
2015-07-08,0.0,57.51681818181818,25.34,7.27,0,2015,7,8,189,28,cool_dry
2015-07-09,0.0,57.51681818181818,25.34,7.27,0,2015,7,9,190,28,cool_dry
2015-07-10,0.0,57.51681818181818,25.34,7.27,0,2015,7,10,191,28,cool_dry
2015-07-11,0.0,57.51681818181818,25.34,7.27,0,2015,7,11,192,28,cool_dry
2015-07-12,0.0,57.51681818181818,25.34,7.27,0,2015,7,12,193,28,cool_dry
2015-07-13,0.0,57.51681818181818,25.34,7.27,0,2015,7,13,194,29,cool_dry
2015-07-14,0.0,57.51681818181818,25.34,7.27,0,2015,7,14,195,29,cool_dry
2015-07-15,0.0,57.51681818181818,25.34,7.27,0,2015,7,15,196,29,cool_dry
2015-07-16,0.0,57.51681818181818,25.34,7.27,0,2015,7,16,197,29,cool_dry
2015-07-17,0.0,57.51681818181818,25.34,7.27,0,2015,7,17,198,29,cool_dry
2015-07-18,0.0,57.51681818181818,25.34,7.27,0,2015,7,18,199,29,cool_dry
2015-07-19,0.0,57.51681818181818,25.34,7.27,0,2015,7,19,200,29,cool_dry
2015-07-20,0.0,57.51681818181818,25.34,7.27,0,2015,7,20,201,30,cool_dry
2015-07-21,0.0,57.51681818181818,25.34,7.27,0,2015,7,21,202,30,cool_dry
2015-07-22,0.0,57.51681818181818,25.34,7.27,0,2015,7,22,203,30,cool_dry
2015-07-23,0.0,57.51681818181818,25.34,7.27,0,2015,7,23,204,30,cool_dry
2015-07-24,0.0,57.51681818181818,25.34,7.27,0,2015,7,24,205,30,cool_dry
2015-07-25,0.0,57.51681818181818,25.34,7.27,0,2015,7,25,206,30,cool_dry
2015-07-26,0.0,57.51681818181818,25.34,7.27,0,2015,7,26,207,30,cool_dry
2015-07-27,0.0,57.51681818181818,25.34,7.27,0,2015,7,27,208,31,cool_dry
2015-07-28,0.0,57.51681818181818,25.34,7.27,0,2015,7,28,209,31,cool_dry
2015-07-29,0.0,57.51681818181818,25.34,7.27,0,2015,7,29,210,31,cool_dry
2015-07-30,0.0,57.51681818181818,25.34,7.27,0,2015,7,30,211,31,cool_dry
2015-07-31,0.0,57.51681818181818,25.34,7.27,0,2015,7,31,212,31,cool_dry
2015-08-01,0.0,49.68869565217391,27.06,8.7,0,2015,8,1,213,31,cool_dry
2015-08-02,0.0,49.68869565217391,27.06,8.7,0,2015,8,2,214,31,cool_dry
2015-08-03,0.0,49.68869565217391,27.06,8.7,0,2015,8,3,215,32,cool_dry
2015-08-04,0.0,49.68869565217391,27.06,8.7,0,2015,8,4,216,32,cool_dry
2015-08-05,0.0,49.68869565217391,27.06,8.7,0,2015,8,5,217,32,cool_dry
2015-08-06,0.0,49.68869565217391,27.06,8.7,0,2015,8,6,218,32,cool_dry
2015-08-07,0.0,49.68869565217391,27.06,8.7,0,2015,8,7,219,32,cool_dry
2015-08-08,0.0,49.68869565217391,27.06,8.7,0,2015,8,8,220,32,cool_dry
2015-08-09,0.0,49.68869565217391,27.06,8.7,0,2015,8,9,221,32,cool_dry
2015-08-10,0.0,49.68869565217391,27.06,8.7,0,2015,8,10,222,33,cool_dry
2015-08-11,0.0,49.68869565217391,27.06,8.7,0,2015,8,11,223,33,cool_dry
2015-08-12,0.0,49.68869565217391,27.06,8.7,0,2015,8,12,224,33,cool_dry
2015-08-13,0.0,49.68869565217391,27.06,8.7,0,2015,8,13,225,33,cool_dry
2015-08-14,0.0,49.68869565217391,27.06,8.7,0,2015,8,14,226,33,cool_dry
2015-08-15,0.0,49.68869565217391,27.06,8.7,0,2015,8,15,227,33,cool_dry
2015-08-16,0.0,49.68869565217391,27.06,8.7,0,2015,8,16,228,33,cool_dry
2015-08-17,0.0,49.68869565217391,27.06,8.7,0,2015,8,17,229,34,cool_dry
2015-08-18,0.0,49.68869565217391,27.06,8.7,0,2015,8,18,230,34,cool_dry
2015-08-19,0.0,49.68869565217391,27.06,8.7,0,2015,8,19,231,34,cool_dry
2015-08-20,0.0,49.68869565217391,27.06,8.7,0,2015,8,20,232,34,cool_dry
2015-08-21,0.0,49.68869565217391,27.06,8.7,0,2015,8,21,233,34,cool_dry
2015-08-22,0.0,49.68869565217391,27.06,8.7,0,2015,8,22,234,34,cool_dry
2015-08-23,0.0,49.68869565217391,27.06,8.7,0,2015,8,23,235,34,cool_dry
2015-08-24,0.0,49.68869565217391,27.06,8.7,0,2015,8,24,236,35,cool_dry
2015-08-25,0.0,49.68869565217391,27.06,8.7,0,2015,8,25,237,35,cool_dry
2015-08-26,0.0,49.68869565217391,27.06,8.7,0,2015,8,26,238,35,cool_dry
2015-08-27,0.0,49.68869565217391,27.06,8.7,0,2015,8,27,239,35,cool_dry
2015-08-28,0.0,49.68869565217391,27.06,8.7,0,2015,8,28,240,35,cool_dry
2015-08-29,0.0,49.68869565217391,27.06,8.7,0,2015,8,29,241,35,cool_dry
2015-08-30,0.0,49.68869565217391,27.06,8.7,0,2015,8,30,242,35,cool_dry
2015-08-31,0.0,49.68869565217391,27.06,8.7,0,2015,8,31,243,36,cool_dry
2015-09-01,0.0,42.211363636363636,31.39,13.78,0,2015,9,1,244,36,hot_dry
2015-09-02,0.0,42.211363636363636,31.39,13.78,0,2015,9,2,245,36,hot_dry
2015-09-03,0.0,42.211363636363636,31.39,13.78,0,2015,9,3,246,36,hot_dry
2015-09-04,0.0,42.211363636363636,31.39,13.78,0,2015,9,4,247,36,hot_dry
2015-09-05,0.0,42.211363636363636,31.39,13.78,0,2015,9,5,248,36,hot_dry
2015-09-06,0.0,42.211363636363636,31.39,13.78,0,2015,9,6,249,36,hot_dry
2015-09-07,0.0,42.211363636363636,31.39,13.78,0,2015,9,7,250,37,hot_dry
2015-09-08,0.0,42.211363636363636,31.39,13.78,0,2015,9,8,251,37,hot_dry
2015-09-09,0.0,42.211363636363636,31.39,13.78,0,2015,9,9,252,37,hot_dry
2015-09-10,0.0,42.211363636363636,31.39,13.78,0,2015,9,10,253,37,hot_dry
2015-09-11,0.0,42.211363636363636,31.39,13.78,0,2015,9,11,254,37,hot_dry
2015-09-12,0.0,42.211363636363636,31.39,13.78,0,2015,9,12,255,37,hot_dry
2015-09-13,0.0,42.211363636363636,31.39,13.78,0,2015,9,13,256,37,hot_dry
2015-09-14,0.0,42.211363636363636,31.39,13.78,0,2015,9,14,257,38,hot_dry
2015-09-15,0.0,42.211363636363636,31.39,13.78,0,2015,9,15,258,38,hot_dry
2015-09-16,0.0,42.211363636363636,31.39,13.78,0,2015,9,16,259,38,hot_dry
2015-09-17,0.0,42.211363636363636,31.39,13.78,0,2015,9,17,260,38,hot_dry
2015-09-18,0.0,42.211363636363636,31.39,13.78,0,2015,9,18,261,38,hot_dry
2015-09-19,0.0,42.211363636363636,31.39,13.78,0,2015,9,19,262,38,hot_dry
2015-09-20,0.0,42.211363636363636,31.39,13.78,0,2015,9,20,263,38,hot_dry
2015-09-21,0.0,42.211363636363636,31.39,13.78,0,2015,9,21,264,39,hot_dry
2015-09-22,0.0,42.211363636363636,31.39,13.78,0,2015,9,22,265,39,hot_dry
2015-09-23,0.0,42.211363636363636,31.39,13.78,0,2015,9,23,266,39,hot_dry
2015-09-24,0.0,42.211363636363636,31.39,13.78,0,2015,9,24,267,39,hot_dry
2015-09-25,0.0,42.211363636363636,31.39,13.78,0,2015,9,25,268,39,hot_dry
2015-09-26,0.0,42.211363636363636,31.39,13.78,0,2015,9,26,269,39,hot_dry
2015-09-27,0.0,42.211363636363636,31.39,13.78,0,2015,9,27,270,39,hot_dry
2015-09-28,0.0,42.211363636363636,31.39,13.78,0,2015,9,28,271,40,hot_dry
2015-09-29,0.0,42.211363636363636,31.39,13.78,0,2015,9,29,272,40,hot_dry
2015-09-30,0.0,42.211363636363636,31.39,13.78,0,2015,9,30,273,40,hot_dry
2015-10-01,0.0,44.34952380952381,33.26,16.99,0,2015,10,1,274,40,hot_dry
2015-10-02,0.0,44.34952380952381,33.26,16.99,0,2015,10,2,275,40,hot_dry
2015-10-03,0.0,44.34952380952381,33.26,16.99,0,2015,10,3,276,40,hot_dry
2015-10-04,0.0,44.34952380952381,33.26,16.99,0,2015,10,4,277,40,hot_dry
2015-10-05,0.0,44.34952380952381,33.26,16.99,0,2015,10,5,278,41,hot_dry
2015-10-06,0.0,44.34952380952381,33.26,16.99,0,2015,10,6,279,41,hot_dry
2015-10-07,0.0,44.34952380952381,33.26,16.99,0,2015,10,7,280,41,hot_dry
2015-10-08,0.0,44.34952380952381,33.26,16.99,0,2015,10,8,281,41,hot_dry
2015-10-09,0.0,44.34952380952381,33.26,16.99,0,2015,10,9,282,41,hot_dry
2015-10-10,0.0,44.34952380952381,33.26,16.99,0,2015,10,10,283,41,hot_dry
2015-10-11,0.0,44.34952380952381,33.26,16.99,0,2015,10,11,284,41,hot_dry
2015-10-12,0.0,44.34952380952381,33.26,16.99,0,2015,10,12,285,42,hot_dry
2015-10-13,0.0,44.34952380952381,33.26,16.99,0,2015,10,13,286,42,hot_dry
2015-10-14,0.0,44.34952380952381,33.26,16.99,0,2015,10,14,287,42,hot_dry
2015-10-15,0.0,44.34952380952381,33.26,16.99,0,2015,10,15,288,42,hot_dry
2015-10-16,0.0,44.34952380952381,33.26,16.99,0,2015,10,16,289,42,hot_dry
2015-10-17,0.0,44.34952380952381,33.26,16.99,0,2015,10,17,290,42,hot_dry
2015-10-18,0.0,44.34952380952381,33.26,16.99,0,2015,10,18,291,42,hot_dry
2015-10-19,0.0,44.34952380952381,33.26,16.99,0,2015,10,19,292,43,hot_dry
2015-10-20,0.0,44.34952380952381,33.26,16.99,0,2015,10,20,293,43,hot_dry
2015-10-21,0.0,44.34952380952381,33.26,16.99,0,2015,10,21,294,43,hot_dry
2015-10-22,0.0,44.34952380952381,33.26,16.99,0,2015,10,22,295,43,hot_dry
2015-10-23,0.0,44.34952380952381,33.26,16.99,0,2015,10,23,296,43,hot_dry
2015-10-24,0.0,44.34952380952381,33.26,16.99,0,2015,10,24,297,43,hot_dry
2015-10-25,0.0,44.34952380952381,33.26,16.99,0,2015,10,25,298,43,hot_dry
2015-10-26,0.0,44.34952380952381,33.26,16.99,0,2015,10,26,299,44,hot_dry
2015-10-27,0.0,44.34952380952381,33.26,16.99,0,2015,10,27,300,44,hot_dry
2015-10-28,0.0,44.34952380952381,33.26,16.99,0,2015,10,28,301,44,hot_dry
2015-10-29,0.0,44.34952380952381,33.26,16.99,0,2015,10,29,302,44,hot_dry
2015-10-30,0.0,44.34952380952381,33.26,16.99,0,2015,10,30,303,44,hot_dry
2015-10-31,0.0,44.34952380952381,33.26,16.99,0,2015,10,31,304,44,hot_dry
2015-11-01,1.35,58.865454545454554,33.63,17.32,1,2015,11,1,305,44,hot_rainy
2015-11-02,1.35,58.865454545454554,33.63,17.32,1,2015,11,2,306,45,hot_rainy
2015-11-03,1.35,58.865454545454554,33.63,17.32,1,2015,11,3,307,45,hot_rainy
2015-11-04,1.35,58.865454545454554,33.63,17.32,1,2015,11,4,308,45,hot_rainy
2015-11-05,1.35,58.865454545454554,33.63,17.32,1,2015,11,5,309,45,hot_rainy
2015-11-06,1.35,58.865454545454554,33.63,17.32,1,2015,11,6,310,45,hot_rainy
2015-11-07,1.35,58.865454545454554,33.63,17.32,1,2015,11,7,311,45,hot_rainy
2015-11-08,1.35,58.865454545454554,33.63,17.32,1,2015,11,8,312,45,hot_rainy
2015-11-09,1.35,58.865454545454554,33.63,17.32,1,2015,11,9,313,46,hot_rainy
2015-11-10,1.35,58.865454545454554,33.63,17.32,1,2015,11,10,314,46,hot_rainy
2015-11-11,1.35,58.865454545454554,33.63,17.32,1,2015,11,11,315,46,hot_rainy
2015-11-12,1.35,58.865454545454554,33.63,17.32,1,2015,11,12,316,46,hot_rainy
2015-11-13,1.35,58.865454545454554,33.63,17.32,1,2015,11,13,317,46,hot_rainy
2015-11-14,1.35,58.865454545454554,33.63,17.32,1,2015,11,14,318,46,hot_rainy
2015-11-15,1.35,58.865454545454554,33.63,17.32,1,2015,11,15,319,46,hot_rainy
2015-11-16,1.35,58.865454545454554,33.63,17.32,1,2015,11,16,320,47,hot_rainy
2015-11-17,1.35,58.865454545454554,33.63,17.32,1,2015,11,17,321,47,hot_rainy
2015-11-18,1.35,58.865454545454554,33.63,17.32,1,2015,11,18,322,47,hot_rainy
2015-11-19,1.35,58.865454545454554,33.63,17.32,1,2015,11,19,323,47,hot_rainy
2015-11-20,1.35,58.865454545454554,33.63,17.32,1,2015,11,20,324,47,hot_rainy
2015-11-21,1.35,58.865454545454554,33.63,17.32,1,2015,11,21,325,47,hot_rainy
2015-11-22,1.35,58.865454545454554,33.63,17.32,1,2015,11,22,326,47,hot_rainy
2015-11-23,1.35,58.865454545454554,33.63,17.32,1,2015,11,23,327,48,hot_rainy
2015-11-24,1.35,58.865454545454554,33.63,17.32,1,2015,11,24,328,48,hot_rainy
2015-11-25,1.35,58.865454545454554,33.63,17.32,1,2015,11,25,329,48,hot_rainy
2015-11-26,1.35,58.865454545454554,33.63,17.32,1,2015,11,26,330,48,hot_rainy
2015-11-27,1.35,58.865454545454554,33.63,17.32,1,2015,11,27,331,48,hot_rainy
2015-11-28,1.35,58.865454545454554,33.63,17.32,1,2015,11,28,332,48,hot_rainy
2015-11-29,1.35,58.865454545454554,33.63,17.32,1,2015,11,29,333,48,hot_rainy
2015-11-30,1.35,58.865454545454554,33.63,17.32,1,2015,11,30,334,49,hot_rainy
2015-12-01,2.0903225806451613,73.86277777777778,30.84,18.5,1,2015,12,1,335,49,hot_rainy
2015-12-02,2.0903225806451613,73.86277777777778,30.84,18.5,1,2015,12,2,336,49,hot_rainy
2015-12-03,2.0903225806451613,73.86277777777778,30.84,18.5,1,2015,12,3,337,49,hot_rainy
2015-12-04,2.0903225806451613,73.86277777777778,30.84,18.5,1,2015,12,4,338,49,hot_rainy
2015-12-05,2.0903225806451613,73.86277777777778,30.84,18.5,1,2015,12,5,339,49,hot_rainy
2015-12-06,2.0903225806451613,73.86277777777778,30.84,18.5,1,2015,12,6,340,49,hot_rainy
2015-12-07,2.0903225806451613,73.86277777777778,30.84,18.5,1,2015,12,7,341,50,hot_rainy
2015-12-08,2.0903225806451613,73.86277777777778,30.84,18.5,1,2015,12,8,342,50,hot_rainy
2015-12-09,2.0903225806451613,73.86277777777778,30.84,18.5,1,2015,12,9,343,50,hot_rainy
2015-12-10,2.0903225806451613,73.86277777777778,30.84,18.5,1,2015,12,10,344,50,hot_rainy
2015-12-11,2.0903225806451613,73.86277777777778,30.84,18.5,1,2015,12,11,345,50,hot_rainy
2015-12-12,2.0903225806451613,73.86277777777778,30.84,18.5,1,2015,12,12,346,50,hot_rainy
2015-12-13,2.0903225806451613,73.86277777777778,30.84,18.5,1,2015,12,13,347,50,hot_rainy
2015-12-14,2.0903225806451613,73.86277777777778,30.84,18.5,1,2015,12,14,348,51,hot_rainy
2015-12-15,2.0903225806451613,73.86277777777778,30.84,18.5,1,2015,12,15,349,51,hot_rainy
2015-12-16,2.0903225806451613,73.86277777777778,30.84,18.5,1,2015,12,16,350,51,hot_rainy
2015-12-17,2.0903225806451613,73.86277777777778,30.84,18.5,1,2015,12,17,351,51,hot_rainy
2015-12-18,2.0903225806451613,73.86277777777778,30.84,18.5,1,2015,12,18,352,51,hot_rainy
2015-12-19,2.0903225806451613,73.86277777777778,30.84,18.5,1,2015,12,19,353,51,hot_rainy
2015-12-20,2.0903225806451613,73.86277777777778,30.84,18.5,1,2015,12,20,354,51,hot_rainy
2015-12-21,2.0903225806451613,73.86277777777778,30.84,18.5,1,2015,12,21,355,52,hot_rainy
2015-12-22,2.0903225806451613,73.86277777777778,30.84,18.5,1,2015,12,22,356,52,hot_rainy
2015-12-23,2.0903225806451613,73.86277777777778,30.84,18.5,1,2015,12,23,357,52,hot_rainy
2015-12-24,2.0903225806451613,73.86277777777778,30.84,18.5,1,2015,12,24,358,52,hot_rainy
2015-12-25,2.0903225806451613,73.86277777777778,30.84,18.5,1,2015,12,25,359,52,hot_rainy
2015-12-26,2.0903225806451613,73.86277777777778,30.84,18.5,1,2015,12,26,360,52,hot_rainy
2015-12-27,2.0903225806451613,73.86277777777778,30.84,18.5,1,2015,12,27,361,52,hot_rainy
2015-12-28,2.0903225806451613,73.86277777777778,30.84,18.5,1,2015,12,28,362,53,hot_rainy
2015-12-29,2.0903225806451613,73.86277777777778,30.84,18.5,1,2015,12,29,363,53,hot_rainy
2015-12-30,2.0903225806451613,73.86277777777778,30.84,18.5,1,2015,12,30,364,53,hot_rainy
2015-12-31,2.0903225806451613,73.86277777777778,30.84,18.5,1,2015,12,31,365,53,hot_rainy
2016-01-01,2.3129032258064517,79.25375,30.82,18.61,1,2016,1,1,1,53,hot_rainy
2016-01-02,2.3129032258064517,79.25375,30.82,18.61,1,2016,1,2,2,53,hot_rainy
2016-01-03,2.3129032258064517,79.25375,30.82,18.61,1,2016,1,3,3,53,hot_rainy
2016-01-04,2.3129032258064517,79.25375,30.82,18.61,1,2016,1,4,4,1,hot_rainy
2016-01-05,2.3129032258064517,79.25375,30.82,18.61,1,2016,1,5,5,1,hot_rainy
2016-01-06,2.3129032258064517,79.25375,30.82,18.61,1,2016,1,6,6,1,hot_rainy
2016-01-07,2.3129032258064517,79.25375,30.82,18.61,1,2016,1,7,7,1,hot_rainy
2016-01-08,2.3129032258064517,79.25375,30.82,18.61,1,2016,1,8,8,1,hot_rainy
2016-01-09,2.3129032258064517,79.25375,30.82,18.61,1,2016,1,9,9,1,hot_rainy
2016-01-10,2.3129032258064517,79.25375,30.82,18.61,1,2016,1,10,10,1,hot_rainy
2016-01-11,2.3129032258064517,79.25375,30.82,18.61,1,2016,1,11,11,2,hot_rainy
2016-01-12,2.3129032258064517,79.25375,30.82,18.61,1,2016,1,12,12,2,hot_rainy
2016-01-13,2.3129032258064517,79.25375,30.82,18.61,1,2016,1,13,13,2,hot_rainy
2016-01-14,2.3129032258064517,79.25375,30.82,18.61,1,2016,1,14,14,2,hot_rainy
2016-01-15,2.3129032258064517,79.25375,30.82,18.61,1,2016,1,15,15,2,hot_rainy
2016-01-16,2.3129032258064517,79.25375,30.82,18.61,1,2016,1,16,16,2,hot_rainy
2016-01-17,2.3129032258064517,79.25375,30.82,18.61,1,2016,1,17,17,2,hot_rainy
2016-01-18,2.3129032258064517,79.25375,30.82,18.61,1,2016,1,18,18,3,hot_rainy
2016-01-19,2.3129032258064517,79.25375,30.82,18.61,1,2016,1,19,19,3,hot_rainy
2016-01-20,2.3129032258064517,79.25375,30.82,18.61,1,2016,1,20,20,3,hot_rainy
2016-01-21,2.3129032258064517,79.25375,30.82,18.61,1,2016,1,21,21,3,hot_rainy
2016-01-22,2.3129032258064517,79.25375,30.82,18.61,1,2016,1,22,22,3,hot_rainy
2016-01-23,2.3129032258064517,79.25375,30.82,18.61,1,2016,1,23,23,3,hot_rainy
2016-01-24,2.3129032258064517,79.25375,30.82,18.61,1,2016,1,24,24,3,hot_rainy
2016-01-25,2.3129032258064517,79.25375,30.82,18.61,1,2016,1,25,25,4,hot_rainy
2016-01-26,2.3129032258064517,79.25375,30.82,18.61,1,2016,1,26,26,4,hot_rainy
2016-01-27,2.3129032258064517,79.25375,30.82,18.61,1,2016,1,27,27,4,hot_rainy
2016-01-28,2.3129032258064517,79.25375,30.82,18.61,1,2016,1,28,28,4,hot_rainy
2016-01-29,2.3129032258064517,79.25375,30.82,18.61,1,2016,1,29,29,4,hot_rainy
2016-01-30,2.3129032258064517,79.25375,30.82,18.61,1,2016,1,30,30,4,hot_rainy
2016-01-31,2.3129032258064517,79.25375,30.82,18.61,1,2016,1,31,31,4,hot_rainy
2016-02-01,3.1310344827586207,78.46233380480905,29.7,18.2,1,2016,2,1,32,5,hot_rainy
2016-02-02,3.1310344827586207,78.46233380480905,29.7,18.2,1,2016,2,2,33,5,hot_rainy
2016-02-03,3.1310344827586207,78.46233380480905,29.7,18.2,1,2016,2,3,34,5,hot_rainy
2016-02-04,3.1310344827586207,78.46233380480905,29.7,18.2,1,2016,2,4,35,5,hot_rainy
2016-02-05,3.1310344827586207,78.46233380480905,29.7,18.2,1,2016,2,5,36,5,hot_rainy
2016-02-06,3.1310344827586207,78.46233380480905,29.7,18.2,1,2016,2,6,37,5,hot_rainy
2016-02-07,3.1310344827586207,78.46233380480905,29.7,18.2,1,2016,2,7,38,5,hot_rainy
2016-02-08,3.1310344827586207,78.46233380480905,29.7,18.2,1,2016,2,8,39,6,hot_rainy
2016-02-09,3.1310344827586207,78.46233380480905,29.7,18.2,1,2016,2,9,40,6,hot_rainy
2016-02-10,3.1310344827586207,78.46233380480905,29.7,18.2,1,2016,2,10,41,6,hot_rainy
2016-02-11,3.1310344827586207,78.46233380480905,29.7,18.2,1,2016,2,11,42,6,hot_rainy
2016-02-12,3.1310344827586207,78.46233380480905,29.7,18.2,1,2016,2,12,43,6,hot_rainy
2016-02-13,3.1310344827586207,78.46233380480905,29.7,18.2,1,2016,2,13,44,6,hot_rainy
2016-02-14,3.1310344827586207,78.46233380480905,29.7,18.2,1,2016,2,14,45,6,hot_rainy
2016-02-15,3.1310344827586207,78.46233380480905,29.7,18.2,1,2016,2,15,46,7,hot_rainy
2016-02-16,3.1310344827586207,78.46233380480905,29.7,18.2,1,2016,2,16,47,7,hot_rainy
2016-02-17,3.1310344827586207,78.46233380480905,29.7,18.2,1,2016,2,17,48,7,hot_rainy
2016-02-18,3.1310344827586207,78.46233380480905,29.7,18.2,1,2016,2,18,49,7,hot_rainy
2016-02-19,3.1310344827586207,78.46233380480905,29.7,18.2,1,2016,2,19,50,7,hot_rainy
2016-02-20,3.1310344827586207,78.46233380480905,29.7,18.2,1,2016,2,20,51,7,hot_rainy
2016-02-21,3.1310344827586207,78.46233380480905,29.7,18.2,1,2016,2,21,52,7,hot_rainy
2016-02-22,3.1310344827586207,78.46233380480905,29.7,18.2,1,2016,2,22,53,8,hot_rainy
2016-02-23,3.1310344827586207,78.46233380480905,29.7,18.2,1,2016,2,23,54,8,hot_rainy
2016-02-24,3.1310344827586207,78.46233380480905,29.7,18.2,1,2016,2,24,55,8,hot_rainy
2016-02-25,3.1310344827586207,78.46233380480905,29.7,18.2,1,2016,2,25,56,8,hot_rainy
2016-02-26,3.1310344827586207,78.46233380480905,29.7,18.2,1,2016,2,26,57,8,hot_rainy
2016-02-27,3.1310344827586207,78.46233380480905,29.7,18.2,1,2016,2,27,58,8,hot_rainy
2016-02-28,3.1310344827586207,78.46233380480905,29.7,18.2,1,2016,2,28,59,8,hot_rainy
2016-02-29,3.1310344827586207,78.46233380480905,29.7,18.2,1,2016,2,29,60,9,hot_rainy
2016-03-01,6.1,74.81722222222223,27.99,18.25,1,2016,3,1,61,9,hot_rainy
2016-03-02,6.1,74.81722222222223,27.99,18.25,1,2016,3,2,62,9,hot_rainy
2016-03-03,6.1,74.81722222222223,27.99,18.25,1,2016,3,3,63,9,hot_rainy
2016-03-04,6.1,74.81722222222223,27.99,18.25,1,2016,3,4,64,9,hot_rainy
2016-03-05,6.1,74.81722222222223,27.99,18.25,1,2016,3,5,65,9,hot_rainy
2016-03-06,6.1,74.81722222222223,27.99,18.25,1,2016,3,6,66,9,hot_rainy
2016-03-07,6.1,74.81722222222223,27.99,18.25,1,2016,3,7,67,10,hot_rainy
2016-03-08,6.1,74.81722222222223,27.99,18.25,1,2016,3,8,68,10,hot_rainy
2016-03-09,6.1,74.81722222222223,27.99,18.25,1,2016,3,9,69,10,hot_rainy
2016-03-10,6.1,74.81722222222223,27.99,18.25,1,2016,3,10,70,10,hot_rainy
2016-03-11,6.1,74.81722222222223,27.99,18.25,1,2016,3,11,71,10,hot_rainy
2016-03-12,6.1,74.81722222222223,27.99,18.25,1,2016,3,12,72,10,hot_rainy
2016-03-13,6.1,74.81722222222223,27.99,18.25,1,2016,3,13,73,10,hot_rainy
2016-03-14,6.1,74.81722222222223,27.99,18.25,1,2016,3,14,74,11,hot_rainy
2016-03-15,6.1,74.81722222222223,27.99,18.25,1,2016,3,15,75,11,hot_rainy
2016-03-16,6.1,74.81722222222223,27.99,18.25,1,2016,3,16,76,11,hot_rainy
2016-03-17,6.1,74.81722222222223,27.99,18.25,1,2016,3,17,77,11,hot_rainy
2016-03-18,6.1,74.81722222222223,27.99,18.25,1,2016,3,18,78,11,hot_rainy
2016-03-19,6.1,74.81722222222223,27.99,18.25,1,2016,3,19,79,11,hot_rainy
2016-03-20,6.1,74.81722222222223,27.99,18.25,1,2016,3,20,80,11,hot_rainy
2016-03-21,6.1,74.81722222222223,27.99,18.25,1,2016,3,21,81,12,hot_rainy
2016-03-22,6.1,74.81722222222223,27.99,18.25,1,2016,3,22,82,12,hot_rainy
2016-03-23,6.1,74.81722222222223,27.99,18.25,1,2016,3,23,83,12,hot_rainy
2016-03-24,6.1,74.81722222222223,27.99,18.25,1,2016,3,24,84,12,hot_rainy
2016-03-25,6.1,74.81722222222223,27.99,18.25,1,2016,3,25,85,12,hot_rainy
2016-03-26,6.1,74.81722222222223,27.99,18.25,1,2016,3,26,86,12,hot_rainy
2016-03-27,6.1,74.81722222222223,27.99,18.25,1,2016,3,27,87,12,hot_rainy
2016-03-28,6.1,74.81722222222223,27.99,18.25,1,2016,3,28,88,13,hot_rainy
2016-03-29,6.1,74.81722222222223,27.99,18.25,1,2016,3,29,89,13,hot_rainy
2016-03-30,6.1,74.81722222222223,27.99,18.25,1,2016,3,30,90,13,hot_rainy
2016-03-31,6.1,74.81722222222223,27.99,18.25,1,2016,3,31,91,13,hot_rainy
2016-04-01,0.8966666666666666,67.55809523809523,26.47,13.56,0,2016,4,1,92,13,hot_rainy
2016-04-02,0.8966666666666666,67.55809523809523,26.47,13.56,0,2016,4,2,93,13,hot_rainy
2016-04-03,0.8966666666666666,67.55809523809523,26.47,13.56,0,2016,4,3,94,13,hot_rainy
2016-04-04,0.8966666666666666,67.55809523809523,26.47,13.56,0,2016,4,4,95,14,hot_rainy
2016-04-05,0.8966666666666666,67.55809523809523,26.47,13.56,0,2016,4,5,96,14,hot_rainy
2016-04-06,0.8966666666666666,67.55809523809523,26.47,13.56,0,2016,4,6,97,14,hot_rainy
2016-04-07,0.8966666666666666,67.55809523809523,26.47,13.56,0,2016,4,7,98,14,hot_rainy
2016-04-08,0.8966666666666666,67.55809523809523,26.47,13.56,0,2016,4,8,99,14,hot_rainy
2016-04-09,0.8966666666666666,67.55809523809523,26.47,13.56,0,2016,4,9,100,14,hot_rainy
2016-04-10,0.8966666666666666,67.55809523809523,26.47,13.56,0,2016,4,10,101,14,hot_rainy
2016-04-11,0.8966666666666666,67.55809523809523,26.47,13.56,0,2016,4,11,102,15,hot_rainy
2016-04-12,0.8966666666666666,67.55809523809523,26.47,13.56,0,2016,4,12,103,15,hot_rainy
2016-04-13,0.8966666666666666,67.55809523809523,26.47,13.56,0,2016,4,13,104,15,hot_rainy
2016-04-14,0.8966666666666666,67.55809523809523,26.47,13.56,0,2016,4,14,105,15,hot_rainy
2016-04-15,0.8966666666666666,67.55809523809523,26.47,13.56,0,2016,4,15,106,15,hot_rainy
2016-04-16,0.8966666666666666,67.55809523809523,26.47,13.56,0,2016,4,16,107,15,hot_rainy
2016-04-17,0.8966666666666666,67.55809523809523,26.47,13.56,0,2016,4,17,108,15,hot_rainy
2016-04-18,0.8966666666666666,67.55809523809523,26.47,13.56,0,2016,4,18,109,16,hot_rainy
2016-04-19,0.8966666666666666,67.55809523809523,26.47,13.56,0,2016,4,19,110,16,hot_rainy
2016-04-20,0.8966666666666666,67.55809523809523,26.47,13.56,0,2016,4,20,111,16,hot_rainy
2016-04-21,0.8966666666666666,67.55809523809523,26.47,13.56,0,2016,4,21,112,16,hot_rainy
2016-04-22,0.8966666666666666,67.55809523809523,26.47,13.56,0,2016,4,22,113,16,hot_rainy
2016-04-23,0.8966666666666666,67.55809523809523,26.47,13.56,0,2016,4,23,114,16,hot_rainy
2016-04-24,0.8966666666666666,67.55809523809523,26.47,13.56,0,2016,4,24,115,16,hot_rainy
2016-04-25,0.8966666666666666,67.55809523809523,26.47,13.56,0,2016,4,25,116,17,hot_rainy
2016-04-26,0.8966666666666666,67.55809523809523,26.47,13.56,0,2016,4,26,117,17,hot_rainy
2016-04-27,0.8966666666666666,67.55809523809523,26.47,13.56,0,2016,4,27,118,17,hot_rainy
2016-04-28,0.8966666666666666,67.55809523809523,26.47,13.56,0,2016,4,28,119,17,hot_rainy
2016-04-29,0.8966666666666666,67.55809523809523,26.47,13.56,0,2016,4,29,120,17,hot_rainy
2016-04-30,0.8966666666666666,67.55809523809523,26.47,13.56,0,2016,4,30,121,17,hot_rainy
2016-05-01,0.0,61.221428571428575,24.77,9.28,0,2016,5,1,122,17,cool_dry
2016-05-02,0.0,61.221428571428575,24.77,9.28,0,2016,5,2,123,18,cool_dry
2016-05-03,0.0,61.221428571428575,24.77,9.28,0,2016,5,3,124,18,cool_dry
2016-05-04,0.0,61.221428571428575,24.77,9.28,0,2016,5,4,125,18,cool_dry
2016-05-05,0.0,61.221428571428575,24.77,9.28,0,2016,5,5,126,18,cool_dry
2016-05-06,0.0,61.221428571428575,24.77,9.28,0,2016,5,6,127,18,cool_dry
2016-05-07,0.0,61.221428571428575,24.77,9.28,0,2016,5,7,128,18,cool_dry
2016-05-08,0.0,61.221428571428575,24.77,9.28,0,2016,5,8,129,18,cool_dry
2016-05-09,0.0,61.221428571428575,24.77,9.28,0,2016,5,9,130,19,cool_dry
2016-05-10,0.0,61.221428571428575,24.77,9.28,0,2016,5,10,131,19,cool_dry
2016-05-11,0.0,61.221428571428575,24.77,9.28,0,2016,5,11,132,19,cool_dry
2016-05-12,0.0,61.221428571428575,24.77,9.28,0,2016,5,12,133,19,cool_dry
2016-05-13,0.0,61.221428571428575,24.77,9.28,0,2016,5,13,134,19,cool_dry
2016-05-14,0.0,61.221428571428575,24.77,9.28,0,2016,5,14,135,19,cool_dry
2016-05-15,0.0,61.221428571428575,24.77,9.28,0,2016,5,15,136,19,cool_dry
2016-05-16,0.0,61.221428571428575,24.77,9.28,0,2016,5,16,137,20,cool_dry
2016-05-17,0.0,61.221428571428575,24.77,9.28,0,2016,5,17,138,20,cool_dry
2016-05-18,0.0,61.221428571428575,24.77,9.28,0,2016,5,18,139,20,cool_dry
2016-05-19,0.0,61.221428571428575,24.77,9.28,0,2016,5,19,140,20,cool_dry
2016-05-20,0.0,61.221428571428575,24.77,9.28,0,2016,5,20,141,20,cool_dry
2016-05-21,0.0,61.221428571428575,24.77,9.28,0,2016,5,21,142,20,cool_dry
2016-05-22,0.0,61.221428571428575,24.77,9.28,0,2016,5,22,143,20,cool_dry
2016-05-23,0.0,61.221428571428575,24.77,9.28,0,2016,5,23,144,21,cool_dry
2016-05-24,0.0,61.221428571428575,24.77,9.28,0,2016,5,24,145,21,cool_dry
2016-05-25,0.0,61.221428571428575,24.77,9.28,0,2016,5,25,146,21,cool_dry
2016-05-26,0.0,61.221428571428575,24.77,9.28,0,2016,5,26,147,21,cool_dry
2016-05-27,0.0,61.221428571428575,24.77,9.28,0,2016,5,27,148,21,cool_dry
2016-05-28,0.0,61.221428571428575,24.77,9.28,0,2016,5,28,149,21,cool_dry
2016-05-29,0.0,61.221428571428575,24.77,9.28,0,2016,5,29,150,21,cool_dry
2016-05-30,0.0,61.221428571428575,24.77,9.28,0,2016,5,30,151,22,cool_dry
2016-05-31,0.0,61.221428571428575,24.77,9.28,0,2016,5,31,152,22,cool_dry
2016-06-01,0.0,60.345,23.3,8.06,0,2016,6,1,153,22,cool_dry
2016-06-02,0.0,60.345,23.3,8.06,0,2016,6,2,154,22,cool_dry
2016-06-03,0.0,60.345,23.3,8.06,0,2016,6,3,155,22,cool_dry
2016-06-04,0.0,60.345,23.3,8.06,0,2016,6,4,156,22,cool_dry
2016-06-05,0.0,60.345,23.3,8.06,0,2016,6,5,157,22,cool_dry
2016-06-06,0.0,60.345,23.3,8.06,0,2016,6,6,158,23,cool_dry
2016-06-07,0.0,60.345,23.3,8.06,0,2016,6,7,159,23,cool_dry
2016-06-08,0.0,60.345,23.3,8.06,0,2016,6,8,160,23,cool_dry
2016-06-09,0.0,60.345,23.3,8.06,0,2016,6,9,161,23,cool_dry
2016-06-10,0.0,60.345,23.3,8.06,0,2016,6,10,162,23,cool_dry
2016-06-11,0.0,60.345,23.3,8.06,0,2016,6,11,163,23,cool_dry
2016-06-12,0.0,60.345,23.3,8.06,0,2016,6,12,164,23,cool_dry
2016-06-13,0.0,60.345,23.3,8.06,0,2016,6,13,165,24,cool_dry
2016-06-14,0.0,60.345,23.3,8.06,0,2016,6,14,166,24,cool_dry
2016-06-15,0.0,60.345,23.3,8.06,0,2016,6,15,167,24,cool_dry
2016-06-16,0.0,60.345,23.3,8.06,0,2016,6,16,168,24,cool_dry
2016-06-17,0.0,60.345,23.3,8.06,0,2016,6,17,169,24,cool_dry
2016-06-18,0.0,60.345,23.3,8.06,0,2016,6,18,170,24,cool_dry
2016-06-19,0.0,60.345,23.3,8.06,0,2016,6,19,171,24,cool_dry
2016-06-20,0.0,60.345,23.3,8.06,0,2016,6,20,172,25,cool_dry
2016-06-21,0.0,60.345,23.3,8.06,0,2016,6,21,173,25,cool_dry
2016-06-22,0.0,60.345,23.3,8.06,0,2016,6,22,174,25,cool_dry
2016-06-23,0.0,60.345,23.3,8.06,0,2016,6,23,175,25,cool_dry
2016-06-24,0.0,60.345,23.3,8.06,0,2016,6,24,176,25,cool_dry
2016-06-25,0.0,60.345,23.3,8.06,0,2016,6,25,177,25,cool_dry
2016-06-26,0.0,60.345,23.3,8.06,0,2016,6,26,178,25,cool_dry
2016-06-27,0.0,60.345,23.3,8.06,0,2016,6,27,179,26,cool_dry
2016-06-28,0.0,60.345,23.3,8.06,0,2016,6,28,180,26,cool_dry
2016-06-29,0.0,60.345,23.3,8.06,0,2016,6,29,181,26,cool_dry
2016-06-30,0.0,60.345,23.3,8.06,0,2016,6,30,182,26,cool_dry
2016-07-01,0.0,57.51681818181818,25.08,6.97,0,2016,7,1,183,26,cool_dry
2016-07-02,0.0,57.51681818181818,25.08,6.97,0,2016,7,2,184,26,cool_dry
2016-07-03,0.0,57.51681818181818,25.08,6.97,0,2016,7,3,185,26,cool_dry
2016-07-04,0.0,57.51681818181818,25.08,6.97,0,2016,7,4,186,27,cool_dry
2016-07-05,0.0,57.51681818181818,25.08,6.97,0,2016,7,5,187,27,cool_dry
2016-07-06,0.0,57.51681818181818,25.08,6.97,0,2016,7,6,188,27,cool_dry
2016-07-07,0.0,57.51681818181818,25.08,6.97,0,2016,7,7,189,27,cool_dry
2016-07-08,0.0,57.51681818181818,25.08,6.97,0,2016,7,8,190,27,cool_dry
2016-07-09,0.0,57.51681818181818,25.08,6.97,0,2016,7,9,191,27,cool_dry
2016-07-10,0.0,57.51681818181818,25.08,6.97,0,2016,7,10,192,27,cool_dry
2016-07-11,0.0,57.51681818181818,25.08,6.97,0,2016,7,11,193,28,cool_dry
2016-07-12,0.0,57.51681818181818,25.08,6.97,0,2016,7,12,194,28,cool_dry
2016-07-13,0.0,57.51681818181818,25.08,6.97,0,2016,7,13,195,28,cool_dry
2016-07-14,0.0,57.51681818181818,25.08,6.97,0,2016,7,14,196,28,cool_dry
2016-07-15,0.0,57.51681818181818,25.08,6.97,0,2016,7,15,197,28,cool_dry
2016-07-16,0.0,57.51681818181818,25.08,6.97,0,2016,7,16,198,28,cool_dry
2016-07-17,0.0,57.51681818181818,25.08,6.97,0,2016,7,17,199,28,cool_dry
2016-07-18,0.0,57.51681818181818,25.08,6.97,0,2016,7,18,200,29,cool_dry
2016-07-19,0.0,57.51681818181818,25.08,6.97,0,2016,7,19,201,29,cool_dry
2016-07-20,0.0,57.51681818181818,25.08,6.97,0,2016,7,20,202,29,cool_dry
2016-07-21,0.0,57.51681818181818,25.08,6.97,0,2016,7,21,203,29,cool_dry
2016-07-22,0.0,57.51681818181818,25.08,6.97,0,2016,7,22,204,29,cool_dry
2016-07-23,0.0,57.51681818181818,25.08,6.97,0,2016,7,23,205,29,cool_dry
2016-07-24,0.0,57.51681818181818,25.08,6.97,0,2016,7,24,206,29,cool_dry
2016-07-25,0.0,57.51681818181818,25.08,6.97,0,2016,7,25,207,30,cool_dry
2016-07-26,0.0,57.51681818181818,25.08,6.97,0,2016,7,26,208,30,cool_dry
2016-07-27,0.0,57.51681818181818,25.08,6.97,0,2016,7,27,209,30,cool_dry
2016-07-28,0.0,57.51681818181818,25.08,6.97,0,2016,7,28,210,30,cool_dry
2016-07-29,0.0,57.51681818181818,25.08,6.97,0,2016,7,29,211,30,cool_dry
2016-07-30,0.0,57.51681818181818,25.08,6.97,0,2016,7,30,212,30,cool_dry
2016-07-31,0.0,57.51681818181818,25.08,6.97,0,2016,7,31,213,30,cool_dry
2016-08-01,0.0,49.68869565217391,27.0,9.44,0,2016,8,1,214,31,cool_dry
2016-08-02,0.0,49.68869565217391,27.0,9.44,0,2016,8,2,215,31,cool_dry
2016-08-03,0.0,49.68869565217391,27.0,9.44,0,2016,8,3,216,31,cool_dry
2016-08-04,0.0,49.68869565217391,27.0,9.44,0,2016,8,4,217,31,cool_dry
2016-08-05,0.0,49.68869565217391,27.0,9.44,0,2016,8,5,218,31,cool_dry
2016-08-06,0.0,49.68869565217391,27.0,9.44,0,2016,8,6,219,31,cool_dry
2016-08-07,0.0,49.68869565217391,27.0,9.44,0,2016,8,7,220,31,cool_dry
2016-08-08,0.0,49.68869565217391,27.0,9.44,0,2016,8,8,221,32,cool_dry
2016-08-09,0.0,49.68869565217391,27.0,9.44,0,2016,8,9,222,32,cool_dry
2016-08-10,0.0,49.68869565217391,27.0,9.44,0,2016,8,10,223,32,cool_dry
2016-08-11,0.0,49.68869565217391,27.0,9.44,0,2016,8,11,224,32,cool_dry
2016-08-12,0.0,49.68869565217391,27.0,9.44,0,2016,8,12,225,32,cool_dry
2016-08-13,0.0,49.68869565217391,27.0,9.44,0,2016,8,13,226,32,cool_dry
2016-08-14,0.0,49.68869565217391,27.0,9.44,0,2016,8,14,227,32,cool_dry
2016-08-15,0.0,49.68869565217391,27.0,9.44,0,2016,8,15,228,33,cool_dry
2016-08-16,0.0,49.68869565217391,27.0,9.44,0,2016,8,16,229,33,cool_dry
2016-08-17,0.0,49.68869565217391,27.0,9.44,0,2016,8,17,230,33,cool_dry
2016-08-18,0.0,49.68869565217391,27.0,9.44,0,2016,8,18,231,33,cool_dry
2016-08-19,0.0,49.68869565217391,27.0,9.44,0,2016,8,19,232,33,cool_dry
2016-08-20,0.0,49.68869565217391,27.0,9.44,0,2016,8,20,233,33,cool_dry
2016-08-21,0.0,49.68869565217391,27.0,9.44,0,2016,8,21,234,33,cool_dry
2016-08-22,0.0,49.68869565217391,27.0,9.44,0,2016,8,22,235,34,cool_dry
2016-08-23,0.0,49.68869565217391,27.0,9.44,0,2016,8,23,236,34,cool_dry
2016-08-24,0.0,49.68869565217391,27.0,9.44,0,2016,8,24,237,34,cool_dry
2016-08-25,0.0,49.68869565217391,27.0,9.44,0,2016,8,25,238,34,cool_dry
2016-08-26,0.0,49.68869565217391,27.0,9.44,0,2016,8,26,239,34,cool_dry
2016-08-27,0.0,49.68869565217391,27.0,9.44,0,2016,8,27,240,34,cool_dry
2016-08-28,0.0,49.68869565217391,27.0,9.44,0,2016,8,28,241,34,cool_dry
2016-08-29,0.0,49.68869565217391,27.0,9.44,0,2016,8,29,242,35,cool_dry
2016-08-30,0.0,49.68869565217391,27.0,9.44,0,2016,8,30,243,35,cool_dry
2016-08-31,0.0,49.68869565217391,27.0,9.44,0,2016,8,31,244,35,cool_dry
2016-09-01,0.0,42.211363636363636,31.41,14.44,0,2016,9,1,245,35,hot_dry
2016-09-02,0.0,42.211363636363636,31.41,14.44,0,2016,9,2,246,35,hot_dry
2016-09-03,0.0,42.211363636363636,31.41,14.44,0,2016,9,3,247,35,hot_dry
2016-09-04,0.0,42.211363636363636,31.41,14.44,0,2016,9,4,248,35,hot_dry
2016-09-05,0.0,42.211363636363636,31.41,14.44,0,2016,9,5,249,36,hot_dry
2016-09-06,0.0,42.211363636363636,31.41,14.44,0,2016,9,6,250,36,hot_dry
2016-09-07,0.0,42.211363636363636,31.41,14.44,0,2016,9,7,251,36,hot_dry
2016-09-08,0.0,42.211363636363636,31.41,14.44,0,2016,9,8,252,36,hot_dry
2016-09-09,0.0,42.211363636363636,31.41,14.44,0,2016,9,9,253,36,hot_dry
2016-09-10,0.0,42.211363636363636,31.41,14.44,0,2016,9,10,254,36,hot_dry
2016-09-11,0.0,42.211363636363636,31.41,14.44,0,2016,9,11,255,36,hot_dry
2016-09-12,0.0,42.211363636363636,31.41,14.44,0,2016,9,12,256,37,hot_dry
2016-09-13,0.0,42.211363636363636,31.41,14.44,0,2016,9,13,257,37,hot_dry
2016-09-14,0.0,42.211363636363636,31.41,14.44,0,2016,9,14,258,37,hot_dry
2016-09-15,0.0,42.211363636363636,31.41,14.44,0,2016,9,15,259,37,hot_dry
2016-09-16,0.0,42.211363636363636,31.41,14.44,0,2016,9,16,260,37,hot_dry
2016-09-17,0.0,42.211363636363636,31.41,14.44,0,2016,9,17,261,37,hot_dry
2016-09-18,0.0,42.211363636363636,31.41,14.44,0,2016,9,18,262,37,hot_dry
2016-09-19,0.0,42.211363636363636,31.41,14.44,0,2016,9,19,263,38,hot_dry
2016-09-20,0.0,42.211363636363636,31.41,14.44,0,2016,9,20,264,38,hot_dry
2016-09-21,0.0,42.211363636363636,31.41,14.44,0,2016,9,21,265,38,hot_dry
2016-09-22,0.0,42.211363636363636,31.41,14.44,0,2016,9,22,266,38,hot_dry
2016-09-23,0.0,42.211363636363636,31.41,14.44,0,2016,9,23,267,38,hot_dry
2016-09-24,0.0,42.211363636363636,31.41,14.44,0,2016,9,24,268,38,hot_dry
2016-09-25,0.0,42.211363636363636,31.41,14.44,0,2016,9,25,269,38,hot_dry
2016-09-26,0.0,42.211363636363636,31.41,14.44,0,2016,9,26,270,39,hot_dry
2016-09-27,0.0,42.211363636363636,31.41,14.44,0,2016,9,27,271,39,hot_dry
2016-09-28,0.0,42.211363636363636,31.41,14.44,0,2016,9,28,272,39,hot_dry
2016-09-29,0.0,42.211363636363636,31.41,14.44,0,2016,9,29,273,39,hot_dry
2016-09-30,0.0,42.211363636363636,31.41,14.44,0,2016,9,30,274,39,hot_dry
2016-10-01,0.03225806451612903,44.34952380952381,34.68,17.92,0,2016,10,1,275,39,hot_dry
2016-10-02,0.03225806451612903,44.34952380952381,34.68,17.92,0,2016,10,2,276,39,hot_dry
2016-10-03,0.03225806451612903,44.34952380952381,34.68,17.92,0,2016,10,3,277,40,hot_dry
2016-10-04,0.03225806451612903,44.34952380952381,34.68,17.92,0,2016,10,4,278,40,hot_dry
2016-10-05,0.03225806451612903,44.34952380952381,34.68,17.92,0,2016,10,5,279,40,hot_dry
2016-10-06,0.03225806451612903,44.34952380952381,34.68,17.92,0,2016,10,6,280,40,hot_dry
2016-10-07,0.03225806451612903,44.34952380952381,34.68,17.92,0,2016,10,7,281,40,hot_dry
2016-10-08,0.03225806451612903,44.34952380952381,34.68,17.92,0,2016,10,8,282,40,hot_dry
2016-10-09,0.03225806451612903,44.34952380952381,34.68,17.92,0,2016,10,9,283,40,hot_dry
2016-10-10,0.03225806451612903,44.34952380952381,34.68,17.92,0,2016,10,10,284,41,hot_dry
2016-10-11,0.03225806451612903,44.34952380952381,34.68,17.92,0,2016,10,11,285,41,hot_dry
2016-10-12,0.03225806451612903,44.34952380952381,34.68,17.92,0,2016,10,12,286,41,hot_dry
2016-10-13,0.03225806451612903,44.34952380952381,34.68,17.92,0,2016,10,13,287,41,hot_dry
2016-10-14,0.03225806451612903,44.34952380952381,34.68,17.92,0,2016,10,14,288,41,hot_dry
2016-10-15,0.03225806451612903,44.34952380952381,34.68,17.92,0,2016,10,15,289,41,hot_dry
2016-10-16,0.03225806451612903,44.34952380952381,34.68,17.92,0,2016,10,16,290,41,hot_dry
2016-10-17,0.03225806451612903,44.34952380952381,34.68,17.92,0,2016,10,17,291,42,hot_dry
2016-10-18,0.03225806451612903,44.34952380952381,34.68,17.92,0,2016,10,18,292,42,hot_dry
2016-10-19,0.03225806451612903,44.34952380952381,34.68,17.92,0,2016,10,19,293,42,hot_dry
2016-10-20,0.03225806451612903,44.34952380952381,34.68,17.92,0,2016,10,20,294,42,hot_dry
2016-10-21,0.03225806451612903,44.34952380952381,34.68,17.92,0,2016,10,21,295,42,hot_dry
2016-10-22,0.03225806451612903,44.34952380952381,34.68,17.92,0,2016,10,22,296,42,hot_dry
2016-10-23,0.03225806451612903,44.34952380952381,34.68,17.92,0,2016,10,23,297,42,hot_dry
2016-10-24,0.03225806451612903,44.34952380952381,34.68,17.92,0,2016,10,24,298,43,hot_dry
2016-10-25,0.03225806451612903,44.34952380952381,34.68,17.92,0,2016,10,25,299,43,hot_dry
2016-10-26,0.03225806451612903,44.34952380952381,34.68,17.92,0,2016,10,26,300,43,hot_dry
2016-10-27,0.03225806451612903,44.34952380952381,34.68,17.92,0,2016,10,27,301,43,hot_dry
2016-10-28,0.03225806451612903,44.34952380952381,34.68,17.92,0,2016,10,28,302,43,hot_dry
2016-10-29,0.03225806451612903,44.34952380952381,34.68,17.92,0,2016,10,29,303,43,hot_dry
2016-10-30,0.03225806451612903,44.34952380952381,34.68,17.92,0,2016,10,30,304,43,hot_dry
2016-10-31,0.03225806451612903,44.34952380952381,34.68,17.92,0,2016,10,31,305,44,hot_dry
2016-11-01,2.43,58.865454545454554,31.15,19.04,1,2016,11,1,306,44,hot_rainy
2016-11-02,2.43,58.865454545454554,31.15,19.04,1,2016,11,2,307,44,hot_rainy
2016-11-03,2.43,58.865454545454554,31.15,19.04,1,2016,11,3,308,44,hot_rainy
2016-11-04,2.43,58.865454545454554,31.15,19.04,1,2016,11,4,309,44,hot_rainy
2016-11-05,2.43,58.865454545454554,31.15,19.04,1,2016,11,5,310,44,hot_rainy
2016-11-06,2.43,58.865454545454554,31.15,19.04,1,2016,11,6,311,44,hot_rainy
2016-11-07,2.43,58.865454545454554,31.15,19.04,1,2016,11,7,312,45,hot_rainy
2016-11-08,2.43,58.865454545454554,31.15,19.04,1,2016,11,8,313,45,hot_rainy
2016-11-09,2.43,58.865454545454554,31.15,19.04,1,2016,11,9,314,45,hot_rainy
2016-11-10,2.43,58.865454545454554,31.15,19.04,1,2016,11,10,315,45,hot_rainy
2016-11-11,2.43,58.865454545454554,31.15,19.04,1,2016,11,11,316,45,hot_rainy
2016-11-12,2.43,58.865454545454554,31.15,19.04,1,2016,11,12,317,45,hot_rainy
2016-11-13,2.43,58.865454545454554,31.15,19.04,1,2016,11,13,318,45,hot_rainy
2016-11-14,2.43,58.865454545454554,31.15,19.04,1,2016,11,14,319,46,hot_rainy
2016-11-15,2.43,58.865454545454554,31.15,19.04,1,2016,11,15,320,46,hot_rainy
2016-11-16,2.43,58.865454545454554,31.15,19.04,1,2016,11,16,321,46,hot_rainy
2016-11-17,2.43,58.865454545454554,31.15,19.04,1,2016,11,17,322,46,hot_rainy
2016-11-18,2.43,58.865454545454554,31.15,19.04,1,2016,11,18,323,46,hot_rainy
2016-11-19,2.43,58.865454545454554,31.15,19.04,1,2016,11,19,324,46,hot_rainy
2016-11-20,2.43,58.865454545454554,31.15,19.04,1,2016,11,20,325,46,hot_rainy
2016-11-21,2.43,58.865454545454554,31.15,19.04,1,2016,11,21,326,47,hot_rainy
2016-11-22,2.43,58.865454545454554,31.15,19.04,1,2016,11,22,327,47,hot_rainy
2016-11-23,2.43,58.865454545454554,31.15,19.04,1,2016,11,23,328,47,hot_rainy
2016-11-24,2.43,58.865454545454554,31.15,19.04,1,2016,11,24,329,47,hot_rainy
2016-11-25,2.43,58.865454545454554,31.15,19.04,1,2016,11,25,330,47,hot_rainy
2016-11-26,2.43,58.865454545454554,31.15,19.04,1,2016,11,26,331,47,hot_rainy
2016-11-27,2.43,58.865454545454554,31.15,19.04,1,2016,11,27,332,47,hot_rainy
2016-11-28,2.43,58.865454545454554,31.15,19.04,1,2016,11,28,333,48,hot_rainy
2016-11-29,2.43,58.865454545454554,31.15,19.04,1,2016,11,29,334,48,hot_rainy
2016-11-30,2.43,58.865454545454554,31.15,19.04,1,2016,11,30,335,48,hot_rainy
2016-12-01,2.8806451612903223,73.86277777777778,28.47,18.15,1,2016,12,1,336,48,hot_rainy
2016-12-02,2.8806451612903223,73.86277777777778,28.47,18.15,1,2016,12,2,337,48,hot_rainy
2016-12-03,2.8806451612903223,73.86277777777778,28.47,18.15,1,2016,12,3,338,48,hot_rainy
2016-12-04,2.8806451612903223,73.86277777777778,28.47,18.15,1,2016,12,4,339,48,hot_rainy
2016-12-05,2.8806451612903223,73.86277777777778,28.47,18.15,1,2016,12,5,340,49,hot_rainy
2016-12-06,2.8806451612903223,73.86277777777778,28.47,18.15,1,2016,12,6,341,49,hot_rainy
2016-12-07,2.8806451612903223,73.86277777777778,28.47,18.15,1,2016,12,7,342,49,hot_rainy
2016-12-08,2.8806451612903223,73.86277777777778,28.47,18.15,1,2016,12,8,343,49,hot_rainy
2016-12-09,2.8806451612903223,73.86277777777778,28.47,18.15,1,2016,12,9,344,49,hot_rainy
2016-12-10,2.8806451612903223,73.86277777777778,28.47,18.15,1,2016,12,10,345,49,hot_rainy
2016-12-11,2.8806451612903223,73.86277777777778,28.47,18.15,1,2016,12,11,346,49,hot_rainy
2016-12-12,2.8806451612903223,73.86277777777778,28.47,18.15,1,2016,12,12,347,50,hot_rainy
2016-12-13,2.8806451612903223,73.86277777777778,28.47,18.15,1,2016,12,13,348,50,hot_rainy
2016-12-14,2.8806451612903223,73.86277777777778,28.47,18.15,1,2016,12,14,349,50,hot_rainy
2016-12-15,2.8806451612903223,73.86277777777778,28.47,18.15,1,2016,12,15,350,50,hot_rainy
2016-12-16,2.8806451612903223,73.86277777777778,28.47,18.15,1,2016,12,16,351,50,hot_rainy
2016-12-17,2.8806451612903223,73.86277777777778,28.47,18.15,1,2016,12,17,352,50,hot_rainy
2016-12-18,2.8806451612903223,73.86277777777778,28.47,18.15,1,2016,12,18,353,50,hot_rainy
2016-12-19,2.8806451612903223,73.86277777777778,28.47,18.15,1,2016,12,19,354,51,hot_rainy
2016-12-20,2.8806451612903223,73.86277777777778,28.47,18.15,1,2016,12,20,355,51,hot_rainy
2016-12-21,2.8806451612903223,73.86277777777778,28.47,18.15,1,2016,12,21,356,51,hot_rainy
2016-12-22,2.8806451612903223,73.86277777777778,28.47,18.15,1,2016,12,22,357,51,hot_rainy
2016-12-23,2.8806451612903223,73.86277777777778,28.47,18.15,1,2016,12,23,358,51,hot_rainy
2016-12-24,2.8806451612903223,73.86277777777778,28.47,18.15,1,2016,12,24,359,51,hot_rainy
2016-12-25,2.8806451612903223,73.86277777777778,28.47,18.15,1,2016,12,25,360,51,hot_rainy
2016-12-26,2.8806451612903223,73.86277777777778,28.47,18.15,1,2016,12,26,361,52,hot_rainy
2016-12-27,2.8806451612903223,73.86277777777778,28.47,18.15,1,2016,12,27,362,52,hot_rainy
2016-12-28,2.8806451612903223,73.86277777777778,28.47,18.15,1,2016,12,28,363,52,hot_rainy
2016-12-29,2.8806451612903223,73.86277777777778,28.47,18.15,1,2016,12,29,364,52,hot_rainy
2016-12-30,2.8806451612903223,73.86277777777778,28.47,18.15,1,2016,12,30,365,52,hot_rainy
2016-12-31,2.8806451612903223,73.86277777777778,28.47,18.15,1,2016,12,31,366,52,hot_rainy
2017-01-01,4.019354838709678,85.87,26.36,16.12,1,2017,1,1,1,52,hot_rainy
2017-01-02,4.019354838709678,85.87,26.36,16.12,1,2017,1,2,2,1,hot_rainy
2017-01-03,4.019354838709678,85.87,26.36,16.12,1,2017,1,3,3,1,hot_rainy
2017-01-04,4.019354838709678,85.87,26.36,16.12,1,2017,1,4,4,1,hot_rainy
2017-01-05,4.019354838709678,85.87,26.36,16.12,1,2017,1,5,5,1,hot_rainy
2017-01-06,4.019354838709678,85.87,26.36,16.12,1,2017,1,6,6,1,hot_rainy
2017-01-07,4.019354838709678,85.87,26.36,16.12,1,2017,1,7,7,1,hot_rainy
2017-01-08,4.019354838709678,85.87,26.36,16.12,1,2017,1,8,8,1,hot_rainy
2017-01-09,4.019354838709678,85.87,26.36,16.12,1,2017,1,9,9,2,hot_rainy
2017-01-10,4.019354838709678,85.87,26.36,16.12,1,2017,1,10,10,2,hot_rainy
2017-01-11,4.019354838709678,85.87,26.36,16.12,1,2017,1,11,11,2,hot_rainy
2017-01-12,4.019354838709678,85.87,26.36,16.12,1,2017,1,12,12,2,hot_rainy
2017-01-13,4.019354838709678,85.87,26.36,16.12,1,2017,1,13,13,2,hot_rainy
2017-01-14,4.019354838709678,85.87,26.36,16.12,1,2017,1,14,14,2,hot_rainy
2017-01-15,4.019354838709678,85.87,26.36,16.12,1,2017,1,15,15,2,hot_rainy
2017-01-16,4.019354838709678,85.87,26.36,16.12,1,2017,1,16,16,3,hot_rainy
2017-01-17,4.019354838709678,85.87,26.36,16.12,1,2017,1,17,17,3,hot_rainy
2017-01-18,4.019354838709678,85.87,26.36,16.12,1,2017,1,18,18,3,hot_rainy
2017-01-19,4.019354838709678,85.87,26.36,16.12,1,2017,1,19,19,3,hot_rainy
2017-01-20,4.019354838709678,85.87,26.36,16.12,1,2017,1,20,20,3,hot_rainy
2017-01-21,4.019354838709678,85.87,26.36,16.12,1,2017,1,21,21,3,hot_rainy
2017-01-22,4.019354838709678,85.87,26.36,16.12,1,2017,1,22,22,3,hot_rainy
2017-01-23,4.019354838709678,85.87,26.36,16.12,1,2017,1,23,23,4,hot_rainy
2017-01-24,4.019354838709678,85.87,26.36,16.12,1,2017,1,24,24,4,hot_rainy
2017-01-25,4.019354838709678,85.87,26.36,16.12,1,2017,1,25,25,4,hot_rainy
2017-01-26,4.019354838709678,85.87,26.36,16.12,1,2017,1,26,26,4,hot_rainy
2017-01-27,4.019354838709678,85.87,26.36,16.12,1,2017,1,27,27,4,hot_rainy
2017-01-28,4.019354838709678,85.87,26.36,16.12,1,2017,1,28,28,4,hot_rainy
2017-01-29,4.019354838709678,85.87,26.36,16.12,1,2017,1,29,29,4,hot_rainy
2017-01-30,4.019354838709678,85.87,26.36,16.12,1,2017,1,30,30,5,hot_rainy
2017-01-31,4.019354838709678,85.87,26.36,16.12,1,2017,1,31,31,5,hot_rainy
2017-02-01,7.382142857142857,78.46233380480905,27.13,17.84,1,2017,2,1,32,5,hot_rainy
2017-02-02,7.382142857142857,78.46233380480905,27.13,17.84,1,2017,2,2,33,5,hot_rainy
2017-02-03,7.382142857142857,78.46233380480905,27.13,17.84,1,2017,2,3,34,5,hot_rainy
2017-02-04,7.382142857142857,78.46233380480905,27.13,17.84,1,2017,2,4,35,5,hot_rainy
2017-02-05,7.382142857142857,78.46233380480905,27.13,17.84,1,2017,2,5,36,5,hot_rainy
2017-02-06,7.382142857142857,78.46233380480905,27.13,17.84,1,2017,2,6,37,6,hot_rainy
2017-02-07,7.382142857142857,78.46233380480905,27.13,17.84,1,2017,2,7,38,6,hot_rainy
2017-02-08,7.382142857142857,78.46233380480905,27.13,17.84,1,2017,2,8,39,6,hot_rainy
2017-02-09,7.382142857142857,78.46233380480905,27.13,17.84,1,2017,2,9,40,6,hot_rainy
2017-02-10,7.382142857142857,78.46233380480905,27.13,17.84,1,2017,2,10,41,6,hot_rainy
2017-02-11,7.382142857142857,78.46233380480905,27.13,17.84,1,2017,2,11,42,6,hot_rainy
2017-02-12,7.382142857142857,78.46233380480905,27.13,17.84,1,2017,2,12,43,6,hot_rainy
2017-02-13,7.382142857142857,78.46233380480905,27.13,17.84,1,2017,2,13,44,7,hot_rainy
2017-02-14,7.382142857142857,78.46233380480905,27.13,17.84,1,2017,2,14,45,7,hot_rainy
2017-02-15,7.382142857142857,78.46233380480905,27.13,17.84,1,2017,2,15,46,7,hot_rainy
2017-02-16,7.382142857142857,78.46233380480905,27.13,17.84,1,2017,2,16,47,7,hot_rainy
2017-02-17,7.382142857142857,78.46233380480905,27.13,17.84,1,2017,2,17,48,7,hot_rainy
2017-02-18,7.382142857142857,78.46233380480905,27.13,17.84,1,2017,2,18,49,7,hot_rainy
2017-02-19,7.382142857142857,78.46233380480905,27.13,17.84,1,2017,2,19,50,7,hot_rainy
2017-02-20,7.382142857142857,78.46233380480905,27.13,17.84,1,2017,2,20,51,8,hot_rainy
2017-02-21,7.382142857142857,78.46233380480905,27.13,17.84,1,2017,2,21,52,8,hot_rainy
2017-02-22,7.382142857142857,78.46233380480905,27.13,17.84,1,2017,2,22,53,8,hot_rainy
2017-02-23,7.382142857142857,78.46233380480905,27.13,17.84,1,2017,2,23,54,8,hot_rainy
2017-02-24,7.382142857142857,78.46233380480905,27.13,17.84,1,2017,2,24,55,8,hot_rainy
2017-02-25,7.382142857142857,78.46233380480905,27.13,17.84,1,2017,2,25,56,8,hot_rainy
2017-02-26,7.382142857142857,78.46233380480905,27.13,17.84,1,2017,2,26,57,8,hot_rainy
2017-02-27,7.382142857142857,78.46233380480905,27.13,17.84,1,2017,2,27,58,9,hot_rainy
2017-02-28,7.382142857142857,78.46233380480905,27.13,17.84,1,2017,2,28,59,9,hot_rainy
2017-03-01,3.4522372528616025,74.81722222222223,27.522068965517242,16.29137931034483,1,2017,3,1,60,9,hot_rainy
2017-03-02,3.4522372528616025,74.81722222222223,27.522068965517242,16.29137931034483,1,2017,3,2,61,9,hot_rainy
2017-03-03,3.4522372528616025,74.81722222222223,27.522068965517242,16.29137931034483,1,2017,3,3,62,9,hot_rainy
2017-03-04,3.4522372528616025,74.81722222222223,27.522068965517242,16.29137931034483,1,2017,3,4,63,9,hot_rainy
2017-03-05,3.4522372528616025,74.81722222222223,27.522068965517242,16.29137931034483,1,2017,3,5,64,9,hot_rainy
2017-03-06,3.4522372528616025,74.81722222222223,27.522068965517242,16.29137931034483,1,2017,3,6,65,10,hot_rainy
2017-03-07,3.4522372528616025,74.81722222222223,27.522068965517242,16.29137931034483,1,2017,3,7,66,10,hot_rainy
2017-03-08,3.4522372528616025,74.81722222222223,27.522068965517242,16.29137931034483,1,2017,3,8,67,10,hot_rainy
2017-03-09,3.4522372528616025,74.81722222222223,27.522068965517242,16.29137931034483,1,2017,3,9,68,10,hot_rainy
2017-03-10,3.4522372528616025,74.81722222222223,27.522068965517242,16.29137931034483,1,2017,3,10,69,10,hot_rainy
2017-03-11,3.4522372528616025,74.81722222222223,27.522068965517242,16.29137931034483,1,2017,3,11,70,10,hot_rainy
2017-03-12,3.4522372528616025,74.81722222222223,27.522068965517242,16.29137931034483,1,2017,3,12,71,10,hot_rainy
2017-03-13,3.4522372528616025,74.81722222222223,27.522068965517242,16.29137931034483,1,2017,3,13,72,11,hot_rainy
2017-03-14,3.4522372528616025,74.81722222222223,27.522068965517242,16.29137931034483,1,2017,3,14,73,11,hot_rainy
2017-03-15,3.4522372528616025,74.81722222222223,27.522068965517242,16.29137931034483,1,2017,3,15,74,11,hot_rainy
2017-03-16,3.4522372528616025,74.81722222222223,27.522068965517242,16.29137931034483,1,2017,3,16,75,11,hot_rainy
2017-03-17,3.4522372528616025,74.81722222222223,27.522068965517242,16.29137931034483,1,2017,3,17,76,11,hot_rainy
2017-03-18,3.4522372528616025,74.81722222222223,27.522068965517242,16.29137931034483,1,2017,3,18,77,11,hot_rainy
2017-03-19,3.4522372528616025,74.81722222222223,27.522068965517242,16.29137931034483,1,2017,3,19,78,11,hot_rainy
2017-03-20,3.4522372528616025,74.81722222222223,27.522068965517242,16.29137931034483,1,2017,3,20,79,12,hot_rainy
2017-03-21,3.4522372528616025,74.81722222222223,27.522068965517242,16.29137931034483,1,2017,3,21,80,12,hot_rainy
2017-03-22,3.4522372528616025,74.81722222222223,27.522068965517242,16.29137931034483,1,2017,3,22,81,12,hot_rainy
2017-03-23,3.4522372528616025,74.81722222222223,27.522068965517242,16.29137931034483,1,2017,3,23,82,12,hot_rainy
2017-03-24,3.4522372528616025,74.81722222222223,27.522068965517242,16.29137931034483,1,2017,3,24,83,12,hot_rainy
2017-03-25,3.4522372528616025,74.81722222222223,27.522068965517242,16.29137931034483,1,2017,3,25,84,12,hot_rainy
2017-03-26,3.4522372528616025,74.81722222222223,27.522068965517242,16.29137931034483,1,2017,3,26,85,12,hot_rainy
2017-03-27,3.4522372528616025,74.81722222222223,27.522068965517242,16.29137931034483,1,2017,3,27,86,13,hot_rainy
2017-03-28,3.4522372528616025,74.81722222222223,27.522068965517242,16.29137931034483,1,2017,3,28,87,13,hot_rainy
2017-03-29,3.4522372528616025,74.81722222222223,27.522068965517242,16.29137931034483,1,2017,3,29,88,13,hot_rainy
2017-03-30,3.4522372528616025,74.81722222222223,27.522068965517242,16.29137931034483,1,2017,3,30,89,13,hot_rainy
2017-03-31,3.4522372528616025,74.81722222222223,27.522068965517242,16.29137931034483,1,2017,3,31,90,13,hot_rainy
2017-04-01,0.4766666666666667,76.73,25.44,13.92,0,2017,4,1,91,13,hot_rainy
2017-04-02,0.4766666666666667,76.73,25.44,13.92,0,2017,4,2,92,13,hot_rainy
2017-04-03,0.4766666666666667,76.73,25.44,13.92,0,2017,4,3,93,14,hot_rainy
2017-04-04,0.4766666666666667,76.73,25.44,13.92,0,2017,4,4,94,14,hot_rainy
2017-04-05,0.4766666666666667,76.73,25.44,13.92,0,2017,4,5,95,14,hot_rainy
2017-04-06,0.4766666666666667,76.73,25.44,13.92,0,2017,4,6,96,14,hot_rainy
2017-04-07,0.4766666666666667,76.73,25.44,13.92,0,2017,4,7,97,14,hot_rainy
2017-04-08,0.4766666666666667,76.73,25.44,13.92,0,2017,4,8,98,14,hot_rainy
2017-04-09,0.4766666666666667,76.73,25.44,13.92,0,2017,4,9,99,14,hot_rainy
2017-04-10,0.4766666666666667,76.73,25.44,13.92,0,2017,4,10,100,15,hot_rainy
2017-04-11,0.4766666666666667,76.73,25.44,13.92,0,2017,4,11,101,15,hot_rainy
2017-04-12,0.4766666666666667,76.73,25.44,13.92,0,2017,4,12,102,15,hot_rainy
2017-04-13,0.4766666666666667,76.73,25.44,13.92,0,2017,4,13,103,15,hot_rainy
2017-04-14,0.4766666666666667,76.73,25.44,13.92,0,2017,4,14,104,15,hot_rainy
2017-04-15,0.4766666666666667,76.73,25.44,13.92,0,2017,4,15,105,15,hot_rainy
2017-04-16,0.4766666666666667,76.73,25.44,13.92,0,2017,4,16,106,15,hot_rainy
2017-04-17,0.4766666666666667,76.73,25.44,13.92,0,2017,4,17,107,16,hot_rainy
2017-04-18,0.4766666666666667,76.73,25.44,13.92,0,2017,4,18,108,16,hot_rainy
2017-04-19,0.4766666666666667,76.73,25.44,13.92,0,2017,4,19,109,16,hot_rainy
2017-04-20,0.4766666666666667,76.73,25.44,13.92,0,2017,4,20,110,16,hot_rainy
2017-04-21,0.4766666666666667,76.73,25.44,13.92,0,2017,4,21,111,16,hot_rainy
2017-04-22,0.4766666666666667,76.73,25.44,13.92,0,2017,4,22,112,16,hot_rainy
2017-04-23,0.4766666666666667,76.73,25.44,13.92,0,2017,4,23,113,16,hot_rainy
2017-04-24,0.4766666666666667,76.73,25.44,13.92,0,2017,4,24,114,17,hot_rainy
2017-04-25,0.4766666666666667,76.73,25.44,13.92,0,2017,4,25,115,17,hot_rainy
2017-04-26,0.4766666666666667,76.73,25.44,13.92,0,2017,4,26,116,17,hot_rainy
2017-04-27,0.4766666666666667,76.73,25.44,13.92,0,2017,4,27,117,17,hot_rainy
2017-04-28,0.4766666666666667,76.73,25.44,13.92,0,2017,4,28,118,17,hot_rainy
2017-04-29,0.4766666666666667,76.73,25.44,13.92,0,2017,4,29,119,17,hot_rainy
2017-04-30,0.4766666666666667,76.73,25.44,13.92,0,2017,4,30,120,17,hot_rainy
2017-05-01,0.0,70.84,25.51,10.22,0,2017,5,1,121,18,cool_dry
2017-05-02,0.0,70.84,25.51,10.22,0,2017,5,2,122,18,cool_dry
2017-05-03,0.0,70.84,25.51,10.22,0,2017,5,3,123,18,cool_dry
2017-05-04,0.0,70.84,25.51,10.22,0,2017,5,4,124,18,cool_dry
2017-05-05,0.0,70.84,25.51,10.22,0,2017,5,5,125,18,cool_dry
2017-05-06,0.0,70.84,25.51,10.22,0,2017,5,6,126,18,cool_dry
2017-05-07,0.0,70.84,25.51,10.22,0,2017,5,7,127,18,cool_dry
2017-05-08,0.0,70.84,25.51,10.22,0,2017,5,8,128,19,cool_dry
2017-05-09,0.0,70.84,25.51,10.22,0,2017,5,9,129,19,cool_dry
2017-05-10,0.0,70.84,25.51,10.22,0,2017,5,10,130,19,cool_dry
2017-05-11,0.0,70.84,25.51,10.22,0,2017,5,11,131,19,cool_dry
2017-05-12,0.0,70.84,25.51,10.22,0,2017,5,12,132,19,cool_dry
2017-05-13,0.0,70.84,25.51,10.22,0,2017,5,13,133,19,cool_dry
2017-05-14,0.0,70.84,25.51,10.22,0,2017,5,14,134,19,cool_dry
2017-05-15,0.0,70.84,25.51,10.22,0,2017,5,15,135,20,cool_dry
2017-05-16,0.0,70.84,25.51,10.22,0,2017,5,16,136,20,cool_dry
2017-05-17,0.0,70.84,25.51,10.22,0,2017,5,17,137,20,cool_dry
2017-05-18,0.0,70.84,25.51,10.22,0,2017,5,18,138,20,cool_dry
2017-05-19,0.0,70.84,25.51,10.22,0,2017,5,19,139,20,cool_dry
2017-05-20,0.0,70.84,25.51,10.22,0,2017,5,20,140,20,cool_dry
2017-05-21,0.0,70.84,25.51,10.22,0,2017,5,21,141,20,cool_dry
2017-05-22,0.0,70.84,25.51,10.22,0,2017,5,22,142,21,cool_dry
2017-05-23,0.0,70.84,25.51,10.22,0,2017,5,23,143,21,cool_dry
2017-05-24,0.0,70.84,25.51,10.22,0,2017,5,24,144,21,cool_dry
2017-05-25,0.0,70.84,25.51,10.22,0,2017,5,25,145,21,cool_dry
2017-05-26,0.0,70.84,25.51,10.22,0,2017,5,26,146,21,cool_dry
2017-05-27,0.0,70.84,25.51,10.22,0,2017,5,27,147,21,cool_dry
2017-05-28,0.0,70.84,25.51,10.22,0,2017,5,28,148,21,cool_dry
2017-05-29,0.0,70.84,25.51,10.22,0,2017,5,29,149,22,cool_dry
2017-05-30,0.0,70.84,25.51,10.22,0,2017,5,30,150,22,cool_dry
2017-05-31,0.0,70.84,25.51,10.22,0,2017,5,31,151,22,cool_dry
2017-06-01,0.0,67.1,24.13,7.96,0,2017,6,1,152,22,cool_dry
2017-06-02,0.0,67.1,24.13,7.96,0,2017,6,2,153,22,cool_dry
2017-06-03,0.0,67.1,24.13,7.96,0,2017,6,3,154,22,cool_dry
2017-06-04,0.0,67.1,24.13,7.96,0,2017,6,4,155,22,cool_dry
2017-06-05,0.0,67.1,24.13,7.96,0,2017,6,5,156,23,cool_dry
2017-06-06,0.0,67.1,24.13,7.96,0,2017,6,6,157,23,cool_dry
2017-06-07,0.0,67.1,24.13,7.96,0,2017,6,7,158,23,cool_dry
2017-06-08,0.0,67.1,24.13,7.96,0,2017,6,8,159,23,cool_dry
2017-06-09,0.0,67.1,24.13,7.96,0,2017,6,9,160,23,cool_dry
2017-06-10,0.0,67.1,24.13,7.96,0,2017,6,10,161,23,cool_dry
2017-06-11,0.0,67.1,24.13,7.96,0,2017,6,11,162,23,cool_dry
2017-06-12,0.0,67.1,24.13,7.96,0,2017,6,12,163,24,cool_dry
2017-06-13,0.0,67.1,24.13,7.96,0,2017,6,13,164,24,cool_dry
2017-06-14,0.0,67.1,24.13,7.96,0,2017,6,14,165,24,cool_dry
2017-06-15,0.0,67.1,24.13,7.96,0,2017,6,15,166,24,cool_dry
2017-06-16,0.0,67.1,24.13,7.96,0,2017,6,16,167,24,cool_dry
2017-06-17,0.0,67.1,24.13,7.96,0,2017,6,17,168,24,cool_dry
2017-06-18,0.0,67.1,24.13,7.96,0,2017,6,18,169,24,cool_dry
2017-06-19,0.0,67.1,24.13,7.96,0,2017,6,19,170,25,cool_dry
2017-06-20,0.0,67.1,24.13,7.96,0,2017,6,20,171,25,cool_dry
2017-06-21,0.0,67.1,24.13,7.96,0,2017,6,21,172,25,cool_dry
2017-06-22,0.0,67.1,24.13,7.96,0,2017,6,22,173,25,cool_dry
2017-06-23,0.0,67.1,24.13,7.96,0,2017,6,23,174,25,cool_dry
2017-06-24,0.0,67.1,24.13,7.96,0,2017,6,24,175,25,cool_dry
2017-06-25,0.0,67.1,24.13,7.96,0,2017,6,25,176,25,cool_dry
2017-06-26,0.0,67.1,24.13,7.96,0,2017,6,26,177,26,cool_dry
2017-06-27,0.0,67.1,24.13,7.96,0,2017,6,27,178,26,cool_dry
2017-06-28,0.0,67.1,24.13,7.96,0,2017,6,28,179,26,cool_dry
2017-06-29,0.0,67.1,24.13,7.96,0,2017,6,29,180,26,cool_dry
2017-06-30,0.0,67.1,24.13,7.96,0,2017,6,30,181,26,cool_dry
2017-07-01,0.0,66.23,23.69,6.82,0,2017,7,1,182,26,cool_dry
2017-07-02,0.0,66.23,23.69,6.82,0,2017,7,2,183,26,cool_dry
2017-07-03,0.0,66.23,23.69,6.82,0,2017,7,3,184,27,cool_dry
2017-07-04,0.0,66.23,23.69,6.82,0,2017,7,4,185,27,cool_dry
2017-07-05,0.0,66.23,23.69,6.82,0,2017,7,5,186,27,cool_dry
2017-07-06,0.0,66.23,23.69,6.82,0,2017,7,6,187,27,cool_dry
2017-07-07,0.0,66.23,23.69,6.82,0,2017,7,7,188,27,cool_dry
2017-07-08,0.0,66.23,23.69,6.82,0,2017,7,8,189,27,cool_dry
2017-07-09,0.0,66.23,23.69,6.82,0,2017,7,9,190,27,cool_dry
2017-07-10,0.0,66.23,23.69,6.82,0,2017,7,10,191,28,cool_dry
2017-07-11,0.0,66.23,23.69,6.82,0,2017,7,11,192,28,cool_dry
2017-07-12,0.0,66.23,23.69,6.82,0,2017,7,12,193,28,cool_dry
2017-07-13,0.0,66.23,23.69,6.82,0,2017,7,13,194,28,cool_dry
2017-07-14,0.0,66.23,23.69,6.82,0,2017,7,14,195,28,cool_dry
2017-07-15,0.0,66.23,23.69,6.82,0,2017,7,15,196,28,cool_dry
2017-07-16,0.0,66.23,23.69,6.82,0,2017,7,16,197,28,cool_dry
2017-07-17,0.0,66.23,23.69,6.82,0,2017,7,17,198,29,cool_dry
2017-07-18,0.0,66.23,23.69,6.82,0,2017,7,18,199,29,cool_dry
2017-07-19,0.0,66.23,23.69,6.82,0,2017,7,19,200,29,cool_dry
2017-07-20,0.0,66.23,23.69,6.82,0,2017,7,20,201,29,cool_dry
2017-07-21,0.0,66.23,23.69,6.82,0,2017,7,21,202,29,cool_dry
2017-07-22,0.0,66.23,23.69,6.82,0,2017,7,22,203,29,cool_dry
2017-07-23,0.0,66.23,23.69,6.82,0,2017,7,23,204,29,cool_dry
2017-07-24,0.0,66.23,23.69,6.82,0,2017,7,24,205,30,cool_dry
2017-07-25,0.0,66.23,23.69,6.82,0,2017,7,25,206,30,cool_dry
2017-07-26,0.0,66.23,23.69,6.82,0,2017,7,26,207,30,cool_dry
2017-07-27,0.0,66.23,23.69,6.82,0,2017,7,27,208,30,cool_dry
2017-07-28,0.0,66.23,23.69,6.82,0,2017,7,28,209,30,cool_dry
2017-07-29,0.0,66.23,23.69,6.82,0,2017,7,29,210,30,cool_dry
2017-07-30,0.0,66.23,23.69,6.82,0,2017,7,30,211,30,cool_dry
2017-07-31,0.0,66.23,23.69,6.82,0,2017,7,31,212,31,cool_dry
2017-08-01,0.0,54.97,26.51,8.31,0,2017,8,1,213,31,cool_dry
2017-08-02,0.0,54.97,26.51,8.31,0,2017,8,2,214,31,cool_dry
2017-08-03,0.0,54.97,26.51,8.31,0,2017,8,3,215,31,cool_dry
2017-08-04,0.0,54.97,26.51,8.31,0,2017,8,4,216,31,cool_dry
2017-08-05,0.0,54.97,26.51,8.31,0,2017,8,5,217,31,cool_dry
2017-08-06,0.0,54.97,26.51,8.31,0,2017,8,6,218,31,cool_dry
2017-08-07,0.0,54.97,26.51,8.31,0,2017,8,7,219,32,cool_dry
2017-08-08,0.0,54.97,26.51,8.31,0,2017,8,8,220,32,cool_dry
2017-08-09,0.0,54.97,26.51,8.31,0,2017,8,9,221,32,cool_dry
2017-08-10,0.0,54.97,26.51,8.31,0,2017,8,10,222,32,cool_dry
2017-08-11,0.0,54.97,26.51,8.31,0,2017,8,11,223,32,cool_dry
2017-08-12,0.0,54.97,26.51,8.31,0,2017,8,12,224,32,cool_dry
2017-08-13,0.0,54.97,26.51,8.31,0,2017,8,13,225,32,cool_dry
2017-08-14,0.0,54.97,26.51,8.31,0,2017,8,14,226,33,cool_dry
2017-08-15,0.0,54.97,26.51,8.31,0,2017,8,15,227,33,cool_dry
2017-08-16,0.0,54.97,26.51,8.31,0,2017,8,16,228,33,cool_dry
2017-08-17,0.0,54.97,26.51,8.31,0,2017,8,17,229,33,cool_dry
2017-08-18,0.0,54.97,26.51,8.31,0,2017,8,18,230,33,cool_dry
2017-08-19,0.0,54.97,26.51,8.31,0,2017,8,19,231,33,cool_dry
2017-08-20,0.0,54.97,26.51,8.31,0,2017,8,20,232,33,cool_dry
2017-08-21,0.0,54.97,26.51,8.31,0,2017,8,21,233,34,cool_dry
2017-08-22,0.0,54.97,26.51,8.31,0,2017,8,22,234,34,cool_dry
2017-08-23,0.0,54.97,26.51,8.31,0,2017,8,23,235,34,cool_dry
2017-08-24,0.0,54.97,26.51,8.31,0,2017,8,24,236,34,cool_dry
2017-08-25,0.0,54.97,26.51,8.31,0,2017,8,25,237,34,cool_dry
2017-08-26,0.0,54.97,26.51,8.31,0,2017,8,26,238,34,cool_dry
2017-08-27,0.0,54.97,26.51,8.31,0,2017,8,27,239,34,cool_dry
2017-08-28,0.0,54.97,26.51,8.31,0,2017,8,28,240,35,cool_dry
2017-08-29,0.0,54.97,26.51,8.31,0,2017,8,29,241,35,cool_dry
2017-08-30,0.0,54.97,26.51,8.31,0,2017,8,30,242,35,cool_dry
2017-08-31,0.0,54.97,26.51,8.31,0,2017,8,31,243,35,cool_dry
2017-09-01,0.0,45.23,30.87,13.01,0,2017,9,1,244,35,hot_dry
2017-09-02,0.0,45.23,30.87,13.01,0,2017,9,2,245,35,hot_dry
2017-09-03,0.0,45.23,30.87,13.01,0,2017,9,3,246,35,hot_dry
2017-09-04,0.0,45.23,30.87,13.01,0,2017,9,4,247,36,hot_dry
2017-09-05,0.0,45.23,30.87,13.01,0,2017,9,5,248,36,hot_dry
2017-09-06,0.0,45.23,30.87,13.01,0,2017,9,6,249,36,hot_dry
2017-09-07,0.0,45.23,30.87,13.01,0,2017,9,7,250,36,hot_dry
2017-09-08,0.0,45.23,30.87,13.01,0,2017,9,8,251,36,hot_dry
2017-09-09,0.0,45.23,30.87,13.01,0,2017,9,9,252,36,hot_dry
2017-09-10,0.0,45.23,30.87,13.01,0,2017,9,10,253,36,hot_dry
2017-09-11,0.0,45.23,30.87,13.01,0,2017,9,11,254,37,hot_dry
2017-09-12,0.0,45.23,30.87,13.01,0,2017,9,12,255,37,hot_dry
2017-09-13,0.0,45.23,30.87,13.01,0,2017,9,13,256,37,hot_dry
2017-09-14,0.0,45.23,30.87,13.01,0,2017,9,14,257,37,hot_dry
2017-09-15,0.0,45.23,30.87,13.01,0,2017,9,15,258,37,hot_dry
2017-09-16,0.0,45.23,30.87,13.01,0,2017,9,16,259,37,hot_dry
2017-09-17,0.0,45.23,30.87,13.01,0,2017,9,17,260,37,hot_dry
2017-09-18,0.0,45.23,30.87,13.01,0,2017,9,18,261,38,hot_dry
2017-09-19,0.0,45.23,30.87,13.01,0,2017,9,19,262,38,hot_dry
2017-09-20,0.0,45.23,30.87,13.01,0,2017,9,20,263,38,hot_dry
2017-09-21,0.0,45.23,30.87,13.01,0,2017,9,21,264,38,hot_dry
2017-09-22,0.0,45.23,30.87,13.01,0,2017,9,22,265,38,hot_dry
2017-09-23,0.0,45.23,30.87,13.01,0,2017,9,23,266,38,hot_dry
2017-09-24,0.0,45.23,30.87,13.01,0,2017,9,24,267,38,hot_dry
2017-09-25,0.0,45.23,30.87,13.01,0,2017,9,25,268,39,hot_dry
2017-09-26,0.0,45.23,30.87,13.01,0,2017,9,26,269,39,hot_dry
2017-09-27,0.0,45.23,30.87,13.01,0,2017,9,27,270,39,hot_dry
2017-09-28,0.0,45.23,30.87,13.01,0,2017,9,28,271,39,hot_dry
2017-09-29,0.0,45.23,30.87,13.01,0,2017,9,29,272,39,hot_dry
2017-09-30,0.0,45.23,30.87,13.01,0,2017,9,30,273,39,hot_dry
2017-10-01,0.3032258064516129,50.55,32.71,16.0,0,2017,10,1,274,39,hot_dry
2017-10-02,0.3032258064516129,50.55,32.71,16.0,0,2017,10,2,275,40,hot_dry
2017-10-03,0.3032258064516129,50.55,32.71,16.0,0,2017,10,3,276,40,hot_dry
2017-10-04,0.3032258064516129,50.55,32.71,16.0,0,2017,10,4,277,40,hot_dry
2017-10-05,0.3032258064516129,50.55,32.71,16.0,0,2017,10,5,278,40,hot_dry
2017-10-06,0.3032258064516129,50.55,32.71,16.0,0,2017,10,6,279,40,hot_dry
2017-10-07,0.3032258064516129,50.55,32.71,16.0,0,2017,10,7,280,40,hot_dry
2017-10-08,0.3032258064516129,50.55,32.71,16.0,0,2017,10,8,281,40,hot_dry
2017-10-09,0.3032258064516129,50.55,32.71,16.0,0,2017,10,9,282,41,hot_dry
2017-10-10,0.3032258064516129,50.55,32.71,16.0,0,2017,10,10,283,41,hot_dry
2017-10-11,0.3032258064516129,50.55,32.71,16.0,0,2017,10,11,284,41,hot_dry
2017-10-12,0.3032258064516129,50.55,32.71,16.0,0,2017,10,12,285,41,hot_dry
2017-10-13,0.3032258064516129,50.55,32.71,16.0,0,2017,10,13,286,41,hot_dry
2017-10-14,0.3032258064516129,50.55,32.71,16.0,0,2017,10,14,287,41,hot_dry
2017-10-15,0.3032258064516129,50.55,32.71,16.0,0,2017,10,15,288,41,hot_dry
2017-10-16,0.3032258064516129,50.55,32.71,16.0,0,2017,10,16,289,42,hot_dry
2017-10-17,0.3032258064516129,50.55,32.71,16.0,0,2017,10,17,290,42,hot_dry
2017-10-18,0.3032258064516129,50.55,32.71,16.0,0,2017,10,18,291,42,hot_dry
2017-10-19,0.3032258064516129,50.55,32.71,16.0,0,2017,10,19,292,42,hot_dry
2017-10-20,0.3032258064516129,50.55,32.71,16.0,0,2017,10,20,293,42,hot_dry
2017-10-21,0.3032258064516129,50.55,32.71,16.0,0,2017,10,21,294,42,hot_dry
2017-10-22,0.3032258064516129,50.55,32.71,16.0,0,2017,10,22,295,42,hot_dry
2017-10-23,0.3032258064516129,50.55,32.71,16.0,0,2017,10,23,296,43,hot_dry
2017-10-24,0.3032258064516129,50.55,32.71,16.0,0,2017,10,24,297,43,hot_dry
2017-10-25,0.3032258064516129,50.55,32.71,16.0,0,2017,10,25,298,43,hot_dry
2017-10-26,0.3032258064516129,50.55,32.71,16.0,0,2017,10,26,299,43,hot_dry
2017-10-27,0.3032258064516129,50.55,32.71,16.0,0,2017,10,27,300,43,hot_dry
2017-10-28,0.3032258064516129,50.55,32.71,16.0,0,2017,10,28,301,43,hot_dry
2017-10-29,0.3032258064516129,50.55,32.71,16.0,0,2017,10,29,302,43,hot_dry
2017-10-30,0.3032258064516129,50.55,32.71,16.0,0,2017,10,30,303,44,hot_dry
2017-10-31,0.3032258064516129,50.55,32.71,16.0,0,2017,10,31,304,44,hot_dry
2017-11-01,2.6533333333333333,58.865454545454554,29.6,17.37,1,2017,11,1,305,44,hot_rainy
2017-11-02,2.6533333333333333,58.865454545454554,29.6,17.37,1,2017,11,2,306,44,hot_rainy
2017-11-03,2.6533333333333333,58.865454545454554,29.6,17.37,1,2017,11,3,307,44,hot_rainy
2017-11-04,2.6533333333333333,58.865454545454554,29.6,17.37,1,2017,11,4,308,44,hot_rainy
2017-11-05,2.6533333333333333,58.865454545454554,29.6,17.37,1,2017,11,5,309,44,hot_rainy
2017-11-06,2.6533333333333333,58.865454545454554,29.6,17.37,1,2017,11,6,310,45,hot_rainy
2017-11-07,2.6533333333333333,58.865454545454554,29.6,17.37,1,2017,11,7,311,45,hot_rainy
2017-11-08,2.6533333333333333,58.865454545454554,29.6,17.37,1,2017,11,8,312,45,hot_rainy
2017-11-09,2.6533333333333333,58.865454545454554,29.6,17.37,1,2017,11,9,313,45,hot_rainy
2017-11-10,2.6533333333333333,58.865454545454554,29.6,17.37,1,2017,11,10,314,45,hot_rainy
2017-11-11,2.6533333333333333,58.865454545454554,29.6,17.37,1,2017,11,11,315,45,hot_rainy
2017-11-12,2.6533333333333333,58.865454545454554,29.6,17.37,1,2017,11,12,316,45,hot_rainy
2017-11-13,2.6533333333333333,58.865454545454554,29.6,17.37,1,2017,11,13,317,46,hot_rainy
2017-11-14,2.6533333333333333,58.865454545454554,29.6,17.37,1,2017,11,14,318,46,hot_rainy
2017-11-15,2.6533333333333333,58.865454545454554,29.6,17.37,1,2017,11,15,319,46,hot_rainy
2017-11-16,2.6533333333333333,58.865454545454554,29.6,17.37,1,2017,11,16,320,46,hot_rainy
2017-11-17,2.6533333333333333,58.865454545454554,29.6,17.37,1,2017,11,17,321,46,hot_rainy
2017-11-18,2.6533333333333333,58.865454545454554,29.6,17.37,1,2017,11,18,322,46,hot_rainy
2017-11-19,2.6533333333333333,58.865454545454554,29.6,17.37,1,2017,11,19,323,46,hot_rainy
2017-11-20,2.6533333333333333,58.865454545454554,29.6,17.37,1,2017,11,20,324,47,hot_rainy
2017-11-21,2.6533333333333333,58.865454545454554,29.6,17.37,1,2017,11,21,325,47,hot_rainy
2017-11-22,2.6533333333333333,58.865454545454554,29.6,17.37,1,2017,11,22,326,47,hot_rainy
2017-11-23,2.6533333333333333,58.865454545454554,29.6,17.37,1,2017,11,23,327,47,hot_rainy
2017-11-24,2.6533333333333333,58.865454545454554,29.6,17.37,1,2017,11,24,328,47,hot_rainy
2017-11-25,2.6533333333333333,58.865454545454554,29.6,17.37,1,2017,11,25,329,47,hot_rainy
2017-11-26,2.6533333333333333,58.865454545454554,29.6,17.37,1,2017,11,26,330,47,hot_rainy
2017-11-27,2.6533333333333333,58.865454545454554,29.6,17.37,1,2017,11,27,331,48,hot_rainy
2017-11-28,2.6533333333333333,58.865454545454554,29.6,17.37,1,2017,11,28,332,48,hot_rainy
2017-11-29,2.6533333333333333,58.865454545454554,29.6,17.37,1,2017,11,29,333,48,hot_rainy
2017-11-30,2.6533333333333333,58.865454545454554,29.6,17.37,1,2017,11,30,334,48,hot_rainy
2017-12-01,6.480645161290322,76.85,28.56,17.65,1,2017,12,1,335,48,hot_rainy
2017-12-02,6.480645161290322,76.85,28.56,17.65,1,2017,12,2,336,48,hot_rainy
2017-12-03,6.480645161290322,76.85,28.56,17.65,1,2017,12,3,337,48,hot_rainy
2017-12-04,6.480645161290322,76.85,28.56,17.65,1,2017,12,4,338,49,hot_rainy
2017-12-05,6.480645161290322,76.85,28.56,17.65,1,2017,12,5,339,49,hot_rainy
2017-12-06,6.480645161290322,76.85,28.56,17.65,1,2017,12,6,340,49,hot_rainy
2017-12-07,6.480645161290322,76.85,28.56,17.65,1,2017,12,7,341,49,hot_rainy
2017-12-08,6.480645161290322,76.85,28.56,17.65,1,2017,12,8,342,49,hot_rainy
2017-12-09,6.480645161290322,76.85,28.56,17.65,1,2017,12,9,343,49,hot_rainy
2017-12-10,6.480645161290322,76.85,28.56,17.65,1,2017,12,10,344,49,hot_rainy
2017-12-11,6.480645161290322,76.85,28.56,17.65,1,2017,12,11,345,50,hot_rainy
2017-12-12,6.480645161290322,76.85,28.56,17.65,1,2017,12,12,346,50,hot_rainy
2017-12-13,6.480645161290322,76.85,28.56,17.65,1,2017,12,13,347,50,hot_rainy
2017-12-14,6.480645161290322,76.85,28.56,17.65,1,2017,12,14,348,50,hot_rainy
2017-12-15,6.480645161290322,76.85,28.56,17.65,1,2017,12,15,349,50,hot_rainy
2017-12-16,6.480645161290322,76.85,28.56,17.65,1,2017,12,16,350,50,hot_rainy
2017-12-17,6.480645161290322,76.85,28.56,17.65,1,2017,12,17,351,50,hot_rainy
2017-12-18,6.480645161290322,76.85,28.56,17.65,1,2017,12,18,352,51,hot_rainy
2017-12-19,6.480645161290322,76.85,28.56,17.65,1,2017,12,19,353,51,hot_rainy
2017-12-20,6.480645161290322,76.85,28.56,17.65,1,2017,12,20,354,51,hot_rainy
2017-12-21,6.480645161290322,76.85,28.56,17.65,1,2017,12,21,355,51,hot_rainy
2017-12-22,6.480645161290322,76.85,28.56,17.65,1,2017,12,22,356,51,hot_rainy
2017-12-23,6.480645161290322,76.85,28.56,17.65,1,2017,12,23,357,51,hot_rainy
2017-12-24,6.480645161290322,76.85,28.56,17.65,1,2017,12,24,358,51,hot_rainy
2017-12-25,6.480645161290322,76.85,28.56,17.65,1,2017,12,25,359,52,hot_rainy
2017-12-26,6.480645161290322,76.85,28.56,17.65,1,2017,12,26,360,52,hot_rainy
2017-12-27,6.480645161290322,76.85,28.56,17.65,1,2017,12,27,361,52,hot_rainy
2017-12-28,6.480645161290322,76.85,28.56,17.65,1,2017,12,28,362,52,hot_rainy
2017-12-29,6.480645161290322,76.85,28.56,17.65,1,2017,12,29,363,52,hot_rainy
2017-12-30,6.480645161290322,76.85,28.56,17.65,1,2017,12,30,364,52,hot_rainy
2017-12-31,6.480645161290322,76.85,28.56,17.65,1,2017,12,31,365,52,hot_rainy
2018-01-01,0.9548387096774194,68.54,30.05,16.58,0,2018,1,1,1,1,hot_rainy
2018-01-02,0.9548387096774194,68.54,30.05,16.58,0,2018,1,2,2,1,hot_rainy
2018-01-03,0.9548387096774194,68.54,30.05,16.58,0,2018,1,3,3,1,hot_rainy
2018-01-04,0.9548387096774194,68.54,30.05,16.58,0,2018,1,4,4,1,hot_rainy
2018-01-05,0.9548387096774194,68.54,30.05,16.58,0,2018,1,5,5,1,hot_rainy
2018-01-06,0.9548387096774194,68.54,30.05,16.58,0,2018,1,6,6,1,hot_rainy
2018-01-07,0.9548387096774194,68.54,30.05,16.58,0,2018,1,7,7,1,hot_rainy
2018-01-08,0.9548387096774194,68.54,30.05,16.58,0,2018,1,8,8,2,hot_rainy
2018-01-09,0.9548387096774194,68.54,30.05,16.58,0,2018,1,9,9,2,hot_rainy
2018-01-10,0.9548387096774194,68.54,30.05,16.58,0,2018,1,10,10,2,hot_rainy
2018-01-11,0.9548387096774194,68.54,30.05,16.58,0,2018,1,11,11,2,hot_rainy
2018-01-12,0.9548387096774194,68.54,30.05,16.58,0,2018,1,12,12,2,hot_rainy
2018-01-13,0.9548387096774194,68.54,30.05,16.58,0,2018,1,13,13,2,hot_rainy
2018-01-14,0.9548387096774194,68.54,30.05,16.58,0,2018,1,14,14,2,hot_rainy
2018-01-15,0.9548387096774194,68.54,30.05,16.58,0,2018,1,15,15,3,hot_rainy
2018-01-16,0.9548387096774194,68.54,30.05,16.58,0,2018,1,16,16,3,hot_rainy
2018-01-17,0.9548387096774194,68.54,30.05,16.58,0,2018,1,17,17,3,hot_rainy
2018-01-18,0.9548387096774194,68.54,30.05,16.58,0,2018,1,18,18,3,hot_rainy
2018-01-19,0.9548387096774194,68.54,30.05,16.58,0,2018,1,19,19,3,hot_rainy
2018-01-20,0.9548387096774194,68.54,30.05,16.58,0,2018,1,20,20,3,hot_rainy
2018-01-21,0.9548387096774194,68.54,30.05,16.58,0,2018,1,21,21,3,hot_rainy
2018-01-22,0.9548387096774194,68.54,30.05,16.58,0,2018,1,22,22,4,hot_rainy
2018-01-23,0.9548387096774194,68.54,30.05,16.58,0,2018,1,23,23,4,hot_rainy
2018-01-24,0.9548387096774194,68.54,30.05,16.58,0,2018,1,24,24,4,hot_rainy
2018-01-25,0.9548387096774194,68.54,30.05,16.58,0,2018,1,25,25,4,hot_rainy
2018-01-26,0.9548387096774194,68.54,30.05,16.58,0,2018,1,26,26,4,hot_rainy
2018-01-27,0.9548387096774194,68.54,30.05,16.58,0,2018,1,27,27,4,hot_rainy
2018-01-28,0.9548387096774194,68.54,30.05,16.58,0,2018,1,28,28,4,hot_rainy
2018-01-29,0.9548387096774194,68.54,30.05,16.58,0,2018,1,29,29,5,hot_rainy
2018-01-30,0.9548387096774194,68.54,30.05,16.58,0,2018,1,30,30,5,hot_rainy
2018-01-31,0.9548387096774194,68.54,30.05,16.58,0,2018,1,31,31,5,hot_rainy
2018-02-01,9.75,85.73,26.36,18.02,1,2018,2,1,32,5,hot_rainy
2018-02-02,9.75,85.73,26.36,18.02,1,2018,2,2,33,5,hot_rainy
2018-02-03,9.75,85.73,26.36,18.02,1,2018,2,3,34,5,hot_rainy
2018-02-04,9.75,85.73,26.36,18.02,1,2018,2,4,35,5,hot_rainy
2018-02-05,9.75,85.73,26.36,18.02,1,2018,2,5,36,6,hot_rainy
2018-02-06,9.75,85.73,26.36,18.02,1,2018,2,6,37,6,hot_rainy
2018-02-07,9.75,85.73,26.36,18.02,1,2018,2,7,38,6,hot_rainy
2018-02-08,9.75,85.73,26.36,18.02,1,2018,2,8,39,6,hot_rainy
2018-02-09,9.75,85.73,26.36,18.02,1,2018,2,9,40,6,hot_rainy
2018-02-10,9.75,85.73,26.36,18.02,1,2018,2,10,41,6,hot_rainy
2018-02-11,9.75,85.73,26.36,18.02,1,2018,2,11,42,6,hot_rainy
2018-02-12,9.75,85.73,26.36,18.02,1,2018,2,12,43,7,hot_rainy
2018-02-13,9.75,85.73,26.36,18.02,1,2018,2,13,44,7,hot_rainy
2018-02-14,9.75,85.73,26.36,18.02,1,2018,2,14,45,7,hot_rainy
2018-02-15,9.75,85.73,26.36,18.02,1,2018,2,15,46,7,hot_rainy
2018-02-16,9.75,85.73,26.36,18.02,1,2018,2,16,47,7,hot_rainy
2018-02-17,9.75,85.73,26.36,18.02,1,2018,2,17,48,7,hot_rainy
2018-02-18,9.75,85.73,26.36,18.02,1,2018,2,18,49,7,hot_rainy
2018-02-19,9.75,85.73,26.36,18.02,1,2018,2,19,50,8,hot_rainy
2018-02-20,9.75,85.73,26.36,18.02,1,2018,2,20,51,8,hot_rainy
2018-02-21,9.75,85.73,26.36,18.02,1,2018,2,21,52,8,hot_rainy
2018-02-22,9.75,85.73,26.36,18.02,1,2018,2,22,53,8,hot_rainy
2018-02-23,9.75,85.73,26.36,18.02,1,2018,2,23,54,8,hot_rainy
2018-02-24,9.75,85.73,26.36,18.02,1,2018,2,24,55,8,hot_rainy
2018-02-25,9.75,85.73,26.36,18.02,1,2018,2,25,56,8,hot_rainy
2018-02-26,9.75,85.73,26.36,18.02,1,2018,2,26,57,9,hot_rainy
2018-02-27,9.75,85.73,26.36,18.02,1,2018,2,27,58,9,hot_rainy
2018-02-28,9.75,85.73,26.36,18.02,1,2018,2,28,59,9,hot_rainy
2018-03-01,6.306451612903226,81.52,27.65,17.06,1,2018,3,1,60,9,hot_rainy
2018-03-02,6.306451612903226,81.52,27.65,17.06,1,2018,3,2,61,9,hot_rainy
2018-03-03,6.306451612903226,81.52,27.65,17.06,1,2018,3,3,62,9,hot_rainy
2018-03-04,6.306451612903226,81.52,27.65,17.06,1,2018,3,4,63,9,hot_rainy
2018-03-05,6.306451612903226,81.52,27.65,17.06,1,2018,3,5,64,10,hot_rainy
2018-03-06,6.306451612903226,81.52,27.65,17.06,1,2018,3,6,65,10,hot_rainy
2018-03-07,6.306451612903226,81.52,27.65,17.06,1,2018,3,7,66,10,hot_rainy
2018-03-08,6.306451612903226,81.52,27.65,17.06,1,2018,3,8,67,10,hot_rainy
2018-03-09,6.306451612903226,81.52,27.65,17.06,1,2018,3,9,68,10,hot_rainy
2018-03-10,6.306451612903226,81.52,27.65,17.06,1,2018,3,10,69,10,hot_rainy
2018-03-11,6.306451612903226,81.52,27.65,17.06,1,2018,3,11,70,10,hot_rainy
2018-03-12,6.306451612903226,81.52,27.65,17.06,1,2018,3,12,71,11,hot_rainy
2018-03-13,6.306451612903226,81.52,27.65,17.06,1,2018,3,13,72,11,hot_rainy
2018-03-14,6.306451612903226,81.52,27.65,17.06,1,2018,3,14,73,11,hot_rainy
2018-03-15,6.306451612903226,81.52,27.65,17.06,1,2018,3,15,74,11,hot_rainy
2018-03-16,6.306451612903226,81.52,27.65,17.06,1,2018,3,16,75,11,hot_rainy
2018-03-17,6.306451612903226,81.52,27.65,17.06,1,2018,3,17,76,11,hot_rainy
2018-03-18,6.306451612903226,81.52,27.65,17.06,1,2018,3,18,77,11,hot_rainy
2018-03-19,6.306451612903226,81.52,27.65,17.06,1,2018,3,19,78,12,hot_rainy
2018-03-20,6.306451612903226,81.52,27.65,17.06,1,2018,3,20,79,12,hot_rainy
2018-03-21,6.306451612903226,81.52,27.65,17.06,1,2018,3,21,80,12,hot_rainy
2018-03-22,6.306451612903226,81.52,27.65,17.06,1,2018,3,22,81,12,hot_rainy
2018-03-23,6.306451612903226,81.52,27.65,17.06,1,2018,3,23,82,12,hot_rainy
2018-03-24,6.306451612903226,81.52,27.65,17.06,1,2018,3,24,83,12,hot_rainy
2018-03-25,6.306451612903226,81.52,27.65,17.06,1,2018,3,25,84,12,hot_rainy
2018-03-26,6.306451612903226,81.52,27.65,17.06,1,2018,3,26,85,13,hot_rainy
2018-03-27,6.306451612903226,81.52,27.65,17.06,1,2018,3,27,86,13,hot_rainy
2018-03-28,6.306451612903226,81.52,27.65,17.06,1,2018,3,28,87,13,hot_rainy
2018-03-29,6.306451612903226,81.52,27.65,17.06,1,2018,3,29,88,13,hot_rainy
2018-03-30,6.306451612903226,81.52,27.65,17.06,1,2018,3,30,89,13,hot_rainy
2018-03-31,6.306451612903226,81.52,27.65,17.06,1,2018,3,31,90,13,hot_rainy
2018-04-01,1.96,76.27,26.03,14.17,1,2018,4,1,91,13,hot_rainy
2018-04-02,1.96,76.27,26.03,14.17,1,2018,4,2,92,14,hot_rainy
2018-04-03,1.96,76.27,26.03,14.17,1,2018,4,3,93,14,hot_rainy
2018-04-04,1.96,76.27,26.03,14.17,1,2018,4,4,94,14,hot_rainy
2018-04-05,1.96,76.27,26.03,14.17,1,2018,4,5,95,14,hot_rainy
2018-04-06,1.96,76.27,26.03,14.17,1,2018,4,6,96,14,hot_rainy
2018-04-07,1.96,76.27,26.03,14.17,1,2018,4,7,97,14,hot_rainy
2018-04-08,1.96,76.27,26.03,14.17,1,2018,4,8,98,14,hot_rainy
2018-04-09,1.96,76.27,26.03,14.17,1,2018,4,9,99,15,hot_rainy
2018-04-10,1.96,76.27,26.03,14.17,1,2018,4,10,100,15,hot_rainy
2018-04-11,1.96,76.27,26.03,14.17,1,2018,4,11,101,15,hot_rainy
2018-04-12,1.96,76.27,26.03,14.17,1,2018,4,12,102,15,hot_rainy
2018-04-13,1.96,76.27,26.03,14.17,1,2018,4,13,103,15,hot_rainy
2018-04-14,1.96,76.27,26.03,14.17,1,2018,4,14,104,15,hot_rainy
2018-04-15,1.96,76.27,26.03,14.17,1,2018,4,15,105,15,hot_rainy
2018-04-16,1.96,76.27,26.03,14.17,1,2018,4,16,106,16,hot_rainy
2018-04-17,1.96,76.27,26.03,14.17,1,2018,4,17,107,16,hot_rainy
2018-04-18,1.96,76.27,26.03,14.17,1,2018,4,18,108,16,hot_rainy
2018-04-19,1.96,76.27,26.03,14.17,1,2018,4,19,109,16,hot_rainy
2018-04-20,1.96,76.27,26.03,14.17,1,2018,4,20,110,16,hot_rainy
2018-04-21,1.96,76.27,26.03,14.17,1,2018,4,21,111,16,hot_rainy
2018-04-22,1.96,76.27,26.03,14.17,1,2018,4,22,112,16,hot_rainy
2018-04-23,1.96,76.27,26.03,14.17,1,2018,4,23,113,17,hot_rainy
2018-04-24,1.96,76.27,26.03,14.17,1,2018,4,24,114,17,hot_rainy
2018-04-25,1.96,76.27,26.03,14.17,1,2018,4,25,115,17,hot_rainy
2018-04-26,1.96,76.27,26.03,14.17,1,2018,4,26,116,17,hot_rainy
2018-04-27,1.96,76.27,26.03,14.17,1,2018,4,27,117,17,hot_rainy
2018-04-28,1.96,76.27,26.03,14.17,1,2018,4,28,118,17,hot_rainy
2018-04-29,1.96,76.27,26.03,14.17,1,2018,4,29,119,17,hot_rainy
2018-04-30,1.96,76.27,26.03,14.17,1,2018,4,30,120,18,hot_rainy
2018-05-01,0.26129032258064516,71.47,25.95,11.3,0,2018,5,1,121,18,cool_dry
2018-05-02,0.26129032258064516,71.47,25.95,11.3,0,2018,5,2,122,18,cool_dry
2018-05-03,0.26129032258064516,71.47,25.95,11.3,0,2018,5,3,123,18,cool_dry
2018-05-04,0.26129032258064516,71.47,25.95,11.3,0,2018,5,4,124,18,cool_dry
2018-05-05,0.26129032258064516,71.47,25.95,11.3,0,2018,5,5,125,18,cool_dry
2018-05-06,0.26129032258064516,71.47,25.95,11.3,0,2018,5,6,126,18,cool_dry
2018-05-07,0.26129032258064516,71.47,25.95,11.3,0,2018,5,7,127,19,cool_dry
2018-05-08,0.26129032258064516,71.47,25.95,11.3,0,2018,5,8,128,19,cool_dry
2018-05-09,0.26129032258064516,71.47,25.95,11.3,0,2018,5,9,129,19,cool_dry
2018-05-10,0.26129032258064516,71.47,25.95,11.3,0,2018,5,10,130,19,cool_dry
2018-05-11,0.26129032258064516,71.47,25.95,11.3,0,2018,5,11,131,19,cool_dry
2018-05-12,0.26129032258064516,71.47,25.95,11.3,0,2018,5,12,132,19,cool_dry
2018-05-13,0.26129032258064516,71.47,25.95,11.3,0,2018,5,13,133,19,cool_dry
2018-05-14,0.26129032258064516,71.47,25.95,11.3,0,2018,5,14,134,20,cool_dry
2018-05-15,0.26129032258064516,71.47,25.95,11.3,0,2018,5,15,135,20,cool_dry
2018-05-16,0.26129032258064516,71.47,25.95,11.3,0,2018,5,16,136,20,cool_dry
2018-05-17,0.26129032258064516,71.47,25.95,11.3,0,2018,5,17,137,20,cool_dry
2018-05-18,0.26129032258064516,71.47,25.95,11.3,0,2018,5,18,138,20,cool_dry
2018-05-19,0.26129032258064516,71.47,25.95,11.3,0,2018,5,19,139,20,cool_dry
2018-05-20,0.26129032258064516,71.47,25.95,11.3,0,2018,5,20,140,20,cool_dry
2018-05-21,0.26129032258064516,71.47,25.95,11.3,0,2018,5,21,141,21,cool_dry
2018-05-22,0.26129032258064516,71.47,25.95,11.3,0,2018,5,22,142,21,cool_dry
2018-05-23,0.26129032258064516,71.47,25.95,11.3,0,2018,5,23,143,21,cool_dry
2018-05-24,0.26129032258064516,71.47,25.95,11.3,0,2018,5,24,144,21,cool_dry
2018-05-25,0.26129032258064516,71.47,25.95,11.3,0,2018,5,25,145,21,cool_dry
2018-05-26,0.26129032258064516,71.47,25.95,11.3,0,2018,5,26,146,21,cool_dry
2018-05-27,0.26129032258064516,71.47,25.95,11.3,0,2018,5,27,147,21,cool_dry
2018-05-28,0.26129032258064516,71.47,25.95,11.3,0,2018,5,28,148,22,cool_dry
2018-05-29,0.26129032258064516,71.47,25.95,11.3,0,2018,5,29,149,22,cool_dry
2018-05-30,0.26129032258064516,71.47,25.95,11.3,0,2018,5,30,150,22,cool_dry
2018-05-31,0.26129032258064516,71.47,25.95,11.3,0,2018,5,31,151,22,cool_dry
2018-06-01,0.0,60.27,23.72,5.63,0,2018,6,1,152,22,cool_dry
2018-06-02,0.0,60.27,23.72,5.63,0,2018,6,2,153,22,cool_dry
2018-06-03,0.0,60.27,23.72,5.63,0,2018,6,3,154,22,cool_dry
2018-06-04,0.0,60.27,23.72,5.63,0,2018,6,4,155,23,cool_dry
2018-06-05,0.0,60.27,23.72,5.63,0,2018,6,5,156,23,cool_dry
2018-06-06,0.0,60.27,23.72,5.63,0,2018,6,6,157,23,cool_dry
2018-06-07,0.0,60.27,23.72,5.63,0,2018,6,7,158,23,cool_dry
2018-06-08,0.0,60.27,23.72,5.63,0,2018,6,8,159,23,cool_dry
2018-06-09,0.0,60.27,23.72,5.63,0,2018,6,9,160,23,cool_dry
2018-06-10,0.0,60.27,23.72,5.63,0,2018,6,10,161,23,cool_dry
2018-06-11,0.0,60.27,23.72,5.63,0,2018,6,11,162,24,cool_dry
2018-06-12,0.0,60.27,23.72,5.63,0,2018,6,12,163,24,cool_dry
2018-06-13,0.0,60.27,23.72,5.63,0,2018,6,13,164,24,cool_dry
2018-06-14,0.0,60.27,23.72,5.63,0,2018,6,14,165,24,cool_dry
2018-06-15,0.0,60.27,23.72,5.63,0,2018,6,15,166,24,cool_dry
2018-06-16,0.0,60.27,23.72,5.63,0,2018,6,16,167,24,cool_dry
2018-06-17,0.0,60.27,23.72,5.63,0,2018,6,17,168,24,cool_dry
2018-06-18,0.0,60.27,23.72,5.63,0,2018,6,18,169,25,cool_dry
2018-06-19,0.0,60.27,23.72,5.63,0,2018,6,19,170,25,cool_dry
2018-06-20,0.0,60.27,23.72,5.63,0,2018,6,20,171,25,cool_dry
2018-06-21,0.0,60.27,23.72,5.63,0,2018,6,21,172,25,cool_dry
2018-06-22,0.0,60.27,23.72,5.63,0,2018,6,22,173,25,cool_dry
2018-06-23,0.0,60.27,23.72,5.63,0,2018,6,23,174,25,cool_dry
2018-06-24,0.0,60.27,23.72,5.63,0,2018,6,24,175,25,cool_dry
2018-06-25,0.0,60.27,23.72,5.63,0,2018,6,25,176,26,cool_dry
2018-06-26,0.0,60.27,23.72,5.63,0,2018,6,26,177,26,cool_dry
2018-06-27,0.0,60.27,23.72,5.63,0,2018,6,27,178,26,cool_dry
2018-06-28,0.0,60.27,23.72,5.63,0,2018,6,28,179,26,cool_dry
2018-06-29,0.0,60.27,23.72,5.63,0,2018,6,29,180,26,cool_dry
2018-06-30,0.0,60.27,23.72,5.63,0,2018,6,30,181,26,cool_dry
2018-07-01,0.03870967741935484,65.42,22.26,5.48,0,2018,7,1,182,26,cool_dry
2018-07-02,0.03870967741935484,65.42,22.26,5.48,0,2018,7,2,183,27,cool_dry
2018-07-03,0.03870967741935484,65.42,22.26,5.48,0,2018,7,3,184,27,cool_dry
2018-07-04,0.03870967741935484,65.42,22.26,5.48,0,2018,7,4,185,27,cool_dry
2018-07-05,0.03870967741935484,65.42,22.26,5.48,0,2018,7,5,186,27,cool_dry
2018-07-06,0.03870967741935484,65.42,22.26,5.48,0,2018,7,6,187,27,cool_dry
2018-07-07,0.03870967741935484,65.42,22.26,5.48,0,2018,7,7,188,27,cool_dry
2018-07-08,0.03870967741935484,65.42,22.26,5.48,0,2018,7,8,189,27,cool_dry
2018-07-09,0.03870967741935484,65.42,22.26,5.48,0,2018,7,9,190,28,cool_dry
2018-07-10,0.03870967741935484,65.42,22.26,5.48,0,2018,7,10,191,28,cool_dry
2018-07-11,0.03870967741935484,65.42,22.26,5.48,0,2018,7,11,192,28,cool_dry
2018-07-12,0.03870967741935484,65.42,22.26,5.48,0,2018,7,12,193,28,cool_dry
2018-07-13,0.03870967741935484,65.42,22.26,5.48,0,2018,7,13,194,28,cool_dry
2018-07-14,0.03870967741935484,65.42,22.26,5.48,0,2018,7,14,195,28,cool_dry
2018-07-15,0.03870967741935484,65.42,22.26,5.48,0,2018,7,15,196,28,cool_dry
2018-07-16,0.03870967741935484,65.42,22.26,5.48,0,2018,7,16,197,29,cool_dry
2018-07-17,0.03870967741935484,65.42,22.26,5.48,0,2018,7,17,198,29,cool_dry
2018-07-18,0.03870967741935484,65.42,22.26,5.48,0,2018,7,18,199,29,cool_dry
2018-07-19,0.03870967741935484,65.42,22.26,5.48,0,2018,7,19,200,29,cool_dry
2018-07-20,0.03870967741935484,65.42,22.26,5.48,0,2018,7,20,201,29,cool_dry
2018-07-21,0.03870967741935484,65.42,22.26,5.48,0,2018,7,21,202,29,cool_dry
2018-07-22,0.03870967741935484,65.42,22.26,5.48,0,2018,7,22,203,29,cool_dry
2018-07-23,0.03870967741935484,65.42,22.26,5.48,0,2018,7,23,204,30,cool_dry
2018-07-24,0.03870967741935484,65.42,22.26,5.48,0,2018,7,24,205,30,cool_dry
2018-07-25,0.03870967741935484,65.42,22.26,5.48,0,2018,7,25,206,30,cool_dry
2018-07-26,0.03870967741935484,65.42,22.26,5.48,0,2018,7,26,207,30,cool_dry
2018-07-27,0.03870967741935484,65.42,22.26,5.48,0,2018,7,27,208,30,cool_dry
2018-07-28,0.03870967741935484,65.42,22.26,5.48,0,2018,7,28,209,30,cool_dry
2018-07-29,0.03870967741935484,65.42,22.26,5.48,0,2018,7,29,210,30,cool_dry
2018-07-30,0.03870967741935484,65.42,22.26,5.48,0,2018,7,30,211,31,cool_dry
2018-07-31,0.03870967741935484,65.42,22.26,5.48,0,2018,7,31,212,31,cool_dry
2018-08-01,0.0,48.38,28.97,10.48,0,2018,8,1,213,31,cool_dry
2018-08-02,0.0,48.38,28.97,10.48,0,2018,8,2,214,31,cool_dry
2018-08-03,0.0,48.38,28.97,10.48,0,2018,8,3,215,31,cool_dry
2018-08-04,0.0,48.38,28.97,10.48,0,2018,8,4,216,31,cool_dry
2018-08-05,0.0,48.38,28.97,10.48,0,2018,8,5,217,31,cool_dry
2018-08-06,0.0,48.38,28.97,10.48,0,2018,8,6,218,32,cool_dry
2018-08-07,0.0,48.38,28.97,10.48,0,2018,8,7,219,32,cool_dry
2018-08-08,0.0,48.38,28.97,10.48,0,2018,8,8,220,32,cool_dry
2018-08-09,0.0,48.38,28.97,10.48,0,2018,8,9,221,32,cool_dry
2018-08-10,0.0,48.38,28.97,10.48,0,2018,8,10,222,32,cool_dry
2018-08-11,0.0,48.38,28.97,10.48,0,2018,8,11,223,32,cool_dry
2018-08-12,0.0,48.38,28.97,10.48,0,2018,8,12,224,32,cool_dry
2018-08-13,0.0,48.38,28.97,10.48,0,2018,8,13,225,33,cool_dry
2018-08-14,0.0,48.38,28.97,10.48,0,2018,8,14,226,33,cool_dry
2018-08-15,0.0,48.38,28.97,10.48,0,2018,8,15,227,33,cool_dry
2018-08-16,0.0,48.38,28.97,10.48,0,2018,8,16,228,33,cool_dry
2018-08-17,0.0,48.38,28.97,10.48,0,2018,8,17,229,33,cool_dry
2018-08-18,0.0,48.38,28.97,10.48,0,2018,8,18,230,33,cool_dry
2018-08-19,0.0,48.38,28.97,10.48,0,2018,8,19,231,33,cool_dry
2018-08-20,0.0,48.38,28.97,10.48,0,2018,8,20,232,34,cool_dry
2018-08-21,0.0,48.38,28.97,10.48,0,2018,8,21,233,34,cool_dry
2018-08-22,0.0,48.38,28.97,10.48,0,2018,8,22,234,34,cool_dry
2018-08-23,0.0,48.38,28.97,10.48,0,2018,8,23,235,34,cool_dry
2018-08-24,0.0,48.38,28.97,10.48,0,2018,8,24,236,34,cool_dry
2018-08-25,0.0,48.38,28.97,10.48,0,2018,8,25,237,34,cool_dry
2018-08-26,0.0,48.38,28.97,10.48,0,2018,8,26,238,34,cool_dry
2018-08-27,0.0,48.38,28.97,10.48,0,2018,8,27,239,35,cool_dry
2018-08-28,0.0,48.38,28.97,10.48,0,2018,8,28,240,35,cool_dry
2018-08-29,0.0,48.38,28.97,10.48,0,2018,8,29,241,35,cool_dry
2018-08-30,0.0,48.38,28.97,10.48,0,2018,8,30,242,35,cool_dry
2018-08-31,0.0,48.38,28.97,10.48,0,2018,8,31,243,35,cool_dry
2018-09-01,0.0,41.13,31.84,13.52,0,2018,9,1,244,35,hot_dry
2018-09-02,0.0,41.13,31.84,13.52,0,2018,9,2,245,35,hot_dry
2018-09-03,0.0,41.13,31.84,13.52,0,2018,9,3,246,36,hot_dry
2018-09-04,0.0,41.13,31.84,13.52,0,2018,9,4,247,36,hot_dry
2018-09-05,0.0,41.13,31.84,13.52,0,2018,9,5,248,36,hot_dry
2018-09-06,0.0,41.13,31.84,13.52,0,2018,9,6,249,36,hot_dry
2018-09-07,0.0,41.13,31.84,13.52,0,2018,9,7,250,36,hot_dry
2018-09-08,0.0,41.13,31.84,13.52,0,2018,9,8,251,36,hot_dry
2018-09-09,0.0,41.13,31.84,13.52,0,2018,9,9,252,36,hot_dry
2018-09-10,0.0,41.13,31.84,13.52,0,2018,9,10,253,37,hot_dry
2018-09-11,0.0,41.13,31.84,13.52,0,2018,9,11,254,37,hot_dry
2018-09-12,0.0,41.13,31.84,13.52,0,2018,9,12,255,37,hot_dry
2018-09-13,0.0,41.13,31.84,13.52,0,2018,9,13,256,37,hot_dry
2018-09-14,0.0,41.13,31.84,13.52,0,2018,9,14,257,37,hot_dry
2018-09-15,0.0,41.13,31.84,13.52,0,2018,9,15,258,37,hot_dry
2018-09-16,0.0,41.13,31.84,13.52,0,2018,9,16,259,37,hot_dry
2018-09-17,0.0,41.13,31.84,13.52,0,2018,9,17,260,38,hot_dry
2018-09-18,0.0,41.13,31.84,13.52,0,2018,9,18,261,38,hot_dry
2018-09-19,0.0,41.13,31.84,13.52,0,2018,9,19,262,38,hot_dry
2018-09-20,0.0,41.13,31.84,13.52,0,2018,9,20,263,38,hot_dry
2018-09-21,0.0,41.13,31.84,13.52,0,2018,9,21,264,38,hot_dry
2018-09-22,0.0,41.13,31.84,13.52,0,2018,9,22,265,38,hot_dry
2018-09-23,0.0,41.13,31.84,13.52,0,2018,9,23,266,38,hot_dry
2018-09-24,0.0,41.13,31.84,13.52,0,2018,9,24,267,39,hot_dry
2018-09-25,0.0,41.13,31.84,13.52,0,2018,9,25,268,39,hot_dry
2018-09-26,0.0,41.13,31.84,13.52,0,2018,9,26,269,39,hot_dry
2018-09-27,0.0,41.13,31.84,13.52,0,2018,9,27,270,39,hot_dry
2018-09-28,0.0,41.13,31.84,13.52,0,2018,9,28,271,39,hot_dry
2018-09-29,0.0,41.13,31.84,13.52,0,2018,9,29,272,39,hot_dry
2018-09-30,0.0,41.13,31.84,13.52,0,2018,9,30,273,39,hot_dry
2018-10-01,0.0,45.38,30.94,14.68,0,2018,10,1,274,40,hot_dry
2018-10-02,0.0,45.38,30.94,14.68,0,2018,10,2,275,40,hot_dry
2018-10-03,0.0,45.38,30.94,14.68,0,2018,10,3,276,40,hot_dry
2018-10-04,0.0,45.38,30.94,14.68,0,2018,10,4,277,40,hot_dry
2018-10-05,0.0,45.38,30.94,14.68,0,2018,10,5,278,40,hot_dry
2018-10-06,0.0,45.38,30.94,14.68,0,2018,10,6,279,40,hot_dry
2018-10-07,0.0,45.38,30.94,14.68,0,2018,10,7,280,40,hot_dry
2018-10-08,0.0,45.38,30.94,14.68,0,2018,10,8,281,41,hot_dry
2018-10-09,0.0,45.38,30.94,14.68,0,2018,10,9,282,41,hot_dry
2018-10-10,0.0,45.38,30.94,14.68,0,2018,10,10,283,41,hot_dry
2018-10-11,0.0,45.38,30.94,14.68,0,2018,10,11,284,41,hot_dry
2018-10-12,0.0,45.38,30.94,14.68,0,2018,10,12,285,41,hot_dry
2018-10-13,0.0,45.38,30.94,14.68,0,2018,10,13,286,41,hot_dry
2018-10-14,0.0,45.38,30.94,14.68,0,2018,10,14,287,41,hot_dry
2018-10-15,0.0,45.38,30.94,14.68,0,2018,10,15,288,42,hot_dry
2018-10-16,0.0,45.38,30.94,14.68,0,2018,10,16,289,42,hot_dry
2018-10-17,0.0,45.38,30.94,14.68,0,2018,10,17,290,42,hot_dry
2018-10-18,0.0,45.38,30.94,14.68,0,2018,10,18,291,42,hot_dry
2018-10-19,0.0,45.38,30.94,14.68,0,2018,10,19,292,42,hot_dry
2018-10-20,0.0,45.38,30.94,14.68,0,2018,10,20,293,42,hot_dry
2018-10-21,0.0,45.38,30.94,14.68,0,2018,10,21,294,42,hot_dry
2018-10-22,0.0,45.38,30.94,14.68,0,2018,10,22,295,43,hot_dry
2018-10-23,0.0,45.38,30.94,14.68,0,2018,10,23,296,43,hot_dry
2018-10-24,0.0,45.38,30.94,14.68,0,2018,10,24,297,43,hot_dry
2018-10-25,0.0,45.38,30.94,14.68,0,2018,10,25,298,43,hot_dry
2018-10-26,0.0,45.38,30.94,14.68,0,2018,10,26,299,43,hot_dry
2018-10-27,0.0,45.38,30.94,14.68,0,2018,10,27,300,43,hot_dry
2018-10-28,0.0,45.38,30.94,14.68,0,2018,10,28,301,43,hot_dry
2018-10-29,0.0,45.38,30.94,14.68,0,2018,10,29,302,44,hot_dry
2018-10-30,0.0,45.38,30.94,14.68,0,2018,10,30,303,44,hot_dry
2018-10-31,0.0,45.38,30.94,14.68,0,2018,10,31,304,44,hot_dry
2018-11-01,0.0,55.31,31.96,17.37,0,2018,11,1,305,44,hot_rainy
2018-11-02,0.0,55.31,31.96,17.37,0,2018,11,2,306,44,hot_rainy
2018-11-03,0.0,55.31,31.96,17.37,0,2018,11,3,307,44,hot_rainy
2018-11-04,0.0,55.31,31.96,17.37,0,2018,11,4,308,44,hot_rainy
2018-11-05,0.0,55.31,31.96,17.37,0,2018,11,5,309,45,hot_rainy
2018-11-06,0.0,55.31,31.96,17.37,0,2018,11,6,310,45,hot_rainy
2018-11-07,0.0,55.31,31.96,17.37,0,2018,11,7,311,45,hot_rainy
2018-11-08,0.0,55.31,31.96,17.37,0,2018,11,8,312,45,hot_rainy
2018-11-09,0.0,55.31,31.96,17.37,0,2018,11,9,313,45,hot_rainy
2018-11-10,0.0,55.31,31.96,17.37,0,2018,11,10,314,45,hot_rainy
2018-11-11,0.0,55.31,31.96,17.37,0,2018,11,11,315,45,hot_rainy
2018-11-12,0.0,55.31,31.96,17.37,0,2018,11,12,316,46,hot_rainy
2018-11-13,0.0,55.31,31.96,17.37,0,2018,11,13,317,46,hot_rainy
2018-11-14,0.0,55.31,31.96,17.37,0,2018,11,14,318,46,hot_rainy
2018-11-15,0.0,55.31,31.96,17.37,0,2018,11,15,319,46,hot_rainy
2018-11-16,0.0,55.31,31.96,17.37,0,2018,11,16,320,46,hot_rainy
2018-11-17,0.0,55.31,31.96,17.37,0,2018,11,17,321,46,hot_rainy
2018-11-18,0.0,55.31,31.96,17.37,0,2018,11,18,322,46,hot_rainy
2018-11-19,0.0,55.31,31.96,17.37,0,2018,11,19,323,47,hot_rainy
2018-11-20,0.0,55.31,31.96,17.37,0,2018,11,20,324,47,hot_rainy
2018-11-21,0.0,55.31,31.96,17.37,0,2018,11,21,325,47,hot_rainy
2018-11-22,0.0,55.31,31.96,17.37,0,2018,11,22,326,47,hot_rainy
2018-11-23,0.0,55.31,31.96,17.37,0,2018,11,23,327,47,hot_rainy
2018-11-24,0.0,55.31,31.96,17.37,0,2018,11,24,328,47,hot_rainy
2018-11-25,0.0,55.31,31.96,17.37,0,2018,11,25,329,47,hot_rainy
2018-11-26,0.0,55.31,31.96,17.37,0,2018,11,26,330,48,hot_rainy
2018-11-27,0.0,55.31,31.96,17.37,0,2018,11,27,331,48,hot_rainy
2018-11-28,0.0,55.31,31.96,17.37,0,2018,11,28,332,48,hot_rainy
2018-11-29,0.0,55.31,31.96,17.37,0,2018,11,29,333,48,hot_rainy
2018-11-30,0.0,55.31,31.96,17.37,0,2018,11,30,334,48,hot_rainy
2018-12-01,1.7064516129032257,70.38,30.22,17.99,1,2018,12,1,335,48,hot_rainy
2018-12-02,1.7064516129032257,70.38,30.22,17.99,1,2018,12,2,336,48,hot_rainy
2018-12-03,1.7064516129032257,70.38,30.22,17.99,1,2018,12,3,337,49,hot_rainy
2018-12-04,1.7064516129032257,70.38,30.22,17.99,1,2018,12,4,338,49,hot_rainy
2018-12-05,1.7064516129032257,70.38,30.22,17.99,1,2018,12,5,339,49,hot_rainy
2018-12-06,1.7064516129032257,70.38,30.22,17.99,1,2018,12,6,340,49,hot_rainy
2018-12-07,1.7064516129032257,70.38,30.22,17.99,1,2018,12,7,341,49,hot_rainy
2018-12-08,1.7064516129032257,70.38,30.22,17.99,1,2018,12,8,342,49,hot_rainy
2018-12-09,1.7064516129032257,70.38,30.22,17.99,1,2018,12,9,343,49,hot_rainy
2018-12-10,1.7064516129032257,70.38,30.22,17.99,1,2018,12,10,344,50,hot_rainy
2018-12-11,1.7064516129032257,70.38,30.22,17.99,1,2018,12,11,345,50,hot_rainy
2018-12-12,1.7064516129032257,70.38,30.22,17.99,1,2018,12,12,346,50,hot_rainy
2018-12-13,1.7064516129032257,70.38,30.22,17.99,1,2018,12,13,347,50,hot_rainy
2018-12-14,1.7064516129032257,70.38,30.22,17.99,1,2018,12,14,348,50,hot_rainy
2018-12-15,1.7064516129032257,70.38,30.22,17.99,1,2018,12,15,349,50,hot_rainy
2018-12-16,1.7064516129032257,70.38,30.22,17.99,1,2018,12,16,350,50,hot_rainy
2018-12-17,1.7064516129032257,70.38,30.22,17.99,1,2018,12,17,351,51,hot_rainy
2018-12-18,1.7064516129032257,70.38,30.22,17.99,1,2018,12,18,352,51,hot_rainy
2018-12-19,1.7064516129032257,70.38,30.22,17.99,1,2018,12,19,353,51,hot_rainy
2018-12-20,1.7064516129032257,70.38,30.22,17.99,1,2018,12,20,354,51,hot_rainy
2018-12-21,1.7064516129032257,70.38,30.22,17.99,1,2018,12,21,355,51,hot_rainy
2018-12-22,1.7064516129032257,70.38,30.22,17.99,1,2018,12,22,356,51,hot_rainy
2018-12-23,1.7064516129032257,70.38,30.22,17.99,1,2018,12,23,357,51,hot_rainy
2018-12-24,1.7064516129032257,70.38,30.22,17.99,1,2018,12,24,358,52,hot_rainy
2018-12-25,1.7064516129032257,70.38,30.22,17.99,1,2018,12,25,359,52,hot_rainy
2018-12-26,1.7064516129032257,70.38,30.22,17.99,1,2018,12,26,360,52,hot_rainy
2018-12-27,1.7064516129032257,70.38,30.22,17.99,1,2018,12,27,361,52,hot_rainy
2018-12-28,1.7064516129032257,70.38,30.22,17.99,1,2018,12,28,362,52,hot_rainy
2018-12-29,1.7064516129032257,70.38,30.22,17.99,1,2018,12,29,363,52,hot_rainy
2018-12-30,1.7064516129032257,70.38,30.22,17.99,1,2018,12,30,364,52,hot_rainy
2018-12-31,1.7064516129032257,70.38,30.22,17.99,1,2018,12,31,365,1,hot_rainy
2019-01-01,3.5999999999999996,80.93,28.13,17.81,1,2019,1,1,1,1,hot_rainy
2019-01-02,3.5999999999999996,80.93,28.13,17.81,1,2019,1,2,2,1,hot_rainy
2019-01-03,3.5999999999999996,80.93,28.13,17.81,1,2019,1,3,3,1,hot_rainy
2019-01-04,3.5999999999999996,80.93,28.13,17.81,1,2019,1,4,4,1,hot_rainy
2019-01-05,3.5999999999999996,80.93,28.13,17.81,1,2019,1,5,5,1,hot_rainy
2019-01-06,3.5999999999999996,80.93,28.13,17.81,1,2019,1,6,6,1,hot_rainy
2019-01-07,3.5999999999999996,80.93,28.13,17.81,1,2019,1,7,7,2,hot_rainy
2019-01-08,3.5999999999999996,80.93,28.13,17.81,1,2019,1,8,8,2,hot_rainy
2019-01-09,3.5999999999999996,80.93,28.13,17.81,1,2019,1,9,9,2,hot_rainy
2019-01-10,3.5999999999999996,80.93,28.13,17.81,1,2019,1,10,10,2,hot_rainy
2019-01-11,3.5999999999999996,80.93,28.13,17.81,1,2019,1,11,11,2,hot_rainy
2019-01-12,3.5999999999999996,80.93,28.13,17.81,1,2019,1,12,12,2,hot_rainy
2019-01-13,3.5999999999999996,80.93,28.13,17.81,1,2019,1,13,13,2,hot_rainy
2019-01-14,3.5999999999999996,80.93,28.13,17.81,1,2019,1,14,14,3,hot_rainy
2019-01-15,3.5999999999999996,80.93,28.13,17.81,1,2019,1,15,15,3,hot_rainy
2019-01-16,3.5999999999999996,80.93,28.13,17.81,1,2019,1,16,16,3,hot_rainy
2019-01-17,3.5999999999999996,80.93,28.13,17.81,1,2019,1,17,17,3,hot_rainy
2019-01-18,3.5999999999999996,80.93,28.13,17.81,1,2019,1,18,18,3,hot_rainy
2019-01-19,3.5999999999999996,80.93,28.13,17.81,1,2019,1,19,19,3,hot_rainy
2019-01-20,3.5999999999999996,80.93,28.13,17.81,1,2019,1,20,20,3,hot_rainy
2019-01-21,3.5999999999999996,80.93,28.13,17.81,1,2019,1,21,21,4,hot_rainy
2019-01-22,3.5999999999999996,80.93,28.13,17.81,1,2019,1,22,22,4,hot_rainy
2019-01-23,3.5999999999999996,80.93,28.13,17.81,1,2019,1,23,23,4,hot_rainy
2019-01-24,3.5999999999999996,80.93,28.13,17.81,1,2019,1,24,24,4,hot_rainy
2019-01-25,3.5999999999999996,80.93,28.13,17.81,1,2019,1,25,25,4,hot_rainy
2019-01-26,3.5999999999999996,80.93,28.13,17.81,1,2019,1,26,26,4,hot_rainy
2019-01-27,3.5999999999999996,80.93,28.13,17.81,1,2019,1,27,27,4,hot_rainy
2019-01-28,3.5999999999999996,80.93,28.13,17.81,1,2019,1,28,28,5,hot_rainy
2019-01-29,3.5999999999999996,80.93,28.13,17.81,1,2019,1,29,29,5,hot_rainy
2019-01-30,3.5999999999999996,80.93,28.13,17.81,1,2019,1,30,30,5,hot_rainy
2019-01-31,3.5999999999999996,80.93,28.13,17.81,1,2019,1,31,31,5,hot_rainy
2019-02-01,1.7357142857142858,74.46,29.06,17.13,1,2019,2,1,32,5,hot_rainy
2019-02-02,1.7357142857142858,74.46,29.06,17.13,1,2019,2,2,33,5,hot_rainy
2019-02-03,1.7357142857142858,74.46,29.06,17.13,1,2019,2,3,34,5,hot_rainy
2019-02-04,1.7357142857142858,74.46,29.06,17.13,1,2019,2,4,35,6,hot_rainy
2019-02-05,1.7357142857142858,74.46,29.06,17.13,1,2019,2,5,36,6,hot_rainy
2019-02-06,1.7357142857142858,74.46,29.06,17.13,1,2019,2,6,37,6,hot_rainy
2019-02-07,1.7357142857142858,74.46,29.06,17.13,1,2019,2,7,38,6,hot_rainy
2019-02-08,1.7357142857142858,74.46,29.06,17.13,1,2019,2,8,39,6,hot_rainy
2019-02-09,1.7357142857142858,74.46,29.06,17.13,1,2019,2,9,40,6,hot_rainy
2019-02-10,1.7357142857142858,74.46,29.06,17.13,1,2019,2,10,41,6,hot_rainy
2019-02-11,1.7357142857142858,74.46,29.06,17.13,1,2019,2,11,42,7,hot_rainy
2019-02-12,1.7357142857142858,74.46,29.06,17.13,1,2019,2,12,43,7,hot_rainy
2019-02-13,1.7357142857142858,74.46,29.06,17.13,1,2019,2,13,44,7,hot_rainy
2019-02-14,1.7357142857142858,74.46,29.06,17.13,1,2019,2,14,45,7,hot_rainy
2019-02-15,1.7357142857142858,74.46,29.06,17.13,1,2019,2,15,46,7,hot_rainy
2019-02-16,1.7357142857142858,74.46,29.06,17.13,1,2019,2,16,47,7,hot_rainy
2019-02-17,1.7357142857142858,74.46,29.06,17.13,1,2019,2,17,48,7,hot_rainy
2019-02-18,1.7357142857142858,74.46,29.06,17.13,1,2019,2,18,49,8,hot_rainy
2019-02-19,1.7357142857142858,74.46,29.06,17.13,1,2019,2,19,50,8,hot_rainy
2019-02-20,1.7357142857142858,74.46,29.06,17.13,1,2019,2,20,51,8,hot_rainy
2019-02-21,1.7357142857142858,74.46,29.06,17.13,1,2019,2,21,52,8,hot_rainy
2019-02-22,1.7357142857142858,74.46,29.06,17.13,1,2019,2,22,53,8,hot_rainy
2019-02-23,1.7357142857142858,74.46,29.06,17.13,1,2019,2,23,54,8,hot_rainy
2019-02-24,1.7357142857142858,74.46,29.06,17.13,1,2019,2,24,55,8,hot_rainy
2019-02-25,1.7357142857142858,74.46,29.06,17.13,1,2019,2,25,56,9,hot_rainy
2019-02-26,1.7357142857142858,74.46,29.06,17.13,1,2019,2,26,57,9,hot_rainy
2019-02-27,1.7357142857142858,74.46,29.06,17.13,1,2019,2,27,58,9,hot_rainy
2019-02-28,1.7357142857142858,74.46,29.06,17.13,1,2019,2,28,59,9,hot_rainy
2019-03-01,0.0,61.48,32.15,16.59,0,2019,3,1,60,9,hot_rainy
2019-03-02,0.0,61.48,32.15,16.59,0,2019,3,2,61,9,hot_rainy
2019-03-03,0.0,61.48,32.15,16.59,0,2019,3,3,62,9,hot_rainy
2019-03-04,0.0,61.48,32.15,16.59,0,2019,3,4,63,10,hot_rainy
2019-03-05,0.0,61.48,32.15,16.59,0,2019,3,5,64,10,hot_rainy
2019-03-06,0.0,61.48,32.15,16.59,0,2019,3,6,65,10,hot_rainy
2019-03-07,0.0,61.48,32.15,16.59,0,2019,3,7,66,10,hot_rainy
2019-03-08,0.0,61.48,32.15,16.59,0,2019,3,8,67,10,hot_rainy
2019-03-09,0.0,61.48,32.15,16.59,0,2019,3,9,68,10,hot_rainy
2019-03-10,0.0,61.48,32.15,16.59,0,2019,3,10,69,10,hot_rainy
2019-03-11,0.0,61.48,32.15,16.59,0,2019,3,11,70,11,hot_rainy
2019-03-12,0.0,61.48,32.15,16.59,0,2019,3,12,71,11,hot_rainy
2019-03-13,0.0,61.48,32.15,16.59,0,2019,3,13,72,11,hot_rainy
2019-03-14,0.0,61.48,32.15,16.59,0,2019,3,14,73,11,hot_rainy
2019-03-15,0.0,61.48,32.15,16.59,0,2019,3,15,74,11,hot_rainy
2019-03-16,0.0,61.48,32.15,16.59,0,2019,3,16,75,11,hot_rainy
2019-03-17,0.0,61.48,32.15,16.59,0,2019,3,17,76,11,hot_rainy
2019-03-18,0.0,61.48,32.15,16.59,0,2019,3,18,77,12,hot_rainy
2019-03-19,0.0,61.48,32.15,16.59,0,2019,3,19,78,12,hot_rainy
2019-03-20,0.0,61.48,32.15,16.59,0,2019,3,20,79,12,hot_rainy
2019-03-21,0.0,61.48,32.15,16.59,0,2019,3,21,80,12,hot_rainy
2019-03-22,0.0,61.48,32.15,16.59,0,2019,3,22,81,12,hot_rainy
2019-03-23,0.0,61.48,32.15,16.59,0,2019,3,23,82,12,hot_rainy
2019-03-24,0.0,61.48,32.15,16.59,0,2019,3,24,83,12,hot_rainy
2019-03-25,0.0,61.48,32.15,16.59,0,2019,3,25,84,13,hot_rainy
2019-03-26,0.0,61.48,32.15,16.59,0,2019,3,26,85,13,hot_rainy
2019-03-27,0.0,61.48,32.15,16.59,0,2019,3,27,86,13,hot_rainy
2019-03-28,0.0,61.48,32.15,16.59,0,2019,3,28,87,13,hot_rainy
2019-03-29,0.0,61.48,32.15,16.59,0,2019,3,29,88,13,hot_rainy
2019-03-30,0.0,61.48,32.15,16.59,0,2019,3,30,89,13,hot_rainy
2019-03-31,0.0,61.48,32.15,16.59,0,2019,3,31,90,13,hot_rainy
2019-04-01,1.0866666666666667,72.0,28.74,15.55,1,2019,4,1,91,14,hot_rainy
2019-04-02,1.0866666666666667,72.0,28.74,15.55,1,2019,4,2,92,14,hot_rainy
2019-04-03,1.0866666666666667,72.0,28.74,15.55,1,2019,4,3,93,14,hot_rainy
2019-04-04,1.0866666666666667,72.0,28.74,15.55,1,2019,4,4,94,14,hot_rainy
2019-04-05,1.0866666666666667,72.0,28.74,15.55,1,2019,4,5,95,14,hot_rainy
2019-04-06,1.0866666666666667,72.0,28.74,15.55,1,2019,4,6,96,14,hot_rainy
2019-04-07,1.0866666666666667,72.0,28.74,15.55,1,2019,4,7,97,14,hot_rainy
2019-04-08,1.0866666666666667,72.0,28.74,15.55,1,2019,4,8,98,15,hot_rainy
2019-04-09,1.0866666666666667,72.0,28.74,15.55,1,2019,4,9,99,15,hot_rainy
2019-04-10,1.0866666666666667,72.0,28.74,15.55,1,2019,4,10,100,15,hot_rainy
2019-04-11,1.0866666666666667,72.0,28.74,15.55,1,2019,4,11,101,15,hot_rainy
2019-04-12,1.0866666666666667,72.0,28.74,15.55,1,2019,4,12,102,15,hot_rainy
2019-04-13,1.0866666666666667,72.0,28.74,15.55,1,2019,4,13,103,15,hot_rainy
2019-04-14,1.0866666666666667,72.0,28.74,15.55,1,2019,4,14,104,15,hot_rainy
2019-04-15,1.0866666666666667,72.0,28.74,15.55,1,2019,4,15,105,16,hot_rainy
2019-04-16,1.0866666666666667,72.0,28.74,15.55,1,2019,4,16,106,16,hot_rainy
2019-04-17,1.0866666666666667,72.0,28.74,15.55,1,2019,4,17,107,16,hot_rainy
2019-04-18,1.0866666666666667,72.0,28.74,15.55,1,2019,4,18,108,16,hot_rainy
2019-04-19,1.0866666666666667,72.0,28.74,15.55,1,2019,4,19,109,16,hot_rainy
2019-04-20,1.0866666666666667,72.0,28.74,15.55,1,2019,4,20,110,16,hot_rainy
2019-04-21,1.0866666666666667,72.0,28.74,15.55,1,2019,4,21,111,16,hot_rainy
2019-04-22,1.0866666666666667,72.0,28.74,15.55,1,2019,4,22,112,17,hot_rainy
2019-04-23,1.0866666666666667,72.0,28.74,15.55,1,2019,4,23,113,17,hot_rainy
2019-04-24,1.0866666666666667,72.0,28.74,15.55,1,2019,4,24,114,17,hot_rainy
2019-04-25,1.0866666666666667,72.0,28.74,15.55,1,2019,4,25,115,17,hot_rainy
2019-04-26,1.0866666666666667,72.0,28.74,15.55,1,2019,4,26,116,17,hot_rainy
2019-04-27,1.0866666666666667,72.0,28.74,15.55,1,2019,4,27,117,17,hot_rainy
2019-04-28,1.0866666666666667,72.0,28.74,15.55,1,2019,4,28,118,17,hot_rainy
2019-04-29,1.0866666666666667,72.0,28.74,15.55,1,2019,4,29,119,18,hot_rainy
2019-04-30,1.0866666666666667,72.0,28.74,15.55,1,2019,4,30,120,18,hot_rainy
2019-05-01,0.0,61.23,26.71,10.14,0,2019,5,1,121,18,cool_dry
2019-05-02,0.0,61.23,26.71,10.14,0,2019,5,2,122,18,cool_dry
2019-05-03,0.0,61.23,26.71,10.14,0,2019,5,3,123,18,cool_dry
2019-05-04,0.0,61.23,26.71,10.14,0,2019,5,4,124,18,cool_dry
2019-05-05,0.0,61.23,26.71,10.14,0,2019,5,5,125,18,cool_dry
2019-05-06,0.0,61.23,26.71,10.14,0,2019,5,6,126,19,cool_dry
2019-05-07,0.0,61.23,26.71,10.14,0,2019,5,7,127,19,cool_dry
2019-05-08,0.0,61.23,26.71,10.14,0,2019,5,8,128,19,cool_dry
2019-05-09,0.0,61.23,26.71,10.14,0,2019,5,9,129,19,cool_dry
2019-05-10,0.0,61.23,26.71,10.14,0,2019,5,10,130,19,cool_dry
2019-05-11,0.0,61.23,26.71,10.14,0,2019,5,11,131,19,cool_dry
2019-05-12,0.0,61.23,26.71,10.14,0,2019,5,12,132,19,cool_dry
2019-05-13,0.0,61.23,26.71,10.14,0,2019,5,13,133,20,cool_dry
2019-05-14,0.0,61.23,26.71,10.14,0,2019,5,14,134,20,cool_dry
2019-05-15,0.0,61.23,26.71,10.14,0,2019,5,15,135,20,cool_dry
2019-05-16,0.0,61.23,26.71,10.14,0,2019,5,16,136,20,cool_dry
2019-05-17,0.0,61.23,26.71,10.14,0,2019,5,17,137,20,cool_dry
2019-05-18,0.0,61.23,26.71,10.14,0,2019,5,18,138,20,cool_dry
2019-05-19,0.0,61.23,26.71,10.14,0,2019,5,19,139,20,cool_dry
2019-05-20,0.0,61.23,26.71,10.14,0,2019,5,20,140,21,cool_dry
2019-05-21,0.0,61.23,26.71,10.14,0,2019,5,21,141,21,cool_dry
2019-05-22,0.0,61.23,26.71,10.14,0,2019,5,22,142,21,cool_dry
2019-05-23,0.0,61.23,26.71,10.14,0,2019,5,23,143,21,cool_dry
2019-05-24,0.0,61.23,26.71,10.14,0,2019,5,24,144,21,cool_dry
2019-05-25,0.0,61.23,26.71,10.14,0,2019,5,25,145,21,cool_dry
2019-05-26,0.0,61.23,26.71,10.14,0,2019,5,26,146,21,cool_dry
2019-05-27,0.0,61.23,26.71,10.14,0,2019,5,27,147,22,cool_dry
2019-05-28,0.0,61.23,26.71,10.14,0,2019,5,28,148,22,cool_dry
2019-05-29,0.0,61.23,26.71,10.14,0,2019,5,29,149,22,cool_dry
2019-05-30,0.0,61.23,26.71,10.14,0,2019,5,30,150,22,cool_dry
2019-05-31,0.0,61.23,26.71,10.14,0,2019,5,31,151,22,cool_dry
2019-06-01,0.0,61.14,23.72,6.64,0,2019,6,1,152,22,cool_dry
2019-06-02,0.0,61.14,23.72,6.64,0,2019,6,2,153,22,cool_dry
2019-06-03,0.0,61.14,23.72,6.64,0,2019,6,3,154,23,cool_dry
2019-06-04,0.0,61.14,23.72,6.64,0,2019,6,4,155,23,cool_dry
2019-06-05,0.0,61.14,23.72,6.64,0,2019,6,5,156,23,cool_dry
2019-06-06,0.0,61.14,23.72,6.64,0,2019,6,6,157,23,cool_dry
2019-06-07,0.0,61.14,23.72,6.64,0,2019,6,7,158,23,cool_dry
2019-06-08,0.0,61.14,23.72,6.64,0,2019,6,8,159,23,cool_dry
2019-06-09,0.0,61.14,23.72,6.64,0,2019,6,9,160,23,cool_dry
2019-06-10,0.0,61.14,23.72,6.64,0,2019,6,10,161,24,cool_dry
2019-06-11,0.0,61.14,23.72,6.64,0,2019,6,11,162,24,cool_dry
2019-06-12,0.0,61.14,23.72,6.64,0,2019,6,12,163,24,cool_dry
2019-06-13,0.0,61.14,23.72,6.64,0,2019,6,13,164,24,cool_dry
2019-06-14,0.0,61.14,23.72,6.64,0,2019,6,14,165,24,cool_dry
2019-06-15,0.0,61.14,23.72,6.64,0,2019,6,15,166,24,cool_dry
2019-06-16,0.0,61.14,23.72,6.64,0,2019,6,16,167,24,cool_dry
2019-06-17,0.0,61.14,23.72,6.64,0,2019,6,17,168,25,cool_dry
2019-06-18,0.0,61.14,23.72,6.64,0,2019,6,18,169,25,cool_dry
2019-06-19,0.0,61.14,23.72,6.64,0,2019,6,19,170,25,cool_dry
2019-06-20,0.0,61.14,23.72,6.64,0,2019,6,20,171,25,cool_dry
2019-06-21,0.0,61.14,23.72,6.64,0,2019,6,21,172,25,cool_dry
2019-06-22,0.0,61.14,23.72,6.64,0,2019,6,22,173,25,cool_dry
2019-06-23,0.0,61.14,23.72,6.64,0,2019,6,23,174,25,cool_dry
2019-06-24,0.0,61.14,23.72,6.64,0,2019,6,24,175,26,cool_dry
2019-06-25,0.0,61.14,23.72,6.64,0,2019,6,25,176,26,cool_dry
2019-06-26,0.0,61.14,23.72,6.64,0,2019,6,26,177,26,cool_dry
2019-06-27,0.0,61.14,23.72,6.64,0,2019,6,27,178,26,cool_dry
2019-06-28,0.0,61.14,23.72,6.64,0,2019,6,28,179,26,cool_dry
2019-06-29,0.0,61.14,23.72,6.64,0,2019,6,29,180,26,cool_dry
2019-06-30,0.0,61.14,23.72,6.64,0,2019,6,30,181,26,cool_dry
2019-07-01,0.002620967741935484,56.17,23.425862068965515,6.087142857142857,0,2019,7,1,182,27,cool_dry
2019-07-02,0.002620967741935484,56.17,23.425862068965515,6.087142857142857,0,2019,7,2,183,27,cool_dry
2019-07-03,0.002620967741935484,56.17,23.425862068965515,6.087142857142857,0,2019,7,3,184,27,cool_dry
2019-07-04,0.002620967741935484,56.17,23.425862068965515,6.087142857142857,0,2019,7,4,185,27,cool_dry
2019-07-05,0.002620967741935484,56.17,23.425862068965515,6.087142857142857,0,2019,7,5,186,27,cool_dry
2019-07-06,0.002620967741935484,56.17,23.425862068965515,6.087142857142857,0,2019,7,6,187,27,cool_dry
2019-07-07,0.002620967741935484,56.17,23.425862068965515,6.087142857142857,0,2019,7,7,188,27,cool_dry
2019-07-08,0.002620967741935484,56.17,23.425862068965515,6.087142857142857,0,2019,7,8,189,28,cool_dry
2019-07-09,0.002620967741935484,56.17,23.425862068965515,6.087142857142857,0,2019,7,9,190,28,cool_dry
2019-07-10,0.002620967741935484,56.17,23.425862068965515,6.087142857142857,0,2019,7,10,191,28,cool_dry
2019-07-11,0.002620967741935484,56.17,23.425862068965515,6.087142857142857,0,2019,7,11,192,28,cool_dry
2019-07-12,0.002620967741935484,56.17,23.425862068965515,6.087142857142857,0,2019,7,12,193,28,cool_dry
2019-07-13,0.002620967741935484,56.17,23.425862068965515,6.087142857142857,0,2019,7,13,194,28,cool_dry
2019-07-14,0.002620967741935484,56.17,23.425862068965515,6.087142857142857,0,2019,7,14,195,28,cool_dry
2019-07-15,0.002620967741935484,56.17,23.425862068965515,6.087142857142857,0,2019,7,15,196,29,cool_dry
2019-07-16,0.002620967741935484,56.17,23.425862068965515,6.087142857142857,0,2019,7,16,197,29,cool_dry
2019-07-17,0.002620967741935484,56.17,23.425862068965515,6.087142857142857,0,2019,7,17,198,29,cool_dry
2019-07-18,0.002620967741935484,56.17,23.425862068965515,6.087142857142857,0,2019,7,18,199,29,cool_dry
2019-07-19,0.002620967741935484,56.17,23.425862068965515,6.087142857142857,0,2019,7,19,200,29,cool_dry
2019-07-20,0.002620967741935484,56.17,23.425862068965515,6.087142857142857,0,2019,7,20,201,29,cool_dry
2019-07-21,0.002620967741935484,56.17,23.425862068965515,6.087142857142857,0,2019,7,21,202,29,cool_dry
2019-07-22,0.002620967741935484,56.17,23.425862068965515,6.087142857142857,0,2019,7,22,203,30,cool_dry
2019-07-23,0.002620967741935484,56.17,23.425862068965515,6.087142857142857,0,2019,7,23,204,30,cool_dry
2019-07-24,0.002620967741935484,56.17,23.425862068965515,6.087142857142857,0,2019,7,24,205,30,cool_dry
2019-07-25,0.002620967741935484,56.17,23.425862068965515,6.087142857142857,0,2019,7,25,206,30,cool_dry
2019-07-26,0.002620967741935484,56.17,23.425862068965515,6.087142857142857,0,2019,7,26,207,30,cool_dry
2019-07-27,0.002620967741935484,56.17,23.425862068965515,6.087142857142857,0,2019,7,27,208,30,cool_dry
2019-07-28,0.002620967741935484,56.17,23.425862068965515,6.087142857142857,0,2019,7,28,209,30,cool_dry
2019-07-29,0.002620967741935484,56.17,23.425862068965515,6.087142857142857,0,2019,7,29,210,31,cool_dry
2019-07-30,0.002620967741935484,56.17,23.425862068965515,6.087142857142857,0,2019,7,30,211,31,cool_dry
2019-07-31,0.002620967741935484,56.17,23.425862068965515,6.087142857142857,0,2019,7,31,212,31,cool_dry
2019-08-01,0.0,50.45,27.27,10.84,0,2019,8,1,213,31,cool_dry
2019-08-02,0.0,50.45,27.27,10.84,0,2019,8,2,214,31,cool_dry
2019-08-03,0.0,50.45,27.27,10.84,0,2019,8,3,215,31,cool_dry
2019-08-04,0.0,50.45,27.27,10.84,0,2019,8,4,216,31,cool_dry
2019-08-05,0.0,50.45,27.27,10.84,0,2019,8,5,217,32,cool_dry
2019-08-06,0.0,50.45,27.27,10.84,0,2019,8,6,218,32,cool_dry
2019-08-07,0.0,50.45,27.27,10.84,0,2019,8,7,219,32,cool_dry
2019-08-08,0.0,50.45,27.27,10.84,0,2019,8,8,220,32,cool_dry
2019-08-09,0.0,50.45,27.27,10.84,0,2019,8,9,221,32,cool_dry
2019-08-10,0.0,50.45,27.27,10.84,0,2019,8,10,222,32,cool_dry
2019-08-11,0.0,50.45,27.27,10.84,0,2019,8,11,223,32,cool_dry
2019-08-12,0.0,50.45,27.27,10.84,0,2019,8,12,224,33,cool_dry
2019-08-13,0.0,50.45,27.27,10.84,0,2019,8,13,225,33,cool_dry
2019-08-14,0.0,50.45,27.27,10.84,0,2019,8,14,226,33,cool_dry
2019-08-15,0.0,50.45,27.27,10.84,0,2019,8,15,227,33,cool_dry
2019-08-16,0.0,50.45,27.27,10.84,0,2019,8,16,228,33,cool_dry
2019-08-17,0.0,50.45,27.27,10.84,0,2019,8,17,229,33,cool_dry
2019-08-18,0.0,50.45,27.27,10.84,0,2019,8,18,230,33,cool_dry
2019-08-19,0.0,50.45,27.27,10.84,0,2019,8,19,231,34,cool_dry
2019-08-20,0.0,50.45,27.27,10.84,0,2019,8,20,232,34,cool_dry
2019-08-21,0.0,50.45,27.27,10.84,0,2019,8,21,233,34,cool_dry
2019-08-22,0.0,50.45,27.27,10.84,0,2019,8,22,234,34,cool_dry
2019-08-23,0.0,50.45,27.27,10.84,0,2019,8,23,235,34,cool_dry
2019-08-24,0.0,50.45,27.27,10.84,0,2019,8,24,236,34,cool_dry
2019-08-25,0.0,50.45,27.27,10.84,0,2019,8,25,237,34,cool_dry
2019-08-26,0.0,50.45,27.27,10.84,0,2019,8,26,238,35,cool_dry
2019-08-27,0.0,50.45,27.27,10.84,0,2019,8,27,239,35,cool_dry
2019-08-28,0.0,50.45,27.27,10.84,0,2019,8,28,240,35,cool_dry
2019-08-29,0.0,50.45,27.27,10.84,0,2019,8,29,241,35,cool_dry
2019-08-30,0.0,50.45,27.27,10.84,0,2019,8,30,242,35,cool_dry
2019-08-31,0.0,50.45,27.27,10.84,0,2019,8,31,243,35,cool_dry
2019-09-01,0.0,42.82,30.22,12.42,0,2019,9,1,244,35,hot_dry
2019-09-02,0.0,42.82,30.22,12.42,0,2019,9,2,245,36,hot_dry
2019-09-03,0.0,42.82,30.22,12.42,0,2019,9,3,246,36,hot_dry
2019-09-04,0.0,42.82,30.22,12.42,0,2019,9,4,247,36,hot_dry
2019-09-05,0.0,42.82,30.22,12.42,0,2019,9,5,248,36,hot_dry
2019-09-06,0.0,42.82,30.22,12.42,0,2019,9,6,249,36,hot_dry
2019-09-07,0.0,42.82,30.22,12.42,0,2019,9,7,250,36,hot_dry
2019-09-08,0.0,42.82,30.22,12.42,0,2019,9,8,251,36,hot_dry
2019-09-09,0.0,42.82,30.22,12.42,0,2019,9,9,252,37,hot_dry
2019-09-10,0.0,42.82,30.22,12.42,0,2019,9,10,253,37,hot_dry
2019-09-11,0.0,42.82,30.22,12.42,0,2019,9,11,254,37,hot_dry
2019-09-12,0.0,42.82,30.22,12.42,0,2019,9,12,255,37,hot_dry
2019-09-13,0.0,42.82,30.22,12.42,0,2019,9,13,256,37,hot_dry
2019-09-14,0.0,42.82,30.22,12.42,0,2019,9,14,257,37,hot_dry
2019-09-15,0.0,42.82,30.22,12.42,0,2019,9,15,258,37,hot_dry
2019-09-16,0.0,42.82,30.22,12.42,0,2019,9,16,259,38,hot_dry
2019-09-17,0.0,42.82,30.22,12.42,0,2019,9,17,260,38,hot_dry
2019-09-18,0.0,42.82,30.22,12.42,0,2019,9,18,261,38,hot_dry
2019-09-19,0.0,42.82,30.22,12.42,0,2019,9,19,262,38,hot_dry
2019-09-20,0.0,42.82,30.22,12.42,0,2019,9,20,263,38,hot_dry
2019-09-21,0.0,42.82,30.22,12.42,0,2019,9,21,264,38,hot_dry
2019-09-22,0.0,42.82,30.22,12.42,0,2019,9,22,265,38,hot_dry
2019-09-23,0.0,42.82,30.22,12.42,0,2019,9,23,266,39,hot_dry
2019-09-24,0.0,42.82,30.22,12.42,0,2019,9,24,267,39,hot_dry
2019-09-25,0.0,42.82,30.22,12.42,0,2019,9,25,268,39,hot_dry
2019-09-26,0.0,42.82,30.22,12.42,0,2019,9,26,269,39,hot_dry
2019-09-27,0.0,42.82,30.22,12.42,0,2019,9,27,270,39,hot_dry
2019-09-28,0.0,42.82,30.22,12.42,0,2019,9,28,271,39,hot_dry
2019-09-29,0.0,42.82,30.22,12.42,0,2019,9,29,272,39,hot_dry
2019-09-30,0.0,42.82,30.22,12.42,0,2019,9,30,273,40,hot_dry
2019-10-01,0.0,43.52,33.87,17.42,0,2019,10,1,274,40,hot_dry
2019-10-02,0.0,43.52,33.87,17.42,0,2019,10,2,275,40,hot_dry
2019-10-03,0.0,43.52,33.87,17.42,0,2019,10,3,276,40,hot_dry
2019-10-04,0.0,43.52,33.87,17.42,0,2019,10,4,277,40,hot_dry
2019-10-05,0.0,43.52,33.87,17.42,0,2019,10,5,278,40,hot_dry
2019-10-06,0.0,43.52,33.87,17.42,0,2019,10,6,279,40,hot_dry
2019-10-07,0.0,43.52,33.87,17.42,0,2019,10,7,280,41,hot_dry
2019-10-08,0.0,43.52,33.87,17.42,0,2019,10,8,281,41,hot_dry
2019-10-09,0.0,43.52,33.87,17.42,0,2019,10,9,282,41,hot_dry
2019-10-10,0.0,43.52,33.87,17.42,0,2019,10,10,283,41,hot_dry
2019-10-11,0.0,43.52,33.87,17.42,0,2019,10,11,284,41,hot_dry
2019-10-12,0.0,43.52,33.87,17.42,0,2019,10,12,285,41,hot_dry
2019-10-13,0.0,43.52,33.87,17.42,0,2019,10,13,286,41,hot_dry
2019-10-14,0.0,43.52,33.87,17.42,0,2019,10,14,287,42,hot_dry
2019-10-15,0.0,43.52,33.87,17.42,0,2019,10,15,288,42,hot_dry
2019-10-16,0.0,43.52,33.87,17.42,0,2019,10,16,289,42,hot_dry
2019-10-17,0.0,43.52,33.87,17.42,0,2019,10,17,290,42,hot_dry
2019-10-18,0.0,43.52,33.87,17.42,0,2019,10,18,291,42,hot_dry
2019-10-19,0.0,43.52,33.87,17.42,0,2019,10,19,292,42,hot_dry
2019-10-20,0.0,43.52,33.87,17.42,0,2019,10,20,293,42,hot_dry
2019-10-21,0.0,43.52,33.87,17.42,0,2019,10,21,294,43,hot_dry
2019-10-22,0.0,43.52,33.87,17.42,0,2019,10,22,295,43,hot_dry
2019-10-23,0.0,43.52,33.87,17.42,0,2019,10,23,296,43,hot_dry
2019-10-24,0.0,43.52,33.87,17.42,0,2019,10,24,297,43,hot_dry
2019-10-25,0.0,43.52,33.87,17.42,0,2019,10,25,298,43,hot_dry
2019-10-26,0.0,43.52,33.87,17.42,0,2019,10,26,299,43,hot_dry
2019-10-27,0.0,43.52,33.87,17.42,0,2019,10,27,300,43,hot_dry
2019-10-28,0.0,43.52,33.87,17.42,0,2019,10,28,301,44,hot_dry
2019-10-29,0.0,43.52,33.87,17.42,0,2019,10,29,302,44,hot_dry
2019-10-30,0.0,43.52,33.87,17.42,0,2019,10,30,303,44,hot_dry
2019-10-31,0.0,43.52,33.87,17.42,0,2019,10,31,304,44,hot_dry
2019-11-01,2.6866666666666665,60.4,32.19,19.19,1,2019,11,1,305,44,hot_rainy
2019-11-02,2.6866666666666665,60.4,32.19,19.19,1,2019,11,2,306,44,hot_rainy
2019-11-03,2.6866666666666665,60.4,32.19,19.19,1,2019,11,3,307,44,hot_rainy
2019-11-04,2.6866666666666665,60.4,32.19,19.19,1,2019,11,4,308,45,hot_rainy
2019-11-05,2.6866666666666665,60.4,32.19,19.19,1,2019,11,5,309,45,hot_rainy
2019-11-06,2.6866666666666665,60.4,32.19,19.19,1,2019,11,6,310,45,hot_rainy
2019-11-07,2.6866666666666665,60.4,32.19,19.19,1,2019,11,7,311,45,hot_rainy
2019-11-08,2.6866666666666665,60.4,32.19,19.19,1,2019,11,8,312,45,hot_rainy
2019-11-09,2.6866666666666665,60.4,32.19,19.19,1,2019,11,9,313,45,hot_rainy
2019-11-10,2.6866666666666665,60.4,32.19,19.19,1,2019,11,10,314,45,hot_rainy
2019-11-11,2.6866666666666665,60.4,32.19,19.19,1,2019,11,11,315,46,hot_rainy
2019-11-12,2.6866666666666665,60.4,32.19,19.19,1,2019,11,12,316,46,hot_rainy
2019-11-13,2.6866666666666665,60.4,32.19,19.19,1,2019,11,13,317,46,hot_rainy
2019-11-14,2.6866666666666665,60.4,32.19,19.19,1,2019,11,14,318,46,hot_rainy
2019-11-15,2.6866666666666665,60.4,32.19,19.19,1,2019,11,15,319,46,hot_rainy
2019-11-16,2.6866666666666665,60.4,32.19,19.19,1,2019,11,16,320,46,hot_rainy
2019-11-17,2.6866666666666665,60.4,32.19,19.19,1,2019,11,17,321,46,hot_rainy
2019-11-18,2.6866666666666665,60.4,32.19,19.19,1,2019,11,18,322,47,hot_rainy
2019-11-19,2.6866666666666665,60.4,32.19,19.19,1,2019,11,19,323,47,hot_rainy
2019-11-20,2.6866666666666665,60.4,32.19,19.19,1,2019,11,20,324,47,hot_rainy
2019-11-21,2.6866666666666665,60.4,32.19,19.19,1,2019,11,21,325,47,hot_rainy
2019-11-22,2.6866666666666665,60.4,32.19,19.19,1,2019,11,22,326,47,hot_rainy
2019-11-23,2.6866666666666665,60.4,32.19,19.19,1,2019,11,23,327,47,hot_rainy
2019-11-24,2.6866666666666665,60.4,32.19,19.19,1,2019,11,24,328,47,hot_rainy
2019-11-25,2.6866666666666665,60.4,32.19,19.19,1,2019,11,25,329,48,hot_rainy
2019-11-26,2.6866666666666665,60.4,32.19,19.19,1,2019,11,26,330,48,hot_rainy
2019-11-27,2.6866666666666665,60.4,32.19,19.19,1,2019,11,27,331,48,hot_rainy
2019-11-28,2.6866666666666665,60.4,32.19,19.19,1,2019,11,28,332,48,hot_rainy
2019-11-29,2.6866666666666665,60.4,32.19,19.19,1,2019,11,29,333,48,hot_rainy
2019-11-30,2.6866666666666665,60.4,32.19,19.19,1,2019,11,30,334,48,hot_rainy
2019-12-01,1.3516129032258064,65.06,31.32,18.78,1,2019,12,1,335,48,hot_rainy
2019-12-02,1.3516129032258064,65.06,31.32,18.78,1,2019,12,2,336,49,hot_rainy
2019-12-03,1.3516129032258064,65.06,31.32,18.78,1,2019,12,3,337,49,hot_rainy
2019-12-04,1.3516129032258064,65.06,31.32,18.78,1,2019,12,4,338,49,hot_rainy
2019-12-05,1.3516129032258064,65.06,31.32,18.78,1,2019,12,5,339,49,hot_rainy
2019-12-06,1.3516129032258064,65.06,31.32,18.78,1,2019,12,6,340,49,hot_rainy
2019-12-07,1.3516129032258064,65.06,31.32,18.78,1,2019,12,7,341,49,hot_rainy
2019-12-08,1.3516129032258064,65.06,31.32,18.78,1,2019,12,8,342,49,hot_rainy
2019-12-09,1.3516129032258064,65.06,31.32,18.78,1,2019,12,9,343,50,hot_rainy
2019-12-10,1.3516129032258064,65.06,31.32,18.78,1,2019,12,10,344,50,hot_rainy
2019-12-11,1.3516129032258064,65.06,31.32,18.78,1,2019,12,11,345,50,hot_rainy
2019-12-12,1.3516129032258064,65.06,31.32,18.78,1,2019,12,12,346,50,hot_rainy
2019-12-13,1.3516129032258064,65.06,31.32,18.78,1,2019,12,13,347,50,hot_rainy
2019-12-14,1.3516129032258064,65.06,31.32,18.78,1,2019,12,14,348,50,hot_rainy
2019-12-15,1.3516129032258064,65.06,31.32,18.78,1,2019,12,15,349,50,hot_rainy
2019-12-16,1.3516129032258064,65.06,31.32,18.78,1,2019,12,16,350,51,hot_rainy
2019-12-17,1.3516129032258064,65.06,31.32,18.78,1,2019,12,17,351,51,hot_rainy
2019-12-18,1.3516129032258064,65.06,31.32,18.78,1,2019,12,18,352,51,hot_rainy
2019-12-19,1.3516129032258064,65.06,31.32,18.78,1,2019,12,19,353,51,hot_rainy
2019-12-20,1.3516129032258064,65.06,31.32,18.78,1,2019,12,20,354,51,hot_rainy
2019-12-21,1.3516129032258064,65.06,31.32,18.78,1,2019,12,21,355,51,hot_rainy
2019-12-22,1.3516129032258064,65.06,31.32,18.78,1,2019,12,22,356,51,hot_rainy
2019-12-23,1.3516129032258064,65.06,31.32,18.78,1,2019,12,23,357,52,hot_rainy
2019-12-24,1.3516129032258064,65.06,31.32,18.78,1,2019,12,24,358,52,hot_rainy
2019-12-25,1.3516129032258064,65.06,31.32,18.78,1,2019,12,25,359,52,hot_rainy
2019-12-26,1.3516129032258064,65.06,31.32,18.78,1,2019,12,26,360,52,hot_rainy
2019-12-27,1.3516129032258064,65.06,31.32,18.78,1,2019,12,27,361,52,hot_rainy
2019-12-28,1.3516129032258064,65.06,31.32,18.78,1,2019,12,28,362,52,hot_rainy
2019-12-29,1.3516129032258064,65.06,31.32,18.78,1,2019,12,29,363,52,hot_rainy
2019-12-30,1.3516129032258064,65.06,31.32,18.78,1,2019,12,30,364,1,hot_rainy
2019-12-31,1.3516129032258064,65.06,31.32,18.78,1,2019,12,31,365,1,hot_rainy
2020-01-01,3.3225806451612905,79.55,28.79,18.34,1,2020,1,1,1,1,hot_rainy
2020-01-02,3.3225806451612905,79.55,28.79,18.34,1,2020,1,2,2,1,hot_rainy
2020-01-03,3.3225806451612905,79.55,28.79,18.34,1,2020,1,3,3,1,hot_rainy
2020-01-04,3.3225806451612905,79.55,28.79,18.34,1,2020,1,4,4,1,hot_rainy
2020-01-05,3.3225806451612905,79.55,28.79,18.34,1,2020,1,5,5,1,hot_rainy
2020-01-06,3.3225806451612905,79.55,28.79,18.34,1,2020,1,6,6,2,hot_rainy
2020-01-07,3.3225806451612905,79.55,28.79,18.34,1,2020,1,7,7,2,hot_rainy
2020-01-08,3.3225806451612905,79.55,28.79,18.34,1,2020,1,8,8,2,hot_rainy
2020-01-09,3.3225806451612905,79.55,28.79,18.34,1,2020,1,9,9,2,hot_rainy
2020-01-10,3.3225806451612905,79.55,28.79,18.34,1,2020,1,10,10,2,hot_rainy
2020-01-11,3.3225806451612905,79.55,28.79,18.34,1,2020,1,11,11,2,hot_rainy
2020-01-12,3.3225806451612905,79.55,28.79,18.34,1,2020,1,12,12,2,hot_rainy
2020-01-13,3.3225806451612905,79.55,28.79,18.34,1,2020,1,13,13,3,hot_rainy
2020-01-14,3.3225806451612905,79.55,28.79,18.34,1,2020,1,14,14,3,hot_rainy
2020-01-15,3.3225806451612905,79.55,28.79,18.34,1,2020,1,15,15,3,hot_rainy
2020-01-16,3.3225806451612905,79.55,28.79,18.34,1,2020,1,16,16,3,hot_rainy
2020-01-17,3.3225806451612905,79.55,28.79,18.34,1,2020,1,17,17,3,hot_rainy
2020-01-18,3.3225806451612905,79.55,28.79,18.34,1,2020,1,18,18,3,hot_rainy
2020-01-19,3.3225806451612905,79.55,28.79,18.34,1,2020,1,19,19,3,hot_rainy
2020-01-20,3.3225806451612905,79.55,28.79,18.34,1,2020,1,20,20,4,hot_rainy
2020-01-21,3.3225806451612905,79.55,28.79,18.34,1,2020,1,21,21,4,hot_rainy
2020-01-22,3.3225806451612905,79.55,28.79,18.34,1,2020,1,22,22,4,hot_rainy
2020-01-23,3.3225806451612905,79.55,28.79,18.34,1,2020,1,23,23,4,hot_rainy
2020-01-24,3.3225806451612905,79.55,28.79,18.34,1,2020,1,24,24,4,hot_rainy
2020-01-25,3.3225806451612905,79.55,28.79,18.34,1,2020,1,25,25,4,hot_rainy
2020-01-26,3.3225806451612905,79.55,28.79,18.34,1,2020,1,26,26,4,hot_rainy
2020-01-27,3.3225806451612905,79.55,28.79,18.34,1,2020,1,27,27,5,hot_rainy
2020-01-28,3.3225806451612905,79.55,28.79,18.34,1,2020,1,28,28,5,hot_rainy
2020-01-29,3.3225806451612905,79.55,28.79,18.34,1,2020,1,29,29,5,hot_rainy
2020-01-30,3.3225806451612905,79.55,28.79,18.34,1,2020,1,30,30,5,hot_rainy
2020-01-31,3.3225806451612905,79.55,28.79,18.34,1,2020,1,31,31,5,hot_rainy
2020-02-01,3.9068965517241376,83.86,27.33,17.95,1,2020,2,1,32,5,hot_rainy
2020-02-02,3.9068965517241376,83.86,27.33,17.95,1,2020,2,2,33,5,hot_rainy
2020-02-03,3.9068965517241376,83.86,27.33,17.95,1,2020,2,3,34,6,hot_rainy
2020-02-04,3.9068965517241376,83.86,27.33,17.95,1,2020,2,4,35,6,hot_rainy
2020-02-05,3.9068965517241376,83.86,27.33,17.95,1,2020,2,5,36,6,hot_rainy
2020-02-06,3.9068965517241376,83.86,27.33,17.95,1,2020,2,6,37,6,hot_rainy
2020-02-07,3.9068965517241376,83.86,27.33,17.95,1,2020,2,7,38,6,hot_rainy
2020-02-08,3.9068965517241376,83.86,27.33,17.95,1,2020,2,8,39,6,hot_rainy
2020-02-09,3.9068965517241376,83.86,27.33,17.95,1,2020,2,9,40,6,hot_rainy
2020-02-10,3.9068965517241376,83.86,27.33,17.95,1,2020,2,10,41,7,hot_rainy
2020-02-11,3.9068965517241376,83.86,27.33,17.95,1,2020,2,11,42,7,hot_rainy
2020-02-12,3.9068965517241376,83.86,27.33,17.95,1,2020,2,12,43,7,hot_rainy
2020-02-13,3.9068965517241376,83.86,27.33,17.95,1,2020,2,13,44,7,hot_rainy
2020-02-14,3.9068965517241376,83.86,27.33,17.95,1,2020,2,14,45,7,hot_rainy
2020-02-15,3.9068965517241376,83.86,27.33,17.95,1,2020,2,15,46,7,hot_rainy
2020-02-16,3.9068965517241376,83.86,27.33,17.95,1,2020,2,16,47,7,hot_rainy
2020-02-17,3.9068965517241376,83.86,27.33,17.95,1,2020,2,17,48,8,hot_rainy
2020-02-18,3.9068965517241376,83.86,27.33,17.95,1,2020,2,18,49,8,hot_rainy
2020-02-19,3.9068965517241376,83.86,27.33,17.95,1,2020,2,19,50,8,hot_rainy
2020-02-20,3.9068965517241376,83.86,27.33,17.95,1,2020,2,20,51,8,hot_rainy
2020-02-21,3.9068965517241376,83.86,27.33,17.95,1,2020,2,21,52,8,hot_rainy
2020-02-22,3.9068965517241376,83.86,27.33,17.95,1,2020,2,22,53,8,hot_rainy
2020-02-23,3.9068965517241376,83.86,27.33,17.95,1,2020,2,23,54,8,hot_rainy
2020-02-24,3.9068965517241376,83.86,27.33,17.95,1,2020,2,24,55,9,hot_rainy
2020-02-25,3.9068965517241376,83.86,27.33,17.95,1,2020,2,25,56,9,hot_rainy
2020-02-26,3.9068965517241376,83.86,27.33,17.95,1,2020,2,26,57,9,hot_rainy
2020-02-27,3.9068965517241376,83.86,27.33,17.95,1,2020,2,27,58,9,hot_rainy
2020-02-28,3.9068965517241376,83.86,27.33,17.95,1,2020,2,28,59,9,hot_rainy
2020-02-29,3.9068965517241376,83.86,27.33,17.95,1,2020,2,29,60,9,hot_rainy
2020-03-01,1.9,80.87,27.05,16.7,1,2020,3,1,61,9,hot_rainy
2020-03-02,1.9,80.87,27.05,16.7,1,2020,3,2,62,10,hot_rainy
2020-03-03,1.9,80.87,27.05,16.7,1,2020,3,3,63,10,hot_rainy
2020-03-04,1.9,80.87,27.05,16.7,1,2020,3,4,64,10,hot_rainy
2020-03-05,1.9,80.87,27.05,16.7,1,2020,3,5,65,10,hot_rainy
2020-03-06,1.9,80.87,27.05,16.7,1,2020,3,6,66,10,hot_rainy
2020-03-07,1.9,80.87,27.05,16.7,1,2020,3,7,67,10,hot_rainy
2020-03-08,1.9,80.87,27.05,16.7,1,2020,3,8,68,10,hot_rainy
2020-03-09,1.9,80.87,27.05,16.7,1,2020,3,9,69,11,hot_rainy
2020-03-10,1.9,80.87,27.05,16.7,1,2020,3,10,70,11,hot_rainy
2020-03-11,1.9,80.87,27.05,16.7,1,2020,3,11,71,11,hot_rainy
2020-03-12,1.9,80.87,27.05,16.7,1,2020,3,12,72,11,hot_rainy
2020-03-13,1.9,80.87,27.05,16.7,1,2020,3,13,73,11,hot_rainy
2020-03-14,1.9,80.87,27.05,16.7,1,2020,3,14,74,11,hot_rainy
2020-03-15,1.9,80.87,27.05,16.7,1,2020,3,15,75,11,hot_rainy
2020-03-16,1.9,80.87,27.05,16.7,1,2020,3,16,76,12,hot_rainy
2020-03-17,1.9,80.87,27.05,16.7,1,2020,3,17,77,12,hot_rainy
2020-03-18,1.9,80.87,27.05,16.7,1,2020,3,18,78,12,hot_rainy
2020-03-19,1.9,80.87,27.05,16.7,1,2020,3,19,79,12,hot_rainy
2020-03-20,1.9,80.87,27.05,16.7,1,2020,3,20,80,12,hot_rainy
2020-03-21,1.9,80.87,27.05,16.7,1,2020,3,21,81,12,hot_rainy
2020-03-22,1.9,80.87,27.05,16.7,1,2020,3,22,82,12,hot_rainy
2020-03-23,1.9,80.87,27.05,16.7,1,2020,3,23,83,13,hot_rainy
2020-03-24,1.9,80.87,27.05,16.7,1,2020,3,24,84,13,hot_rainy
2020-03-25,1.9,80.87,27.05,16.7,1,2020,3,25,85,13,hot_rainy
2020-03-26,1.9,80.87,27.05,16.7,1,2020,3,26,86,13,hot_rainy
2020-03-27,1.9,80.87,27.05,16.7,1,2020,3,27,87,13,hot_rainy
2020-03-28,1.9,80.87,27.05,16.7,1,2020,3,28,88,13,hot_rainy
2020-03-29,1.9,80.87,27.05,16.7,1,2020,3,29,89,13,hot_rainy
2020-03-30,1.9,80.87,27.05,16.7,1,2020,3,30,90,14,hot_rainy
2020-03-31,1.9,80.87,27.05,16.7,1,2020,3,31,91,14,hot_rainy
2020-04-01,0.09666666666666666,66.1,27.95,14.23,0,2020,4,1,92,14,hot_rainy
2020-04-02,0.09666666666666666,66.1,27.95,14.23,0,2020,4,2,93,14,hot_rainy
2020-04-03,0.09666666666666666,66.1,27.95,14.23,0,2020,4,3,94,14,hot_rainy
2020-04-04,0.09666666666666666,66.1,27.95,14.23,0,2020,4,4,95,14,hot_rainy
2020-04-05,0.09666666666666666,66.1,27.95,14.23,0,2020,4,5,96,14,hot_rainy
2020-04-06,0.09666666666666666,66.1,27.95,14.23,0,2020,4,6,97,15,hot_rainy
2020-04-07,0.09666666666666666,66.1,27.95,14.23,0,2020,4,7,98,15,hot_rainy
2020-04-08,0.09666666666666666,66.1,27.95,14.23,0,2020,4,8,99,15,hot_rainy
2020-04-09,0.09666666666666666,66.1,27.95,14.23,0,2020,4,9,100,15,hot_rainy
2020-04-10,0.09666666666666666,66.1,27.95,14.23,0,2020,4,10,101,15,hot_rainy
2020-04-11,0.09666666666666666,66.1,27.95,14.23,0,2020,4,11,102,15,hot_rainy
2020-04-12,0.09666666666666666,66.1,27.95,14.23,0,2020,4,12,103,15,hot_rainy
2020-04-13,0.09666666666666666,66.1,27.95,14.23,0,2020,4,13,104,16,hot_rainy
2020-04-14,0.09666666666666666,66.1,27.95,14.23,0,2020,4,14,105,16,hot_rainy
2020-04-15,0.09666666666666666,66.1,27.95,14.23,0,2020,4,15,106,16,hot_rainy
2020-04-16,0.09666666666666666,66.1,27.95,14.23,0,2020,4,16,107,16,hot_rainy
2020-04-17,0.09666666666666666,66.1,27.95,14.23,0,2020,4,17,108,16,hot_rainy
2020-04-18,0.09666666666666666,66.1,27.95,14.23,0,2020,4,18,109,16,hot_rainy
2020-04-19,0.09666666666666666,66.1,27.95,14.23,0,2020,4,19,110,16,hot_rainy
2020-04-20,0.09666666666666666,66.1,27.95,14.23,0,2020,4,20,111,17,hot_rainy
2020-04-21,0.09666666666666666,66.1,27.95,14.23,0,2020,4,21,112,17,hot_rainy
2020-04-22,0.09666666666666666,66.1,27.95,14.23,0,2020,4,22,113,17,hot_rainy
2020-04-23,0.09666666666666666,66.1,27.95,14.23,0,2020,4,23,114,17,hot_rainy
2020-04-24,0.09666666666666666,66.1,27.95,14.23,0,2020,4,24,115,17,hot_rainy
2020-04-25,0.09666666666666666,66.1,27.95,14.23,0,2020,4,25,116,17,hot_rainy
2020-04-26,0.09666666666666666,66.1,27.95,14.23,0,2020,4,26,117,17,hot_rainy
2020-04-27,0.09666666666666666,66.1,27.95,14.23,0,2020,4,27,118,18,hot_rainy
2020-04-28,0.09666666666666666,66.1,27.95,14.23,0,2020,4,28,119,18,hot_rainy
2020-04-29,0.09666666666666666,66.1,27.95,14.23,0,2020,4,29,120,18,hot_rainy
2020-04-30,0.09666666666666666,66.1,27.95,14.23,0,2020,4,30,121,18,hot_rainy
2020-05-01,0.0,57.94,26.1,8.93,0,2020,5,1,122,18,cool_dry
2020-05-02,0.0,57.94,26.1,8.93,0,2020,5,2,123,18,cool_dry
2020-05-03,0.0,57.94,26.1,8.93,0,2020,5,3,124,18,cool_dry
2020-05-04,0.0,57.94,26.1,8.93,0,2020,5,4,125,19,cool_dry
2020-05-05,0.0,57.94,26.1,8.93,0,2020,5,5,126,19,cool_dry
2020-05-06,0.0,57.94,26.1,8.93,0,2020,5,6,127,19,cool_dry
2020-05-07,0.0,57.94,26.1,8.93,0,2020,5,7,128,19,cool_dry
2020-05-08,0.0,57.94,26.1,8.93,0,2020,5,8,129,19,cool_dry
2020-05-09,0.0,57.94,26.1,8.93,0,2020,5,9,130,19,cool_dry
2020-05-10,0.0,57.94,26.1,8.93,0,2020,5,10,131,19,cool_dry
2020-05-11,0.0,57.94,26.1,8.93,0,2020,5,11,132,20,cool_dry
2020-05-12,0.0,57.94,26.1,8.93,0,2020,5,12,133,20,cool_dry
2020-05-13,0.0,57.94,26.1,8.93,0,2020,5,13,134,20,cool_dry
2020-05-14,0.0,57.94,26.1,8.93,0,2020,5,14,135,20,cool_dry
2020-05-15,0.0,57.94,26.1,8.93,0,2020,5,15,136,20,cool_dry
2020-05-16,0.0,57.94,26.1,8.93,0,2020,5,16,137,20,cool_dry
2020-05-17,0.0,57.94,26.1,8.93,0,2020,5,17,138,20,cool_dry
2020-05-18,0.0,57.94,26.1,8.93,0,2020,5,18,139,21,cool_dry
2020-05-19,0.0,57.94,26.1,8.93,0,2020,5,19,140,21,cool_dry
2020-05-20,0.0,57.94,26.1,8.93,0,2020,5,20,141,21,cool_dry
2020-05-21,0.0,57.94,26.1,8.93,0,2020,5,21,142,21,cool_dry
2020-05-22,0.0,57.94,26.1,8.93,0,2020,5,22,143,21,cool_dry
2020-05-23,0.0,57.94,26.1,8.93,0,2020,5,23,144,21,cool_dry
2020-05-24,0.0,57.94,26.1,8.93,0,2020,5,24,145,21,cool_dry
2020-05-25,0.0,57.94,26.1,8.93,0,2020,5,25,146,22,cool_dry
2020-05-26,0.0,57.94,26.1,8.93,0,2020,5,26,147,22,cool_dry
2020-05-27,0.0,57.94,26.1,8.93,0,2020,5,27,148,22,cool_dry
2020-05-28,0.0,57.94,26.1,8.93,0,2020,5,28,149,22,cool_dry
2020-05-29,0.0,57.94,26.1,8.93,0,2020,5,29,150,22,cool_dry
2020-05-30,0.0,57.94,26.1,8.93,0,2020,5,30,151,22,cool_dry
2020-05-31,0.0,57.94,26.1,8.93,0,2020,5,31,152,22,cool_dry
2020-06-01,0.0,63.9,23.31,7.26,0,2020,6,1,153,23,cool_dry
2020-06-02,0.0,63.9,23.31,7.26,0,2020,6,2,154,23,cool_dry
2020-06-03,0.0,63.9,23.31,7.26,0,2020,6,3,155,23,cool_dry
2020-06-04,0.0,63.9,23.31,7.26,0,2020,6,4,156,23,cool_dry
2020-06-05,0.0,63.9,23.31,7.26,0,2020,6,5,157,23,cool_dry
2020-06-06,0.0,63.9,23.31,7.26,0,2020,6,6,158,23,cool_dry
2020-06-07,0.0,63.9,23.31,7.26,0,2020,6,7,159,23,cool_dry
2020-06-08,0.0,63.9,23.31,7.26,0,2020,6,8,160,24,cool_dry
2020-06-09,0.0,63.9,23.31,7.26,0,2020,6,9,161,24,cool_dry
2020-06-10,0.0,63.9,23.31,7.26,0,2020,6,10,162,24,cool_dry
2020-06-11,0.0,63.9,23.31,7.26,0,2020,6,11,163,24,cool_dry
2020-06-12,0.0,63.9,23.31,7.26,0,2020,6,12,164,24,cool_dry
2020-06-13,0.0,63.9,23.31,7.26,0,2020,6,13,165,24,cool_dry
2020-06-14,0.0,63.9,23.31,7.26,0,2020,6,14,166,24,cool_dry
2020-06-15,0.0,63.9,23.31,7.26,0,2020,6,15,167,25,cool_dry
2020-06-16,0.0,63.9,23.31,7.26,0,2020,6,16,168,25,cool_dry
2020-06-17,0.0,63.9,23.31,7.26,0,2020,6,17,169,25,cool_dry
2020-06-18,0.0,63.9,23.31,7.26,0,2020,6,18,170,25,cool_dry
2020-06-19,0.0,63.9,23.31,7.26,0,2020,6,19,171,25,cool_dry
2020-06-20,0.0,63.9,23.31,7.26,0,2020,6,20,172,25,cool_dry
2020-06-21,0.0,63.9,23.31,7.26,0,2020,6,21,173,25,cool_dry
2020-06-22,0.0,63.9,23.31,7.26,0,2020,6,22,174,26,cool_dry
2020-06-23,0.0,63.9,23.31,7.26,0,2020,6,23,175,26,cool_dry
2020-06-24,0.0,63.9,23.31,7.26,0,2020,6,24,176,26,cool_dry
2020-06-25,0.0,63.9,23.31,7.26,0,2020,6,25,177,26,cool_dry
2020-06-26,0.0,63.9,23.31,7.26,0,2020,6,26,178,26,cool_dry
2020-06-27,0.0,63.9,23.31,7.26,0,2020,6,27,179,26,cool_dry
2020-06-28,0.0,63.9,23.31,7.26,0,2020,6,28,180,26,cool_dry
2020-06-29,0.0,63.9,23.31,7.26,0,2020,6,29,181,27,cool_dry
2020-06-30,0.0,63.9,23.31,7.26,0,2020,6,30,182,27,cool_dry
2020-07-01,0.0,60.61,22.92,6.0,0,2020,7,1,183,27,cool_dry
2020-07-02,0.0,60.61,22.92,6.0,0,2020,7,2,184,27,cool_dry
2020-07-03,0.0,60.61,22.92,6.0,0,2020,7,3,185,27,cool_dry
2020-07-04,0.0,60.61,22.92,6.0,0,2020,7,4,186,27,cool_dry
2020-07-05,0.0,60.61,22.92,6.0,0,2020,7,5,187,27,cool_dry
2020-07-06,0.0,60.61,22.92,6.0,0,2020,7,6,188,28,cool_dry
2020-07-07,0.0,60.61,22.92,6.0,0,2020,7,7,189,28,cool_dry
2020-07-08,0.0,60.61,22.92,6.0,0,2020,7,8,190,28,cool_dry
2020-07-09,0.0,60.61,22.92,6.0,0,2020,7,9,191,28,cool_dry
2020-07-10,0.0,60.61,22.92,6.0,0,2020,7,10,192,28,cool_dry
2020-07-11,0.0,60.61,22.92,6.0,0,2020,7,11,193,28,cool_dry
2020-07-12,0.0,60.61,22.92,6.0,0,2020,7,12,194,28,cool_dry
2020-07-13,0.0,60.61,22.92,6.0,0,2020,7,13,195,29,cool_dry
2020-07-14,0.0,60.61,22.92,6.0,0,2020,7,14,196,29,cool_dry
2020-07-15,0.0,60.61,22.92,6.0,0,2020,7,15,197,29,cool_dry
2020-07-16,0.0,60.61,22.92,6.0,0,2020,7,16,198,29,cool_dry
2020-07-17,0.0,60.61,22.92,6.0,0,2020,7,17,199,29,cool_dry
2020-07-18,0.0,60.61,22.92,6.0,0,2020,7,18,200,29,cool_dry
2020-07-19,0.0,60.61,22.92,6.0,0,2020,7,19,201,29,cool_dry
2020-07-20,0.0,60.61,22.92,6.0,0,2020,7,20,202,30,cool_dry
2020-07-21,0.0,60.61,22.92,6.0,0,2020,7,21,203,30,cool_dry
2020-07-22,0.0,60.61,22.92,6.0,0,2020,7,22,204,30,cool_dry
2020-07-23,0.0,60.61,22.92,6.0,0,2020,7,23,205,30,cool_dry
2020-07-24,0.0,60.61,22.92,6.0,0,2020,7,24,206,30,cool_dry
2020-07-25,0.0,60.61,22.92,6.0,0,2020,7,25,207,30,cool_dry
2020-07-26,0.0,60.61,22.92,6.0,0,2020,7,26,208,30,cool_dry
2020-07-27,0.0,60.61,22.92,6.0,0,2020,7,27,209,31,cool_dry
2020-07-28,0.0,60.61,22.92,6.0,0,2020,7,28,210,31,cool_dry
2020-07-29,0.0,60.61,22.92,6.0,0,2020,7,29,211,31,cool_dry
2020-07-30,0.0,60.61,22.92,6.0,0,2020,7,30,212,31,cool_dry
2020-07-31,0.0,60.61,22.92,6.0,0,2020,7,31,213,31,cool_dry
2020-08-01,0.0,49.48,27.64,9.22,0,2020,8,1,214,31,cool_dry
2020-08-02,0.0,49.48,27.64,9.22,0,2020,8,2,215,31,cool_dry
2020-08-03,0.0,49.48,27.64,9.22,0,2020,8,3,216,32,cool_dry
2020-08-04,0.0,49.48,27.64,9.22,0,2020,8,4,217,32,cool_dry
2020-08-05,0.0,49.48,27.64,9.22,0,2020,8,5,218,32,cool_dry
2020-08-06,0.0,49.48,27.64,9.22,0,2020,8,6,219,32,cool_dry
2020-08-07,0.0,49.48,27.64,9.22,0,2020,8,7,220,32,cool_dry
2020-08-08,0.0,49.48,27.64,9.22,0,2020,8,8,221,32,cool_dry
2020-08-09,0.0,49.48,27.64,9.22,0,2020,8,9,222,32,cool_dry
2020-08-10,0.0,49.48,27.64,9.22,0,2020,8,10,223,33,cool_dry
2020-08-11,0.0,49.48,27.64,9.22,0,2020,8,11,224,33,cool_dry
2020-08-12,0.0,49.48,27.64,9.22,0,2020,8,12,225,33,cool_dry
2020-08-13,0.0,49.48,27.64,9.22,0,2020,8,13,226,33,cool_dry
2020-08-14,0.0,49.48,27.64,9.22,0,2020,8,14,227,33,cool_dry
2020-08-15,0.0,49.48,27.64,9.22,0,2020,8,15,228,33,cool_dry
2020-08-16,0.0,49.48,27.64,9.22,0,2020,8,16,229,33,cool_dry
2020-08-17,0.0,49.48,27.64,9.22,0,2020,8,17,230,34,cool_dry
2020-08-18,0.0,49.48,27.64,9.22,0,2020,8,18,231,34,cool_dry
2020-08-19,0.0,49.48,27.64,9.22,0,2020,8,19,232,34,cool_dry
2020-08-20,0.0,49.48,27.64,9.22,0,2020,8,20,233,34,cool_dry
2020-08-21,0.0,49.48,27.64,9.22,0,2020,8,21,234,34,cool_dry
2020-08-22,0.0,49.48,27.64,9.22,0,2020,8,22,235,34,cool_dry
2020-08-23,0.0,49.48,27.64,9.22,0,2020,8,23,236,34,cool_dry
2020-08-24,0.0,49.48,27.64,9.22,0,2020,8,24,237,35,cool_dry
2020-08-25,0.0,49.48,27.64,9.22,0,2020,8,25,238,35,cool_dry
2020-08-26,0.0,49.48,27.64,9.22,0,2020,8,26,239,35,cool_dry
2020-08-27,0.0,49.48,27.64,9.22,0,2020,8,27,240,35,cool_dry
2020-08-28,0.0,49.48,27.64,9.22,0,2020,8,28,241,35,cool_dry
2020-08-29,0.0,49.48,27.64,9.22,0,2020,8,29,242,35,cool_dry
2020-08-30,0.0,49.48,27.64,9.22,0,2020,8,30,243,35,cool_dry
2020-08-31,0.0,49.48,27.64,9.22,0,2020,8,31,244,36,cool_dry
2020-09-01,0.0,46.29,30.48,13.44,0,2020,9,1,245,36,hot_dry
2020-09-02,0.0,46.29,30.48,13.44,0,2020,9,2,246,36,hot_dry
2020-09-03,0.0,46.29,30.48,13.44,0,2020,9,3,247,36,hot_dry
2020-09-04,0.0,46.29,30.48,13.44,0,2020,9,4,248,36,hot_dry
2020-09-05,0.0,46.29,30.48,13.44,0,2020,9,5,249,36,hot_dry
2020-09-06,0.0,46.29,30.48,13.44,0,2020,9,6,250,36,hot_dry
2020-09-07,0.0,46.29,30.48,13.44,0,2020,9,7,251,37,hot_dry
2020-09-08,0.0,46.29,30.48,13.44,0,2020,9,8,252,37,hot_dry
2020-09-09,0.0,46.29,30.48,13.44,0,2020,9,9,253,37,hot_dry
2020-09-10,0.0,46.29,30.48,13.44,0,2020,9,10,254,37,hot_dry
2020-09-11,0.0,46.29,30.48,13.44,0,2020,9,11,255,37,hot_dry
2020-09-12,0.0,46.29,30.48,13.44,0,2020,9,12,256,37,hot_dry
2020-09-13,0.0,46.29,30.48,13.44,0,2020,9,13,257,37,hot_dry
2020-09-14,0.0,46.29,30.48,13.44,0,2020,9,14,258,38,hot_dry
2020-09-15,0.0,46.29,30.48,13.44,0,2020,9,15,259,38,hot_dry
2020-09-16,0.0,46.29,30.48,13.44,0,2020,9,16,260,38,hot_dry
2020-09-17,0.0,46.29,30.48,13.44,0,2020,9,17,261,38,hot_dry
2020-09-18,0.0,46.29,30.48,13.44,0,2020,9,18,262,38,hot_dry
2020-09-19,0.0,46.29,30.48,13.44,0,2020,9,19,263,38,hot_dry
2020-09-20,0.0,46.29,30.48,13.44,0,2020,9,20,264,38,hot_dry
2020-09-21,0.0,46.29,30.48,13.44,0,2020,9,21,265,39,hot_dry
2020-09-22,0.0,46.29,30.48,13.44,0,2020,9,22,266,39,hot_dry
2020-09-23,0.0,46.29,30.48,13.44,0,2020,9,23,267,39,hot_dry
2020-09-24,0.0,46.29,30.48,13.44,0,2020,9,24,268,39,hot_dry
2020-09-25,0.0,46.29,30.48,13.44,0,2020,9,25,269,39,hot_dry
2020-09-26,0.0,46.29,30.48,13.44,0,2020,9,26,270,39,hot_dry
2020-09-27,0.0,46.29,30.48,13.44,0,2020,9,27,271,39,hot_dry
2020-09-28,0.0,46.29,30.48,13.44,0,2020,9,28,272,40,hot_dry
2020-09-29,0.0,46.29,30.48,13.44,0,2020,9,29,273,40,hot_dry
2020-09-30,0.0,46.29,30.48,13.44,0,2020,9,30,274,40,hot_dry
2020-10-01,1.0129032258064516,52.5,32.03,16.72,1,2020,10,1,275,40,hot_dry
2020-10-02,1.0129032258064516,52.5,32.03,16.72,1,2020,10,2,276,40,hot_dry
2020-10-03,1.0129032258064516,52.5,32.03,16.72,1,2020,10,3,277,40,hot_dry
2020-10-04,1.0129032258064516,52.5,32.03,16.72,1,2020,10,4,278,40,hot_dry
2020-10-05,1.0129032258064516,52.5,32.03,16.72,1,2020,10,5,279,41,hot_dry
2020-10-06,1.0129032258064516,52.5,32.03,16.72,1,2020,10,6,280,41,hot_dry
2020-10-07,1.0129032258064516,52.5,32.03,16.72,1,2020,10,7,281,41,hot_dry
2020-10-08,1.0129032258064516,52.5,32.03,16.72,1,2020,10,8,282,41,hot_dry
2020-10-09,1.0129032258064516,52.5,32.03,16.72,1,2020,10,9,283,41,hot_dry
2020-10-10,1.0129032258064516,52.5,32.03,16.72,1,2020,10,10,284,41,hot_dry
2020-10-11,1.0129032258064516,52.5,32.03,16.72,1,2020,10,11,285,41,hot_dry
2020-10-12,1.0129032258064516,52.5,32.03,16.72,1,2020,10,12,286,42,hot_dry
2020-10-13,1.0129032258064516,52.5,32.03,16.72,1,2020,10,13,287,42,hot_dry
2020-10-14,1.0129032258064516,52.5,32.03,16.72,1,2020,10,14,288,42,hot_dry
2020-10-15,1.0129032258064516,52.5,32.03,16.72,1,2020,10,15,289,42,hot_dry
2020-10-16,1.0129032258064516,52.5,32.03,16.72,1,2020,10,16,290,42,hot_dry
2020-10-17,1.0129032258064516,52.5,32.03,16.72,1,2020,10,17,291,42,hot_dry
2020-10-18,1.0129032258064516,52.5,32.03,16.72,1,2020,10,18,292,42,hot_dry
2020-10-19,1.0129032258064516,52.5,32.03,16.72,1,2020,10,19,293,43,hot_dry
2020-10-20,1.0129032258064516,52.5,32.03,16.72,1,2020,10,20,294,43,hot_dry
2020-10-21,1.0129032258064516,52.5,32.03,16.72,1,2020,10,21,295,43,hot_dry
2020-10-22,1.0129032258064516,52.5,32.03,16.72,1,2020,10,22,296,43,hot_dry
2020-10-23,1.0129032258064516,52.5,32.03,16.72,1,2020,10,23,297,43,hot_dry
2020-10-24,1.0129032258064516,52.5,32.03,16.72,1,2020,10,24,298,43,hot_dry
2020-10-25,1.0129032258064516,52.5,32.03,16.72,1,2020,10,25,299,43,hot_dry
2020-10-26,1.0129032258064516,52.5,32.03,16.72,1,2020,10,26,300,44,hot_dry
2020-10-27,1.0129032258064516,52.5,32.03,16.72,1,2020,10,27,301,44,hot_dry
2020-10-28,1.0129032258064516,52.5,32.03,16.72,1,2020,10,28,302,44,hot_dry
2020-10-29,1.0129032258064516,52.5,32.03,16.72,1,2020,10,29,303,44,hot_dry
2020-10-30,1.0129032258064516,52.5,32.03,16.72,1,2020,10,30,304,44,hot_dry
2020-10-31,1.0129032258064516,52.5,32.03,16.72,1,2020,10,31,305,44,hot_dry
2020-11-01,1.5033333333333334,60.77,32.3,18.56,1,2020,11,1,306,44,hot_rainy
2020-11-02,1.5033333333333334,60.77,32.3,18.56,1,2020,11,2,307,45,hot_rainy
2020-11-03,1.5033333333333334,60.77,32.3,18.56,1,2020,11,3,308,45,hot_rainy
2020-11-04,1.5033333333333334,60.77,32.3,18.56,1,2020,11,4,309,45,hot_rainy
2020-11-05,1.5033333333333334,60.77,32.3,18.56,1,2020,11,5,310,45,hot_rainy
2020-11-06,1.5033333333333334,60.77,32.3,18.56,1,2020,11,6,311,45,hot_rainy
2020-11-07,1.5033333333333334,60.77,32.3,18.56,1,2020,11,7,312,45,hot_rainy
2020-11-08,1.5033333333333334,60.77,32.3,18.56,1,2020,11,8,313,45,hot_rainy
2020-11-09,1.5033333333333334,60.77,32.3,18.56,1,2020,11,9,314,46,hot_rainy
2020-11-10,1.5033333333333334,60.77,32.3,18.56,1,2020,11,10,315,46,hot_rainy
2020-11-11,1.5033333333333334,60.77,32.3,18.56,1,2020,11,11,316,46,hot_rainy
2020-11-12,1.5033333333333334,60.77,32.3,18.56,1,2020,11,12,317,46,hot_rainy
2020-11-13,1.5033333333333334,60.77,32.3,18.56,1,2020,11,13,318,46,hot_rainy
2020-11-14,1.5033333333333334,60.77,32.3,18.56,1,2020,11,14,319,46,hot_rainy
2020-11-15,1.5033333333333334,60.77,32.3,18.56,1,2020,11,15,320,46,hot_rainy
2020-11-16,1.5033333333333334,60.77,32.3,18.56,1,2020,11,16,321,47,hot_rainy
2020-11-17,1.5033333333333334,60.77,32.3,18.56,1,2020,11,17,322,47,hot_rainy
2020-11-18,1.5033333333333334,60.77,32.3,18.56,1,2020,11,18,323,47,hot_rainy
2020-11-19,1.5033333333333334,60.77,32.3,18.56,1,2020,11,19,324,47,hot_rainy
2020-11-20,1.5033333333333334,60.77,32.3,18.56,1,2020,11,20,325,47,hot_rainy
2020-11-21,1.5033333333333334,60.77,32.3,18.56,1,2020,11,21,326,47,hot_rainy
2020-11-22,1.5033333333333334,60.77,32.3,18.56,1,2020,11,22,327,47,hot_rainy
2020-11-23,1.5033333333333334,60.77,32.3,18.56,1,2020,11,23,328,48,hot_rainy
2020-11-24,1.5033333333333334,60.77,32.3,18.56,1,2020,11,24,329,48,hot_rainy
2020-11-25,1.5033333333333334,60.77,32.3,18.56,1,2020,11,25,330,48,hot_rainy
2020-11-26,1.5033333333333334,60.77,32.3,18.56,1,2020,11,26,331,48,hot_rainy
2020-11-27,1.5033333333333334,60.77,32.3,18.56,1,2020,11,27,332,48,hot_rainy
2020-11-28,1.5033333333333334,60.77,32.3,18.56,1,2020,11,28,333,48,hot_rainy
2020-11-29,1.5033333333333334,60.77,32.3,18.56,1,2020,11,29,334,48,hot_rainy
2020-11-30,1.5033333333333334,60.77,32.3,18.56,1,2020,11,30,335,49,hot_rainy
2020-12-01,5.67741935483871,82.43,27.62,18.15,1,2020,12,1,336,49,hot_rainy
2020-12-02,5.67741935483871,82.43,27.62,18.15,1,2020,12,2,337,49,hot_rainy
2020-12-03,5.67741935483871,82.43,27.62,18.15,1,2020,12,3,338,49,hot_rainy
2020-12-04,5.67741935483871,82.43,27.62,18.15,1,2020,12,4,339,49,hot_rainy
2020-12-05,5.67741935483871,82.43,27.62,18.15,1,2020,12,5,340,49,hot_rainy
2020-12-06,5.67741935483871,82.43,27.62,18.15,1,2020,12,6,341,49,hot_rainy
2020-12-07,5.67741935483871,82.43,27.62,18.15,1,2020,12,7,342,50,hot_rainy
2020-12-08,5.67741935483871,82.43,27.62,18.15,1,2020,12,8,343,50,hot_rainy
2020-12-09,5.67741935483871,82.43,27.62,18.15,1,2020,12,9,344,50,hot_rainy
2020-12-10,5.67741935483871,82.43,27.62,18.15,1,2020,12,10,345,50,hot_rainy
2020-12-11,5.67741935483871,82.43,27.62,18.15,1,2020,12,11,346,50,hot_rainy
2020-12-12,5.67741935483871,82.43,27.62,18.15,1,2020,12,12,347,50,hot_rainy
2020-12-13,5.67741935483871,82.43,27.62,18.15,1,2020,12,13,348,50,hot_rainy
2020-12-14,5.67741935483871,82.43,27.62,18.15,1,2020,12,14,349,51,hot_rainy
2020-12-15,5.67741935483871,82.43,27.62,18.15,1,2020,12,15,350,51,hot_rainy
2020-12-16,5.67741935483871,82.43,27.62,18.15,1,2020,12,16,351,51,hot_rainy
2020-12-17,5.67741935483871,82.43,27.62,18.15,1,2020,12,17,352,51,hot_rainy
2020-12-18,5.67741935483871,82.43,27.62,18.15,1,2020,12,18,353,51,hot_rainy
2020-12-19,5.67741935483871,82.43,27.62,18.15,1,2020,12,19,354,51,hot_rainy
2020-12-20,5.67741935483871,82.43,27.62,18.15,1,2020,12,20,355,51,hot_rainy
2020-12-21,5.67741935483871,82.43,27.62,18.15,1,2020,12,21,356,52,hot_rainy
2020-12-22,5.67741935483871,82.43,27.62,18.15,1,2020,12,22,357,52,hot_rainy
2020-12-23,5.67741935483871,82.43,27.62,18.15,1,2020,12,23,358,52,hot_rainy
2020-12-24,5.67741935483871,82.43,27.62,18.15,1,2020,12,24,359,52,hot_rainy
2020-12-25,5.67741935483871,82.43,27.62,18.15,1,2020,12,25,360,52,hot_rainy
2020-12-26,5.67741935483871,82.43,27.62,18.15,1,2020,12,26,361,52,hot_rainy
2020-12-27,5.67741935483871,82.43,27.62,18.15,1,2020,12,27,362,52,hot_rainy
2020-12-28,5.67741935483871,82.43,27.62,18.15,1,2020,12,28,363,53,hot_rainy
2020-12-29,5.67741935483871,82.43,27.62,18.15,1,2020,12,29,364,53,hot_rainy
2020-12-30,5.67741935483871,82.43,27.62,18.15,1,2020,12,30,365,53,hot_rainy
2020-12-31,5.67741935483871,82.43,27.62,18.15,1,2020,12,31,366,53,hot_rainy
2021-01-01,3.92258064516129,84.13,27.25,17.35642857142857,1,2021,1,1,1,53,hot_rainy
2021-01-02,3.92258064516129,84.13,27.25,17.35642857142857,1,2021,1,2,2,53,hot_rainy
2021-01-03,3.92258064516129,84.13,27.25,17.35642857142857,1,2021,1,3,3,53,hot_rainy
2021-01-04,3.92258064516129,84.13,27.25,17.35642857142857,1,2021,1,4,4,1,hot_rainy
2021-01-05,3.92258064516129,84.13,27.25,17.35642857142857,1,2021,1,5,5,1,hot_rainy
2021-01-06,3.92258064516129,84.13,27.25,17.35642857142857,1,2021,1,6,6,1,hot_rainy
2021-01-07,3.92258064516129,84.13,27.25,17.35642857142857,1,2021,1,7,7,1,hot_rainy
2021-01-08,3.92258064516129,84.13,27.25,17.35642857142857,1,2021,1,8,8,1,hot_rainy
2021-01-09,3.92258064516129,84.13,27.25,17.35642857142857,1,2021,1,9,9,1,hot_rainy
2021-01-10,3.92258064516129,84.13,27.25,17.35642857142857,1,2021,1,10,10,1,hot_rainy
2021-01-11,3.92258064516129,84.13,27.25,17.35642857142857,1,2021,1,11,11,2,hot_rainy
2021-01-12,3.92258064516129,84.13,27.25,17.35642857142857,1,2021,1,12,12,2,hot_rainy
2021-01-13,3.92258064516129,84.13,27.25,17.35642857142857,1,2021,1,13,13,2,hot_rainy
2021-01-14,3.92258064516129,84.13,27.25,17.35642857142857,1,2021,1,14,14,2,hot_rainy
2021-01-15,3.92258064516129,84.13,27.25,17.35642857142857,1,2021,1,15,15,2,hot_rainy
2021-01-16,3.92258064516129,84.13,27.25,17.35642857142857,1,2021,1,16,16,2,hot_rainy
2021-01-17,3.92258064516129,84.13,27.25,17.35642857142857,1,2021,1,17,17,2,hot_rainy
2021-01-18,3.92258064516129,84.13,27.25,17.35642857142857,1,2021,1,18,18,3,hot_rainy
2021-01-19,3.92258064516129,84.13,27.25,17.35642857142857,1,2021,1,19,19,3,hot_rainy
2021-01-20,3.92258064516129,84.13,27.25,17.35642857142857,1,2021,1,20,20,3,hot_rainy
2021-01-21,3.92258064516129,84.13,27.25,17.35642857142857,1,2021,1,21,21,3,hot_rainy
2021-01-22,3.92258064516129,84.13,27.25,17.35642857142857,1,2021,1,22,22,3,hot_rainy
2021-01-23,3.92258064516129,84.13,27.25,17.35642857142857,1,2021,1,23,23,3,hot_rainy
2021-01-24,3.92258064516129,84.13,27.25,17.35642857142857,1,2021,1,24,24,3,hot_rainy
2021-01-25,3.92258064516129,84.13,27.25,17.35642857142857,1,2021,1,25,25,4,hot_rainy
2021-01-26,3.92258064516129,84.13,27.25,17.35642857142857,1,2021,1,26,26,4,hot_rainy
2021-01-27,3.92258064516129,84.13,27.25,17.35642857142857,1,2021,1,27,27,4,hot_rainy
2021-01-28,3.92258064516129,84.13,27.25,17.35642857142857,1,2021,1,28,28,4,hot_rainy
2021-01-29,3.92258064516129,84.13,27.25,17.35642857142857,1,2021,1,29,29,4,hot_rainy
2021-01-30,3.92258064516129,84.13,27.25,17.35642857142857,1,2021,1,30,30,4,hot_rainy
2021-01-31,3.92258064516129,84.13,27.25,17.35642857142857,1,2021,1,31,31,4,hot_rainy
2021-02-01,5.271428571428571,82.32,27.1,17.8,1,2021,2,1,32,5,hot_rainy
2021-02-02,5.271428571428571,82.32,27.1,17.8,1,2021,2,2,33,5,hot_rainy
2021-02-03,5.271428571428571,82.32,27.1,17.8,1,2021,2,3,34,5,hot_rainy
2021-02-04,5.271428571428571,82.32,27.1,17.8,1,2021,2,4,35,5,hot_rainy
2021-02-05,5.271428571428571,82.32,27.1,17.8,1,2021,2,5,36,5,hot_rainy
2021-02-06,5.271428571428571,82.32,27.1,17.8,1,2021,2,6,37,5,hot_rainy
2021-02-07,5.271428571428571,82.32,27.1,17.8,1,2021,2,7,38,5,hot_rainy
2021-02-08,5.271428571428571,82.32,27.1,17.8,1,2021,2,8,39,6,hot_rainy
2021-02-09,5.271428571428571,82.32,27.1,17.8,1,2021,2,9,40,6,hot_rainy
2021-02-10,5.271428571428571,82.32,27.1,17.8,1,2021,2,10,41,6,hot_rainy
2021-02-11,5.271428571428571,82.32,27.1,17.8,1,2021,2,11,42,6,hot_rainy
2021-02-12,5.271428571428571,82.32,27.1,17.8,1,2021,2,12,43,6,hot_rainy
2021-02-13,5.271428571428571,82.32,27.1,17.8,1,2021,2,13,44,6,hot_rainy
2021-02-14,5.271428571428571,82.32,27.1,17.8,1,2021,2,14,45,6,hot_rainy
2021-02-15,5.271428571428571,82.32,27.1,17.8,1,2021,2,15,46,7,hot_rainy
2021-02-16,5.271428571428571,82.32,27.1,17.8,1,2021,2,16,47,7,hot_rainy
2021-02-17,5.271428571428571,82.32,27.1,17.8,1,2021,2,17,48,7,hot_rainy
2021-02-18,5.271428571428571,82.32,27.1,17.8,1,2021,2,18,49,7,hot_rainy
2021-02-19,5.271428571428571,82.32,27.1,17.8,1,2021,2,19,50,7,hot_rainy
2021-02-20,5.271428571428571,82.32,27.1,17.8,1,2021,2,20,51,7,hot_rainy
2021-02-21,5.271428571428571,82.32,27.1,17.8,1,2021,2,21,52,7,hot_rainy
2021-02-22,5.271428571428571,82.32,27.1,17.8,1,2021,2,22,53,8,hot_rainy
2021-02-23,5.271428571428571,82.32,27.1,17.8,1,2021,2,23,54,8,hot_rainy
2021-02-24,5.271428571428571,82.32,27.1,17.8,1,2021,2,24,55,8,hot_rainy
2021-02-25,5.271428571428571,82.32,27.1,17.8,1,2021,2,25,56,8,hot_rainy
2021-02-26,5.271428571428571,82.32,27.1,17.8,1,2021,2,26,57,8,hot_rainy
2021-02-27,5.271428571428571,82.32,27.1,17.8,1,2021,2,27,58,8,hot_rainy
2021-02-28,5.271428571428571,82.32,27.1,17.8,1,2021,2,28,59,8,hot_rainy
2021-03-01,0.967741935483871,80.57,26.93,15.67,0,2021,3,1,60,9,hot_rainy
2021-03-02,0.967741935483871,80.57,26.93,15.67,0,2021,3,2,61,9,hot_rainy
2021-03-03,0.967741935483871,80.57,26.93,15.67,0,2021,3,3,62,9,hot_rainy
2021-03-04,0.967741935483871,80.57,26.93,15.67,0,2021,3,4,63,9,hot_rainy
2021-03-05,0.967741935483871,80.57,26.93,15.67,0,2021,3,5,64,9,hot_rainy
2021-03-06,0.967741935483871,80.57,26.93,15.67,0,2021,3,6,65,9,hot_rainy
2021-03-07,0.967741935483871,80.57,26.93,15.67,0,2021,3,7,66,9,hot_rainy
2021-03-08,0.967741935483871,80.57,26.93,15.67,0,2021,3,8,67,10,hot_rainy
2021-03-09,0.967741935483871,80.57,26.93,15.67,0,2021,3,9,68,10,hot_rainy
2021-03-10,0.967741935483871,80.57,26.93,15.67,0,2021,3,10,69,10,hot_rainy
2021-03-11,0.967741935483871,80.57,26.93,15.67,0,2021,3,11,70,10,hot_rainy
2021-03-12,0.967741935483871,80.57,26.93,15.67,0,2021,3,12,71,10,hot_rainy
2021-03-13,0.967741935483871,80.57,26.93,15.67,0,2021,3,13,72,10,hot_rainy
2021-03-14,0.967741935483871,80.57,26.93,15.67,0,2021,3,14,73,10,hot_rainy
2021-03-15,0.967741935483871,80.57,26.93,15.67,0,2021,3,15,74,11,hot_rainy
2021-03-16,0.967741935483871,80.57,26.93,15.67,0,2021,3,16,75,11,hot_rainy
2021-03-17,0.967741935483871,80.57,26.93,15.67,0,2021,3,17,76,11,hot_rainy
2021-03-18,0.967741935483871,80.57,26.93,15.67,0,2021,3,18,77,11,hot_rainy
2021-03-19,0.967741935483871,80.57,26.93,15.67,0,2021,3,19,78,11,hot_rainy
2021-03-20,0.967741935483871,80.57,26.93,15.67,0,2021,3,20,79,11,hot_rainy
2021-03-21,0.967741935483871,80.57,26.93,15.67,0,2021,3,21,80,11,hot_rainy
2021-03-22,0.967741935483871,80.57,26.93,15.67,0,2021,3,22,81,12,hot_rainy
2021-03-23,0.967741935483871,80.57,26.93,15.67,0,2021,3,23,82,12,hot_rainy
2021-03-24,0.967741935483871,80.57,26.93,15.67,0,2021,3,24,83,12,hot_rainy
2021-03-25,0.967741935483871,80.57,26.93,15.67,0,2021,3,25,84,12,hot_rainy
2021-03-26,0.967741935483871,80.57,26.93,15.67,0,2021,3,26,85,12,hot_rainy
2021-03-27,0.967741935483871,80.57,26.93,15.67,0,2021,3,27,86,12,hot_rainy
2021-03-28,0.967741935483871,80.57,26.93,15.67,0,2021,3,28,87,12,hot_rainy
2021-03-29,0.967741935483871,80.57,26.93,15.67,0,2021,3,29,88,13,hot_rainy
2021-03-30,0.967741935483871,80.57,26.93,15.67,0,2021,3,30,89,13,hot_rainy
2021-03-31,0.967741935483871,80.57,26.93,15.67,0,2021,3,31,90,13,hot_rainy
2021-04-01,0.06333333333333332,68.03,26.65,12.12,0,2021,4,1,91,13,hot_rainy
2021-04-02,0.06333333333333332,68.03,26.65,12.12,0,2021,4,2,92,13,hot_rainy
2021-04-03,0.06333333333333332,68.03,26.65,12.12,0,2021,4,3,93,13,hot_rainy
2021-04-04,0.06333333333333332,68.03,26.65,12.12,0,2021,4,4,94,13,hot_rainy
2021-04-05,0.06333333333333332,68.03,26.65,12.12,0,2021,4,5,95,14,hot_rainy
2021-04-06,0.06333333333333332,68.03,26.65,12.12,0,2021,4,6,96,14,hot_rainy
2021-04-07,0.06333333333333332,68.03,26.65,12.12,0,2021,4,7,97,14,hot_rainy
2021-04-08,0.06333333333333332,68.03,26.65,12.12,0,2021,4,8,98,14,hot_rainy
2021-04-09,0.06333333333333332,68.03,26.65,12.12,0,2021,4,9,99,14,hot_rainy
2021-04-10,0.06333333333333332,68.03,26.65,12.12,0,2021,4,10,100,14,hot_rainy
2021-04-11,0.06333333333333332,68.03,26.65,12.12,0,2021,4,11,101,14,hot_rainy
2021-04-12,0.06333333333333332,68.03,26.65,12.12,0,2021,4,12,102,15,hot_rainy
2021-04-13,0.06333333333333332,68.03,26.65,12.12,0,2021,4,13,103,15,hot_rainy
2021-04-14,0.06333333333333332,68.03,26.65,12.12,0,2021,4,14,104,15,hot_rainy
2021-04-15,0.06333333333333332,68.03,26.65,12.12,0,2021,4,15,105,15,hot_rainy
2021-04-16,0.06333333333333332,68.03,26.65,12.12,0,2021,4,16,106,15,hot_rainy
2021-04-17,0.06333333333333332,68.03,26.65,12.12,0,2021,4,17,107,15,hot_rainy
2021-04-18,0.06333333333333332,68.03,26.65,12.12,0,2021,4,18,108,15,hot_rainy
2021-04-19,0.06333333333333332,68.03,26.65,12.12,0,2021,4,19,109,16,hot_rainy
2021-04-20,0.06333333333333332,68.03,26.65,12.12,0,2021,4,20,110,16,hot_rainy
2021-04-21,0.06333333333333332,68.03,26.65,12.12,0,2021,4,21,111,16,hot_rainy
2021-04-22,0.06333333333333332,68.03,26.65,12.12,0,2021,4,22,112,16,hot_rainy
2021-04-23,0.06333333333333332,68.03,26.65,12.12,0,2021,4,23,113,16,hot_rainy
2021-04-24,0.06333333333333332,68.03,26.65,12.12,0,2021,4,24,114,16,hot_rainy
2021-04-25,0.06333333333333332,68.03,26.65,12.12,0,2021,4,25,115,16,hot_rainy
2021-04-26,0.06333333333333332,68.03,26.65,12.12,0,2021,4,26,116,17,hot_rainy
2021-04-27,0.06333333333333332,68.03,26.65,12.12,0,2021,4,27,117,17,hot_rainy
2021-04-28,0.06333333333333332,68.03,26.65,12.12,0,2021,4,28,118,17,hot_rainy
2021-04-29,0.06333333333333332,68.03,26.65,12.12,0,2021,4,29,119,17,hot_rainy
2021-04-30,0.06333333333333332,68.03,26.65,12.12,0,2021,4,30,120,17,hot_rainy
2021-05-01,0.04516129032258064,65.13,24.86,8.1,0,2021,5,1,121,17,cool_dry
2021-05-02,0.04516129032258064,65.13,24.86,8.1,0,2021,5,2,122,17,cool_dry
2021-05-03,0.04516129032258064,65.13,24.86,8.1,0,2021,5,3,123,18,cool_dry
2021-05-04,0.04516129032258064,65.13,24.86,8.1,0,2021,5,4,124,18,cool_dry
2021-05-05,0.04516129032258064,65.13,24.86,8.1,0,2021,5,5,125,18,cool_dry
2021-05-06,0.04516129032258064,65.13,24.86,8.1,0,2021,5,6,126,18,cool_dry
2021-05-07,0.04516129032258064,65.13,24.86,8.1,0,2021,5,7,127,18,cool_dry
2021-05-08,0.04516129032258064,65.13,24.86,8.1,0,2021,5,8,128,18,cool_dry
2021-05-09,0.04516129032258064,65.13,24.86,8.1,0,2021,5,9,129,18,cool_dry
2021-05-10,0.04516129032258064,65.13,24.86,8.1,0,2021,5,10,130,19,cool_dry
2021-05-11,0.04516129032258064,65.13,24.86,8.1,0,2021,5,11,131,19,cool_dry
2021-05-12,0.04516129032258064,65.13,24.86,8.1,0,2021,5,12,132,19,cool_dry
2021-05-13,0.04516129032258064,65.13,24.86,8.1,0,2021,5,13,133,19,cool_dry
2021-05-14,0.04516129032258064,65.13,24.86,8.1,0,2021,5,14,134,19,cool_dry
2021-05-15,0.04516129032258064,65.13,24.86,8.1,0,2021,5,15,135,19,cool_dry
2021-05-16,0.04516129032258064,65.13,24.86,8.1,0,2021,5,16,136,19,cool_dry
2021-05-17,0.04516129032258064,65.13,24.86,8.1,0,2021,5,17,137,20,cool_dry
2021-05-18,0.04516129032258064,65.13,24.86,8.1,0,2021,5,18,138,20,cool_dry
2021-05-19,0.04516129032258064,65.13,24.86,8.1,0,2021,5,19,139,20,cool_dry
2021-05-20,0.04516129032258064,65.13,24.86,8.1,0,2021,5,20,140,20,cool_dry
2021-05-21,0.04516129032258064,65.13,24.86,8.1,0,2021,5,21,141,20,cool_dry
2021-05-22,0.04516129032258064,65.13,24.86,8.1,0,2021,5,22,142,20,cool_dry
2021-05-23,0.04516129032258064,65.13,24.86,8.1,0,2021,5,23,143,20,cool_dry
2021-05-24,0.04516129032258064,65.13,24.86,8.1,0,2021,5,24,144,21,cool_dry
2021-05-25,0.04516129032258064,65.13,24.86,8.1,0,2021,5,25,145,21,cool_dry
2021-05-26,0.04516129032258064,65.13,24.86,8.1,0,2021,5,26,146,21,cool_dry
2021-05-27,0.04516129032258064,65.13,24.86,8.1,0,2021,5,27,147,21,cool_dry
2021-05-28,0.04516129032258064,65.13,24.86,8.1,0,2021,5,28,148,21,cool_dry
2021-05-29,0.04516129032258064,65.13,24.86,8.1,0,2021,5,29,149,21,cool_dry
2021-05-30,0.04516129032258064,65.13,24.86,8.1,0,2021,5,30,150,21,cool_dry
2021-05-31,0.04516129032258064,65.13,24.86,8.1,0,2021,5,31,151,22,cool_dry
2021-06-01,0.0,61.73,23.22,5.52,0,2021,6,1,152,22,cool_dry
2021-06-02,0.0,61.73,23.22,5.52,0,2021,6,2,153,22,cool_dry
2021-06-03,0.0,61.73,23.22,5.52,0,2021,6,3,154,22,cool_dry
2021-06-04,0.0,61.73,23.22,5.52,0,2021,6,4,155,22,cool_dry
2021-06-05,0.0,61.73,23.22,5.52,0,2021,6,5,156,22,cool_dry
2021-06-06,0.0,61.73,23.22,5.52,0,2021,6,6,157,22,cool_dry
2021-06-07,0.0,61.73,23.22,5.52,0,2021,6,7,158,23,cool_dry
2021-06-08,0.0,61.73,23.22,5.52,0,2021,6,8,159,23,cool_dry
2021-06-09,0.0,61.73,23.22,5.52,0,2021,6,9,160,23,cool_dry
2021-06-10,0.0,61.73,23.22,5.52,0,2021,6,10,161,23,cool_dry
2021-06-11,0.0,61.73,23.22,5.52,0,2021,6,11,162,23,cool_dry
2021-06-12,0.0,61.73,23.22,5.52,0,2021,6,12,163,23,cool_dry
2021-06-13,0.0,61.73,23.22,5.52,0,2021,6,13,164,23,cool_dry
2021-06-14,0.0,61.73,23.22,5.52,0,2021,6,14,165,24,cool_dry
2021-06-15,0.0,61.73,23.22,5.52,0,2021,6,15,166,24,cool_dry
2021-06-16,0.0,61.73,23.22,5.52,0,2021,6,16,167,24,cool_dry
2021-06-17,0.0,61.73,23.22,5.52,0,2021,6,17,168,24,cool_dry
2021-06-18,0.0,61.73,23.22,5.52,0,2021,6,18,169,24,cool_dry
2021-06-19,0.0,61.73,23.22,5.52,0,2021,6,19,170,24,cool_dry
2021-06-20,0.0,61.73,23.22,5.52,0,2021,6,20,171,24,cool_dry
2021-06-21,0.0,61.73,23.22,5.52,0,2021,6,21,172,25,cool_dry
2021-06-22,0.0,61.73,23.22,5.52,0,2021,6,22,173,25,cool_dry
2021-06-23,0.0,61.73,23.22,5.52,0,2021,6,23,174,25,cool_dry
2021-06-24,0.0,61.73,23.22,5.52,0,2021,6,24,175,25,cool_dry
2021-06-25,0.0,61.73,23.22,5.52,0,2021,6,25,176,25,cool_dry
2021-06-26,0.0,61.73,23.22,5.52,0,2021,6,26,177,25,cool_dry
2021-06-27,0.0,61.73,23.22,5.52,0,2021,6,27,178,25,cool_dry
2021-06-28,0.0,61.73,23.22,5.52,0,2021,6,28,179,26,cool_dry
2021-06-29,0.0,61.73,23.22,5.52,0,2021,6,29,180,26,cool_dry
2021-06-30,0.0,61.73,23.22,5.52,0,2021,6,30,181,26,cool_dry
2021-07-01,0.0,60.17,22.77,5.42,0,2021,7,1,182,26,cool_dry
2021-07-02,0.0,60.17,22.77,5.42,0,2021,7,2,183,26,cool_dry
2021-07-03,0.0,60.17,22.77,5.42,0,2021,7,3,184,26,cool_dry
2021-07-04,0.0,60.17,22.77,5.42,0,2021,7,4,185,26,cool_dry
2021-07-05,0.0,60.17,22.77,5.42,0,2021,7,5,186,27,cool_dry
2021-07-06,0.0,60.17,22.77,5.42,0,2021,7,6,187,27,cool_dry
2021-07-07,0.0,60.17,22.77,5.42,0,2021,7,7,188,27,cool_dry
2021-07-08,0.0,60.17,22.77,5.42,0,2021,7,8,189,27,cool_dry
2021-07-09,0.0,60.17,22.77,5.42,0,2021,7,9,190,27,cool_dry
2021-07-10,0.0,60.17,22.77,5.42,0,2021,7,10,191,27,cool_dry
2021-07-11,0.0,60.17,22.77,5.42,0,2021,7,11,192,27,cool_dry
2021-07-12,0.0,60.17,22.77,5.42,0,2021,7,12,193,28,cool_dry
2021-07-13,0.0,60.17,22.77,5.42,0,2021,7,13,194,28,cool_dry
2021-07-14,0.0,60.17,22.77,5.42,0,2021,7,14,195,28,cool_dry
2021-07-15,0.0,60.17,22.77,5.42,0,2021,7,15,196,28,cool_dry
2021-07-16,0.0,60.17,22.77,5.42,0,2021,7,16,197,28,cool_dry
2021-07-17,0.0,60.17,22.77,5.42,0,2021,7,17,198,28,cool_dry
2021-07-18,0.0,60.17,22.77,5.42,0,2021,7,18,199,28,cool_dry
2021-07-19,0.0,60.17,22.77,5.42,0,2021,7,19,200,29,cool_dry
2021-07-20,0.0,60.17,22.77,5.42,0,2021,7,20,201,29,cool_dry
2021-07-21,0.0,60.17,22.77,5.42,0,2021,7,21,202,29,cool_dry
2021-07-22,0.0,60.17,22.77,5.42,0,2021,7,22,203,29,cool_dry
2021-07-23,0.0,60.17,22.77,5.42,0,2021,7,23,204,29,cool_dry
2021-07-24,0.0,60.17,22.77,5.42,0,2021,7,24,205,29,cool_dry
2021-07-25,0.0,60.17,22.77,5.42,0,2021,7,25,206,29,cool_dry
2021-07-26,0.0,60.17,22.77,5.42,0,2021,7,26,207,30,cool_dry
2021-07-27,0.0,60.17,22.77,5.42,0,2021,7,27,208,30,cool_dry
2021-07-28,0.0,60.17,22.77,5.42,0,2021,7,28,209,30,cool_dry
2021-07-29,0.0,60.17,22.77,5.42,0,2021,7,29,210,30,cool_dry
2021-07-30,0.0,60.17,22.77,5.42,0,2021,7,30,211,30,cool_dry
2021-07-31,0.0,60.17,22.77,5.42,0,2021,7,31,212,30,cool_dry
2021-08-01,0.0,52.39,27.21,9.01,0,2021,8,1,213,30,cool_dry
2021-08-02,0.0,52.39,27.21,9.01,0,2021,8,2,214,31,cool_dry
2021-08-03,0.0,52.39,27.21,9.01,0,2021,8,3,215,31,cool_dry
2021-08-04,0.0,52.39,27.21,9.01,0,2021,8,4,216,31,cool_dry
2021-08-05,0.0,52.39,27.21,9.01,0,2021,8,5,217,31,cool_dry
2021-08-06,0.0,52.39,27.21,9.01,0,2021,8,6,218,31,cool_dry
2021-08-07,0.0,52.39,27.21,9.01,0,2021,8,7,219,31,cool_dry
2021-08-08,0.0,52.39,27.21,9.01,0,2021,8,8,220,31,cool_dry
2021-08-09,0.0,52.39,27.21,9.01,0,2021,8,9,221,32,cool_dry
2021-08-10,0.0,52.39,27.21,9.01,0,2021,8,10,222,32,cool_dry
2021-08-11,0.0,52.39,27.21,9.01,0,2021,8,11,223,32,cool_dry
2021-08-12,0.0,52.39,27.21,9.01,0,2021,8,12,224,32,cool_dry
2021-08-13,0.0,52.39,27.21,9.01,0,2021,8,13,225,32,cool_dry
2021-08-14,0.0,52.39,27.21,9.01,0,2021,8,14,226,32,cool_dry
2021-08-15,0.0,52.39,27.21,9.01,0,2021,8,15,227,32,cool_dry
2021-08-16,0.0,52.39,27.21,9.01,0,2021,8,16,228,33,cool_dry
2021-08-17,0.0,52.39,27.21,9.01,0,2021,8,17,229,33,cool_dry
2021-08-18,0.0,52.39,27.21,9.01,0,2021,8,18,230,33,cool_dry
2021-08-19,0.0,52.39,27.21,9.01,0,2021,8,19,231,33,cool_dry
2021-08-20,0.0,52.39,27.21,9.01,0,2021,8,20,232,33,cool_dry
2021-08-21,0.0,52.39,27.21,9.01,0,2021,8,21,233,33,cool_dry
2021-08-22,0.0,52.39,27.21,9.01,0,2021,8,22,234,33,cool_dry
2021-08-23,0.0,52.39,27.21,9.01,0,2021,8,23,235,34,cool_dry
2021-08-24,0.0,52.39,27.21,9.01,0,2021,8,24,236,34,cool_dry
2021-08-25,0.0,52.39,27.21,9.01,0,2021,8,25,237,34,cool_dry
2021-08-26,0.0,52.39,27.21,9.01,0,2021,8,26,238,34,cool_dry
2021-08-27,0.0,52.39,27.21,9.01,0,2021,8,27,239,34,cool_dry
2021-08-28,0.0,52.39,27.21,9.01,0,2021,8,28,240,34,cool_dry
2021-08-29,0.0,52.39,27.21,9.01,0,2021,8,29,241,34,cool_dry
2021-08-30,0.0,52.39,27.21,9.01,0,2021,8,30,242,35,cool_dry
2021-08-31,0.0,52.39,27.21,9.01,0,2021,8,31,243,35,cool_dry
2021-09-01,0.0,49.33,31.05,13.6,0,2021,9,1,244,35,hot_dry
2021-09-02,0.0,49.33,31.05,13.6,0,2021,9,2,245,35,hot_dry
2021-09-03,0.0,49.33,31.05,13.6,0,2021,9,3,246,35,hot_dry
2021-09-04,0.0,49.33,31.05,13.6,0,2021,9,4,247,35,hot_dry
2021-09-05,0.0,49.33,31.05,13.6,0,2021,9,5,248,35,hot_dry
2021-09-06,0.0,49.33,31.05,13.6,0,2021,9,6,249,36,hot_dry
2021-09-07,0.0,49.33,31.05,13.6,0,2021,9,7,250,36,hot_dry
2021-09-08,0.0,49.33,31.05,13.6,0,2021,9,8,251,36,hot_dry
2021-09-09,0.0,49.33,31.05,13.6,0,2021,9,9,252,36,hot_dry
2021-09-10,0.0,49.33,31.05,13.6,0,2021,9,10,253,36,hot_dry
2021-09-11,0.0,49.33,31.05,13.6,0,2021,9,11,254,36,hot_dry
2021-09-12,0.0,49.33,31.05,13.6,0,2021,9,12,255,36,hot_dry
2021-09-13,0.0,49.33,31.05,13.6,0,2021,9,13,256,37,hot_dry
2021-09-14,0.0,49.33,31.05,13.6,0,2021,9,14,257,37,hot_dry
2021-09-15,0.0,49.33,31.05,13.6,0,2021,9,15,258,37,hot_dry
2021-09-16,0.0,49.33,31.05,13.6,0,2021,9,16,259,37,hot_dry
2021-09-17,0.0,49.33,31.05,13.6,0,2021,9,17,260,37,hot_dry
2021-09-18,0.0,49.33,31.05,13.6,0,2021,9,18,261,37,hot_dry
2021-09-19,0.0,49.33,31.05,13.6,0,2021,9,19,262,37,hot_dry
2021-09-20,0.0,49.33,31.05,13.6,0,2021,9,20,263,38,hot_dry
2021-09-21,0.0,49.33,31.05,13.6,0,2021,9,21,264,38,hot_dry
2021-09-22,0.0,49.33,31.05,13.6,0,2021,9,22,265,38,hot_dry
2021-09-23,0.0,49.33,31.05,13.6,0,2021,9,23,266,38,hot_dry
2021-09-24,0.0,49.33,31.05,13.6,0,2021,9,24,267,38,hot_dry
2021-09-25,0.0,49.33,31.05,13.6,0,2021,9,25,268,38,hot_dry
2021-09-26,0.0,49.33,31.05,13.6,0,2021,9,26,269,38,hot_dry
2021-09-27,0.0,49.33,31.05,13.6,0,2021,9,27,270,39,hot_dry
2021-09-28,0.0,49.33,31.05,13.6,0,2021,9,28,271,39,hot_dry
2021-09-29,0.0,49.33,31.05,13.6,0,2021,9,29,272,39,hot_dry
2021-09-30,0.0,49.33,31.05,13.6,0,2021,9,30,273,39,hot_dry
2021-10-01,0.38761706555671177,44.34952380952381,32.03296296296296,16.126923076923077,0,2021,10,1,274,39,hot_dry
2021-10-02,0.38761706555671177,44.34952380952381,32.03296296296296,16.126923076923077,0,2021,10,2,275,39,hot_dry
2021-10-03,0.38761706555671177,44.34952380952381,32.03296296296296,16.126923076923077,0,2021,10,3,276,39,hot_dry
2021-10-04,0.38761706555671177,44.34952380952381,32.03296296296296,16.126923076923077,0,2021,10,4,277,40,hot_dry
2021-10-05,0.38761706555671177,44.34952380952381,32.03296296296296,16.126923076923077,0,2021,10,5,278,40,hot_dry
2021-10-06,0.38761706555671177,44.34952380952381,32.03296296296296,16.126923076923077,0,2021,10,6,279,40,hot_dry
2021-10-07,0.38761706555671177,44.34952380952381,32.03296296296296,16.126923076923077,0,2021,10,7,280,40,hot_dry
2021-10-08,0.38761706555671177,44.34952380952381,32.03296296296296,16.126923076923077,0,2021,10,8,281,40,hot_dry
2021-10-09,0.38761706555671177,44.34952380952381,32.03296296296296,16.126923076923077,0,2021,10,9,282,40,hot_dry
2021-10-10,0.38761706555671177,44.34952380952381,32.03296296296296,16.126923076923077,0,2021,10,10,283,40,hot_dry
2021-10-11,0.38761706555671177,44.34952380952381,32.03296296296296,16.126923076923077,0,2021,10,11,284,41,hot_dry
2021-10-12,0.38761706555671177,44.34952380952381,32.03296296296296,16.126923076923077,0,2021,10,12,285,41,hot_dry
2021-10-13,0.38761706555671177,44.34952380952381,32.03296296296296,16.126923076923077,0,2021,10,13,286,41,hot_dry
2021-10-14,0.38761706555671177,44.34952380952381,32.03296296296296,16.126923076923077,0,2021,10,14,287,41,hot_dry
2021-10-15,0.38761706555671177,44.34952380952381,32.03296296296296,16.126923076923077,0,2021,10,15,288,41,hot_dry
2021-10-16,0.38761706555671177,44.34952380952381,32.03296296296296,16.126923076923077,0,2021,10,16,289,41,hot_dry
2021-10-17,0.38761706555671177,44.34952380952381,32.03296296296296,16.126923076923077,0,2021,10,17,290,41,hot_dry
2021-10-18,0.38761706555671177,44.34952380952381,32.03296296296296,16.126923076923077,0,2021,10,18,291,42,hot_dry
2021-10-19,0.38761706555671177,44.34952380952381,32.03296296296296,16.126923076923077,0,2021,10,19,292,42,hot_dry
2021-10-20,0.38761706555671177,44.34952380952381,32.03296296296296,16.126923076923077,0,2021,10,20,293,42,hot_dry
2021-10-21,0.38761706555671177,44.34952380952381,32.03296296296296,16.126923076923077,0,2021,10,21,294,42,hot_dry
2021-10-22,0.38761706555671177,44.34952380952381,32.03296296296296,16.126923076923077,0,2021,10,22,295,42,hot_dry
2021-10-23,0.38761706555671177,44.34952380952381,32.03296296296296,16.126923076923077,0,2021,10,23,296,42,hot_dry
2021-10-24,0.38761706555671177,44.34952380952381,32.03296296296296,16.126923076923077,0,2021,10,24,297,42,hot_dry
2021-10-25,0.38761706555671177,44.34952380952381,32.03296296296296,16.126923076923077,0,2021,10,25,298,43,hot_dry
2021-10-26,0.38761706555671177,44.34952380952381,32.03296296296296,16.126923076923077,0,2021,10,26,299,43,hot_dry
2021-10-27,0.38761706555671177,44.34952380952381,32.03296296296296,16.126923076923077,0,2021,10,27,300,43,hot_dry
2021-10-28,0.38761706555671177,44.34952380952381,32.03296296296296,16.126923076923077,0,2021,10,28,301,43,hot_dry
2021-10-29,0.38761706555671177,44.34952380952381,32.03296296296296,16.126923076923077,0,2021,10,29,302,43,hot_dry
2021-10-30,0.38761706555671177,44.34952380952381,32.03296296296296,16.126923076923077,0,2021,10,30,303,43,hot_dry
2021-10-31,0.38761706555671177,44.34952380952381,32.03296296296296,16.126923076923077,0,2021,10,31,304,43,hot_dry
2021-11-01,2.511,58.865454545454554,30.724482758620688,17.476071428571426,1,2021,11,1,305,44,hot_rainy
2021-11-02,2.511,58.865454545454554,30.724482758620688,17.476071428571426,1,2021,11,2,306,44,hot_rainy
2021-11-03,2.511,58.865454545454554,30.724482758620688,17.476071428571426,1,2021,11,3,307,44,hot_rainy
2021-11-04,2.511,58.865454545454554,30.724482758620688,17.476071428571426,1,2021,11,4,308,44,hot_rainy
2021-11-05,2.511,58.865454545454554,30.724482758620688,17.476071428571426,1,2021,11,5,309,44,hot_rainy
2021-11-06,2.511,58.865454545454554,30.724482758620688,17.476071428571426,1,2021,11,6,310,44,hot_rainy
2021-11-07,2.511,58.865454545454554,30.724482758620688,17.476071428571426,1,2021,11,7,311,44,hot_rainy
2021-11-08,2.511,58.865454545454554,30.724482758620688,17.476071428571426,1,2021,11,8,312,45,hot_rainy
2021-11-09,2.511,58.865454545454554,30.724482758620688,17.476071428571426,1,2021,11,9,313,45,hot_rainy
2021-11-10,2.511,58.865454545454554,30.724482758620688,17.476071428571426,1,2021,11,10,314,45,hot_rainy
2021-11-11,2.511,58.865454545454554,30.724482758620688,17.476071428571426,1,2021,11,11,315,45,hot_rainy
2021-11-12,2.511,58.865454545454554,30.724482758620688,17.476071428571426,1,2021,11,12,316,45,hot_rainy
2021-11-13,2.511,58.865454545454554,30.724482758620688,17.476071428571426,1,2021,11,13,317,45,hot_rainy
2021-11-14,2.511,58.865454545454554,30.724482758620688,17.476071428571426,1,2021,11,14,318,45,hot_rainy
2021-11-15,2.511,58.865454545454554,30.724482758620688,17.476071428571426,1,2021,11,15,319,46,hot_rainy
2021-11-16,2.511,58.865454545454554,30.724482758620688,17.476071428571426,1,2021,11,16,320,46,hot_rainy
2021-11-17,2.511,58.865454545454554,30.724482758620688,17.476071428571426,1,2021,11,17,321,46,hot_rainy
2021-11-18,2.511,58.865454545454554,30.724482758620688,17.476071428571426,1,2021,11,18,322,46,hot_rainy
2021-11-19,2.511,58.865454545454554,30.724482758620688,17.476071428571426,1,2021,11,19,323,46,hot_rainy
2021-11-20,2.511,58.865454545454554,30.724482758620688,17.476071428571426,1,2021,11,20,324,46,hot_rainy
2021-11-21,2.511,58.865454545454554,30.724482758620688,17.476071428571426,1,2021,11,21,325,46,hot_rainy
2021-11-22,2.511,58.865454545454554,30.724482758620688,17.476071428571426,1,2021,11,22,326,47,hot_rainy
2021-11-23,2.511,58.865454545454554,30.724482758620688,17.476071428571426,1,2021,11,23,327,47,hot_rainy
2021-11-24,2.511,58.865454545454554,30.724482758620688,17.476071428571426,1,2021,11,24,328,47,hot_rainy
2021-11-25,2.511,58.865454545454554,30.724482758620688,17.476071428571426,1,2021,11,25,329,47,hot_rainy
2021-11-26,2.511,58.865454545454554,30.724482758620688,17.476071428571426,1,2021,11,26,330,47,hot_rainy
2021-11-27,2.511,58.865454545454554,30.724482758620688,17.476071428571426,1,2021,11,27,331,47,hot_rainy
2021-11-28,2.511,58.865454545454554,30.724482758620688,17.476071428571426,1,2021,11,28,332,47,hot_rainy
2021-11-29,2.511,58.865454545454554,30.724482758620688,17.476071428571426,1,2021,11,29,333,48,hot_rainy
2021-11-30,2.511,58.865454545454554,30.724482758620688,17.476071428571426,1,2021,11,30,334,48,hot_rainy
2021-12-01,5.243808532778356,73.86277777777778,28.231724137931035,17.569655172413793,1,2021,12,1,335,48,hot_rainy
2021-12-02,5.243808532778356,73.86277777777778,28.231724137931035,17.569655172413793,1,2021,12,2,336,48,hot_rainy
2021-12-03,5.243808532778356,73.86277777777778,28.231724137931035,17.569655172413793,1,2021,12,3,337,48,hot_rainy
2021-12-04,5.243808532778356,73.86277777777778,28.231724137931035,17.569655172413793,1,2021,12,4,338,48,hot_rainy
2021-12-05,5.243808532778356,73.86277777777778,28.231724137931035,17.569655172413793,1,2021,12,5,339,48,hot_rainy
2021-12-06,5.243808532778356,73.86277777777778,28.231724137931035,17.569655172413793,1,2021,12,6,340,49,hot_rainy
2021-12-07,5.243808532778356,73.86277777777778,28.231724137931035,17.569655172413793,1,2021,12,7,341,49,hot_rainy
2021-12-08,5.243808532778356,73.86277777777778,28.231724137931035,17.569655172413793,1,2021,12,8,342,49,hot_rainy
2021-12-09,5.243808532778356,73.86277777777778,28.231724137931035,17.569655172413793,1,2021,12,9,343,49,hot_rainy
2021-12-10,5.243808532778356,73.86277777777778,28.231724137931035,17.569655172413793,1,2021,12,10,344,49,hot_rainy
2021-12-11,5.243808532778356,73.86277777777778,28.231724137931035,17.569655172413793,1,2021,12,11,345,49,hot_rainy
2021-12-12,5.243808532778356,73.86277777777778,28.231724137931035,17.569655172413793,1,2021,12,12,346,49,hot_rainy
2021-12-13,5.243808532778356,73.86277777777778,28.231724137931035,17.569655172413793,1,2021,12,13,347,50,hot_rainy
2021-12-14,5.243808532778356,73.86277777777778,28.231724137931035,17.569655172413793,1,2021,12,14,348,50,hot_rainy
2021-12-15,5.243808532778356,73.86277777777778,28.231724137931035,17.569655172413793,1,2021,12,15,349,50,hot_rainy
2021-12-16,5.243808532778356,73.86277777777778,28.231724137931035,17.569655172413793,1,2021,12,16,350,50,hot_rainy
2021-12-17,5.243808532778356,73.86277777777778,28.231724137931035,17.569655172413793,1,2021,12,17,351,50,hot_rainy
2021-12-18,5.243808532778356,73.86277777777778,28.231724137931035,17.569655172413793,1,2021,12,18,352,50,hot_rainy
2021-12-19,5.243808532778356,73.86277777777778,28.231724137931035,17.569655172413793,1,2021,12,19,353,50,hot_rainy
2021-12-20,5.243808532778356,73.86277777777778,28.231724137931035,17.569655172413793,1,2021,12,20,354,51,hot_rainy
2021-12-21,5.243808532778356,73.86277777777778,28.231724137931035,17.569655172413793,1,2021,12,21,355,51,hot_rainy
2021-12-22,5.243808532778356,73.86277777777778,28.231724137931035,17.569655172413793,1,2021,12,22,356,51,hot_rainy
2021-12-23,5.243808532778356,73.86277777777778,28.231724137931035,17.569655172413793,1,2021,12,23,357,51,hot_rainy
2021-12-24,5.243808532778356,73.86277777777778,28.231724137931035,17.569655172413793,1,2021,12,24,358,51,hot_rainy
2021-12-25,5.243808532778356,73.86277777777778,28.231724137931035,17.569655172413793,1,2021,12,25,359,51,hot_rainy
2021-12-26,5.243808532778356,73.86277777777778,28.231724137931035,17.569655172413793,1,2021,12,26,360,51,hot_rainy
2021-12-27,5.243808532778356,73.86277777777778,28.231724137931035,17.569655172413793,1,2021,12,27,361,52,hot_rainy
2021-12-28,5.243808532778356,73.86277777777778,28.231724137931035,17.569655172413793,1,2021,12,28,362,52,hot_rainy
2021-12-29,5.243808532778356,73.86277777777778,28.231724137931035,17.569655172413793,1,2021,12,29,363,52,hot_rainy
2021-12-30,5.243808532778356,73.86277777777778,28.231724137931035,17.569655172413793,1,2021,12,30,364,52,hot_rainy
2021-12-31,5.243808532778356,73.86277777777778,28.231724137931035,17.569655172413793,1,2021,12,31,365,52,hot_rainy
2022-01-01,6.152116935483871,79.25375,27.49,17.35642857142857,1,2022,1,1,1,52,hot_rainy
2022-01-02,6.152116935483871,79.25375,27.49,17.35642857142857,1,2022,1,2,2,52,hot_rainy
2022-01-03,6.152116935483871,79.25375,27.49,17.35642857142857,1,2022,1,3,3,1,hot_rainy
2022-01-04,6.152116935483871,79.25375,27.49,17.35642857142857,1,2022,1,4,4,1,hot_rainy
2022-01-05,6.152116935483871,79.25375,27.49,17.35642857142857,1,2022,1,5,5,1,hot_rainy
2022-01-06,6.152116935483871,79.25375,27.49,17.35642857142857,1,2022,1,6,6,1,hot_rainy
2022-01-07,6.152116935483871,79.25375,27.49,17.35642857142857,1,2022,1,7,7,1,hot_rainy
2022-01-08,6.152116935483871,79.25375,27.49,17.35642857142857,1,2022,1,8,8,1,hot_rainy
2022-01-09,6.152116935483871,79.25375,27.49,17.35642857142857,1,2022,1,9,9,1,hot_rainy
2022-01-10,6.152116935483871,79.25375,27.49,17.35642857142857,1,2022,1,10,10,2,hot_rainy
2022-01-11,6.152116935483871,79.25375,27.49,17.35642857142857,1,2022,1,11,11,2,hot_rainy
2022-01-12,6.152116935483871,79.25375,27.49,17.35642857142857,1,2022,1,12,12,2,hot_rainy
2022-01-13,6.152116935483871,79.25375,27.49,17.35642857142857,1,2022,1,13,13,2,hot_rainy
2022-01-14,6.152116935483871,79.25375,27.49,17.35642857142857,1,2022,1,14,14,2,hot_rainy
2022-01-15,6.152116935483871,79.25375,27.49,17.35642857142857,1,2022,1,15,15,2,hot_rainy
2022-01-16,6.152116935483871,79.25375,27.49,17.35642857142857,1,2022,1,16,16,2,hot_rainy
2022-01-17,6.152116935483871,79.25375,27.49,17.35642857142857,1,2022,1,17,17,3,hot_rainy
2022-01-18,6.152116935483871,79.25375,27.49,17.35642857142857,1,2022,1,18,18,3,hot_rainy
2022-01-19,6.152116935483871,79.25375,27.49,17.35642857142857,1,2022,1,19,19,3,hot_rainy
2022-01-20,6.152116935483871,79.25375,27.49,17.35642857142857,1,2022,1,20,20,3,hot_rainy
2022-01-21,6.152116935483871,79.25375,27.49,17.35642857142857,1,2022,1,21,21,3,hot_rainy
2022-01-22,6.152116935483871,79.25375,27.49,17.35642857142857,1,2022,1,22,22,3,hot_rainy
2022-01-23,6.152116935483871,79.25375,27.49,17.35642857142857,1,2022,1,23,23,3,hot_rainy
2022-01-24,6.152116935483871,79.25375,27.49,17.35642857142857,1,2022,1,24,24,4,hot_rainy
2022-01-25,6.152116935483871,79.25375,27.49,17.35642857142857,1,2022,1,25,25,4,hot_rainy
2022-01-26,6.152116935483871,79.25375,27.49,17.35642857142857,1,2022,1,26,26,4,hot_rainy
2022-01-27,6.152116935483871,79.25375,27.49,17.35642857142857,1,2022,1,27,27,4,hot_rainy
2022-01-28,6.152116935483871,79.25375,27.49,17.35642857142857,1,2022,1,28,28,4,hot_rainy
2022-01-29,6.152116935483871,79.25375,27.49,17.35642857142857,1,2022,1,29,29,4,hot_rainy
2022-01-30,6.152116935483871,79.25375,27.49,17.35642857142857,1,2022,1,30,30,4,hot_rainy
2022-01-31,6.152116935483871,79.25375,27.49,17.35642857142857,1,2022,1,31,31,5,hot_rainy
2022-02-01,5.082964601769912,78.46233380480905,27.632368742368744,17.148070818070817,1,2022,2,1,32,5,hot_rainy
2022-02-02,5.082964601769912,78.46233380480905,27.632368742368744,17.148070818070817,1,2022,2,2,33,5,hot_rainy
2022-02-03,5.082964601769912,78.46233380480905,27.632368742368744,17.148070818070817,1,2022,2,3,34,5,hot_rainy
2022-02-04,5.082964601769912,78.46233380480905,27.632368742368744,17.148070818070817,1,2022,2,4,35,5,hot_rainy
2022-02-05,5.082964601769912,78.46233380480905,27.632368742368744,17.148070818070817,1,2022,2,5,36,5,hot_rainy
2022-02-06,5.082964601769912,78.46233380480905,27.632368742368744,17.148070818070817,1,2022,2,6,37,5,hot_rainy
2022-02-07,5.082964601769912,78.46233380480905,27.632368742368744,17.148070818070817,1,2022,2,7,38,6,hot_rainy
2022-02-08,5.082964601769912,78.46233380480905,27.632368742368744,17.148070818070817,1,2022,2,8,39,6,hot_rainy
2022-02-09,5.082964601769912,78.46233380480905,27.632368742368744,17.148070818070817,1,2022,2,9,40,6,hot_rainy
2022-02-10,5.082964601769912,78.46233380480905,27.632368742368744,17.148070818070817,1,2022,2,10,41,6,hot_rainy
2022-02-11,5.082964601769912,78.46233380480905,27.632368742368744,17.148070818070817,1,2022,2,11,42,6,hot_rainy
2022-02-12,5.082964601769912,78.46233380480905,27.632368742368744,17.148070818070817,1,2022,2,12,43,6,hot_rainy
2022-02-13,5.082964601769912,78.46233380480905,27.632368742368744,17.148070818070817,1,2022,2,13,44,6,hot_rainy
2022-02-14,5.082964601769912,78.46233380480905,27.632368742368744,17.148070818070817,1,2022,2,14,45,7,hot_rainy
2022-02-15,5.082964601769912,78.46233380480905,27.632368742368744,17.148070818070817,1,2022,2,15,46,7,hot_rainy
2022-02-16,5.082964601769912,78.46233380480905,27.632368742368744,17.148070818070817,1,2022,2,16,47,7,hot_rainy
2022-02-17,5.082964601769912,78.46233380480905,27.632368742368744,17.148070818070817,1,2022,2,17,48,7,hot_rainy
2022-02-18,5.082964601769912,78.46233380480905,27.632368742368744,17.148070818070817,1,2022,2,18,49,7,hot_rainy
2022-02-19,5.082964601769912,78.46233380480905,27.632368742368744,17.148070818070817,1,2022,2,19,50,7,hot_rainy
2022-02-20,5.082964601769912,78.46233380480905,27.632368742368744,17.148070818070817,1,2022,2,20,51,7,hot_rainy
2022-02-21,5.082964601769912,78.46233380480905,27.632368742368744,17.148070818070817,1,2022,2,21,52,8,hot_rainy
2022-02-22,5.082964601769912,78.46233380480905,27.632368742368744,17.148070818070817,1,2022,2,22,53,8,hot_rainy
2022-02-23,5.082964601769912,78.46233380480905,27.632368742368744,17.148070818070817,1,2022,2,23,54,8,hot_rainy
2022-02-24,5.082964601769912,78.46233380480905,27.632368742368744,17.148070818070817,1,2022,2,24,55,8,hot_rainy
2022-02-25,5.082964601769912,78.46233380480905,27.632368742368744,17.148070818070817,1,2022,2,25,56,8,hot_rainy
2022-02-26,5.082964601769912,78.46233380480905,27.632368742368744,17.148070818070817,1,2022,2,26,57,8,hot_rainy
2022-02-27,5.082964601769912,78.46233380480905,27.632368742368744,17.148070818070817,1,2022,2,27,58,8,hot_rainy
2022-02-28,5.082964601769912,78.46233380480905,27.632368742368744,17.148070818070817,1,2022,2,28,59,9,hot_rainy
2022-03-01,3.4522372528616025,74.81722222222223,27.522068965517242,16.29137931034483,1,2022,3,1,60,9,hot_rainy
2022-03-02,3.4522372528616025,74.81722222222223,27.522068965517242,16.29137931034483,1,2022,3,2,61,9,hot_rainy
2022-03-03,3.4522372528616025,74.81722222222223,27.522068965517242,16.29137931034483,1,2022,3,3,62,9,hot_rainy
2022-03-04,3.4522372528616025,74.81722222222223,27.522068965517242,16.29137931034483,1,2022,3,4,63,9,hot_rainy
2022-03-05,3.4522372528616025,74.81722222222223,27.522068965517242,16.29137931034483,1,2022,3,5,64,9,hot_rainy
2022-03-06,3.4522372528616025,74.81722222222223,27.522068965517242,16.29137931034483,1,2022,3,6,65,9,hot_rainy
2022-03-07,3.4522372528616025,74.81722222222223,27.522068965517242,16.29137931034483,1,2022,3,7,66,10,hot_rainy
2022-03-08,3.4522372528616025,74.81722222222223,27.522068965517242,16.29137931034483,1,2022,3,8,67,10,hot_rainy
2022-03-09,3.4522372528616025,74.81722222222223,27.522068965517242,16.29137931034483,1,2022,3,9,68,10,hot_rainy
2022-03-10,3.4522372528616025,74.81722222222223,27.522068965517242,16.29137931034483,1,2022,3,10,69,10,hot_rainy
2022-03-11,3.4522372528616025,74.81722222222223,27.522068965517242,16.29137931034483,1,2022,3,11,70,10,hot_rainy
2022-03-12,3.4522372528616025,74.81722222222223,27.522068965517242,16.29137931034483,1,2022,3,12,71,10,hot_rainy
2022-03-13,3.4522372528616025,74.81722222222223,27.522068965517242,16.29137931034483,1,2022,3,13,72,10,hot_rainy
2022-03-14,3.4522372528616025,74.81722222222223,27.522068965517242,16.29137931034483,1,2022,3,14,73,11,hot_rainy
2022-03-15,3.4522372528616025,74.81722222222223,27.522068965517242,16.29137931034483,1,2022,3,15,74,11,hot_rainy
2022-03-16,3.4522372528616025,74.81722222222223,27.522068965517242,16.29137931034483,1,2022,3,16,75,11,hot_rainy
2022-03-17,3.4522372528616025,74.81722222222223,27.522068965517242,16.29137931034483,1,2022,3,17,76,11,hot_rainy
2022-03-18,3.4522372528616025,74.81722222222223,27.522068965517242,16.29137931034483,1,2022,3,18,77,11,hot_rainy
2022-03-19,3.4522372528616025,74.81722222222223,27.522068965517242,16.29137931034483,1,2022,3,19,78,11,hot_rainy
2022-03-20,3.4522372528616025,74.81722222222223,27.522068965517242,16.29137931034483,1,2022,3,20,79,11,hot_rainy
2022-03-21,3.4522372528616025,74.81722222222223,27.522068965517242,16.29137931034483,1,2022,3,21,80,12,hot_rainy
2022-03-22,3.4522372528616025,74.81722222222223,27.522068965517242,16.29137931034483,1,2022,3,22,81,12,hot_rainy
2022-03-23,3.4522372528616025,74.81722222222223,27.522068965517242,16.29137931034483,1,2022,3,23,82,12,hot_rainy
2022-03-24,3.4522372528616025,74.81722222222223,27.522068965517242,16.29137931034483,1,2022,3,24,83,12,hot_rainy
2022-03-25,3.4522372528616025,74.81722222222223,27.522068965517242,16.29137931034483,1,2022,3,25,84,12,hot_rainy
2022-03-26,3.4522372528616025,74.81722222222223,27.522068965517242,16.29137931034483,1,2022,3,26,85,12,hot_rainy
2022-03-27,3.4522372528616025,74.81722222222223,27.522068965517242,16.29137931034483,1,2022,3,27,86,12,hot_rainy
2022-03-28,3.4522372528616025,74.81722222222223,27.522068965517242,16.29137931034483,1,2022,3,28,87,13,hot_rainy
2022-03-29,3.4522372528616025,74.81722222222223,27.522068965517242,16.29137931034483,1,2022,3,29,88,13,hot_rainy
2022-03-30,3.4522372528616025,74.81722222222223,27.522068965517242,16.29137931034483,1,2022,3,30,89,13,hot_rainy
2022-03-31,3.4522372528616025,74.81722222222223,27.522068965517242,16.29137931034483,1,2022,3,31,90,13,hot_rainy
2022-04-01,0.8603124999999999,67.55809523809523,26.844333333333335,13.249666666666668,0,2022,4,1,91,13,hot_rainy
2022-04-02,0.8603124999999999,67.55809523809523,26.844333333333335,13.249666666666668,0,2022,4,2,92,13,hot_rainy
2022-04-03,0.8603124999999999,67.55809523809523,26.844333333333335,13.249666666666668,0,2022,4,3,93,13,hot_rainy
2022-04-04,0.8603124999999999,67.55809523809523,26.844333333333335,13.249666666666668,0,2022,4,4,94,14,hot_rainy
2022-04-05,0.8603124999999999,67.55809523809523,26.844333333333335,13.249666666666668,0,2022,4,5,95,14,hot_rainy
2022-04-06,0.8603124999999999,67.55809523809523,26.844333333333335,13.249666666666668,0,2022,4,6,96,14,hot_rainy
2022-04-07,0.8603124999999999,67.55809523809523,26.844333333333335,13.249666666666668,0,2022,4,7,97,14,hot_rainy
2022-04-08,0.8603124999999999,67.55809523809523,26.844333333333335,13.249666666666668,0,2022,4,8,98,14,hot_rainy
2022-04-09,0.8603124999999999,67.55809523809523,26.844333333333335,13.249666666666668,0,2022,4,9,99,14,hot_rainy
2022-04-10,0.8603124999999999,67.55809523809523,26.844333333333335,13.249666666666668,0,2022,4,10,100,14,hot_rainy
2022-04-11,0.8603124999999999,67.55809523809523,26.844333333333335,13.249666666666668,0,2022,4,11,101,15,hot_rainy
2022-04-12,0.8603124999999999,67.55809523809523,26.844333333333335,13.249666666666668,0,2022,4,12,102,15,hot_rainy
2022-04-13,0.8603124999999999,67.55809523809523,26.844333333333335,13.249666666666668,0,2022,4,13,103,15,hot_rainy
2022-04-14,0.8603124999999999,67.55809523809523,26.844333333333335,13.249666666666668,0,2022,4,14,104,15,hot_rainy
2022-04-15,0.8603124999999999,67.55809523809523,26.844333333333335,13.249666666666668,0,2022,4,15,105,15,hot_rainy
2022-04-16,0.8603124999999999,67.55809523809523,26.844333333333335,13.249666666666668,0,2022,4,16,106,15,hot_rainy
2022-04-17,0.8603124999999999,67.55809523809523,26.844333333333335,13.249666666666668,0,2022,4,17,107,15,hot_rainy
2022-04-18,0.8603124999999999,67.55809523809523,26.844333333333335,13.249666666666668,0,2022,4,18,108,16,hot_rainy
2022-04-19,0.8603124999999999,67.55809523809523,26.844333333333335,13.249666666666668,0,2022,4,19,109,16,hot_rainy
2022-04-20,0.8603124999999999,67.55809523809523,26.844333333333335,13.249666666666668,0,2022,4,20,110,16,hot_rainy
2022-04-21,0.8603124999999999,67.55809523809523,26.844333333333335,13.249666666666668,0,2022,4,21,111,16,hot_rainy
2022-04-22,0.8603124999999999,67.55809523809523,26.844333333333335,13.249666666666668,0,2022,4,22,112,16,hot_rainy
2022-04-23,0.8603124999999999,67.55809523809523,26.844333333333335,13.249666666666668,0,2022,4,23,113,16,hot_rainy
2022-04-24,0.8603124999999999,67.55809523809523,26.844333333333335,13.249666666666668,0,2022,4,24,114,16,hot_rainy
2022-04-25,0.8603124999999999,67.55809523809523,26.844333333333335,13.249666666666668,0,2022,4,25,115,17,hot_rainy
2022-04-26,0.8603124999999999,67.55809523809523,26.844333333333335,13.249666666666668,0,2022,4,26,116,17,hot_rainy
2022-04-27,0.8603124999999999,67.55809523809523,26.844333333333335,13.249666666666668,0,2022,4,27,117,17,hot_rainy
2022-04-28,0.8603124999999999,67.55809523809523,26.844333333333335,13.249666666666668,0,2022,4,28,118,17,hot_rainy
2022-04-29,0.8603124999999999,67.55809523809523,26.844333333333335,13.249666666666668,0,2022,4,29,119,17,hot_rainy
2022-04-30,0.8603124999999999,67.55809523809523,26.844333333333335,13.249666666666668,0,2022,4,30,120,17,hot_rainy
2022-05-01,0.1662851196670135,61.221428571428575,25.666428571428572,9.065185185185186,0,2022,5,1,121,17,cool_dry
2022-05-02,0.1662851196670135,61.221428571428575,25.666428571428572,9.065185185185186,0,2022,5,2,122,18,cool_dry
2022-05-03,0.1662851196670135,61.221428571428575,25.666428571428572,9.065185185185186,0,2022,5,3,123,18,cool_dry
2022-05-04,0.1662851196670135,61.221428571428575,25.666428571428572,9.065185185185186,0,2022,5,4,124,18,cool_dry
2022-05-05,0.1662851196670135,61.221428571428575,25.666428571428572,9.065185185185186,0,2022,5,5,125,18,cool_dry
2022-05-06,0.1662851196670135,61.221428571428575,25.666428571428572,9.065185185185186,0,2022,5,6,126,18,cool_dry
2022-05-07,0.1662851196670135,61.221428571428575,25.666428571428572,9.065185185185186,0,2022,5,7,127,18,cool_dry
2022-05-08,0.1662851196670135,61.221428571428575,25.666428571428572,9.065185185185186,0,2022,5,8,128,18,cool_dry
2022-05-09,0.1662851196670135,61.221428571428575,25.666428571428572,9.065185185185186,0,2022,5,9,129,19,cool_dry
2022-05-10,0.1662851196670135,61.221428571428575,25.666428571428572,9.065185185185186,0,2022,5,10,130,19,cool_dry
2022-05-11,0.1662851196670135,61.221428571428575,25.666428571428572,9.065185185185186,0,2022,5,11,131,19,cool_dry
2022-05-12,0.1662851196670135,61.221428571428575,25.666428571428572,9.065185185185186,0,2022,5,12,132,19,cool_dry
2022-05-13,0.1662851196670135,61.221428571428575,25.666428571428572,9.065185185185186,0,2022,5,13,133,19,cool_dry
2022-05-14,0.1662851196670135,61.221428571428575,25.666428571428572,9.065185185185186,0,2022,5,14,134,19,cool_dry
2022-05-15,0.1662851196670135,61.221428571428575,25.666428571428572,9.065185185185186,0,2022,5,15,135,19,cool_dry
2022-05-16,0.1662851196670135,61.221428571428575,25.666428571428572,9.065185185185186,0,2022,5,16,136,20,cool_dry
2022-05-17,0.1662851196670135,61.221428571428575,25.666428571428572,9.065185185185186,0,2022,5,17,137,20,cool_dry
2022-05-18,0.1662851196670135,61.221428571428575,25.666428571428572,9.065185185185186,0,2022,5,18,138,20,cool_dry
2022-05-19,0.1662851196670135,61.221428571428575,25.666428571428572,9.065185185185186,0,2022,5,19,139,20,cool_dry
2022-05-20,0.1662851196670135,61.221428571428575,25.666428571428572,9.065185185185186,0,2022,5,20,140,20,cool_dry
2022-05-21,0.1662851196670135,61.221428571428575,25.666428571428572,9.065185185185186,0,2022,5,21,141,20,cool_dry
2022-05-22,0.1662851196670135,61.221428571428575,25.666428571428572,9.065185185185186,0,2022,5,22,142,20,cool_dry
2022-05-23,0.1662851196670135,61.221428571428575,25.666428571428572,9.065185185185186,0,2022,5,23,143,21,cool_dry
2022-05-24,0.1662851196670135,61.221428571428575,25.666428571428572,9.065185185185186,0,2022,5,24,144,21,cool_dry
2022-05-25,0.1662851196670135,61.221428571428575,25.666428571428572,9.065185185185186,0,2022,5,25,145,21,cool_dry
2022-05-26,0.1662851196670135,61.221428571428575,25.666428571428572,9.065185185185186,0,2022,5,26,146,21,cool_dry
2022-05-27,0.1662851196670135,61.221428571428575,25.666428571428572,9.065185185185186,0,2022,5,27,147,21,cool_dry
2022-05-28,0.1662851196670135,61.221428571428575,25.666428571428572,9.065185185185186,0,2022,5,28,148,21,cool_dry
2022-05-29,0.1662851196670135,61.221428571428575,25.666428571428572,9.065185185185186,0,2022,5,29,149,21,cool_dry
2022-05-30,0.1662851196670135,61.221428571428575,25.666428571428572,9.065185185185186,0,2022,5,30,150,22,cool_dry
2022-05-31,0.1662851196670135,61.221428571428575,25.666428571428572,9.065185185185186,0,2022,5,31,151,22,cool_dry
2022-06-01,0.0,69.2,22.78,6.62,0,2022,6,1,152,22,cool_dry
2022-06-02,0.0,69.2,22.78,6.62,0,2022,6,2,153,22,cool_dry
2022-06-03,0.0,69.2,22.78,6.62,0,2022,6,3,154,22,cool_dry
2022-06-04,0.0,69.2,22.78,6.62,0,2022,6,4,155,22,cool_dry
2022-06-05,0.0,69.2,22.78,6.62,0,2022,6,5,156,22,cool_dry
2022-06-06,0.0,69.2,22.78,6.62,0,2022,6,6,157,23,cool_dry
2022-06-07,0.0,69.2,22.78,6.62,0,2022,6,7,158,23,cool_dry
2022-06-08,0.0,69.2,22.78,6.62,0,2022,6,8,159,23,cool_dry
2022-06-09,0.0,69.2,22.78,6.62,0,2022,6,9,160,23,cool_dry
2022-06-10,0.0,69.2,22.78,6.62,0,2022,6,10,161,23,cool_dry
2022-06-11,0.0,69.2,22.78,6.62,0,2022,6,11,162,23,cool_dry
2022-06-12,0.0,69.2,22.78,6.62,0,2022,6,12,163,23,cool_dry
2022-06-13,0.0,69.2,22.78,6.62,0,2022,6,13,164,24,cool_dry
2022-06-14,0.0,69.2,22.78,6.62,0,2022,6,14,165,24,cool_dry
2022-06-15,0.0,69.2,22.78,6.62,0,2022,6,15,166,24,cool_dry
2022-06-16,0.0,69.2,22.78,6.62,0,2022,6,16,167,24,cool_dry
2022-06-17,0.0,69.2,22.78,6.62,0,2022,6,17,168,24,cool_dry
2022-06-18,0.0,69.2,22.78,6.62,0,2022,6,18,169,24,cool_dry
2022-06-19,0.0,69.2,22.78,6.62,0,2022,6,19,170,24,cool_dry
2022-06-20,0.0,69.2,22.78,6.62,0,2022,6,20,171,25,cool_dry
2022-06-21,0.0,69.2,22.78,6.62,0,2022,6,21,172,25,cool_dry
2022-06-22,0.0,69.2,22.78,6.62,0,2022,6,22,173,25,cool_dry
2022-06-23,0.0,69.2,22.78,6.62,0,2022,6,23,174,25,cool_dry
2022-06-24,0.0,69.2,22.78,6.62,0,2022,6,24,175,25,cool_dry
2022-06-25,0.0,69.2,22.78,6.62,0,2022,6,25,176,25,cool_dry
2022-06-26,0.0,69.2,22.78,6.62,0,2022,6,26,177,25,cool_dry
2022-06-27,0.0,69.2,22.78,6.62,0,2022,6,27,178,26,cool_dry
2022-06-28,0.0,69.2,22.78,6.62,0,2022,6,28,179,26,cool_dry
2022-06-29,0.0,69.2,22.78,6.62,0,2022,6,29,180,26,cool_dry
2022-06-30,0.0,69.2,22.78,6.62,0,2022,6,30,181,26,cool_dry
2022-07-01,0.0,64.32,23.01,6.9,0,2022,7,1,182,26,cool_dry
2022-07-02,0.0,64.32,23.01,6.9,0,2022,7,2,183,26,cool_dry
2022-07-03,0.0,64.32,23.01,6.9,0,2022,7,3,184,26,cool_dry
2022-07-04,0.0,64.32,23.01,6.9,0,2022,7,4,185,27,cool_dry
2022-07-05,0.0,64.32,23.01,6.9,0,2022,7,5,186,27,cool_dry
2022-07-06,0.0,64.32,23.01,6.9,0,2022,7,6,187,27,cool_dry
2022-07-07,0.0,64.32,23.01,6.9,0,2022,7,7,188,27,cool_dry
2022-07-08,0.0,64.32,23.01,6.9,0,2022,7,8,189,27,cool_dry
2022-07-09,0.0,64.32,23.01,6.9,0,2022,7,9,190,27,cool_dry
2022-07-10,0.0,64.32,23.01,6.9,0,2022,7,10,191,27,cool_dry
2022-07-11,0.0,64.32,23.01,6.9,0,2022,7,11,192,28,cool_dry
2022-07-12,0.0,64.32,23.01,6.9,0,2022,7,12,193,28,cool_dry
2022-07-13,0.0,64.32,23.01,6.9,0,2022,7,13,194,28,cool_dry
2022-07-14,0.0,64.32,23.01,6.9,0,2022,7,14,195,28,cool_dry
2022-07-15,0.0,64.32,23.01,6.9,0,2022,7,15,196,28,cool_dry
2022-07-16,0.0,64.32,23.01,6.9,0,2022,7,16,197,28,cool_dry
2022-07-17,0.0,64.32,23.01,6.9,0,2022,7,17,198,28,cool_dry
2022-07-18,0.0,64.32,23.01,6.9,0,2022,7,18,199,29,cool_dry
2022-07-19,0.0,64.32,23.01,6.9,0,2022,7,19,200,29,cool_dry
2022-07-20,0.0,64.32,23.01,6.9,0,2022,7,20,201,29,cool_dry
2022-07-21,0.0,64.32,23.01,6.9,0,2022,7,21,202,29,cool_dry
2022-07-22,0.0,64.32,23.01,6.9,0,2022,7,22,203,29,cool_dry
2022-07-23,0.0,64.32,23.01,6.9,0,2022,7,23,204,29,cool_dry
2022-07-24,0.0,64.32,23.01,6.9,0,2022,7,24,205,29,cool_dry
2022-07-25,0.0,64.32,23.01,6.9,0,2022,7,25,206,30,cool_dry
2022-07-26,0.0,64.32,23.01,6.9,0,2022,7,26,207,30,cool_dry
2022-07-27,0.0,64.32,23.01,6.9,0,2022,7,27,208,30,cool_dry
2022-07-28,0.0,64.32,23.01,6.9,0,2022,7,28,209,30,cool_dry
2022-07-29,0.0,64.32,23.01,6.9,0,2022,7,29,210,30,cool_dry
2022-07-30,0.0,64.32,23.01,6.9,0,2022,7,30,211,30,cool_dry
2022-07-31,0.0,64.32,23.01,6.9,0,2022,7,31,212,30,cool_dry
2022-08-01,0.009781477627471384,51.47,27.68,9.31,0,2022,8,1,213,31,cool_dry
2022-08-02,0.009781477627471384,51.47,27.68,9.31,0,2022,8,2,214,31,cool_dry
2022-08-03,0.009781477627471384,51.47,27.68,9.31,0,2022,8,3,215,31,cool_dry
2022-08-04,0.009781477627471384,51.47,27.68,9.31,0,2022,8,4,216,31,cool_dry
2022-08-05,0.009781477627471384,51.47,27.68,9.31,0,2022,8,5,217,31,cool_dry
2022-08-06,0.009781477627471384,51.47,27.68,9.31,0,2022,8,6,218,31,cool_dry
2022-08-07,0.009781477627471384,51.47,27.68,9.31,0,2022,8,7,219,31,cool_dry
2022-08-08,0.009781477627471384,51.47,27.68,9.31,0,2022,8,8,220,32,cool_dry
2022-08-09,0.009781477627471384,51.47,27.68,9.31,0,2022,8,9,221,32,cool_dry
2022-08-10,0.009781477627471384,51.47,27.68,9.31,0,2022,8,10,222,32,cool_dry
2022-08-11,0.009781477627471384,51.47,27.68,9.31,0,2022,8,11,223,32,cool_dry
2022-08-12,0.009781477627471384,51.47,27.68,9.31,0,2022,8,12,224,32,cool_dry
2022-08-13,0.009781477627471384,51.47,27.68,9.31,0,2022,8,13,225,32,cool_dry
2022-08-14,0.009781477627471384,51.47,27.68,9.31,0,2022,8,14,226,32,cool_dry
2022-08-15,0.009781477627471384,51.47,27.68,9.31,0,2022,8,15,227,33,cool_dry
2022-08-16,0.009781477627471384,51.47,27.68,9.31,0,2022,8,16,228,33,cool_dry
2022-08-17,0.009781477627471384,51.47,27.68,9.31,0,2022,8,17,229,33,cool_dry
2022-08-18,0.009781477627471384,51.47,27.68,9.31,0,2022,8,18,230,33,cool_dry
2022-08-19,0.009781477627471384,51.47,27.68,9.31,0,2022,8,19,231,33,cool_dry
2022-08-20,0.009781477627471384,51.47,27.68,9.31,0,2022,8,20,232,33,cool_dry
2022-08-21,0.009781477627471384,51.47,27.68,9.31,0,2022,8,21,233,33,cool_dry
2022-08-22,0.009781477627471384,51.47,27.68,9.31,0,2022,8,22,234,34,cool_dry
2022-08-23,0.009781477627471384,51.47,27.68,9.31,0,2022,8,23,235,34,cool_dry
2022-08-24,0.009781477627471384,51.47,27.68,9.31,0,2022,8,24,236,34,cool_dry
2022-08-25,0.009781477627471384,51.47,27.68,9.31,0,2022,8,25,237,34,cool_dry
2022-08-26,0.009781477627471384,51.47,27.68,9.31,0,2022,8,26,238,34,cool_dry
2022-08-27,0.009781477627471384,51.47,27.68,9.31,0,2022,8,27,239,34,cool_dry
2022-08-28,0.009781477627471384,51.47,27.68,9.31,0,2022,8,28,240,34,cool_dry
2022-08-29,0.009781477627471384,51.47,27.68,9.31,0,2022,8,29,241,35,cool_dry
2022-08-30,0.009781477627471384,51.47,27.68,9.31,0,2022,8,30,242,35,cool_dry
2022-08-31,0.009781477627471384,51.47,27.68,9.31,0,2022,8,31,243,35,cool_dry
2022-09-01,0.04580645161290322,42.211363636363636,30.173793103448276,12.774285714285714,0,2022,9,1,244,35,hot_dry
2022-09-02,0.04580645161290322,42.211363636363636,30.173793103448276,12.774285714285714,0,2022,9,2,245,35,hot_dry
2022-09-03,0.04580645161290322,42.211363636363636,30.173793103448276,12.774285714285714,0,2022,9,3,246,35,hot_dry
2022-09-04,0.04580645161290322,42.211363636363636,30.173793103448276,12.774285714285714,0,2022,9,4,247,35,hot_dry
2022-09-05,0.04580645161290322,42.211363636363636,30.173793103448276,12.774285714285714,0,2022,9,5,248,36,hot_dry
2022-09-06,0.04580645161290322,42.211363636363636,30.173793103448276,12.774285714285714,0,2022,9,6,249,36,hot_dry
2022-09-07,0.04580645161290322,42.211363636363636,30.173793103448276,12.774285714285714,0,2022,9,7,250,36,hot_dry
2022-09-08,0.04580645161290322,42.211363636363636,30.173793103448276,12.774285714285714,0,2022,9,8,251,36,hot_dry
2022-09-09,0.04580645161290322,42.211363636363636,30.173793103448276,12.774285714285714,0,2022,9,9,252,36,hot_dry
2022-09-10,0.04580645161290322,42.211363636363636,30.173793103448276,12.774285714285714,0,2022,9,10,253,36,hot_dry
2022-09-11,0.04580645161290322,42.211363636363636,30.173793103448276,12.774285714285714,0,2022,9,11,254,36,hot_dry
2022-09-12,0.04580645161290322,42.211363636363636,30.173793103448276,12.774285714285714,0,2022,9,12,255,37,hot_dry
2022-09-13,0.04580645161290322,42.211363636363636,30.173793103448276,12.774285714285714,0,2022,9,13,256,37,hot_dry
2022-09-14,0.04580645161290322,42.211363636363636,30.173793103448276,12.774285714285714,0,2022,9,14,257,37,hot_dry
2022-09-15,0.04580645161290322,42.211363636363636,30.173793103448276,12.774285714285714,0,2022,9,15,258,37,hot_dry
2022-09-16,0.04580645161290322,42.211363636363636,30.173793103448276,12.774285714285714,0,2022,9,16,259,37,hot_dry
2022-09-17,0.04580645161290322,42.211363636363636,30.173793103448276,12.774285714285714,0,2022,9,17,260,37,hot_dry
2022-09-18,0.04580645161290322,42.211363636363636,30.173793103448276,12.774285714285714,0,2022,9,18,261,37,hot_dry
2022-09-19,0.04580645161290322,42.211363636363636,30.173793103448276,12.774285714285714,0,2022,9,19,262,38,hot_dry
2022-09-20,0.04580645161290322,42.211363636363636,30.173793103448276,12.774285714285714,0,2022,9,20,263,38,hot_dry
2022-09-21,0.04580645161290322,42.211363636363636,30.173793103448276,12.774285714285714,0,2022,9,21,264,38,hot_dry
2022-09-22,0.04580645161290322,42.211363636363636,30.173793103448276,12.774285714285714,0,2022,9,22,265,38,hot_dry
2022-09-23,0.04580645161290322,42.211363636363636,30.173793103448276,12.774285714285714,0,2022,9,23,266,38,hot_dry
2022-09-24,0.04580645161290322,42.211363636363636,30.173793103448276,12.774285714285714,0,2022,9,24,267,38,hot_dry
2022-09-25,0.04580645161290322,42.211363636363636,30.173793103448276,12.774285714285714,0,2022,9,25,268,38,hot_dry
2022-09-26,0.04580645161290322,42.211363636363636,30.173793103448276,12.774285714285714,0,2022,9,26,269,39,hot_dry
2022-09-27,0.04580645161290322,42.211363636363636,30.173793103448276,12.774285714285714,0,2022,9,27,270,39,hot_dry
2022-09-28,0.04580645161290322,42.211363636363636,30.173793103448276,12.774285714285714,0,2022,9,28,271,39,hot_dry
2022-09-29,0.04580645161290322,42.211363636363636,30.173793103448276,12.774285714285714,0,2022,9,29,272,39,hot_dry
2022-09-30,0.04580645161290322,42.211363636363636,30.173793103448276,12.774285714285714,0,2022,9,30,273,39,hot_dry
2022-10-01,0.11290322580645161,40.11,32.78,16.0,0,2022,10,1,274,39,hot_dry
2022-10-02,0.11290322580645161,40.11,32.78,16.0,0,2022,10,2,275,39,hot_dry
2022-10-03,0.11290322580645161,40.11,32.78,16.0,0,2022,10,3,276,40,hot_dry
2022-10-04,0.11290322580645161,40.11,32.78,16.0,0,2022,10,4,277,40,hot_dry
2022-10-05,0.11290322580645161,40.11,32.78,16.0,0,2022,10,5,278,40,hot_dry
2022-10-06,0.11290322580645161,40.11,32.78,16.0,0,2022,10,6,279,40,hot_dry
2022-10-07,0.11290322580645161,40.11,32.78,16.0,0,2022,10,7,280,40,hot_dry
2022-10-08,0.11290322580645161,40.11,32.78,16.0,0,2022,10,8,281,40,hot_dry
2022-10-09,0.11290322580645161,40.11,32.78,16.0,0,2022,10,9,282,40,hot_dry
2022-10-10,0.11290322580645161,40.11,32.78,16.0,0,2022,10,10,283,41,hot_dry
2022-10-11,0.11290322580645161,40.11,32.78,16.0,0,2022,10,11,284,41,hot_dry
2022-10-12,0.11290322580645161,40.11,32.78,16.0,0,2022,10,12,285,41,hot_dry
2022-10-13,0.11290322580645161,40.11,32.78,16.0,0,2022,10,13,286,41,hot_dry
2022-10-14,0.11290322580645161,40.11,32.78,16.0,0,2022,10,14,287,41,hot_dry
2022-10-15,0.11290322580645161,40.11,32.78,16.0,0,2022,10,15,288,41,hot_dry
2022-10-16,0.11290322580645161,40.11,32.78,16.0,0,2022,10,16,289,41,hot_dry
2022-10-17,0.11290322580645161,40.11,32.78,16.0,0,2022,10,17,290,42,hot_dry
2022-10-18,0.11290322580645161,40.11,32.78,16.0,0,2022,10,18,291,42,hot_dry
2022-10-19,0.11290322580645161,40.11,32.78,16.0,0,2022,10,19,292,42,hot_dry
2022-10-20,0.11290322580645161,40.11,32.78,16.0,0,2022,10,20,293,42,hot_dry
2022-10-21,0.11290322580645161,40.11,32.78,16.0,0,2022,10,21,294,42,hot_dry
2022-10-22,0.11290322580645161,40.11,32.78,16.0,0,2022,10,22,295,42,hot_dry
2022-10-23,0.11290322580645161,40.11,32.78,16.0,0,2022,10,23,296,42,hot_dry
2022-10-24,0.11290322580645161,40.11,32.78,16.0,0,2022,10,24,297,43,hot_dry
2022-10-25,0.11290322580645161,40.11,32.78,16.0,0,2022,10,25,298,43,hot_dry
2022-10-26,0.11290322580645161,40.11,32.78,16.0,0,2022,10,26,299,43,hot_dry
2022-10-27,0.11290322580645161,40.11,32.78,16.0,0,2022,10,27,300,43,hot_dry
2022-10-28,0.11290322580645161,40.11,32.78,16.0,0,2022,10,28,301,43,hot_dry
2022-10-29,0.11290322580645161,40.11,32.78,16.0,0,2022,10,29,302,43,hot_dry
2022-10-30,0.11290322580645161,40.11,32.78,16.0,0,2022,10,30,303,43,hot_dry
2022-10-31,0.11290322580645161,40.11,32.78,16.0,0,2022,10,31,304,44,hot_dry
2022-11-01,2.5366666666666666,75.14,28.75,17.35,1,2022,11,1,305,44,hot_rainy
2022-11-02,2.5366666666666666,75.14,28.75,17.35,1,2022,11,2,306,44,hot_rainy
2022-11-03,2.5366666666666666,75.14,28.75,17.35,1,2022,11,3,307,44,hot_rainy
2022-11-04,2.5366666666666666,75.14,28.75,17.35,1,2022,11,4,308,44,hot_rainy
2022-11-05,2.5366666666666666,75.14,28.75,17.35,1,2022,11,5,309,44,hot_rainy
2022-11-06,2.5366666666666666,75.14,28.75,17.35,1,2022,11,6,310,44,hot_rainy
2022-11-07,2.5366666666666666,75.14,28.75,17.35,1,2022,11,7,311,45,hot_rainy
2022-11-08,2.5366666666666666,75.14,28.75,17.35,1,2022,11,8,312,45,hot_rainy
2022-11-09,2.5366666666666666,75.14,28.75,17.35,1,2022,11,9,313,45,hot_rainy
2022-11-10,2.5366666666666666,75.14,28.75,17.35,1,2022,11,10,314,45,hot_rainy
2022-11-11,2.5366666666666666,75.14,28.75,17.35,1,2022,11,11,315,45,hot_rainy
2022-11-12,2.5366666666666666,75.14,28.75,17.35,1,2022,11,12,316,45,hot_rainy
2022-11-13,2.5366666666666666,75.14,28.75,17.35,1,2022,11,13,317,45,hot_rainy
2022-11-14,2.5366666666666666,75.14,28.75,17.35,1,2022,11,14,318,46,hot_rainy
2022-11-15,2.5366666666666666,75.14,28.75,17.35,1,2022,11,15,319,46,hot_rainy
2022-11-16,2.5366666666666666,75.14,28.75,17.35,1,2022,11,16,320,46,hot_rainy
2022-11-17,2.5366666666666666,75.14,28.75,17.35,1,2022,11,17,321,46,hot_rainy
2022-11-18,2.5366666666666666,75.14,28.75,17.35,1,2022,11,18,322,46,hot_rainy
2022-11-19,2.5366666666666666,75.14,28.75,17.35,1,2022,11,19,323,46,hot_rainy
2022-11-20,2.5366666666666666,75.14,28.75,17.35,1,2022,11,20,324,46,hot_rainy
2022-11-21,2.5366666666666666,75.14,28.75,17.35,1,2022,11,21,325,47,hot_rainy
2022-11-22,2.5366666666666666,75.14,28.75,17.35,1,2022,11,22,326,47,hot_rainy
2022-11-23,2.5366666666666666,75.14,28.75,17.35,1,2022,11,23,327,47,hot_rainy
2022-11-24,2.5366666666666666,75.14,28.75,17.35,1,2022,11,24,328,47,hot_rainy
2022-11-25,2.5366666666666666,75.14,28.75,17.35,1,2022,11,25,329,47,hot_rainy
2022-11-26,2.5366666666666666,75.14,28.75,17.35,1,2022,11,26,330,47,hot_rainy
2022-11-27,2.5366666666666666,75.14,28.75,17.35,1,2022,11,27,331,47,hot_rainy
2022-11-28,2.5366666666666666,75.14,28.75,17.35,1,2022,11,28,332,48,hot_rainy
2022-11-29,2.5366666666666666,75.14,28.75,17.35,1,2022,11,29,333,48,hot_rainy
2022-11-30,2.5366666666666666,75.14,28.75,17.35,1,2022,11,30,334,48,hot_rainy
2022-12-01,5.243808532778356,73.86277777777778,28.231724137931035,17.569655172413793,1,2022,12,1,335,48,hot_rainy
2022-12-02,5.243808532778356,73.86277777777778,28.231724137931035,17.569655172413793,1,2022,12,2,336,48,hot_rainy
2022-12-03,5.243808532778356,73.86277777777778,28.231724137931035,17.569655172413793,1,2022,12,3,337,48,hot_rainy
2022-12-04,5.243808532778356,73.86277777777778,28.231724137931035,17.569655172413793,1,2022,12,4,338,48,hot_rainy
2022-12-05,5.243808532778356,73.86277777777778,28.231724137931035,17.569655172413793,1,2022,12,5,339,49,hot_rainy
2022-12-06,5.243808532778356,73.86277777777778,28.231724137931035,17.569655172413793,1,2022,12,6,340,49,hot_rainy
2022-12-07,5.243808532778356,73.86277777777778,28.231724137931035,17.569655172413793,1,2022,12,7,341,49,hot_rainy
2022-12-08,5.243808532778356,73.86277777777778,28.231724137931035,17.569655172413793,1,2022,12,8,342,49,hot_rainy
2022-12-09,5.243808532778356,73.86277777777778,28.231724137931035,17.569655172413793,1,2022,12,9,343,49,hot_rainy
2022-12-10,5.243808532778356,73.86277777777778,28.231724137931035,17.569655172413793,1,2022,12,10,344,49,hot_rainy
2022-12-11,5.243808532778356,73.86277777777778,28.231724137931035,17.569655172413793,1,2022,12,11,345,49,hot_rainy
2022-12-12,5.243808532778356,73.86277777777778,28.231724137931035,17.569655172413793,1,2022,12,12,346,50,hot_rainy
2022-12-13,5.243808532778356,73.86277777777778,28.231724137931035,17.569655172413793,1,2022,12,13,347,50,hot_rainy
2022-12-14,5.243808532778356,73.86277777777778,28.231724137931035,17.569655172413793,1,2022,12,14,348,50,hot_rainy
2022-12-15,5.243808532778356,73.86277777777778,28.231724137931035,17.569655172413793,1,2022,12,15,349,50,hot_rainy
2022-12-16,5.243808532778356,73.86277777777778,28.231724137931035,17.569655172413793,1,2022,12,16,350,50,hot_rainy
2022-12-17,5.243808532778356,73.86277777777778,28.231724137931035,17.569655172413793,1,2022,12,17,351,50,hot_rainy
2022-12-18,5.243808532778356,73.86277777777778,28.231724137931035,17.569655172413793,1,2022,12,18,352,50,hot_rainy
2022-12-19,5.243808532778356,73.86277777777778,28.231724137931035,17.569655172413793,1,2022,12,19,353,51,hot_rainy
2022-12-20,5.243808532778356,73.86277777777778,28.231724137931035,17.569655172413793,1,2022,12,20,354,51,hot_rainy
2022-12-21,5.243808532778356,73.86277777777778,28.231724137931035,17.569655172413793,1,2022,12,21,355,51,hot_rainy
2022-12-22,5.243808532778356,73.86277777777778,28.231724137931035,17.569655172413793,1,2022,12,22,356,51,hot_rainy
2022-12-23,5.243808532778356,73.86277777777778,28.231724137931035,17.569655172413793,1,2022,12,23,357,51,hot_rainy
2022-12-24,5.243808532778356,73.86277777777778,28.231724137931035,17.569655172413793,1,2022,12,24,358,51,hot_rainy
2022-12-25,5.243808532778356,73.86277777777778,28.231724137931035,17.569655172413793,1,2022,12,25,359,51,hot_rainy
2022-12-26,5.243808532778356,73.86277777777778,28.231724137931035,17.569655172413793,1,2022,12,26,360,52,hot_rainy
2022-12-27,5.243808532778356,73.86277777777778,28.231724137931035,17.569655172413793,1,2022,12,27,361,52,hot_rainy
2022-12-28,5.243808532778356,73.86277777777778,28.231724137931035,17.569655172413793,1,2022,12,28,362,52,hot_rainy
2022-12-29,5.243808532778356,73.86277777777778,28.231724137931035,17.569655172413793,1,2022,12,29,363,52,hot_rainy
2022-12-30,5.243808532778356,73.86277777777778,28.231724137931035,17.569655172413793,1,2022,12,30,364,52,hot_rainy
2022-12-31,5.243808532778356,73.86277777777778,28.231724137931035,17.569655172413793,1,2022,12,31,365,52,hot_rainy
2023-01-01,14.080645161290322,85.58,26.18,17.61,1,2023,1,1,1,52,hot_rainy
2023-01-02,14.080645161290322,85.58,26.18,17.61,1,2023,1,2,2,1,hot_rainy
2023-01-03,14.080645161290322,85.58,26.18,17.61,1,2023,1,3,3,1,hot_rainy
2023-01-04,14.080645161290322,85.58,26.18,17.61,1,2023,1,4,4,1,hot_rainy
2023-01-05,14.080645161290322,85.58,26.18,17.61,1,2023,1,5,5,1,hot_rainy
2023-01-06,14.080645161290322,85.58,26.18,17.61,1,2023,1,6,6,1,hot_rainy
2023-01-07,14.080645161290322,85.58,26.18,17.61,1,2023,1,7,7,1,hot_rainy
2023-01-08,14.080645161290322,85.58,26.18,17.61,1,2023,1,8,8,1,hot_rainy
2023-01-09,14.080645161290322,85.58,26.18,17.61,1,2023,1,9,9,2,hot_rainy
2023-01-10,14.080645161290322,85.58,26.18,17.61,1,2023,1,10,10,2,hot_rainy
2023-01-11,14.080645161290322,85.58,26.18,17.61,1,2023,1,11,11,2,hot_rainy
2023-01-12,14.080645161290322,85.58,26.18,17.61,1,2023,1,12,12,2,hot_rainy
2023-01-13,14.080645161290322,85.58,26.18,17.61,1,2023,1,13,13,2,hot_rainy
2023-01-14,14.080645161290322,85.58,26.18,17.61,1,2023,1,14,14,2,hot_rainy
2023-01-15,14.080645161290322,85.58,26.18,17.61,1,2023,1,15,15,2,hot_rainy
2023-01-16,14.080645161290322,85.58,26.18,17.61,1,2023,1,16,16,3,hot_rainy
2023-01-17,14.080645161290322,85.58,26.18,17.61,1,2023,1,17,17,3,hot_rainy
2023-01-18,14.080645161290322,85.58,26.18,17.61,1,2023,1,18,18,3,hot_rainy
2023-01-19,14.080645161290322,85.58,26.18,17.61,1,2023,1,19,19,3,hot_rainy
2023-01-20,14.080645161290322,85.58,26.18,17.61,1,2023,1,20,20,3,hot_rainy
2023-01-21,14.080645161290322,85.58,26.18,17.61,1,2023,1,21,21,3,hot_rainy
2023-01-22,14.080645161290322,85.58,26.18,17.61,1,2023,1,22,22,3,hot_rainy
2023-01-23,14.080645161290322,85.58,26.18,17.61,1,2023,1,23,23,4,hot_rainy
2023-01-24,14.080645161290322,85.58,26.18,17.61,1,2023,1,24,24,4,hot_rainy
2023-01-25,14.080645161290322,85.58,26.18,17.61,1,2023,1,25,25,4,hot_rainy
2023-01-26,14.080645161290322,85.58,26.18,17.61,1,2023,1,26,26,4,hot_rainy
2023-01-27,14.080645161290322,85.58,26.18,17.61,1,2023,1,27,27,4,hot_rainy
2023-01-28,14.080645161290322,85.58,26.18,17.61,1,2023,1,28,28,4,hot_rainy
2023-01-29,14.080645161290322,85.58,26.18,17.61,1,2023,1,29,29,4,hot_rainy
2023-01-30,14.080645161290322,85.58,26.18,17.61,1,2023,1,30,30,5,hot_rainy
2023-01-31,14.080645161290322,85.58,26.18,17.61,1,2023,1,31,31,5,hot_rainy
2023-02-01,2.125,79.46,29.11,17.39,1,2023,2,1,32,5,hot_rainy
2023-02-02,2.125,79.46,29.11,17.39,1,2023,2,2,33,5,hot_rainy
2023-02-03,2.125,79.46,29.11,17.39,1,2023,2,3,34,5,hot_rainy
2023-02-04,2.125,79.46,29.11,17.39,1,2023,2,4,35,5,hot_rainy
2023-02-05,2.125,79.46,29.11,17.39,1,2023,2,5,36,5,hot_rainy
2023-02-06,2.125,79.46,29.11,17.39,1,2023,2,6,37,6,hot_rainy
2023-02-07,2.125,79.46,29.11,17.39,1,2023,2,7,38,6,hot_rainy
2023-02-08,2.125,79.46,29.11,17.39,1,2023,2,8,39,6,hot_rainy
2023-02-09,2.125,79.46,29.11,17.39,1,2023,2,9,40,6,hot_rainy
2023-02-10,2.125,79.46,29.11,17.39,1,2023,2,10,41,6,hot_rainy
2023-02-11,2.125,79.46,29.11,17.39,1,2023,2,11,42,6,hot_rainy
2023-02-12,2.125,79.46,29.11,17.39,1,2023,2,12,43,6,hot_rainy
2023-02-13,2.125,79.46,29.11,17.39,1,2023,2,13,44,7,hot_rainy
2023-02-14,2.125,79.46,29.11,17.39,1,2023,2,14,45,7,hot_rainy
2023-02-15,2.125,79.46,29.11,17.39,1,2023,2,15,46,7,hot_rainy
2023-02-16,2.125,79.46,29.11,17.39,1,2023,2,16,47,7,hot_rainy
2023-02-17,2.125,79.46,29.11,17.39,1,2023,2,17,48,7,hot_rainy
2023-02-18,2.125,79.46,29.11,17.39,1,2023,2,18,49,7,hot_rainy
2023-02-19,2.125,79.46,29.11,17.39,1,2023,2,19,50,7,hot_rainy
2023-02-20,2.125,79.46,29.11,17.39,1,2023,2,20,51,8,hot_rainy
2023-02-21,2.125,79.46,29.11,17.39,1,2023,2,21,52,8,hot_rainy
2023-02-22,2.125,79.46,29.11,17.39,1,2023,2,22,53,8,hot_rainy
2023-02-23,2.125,79.46,29.11,17.39,1,2023,2,23,54,8,hot_rainy
2023-02-24,2.125,79.46,29.11,17.39,1,2023,2,24,55,8,hot_rainy
2023-02-25,2.125,79.46,29.11,17.39,1,2023,2,25,56,8,hot_rainy
2023-02-26,2.125,79.46,29.11,17.39,1,2023,2,26,57,8,hot_rainy
2023-02-27,2.125,79.46,29.11,17.39,1,2023,2,27,58,9,hot_rainy
2023-02-28,2.125,79.46,29.11,17.39,1,2023,2,28,59,9,hot_rainy
2023-03-01,1.7193548387096773,77.1,28.34,16.17,1,2023,3,1,60,9,hot_rainy
2023-03-02,1.7193548387096773,77.1,28.34,16.17,1,2023,3,2,61,9,hot_rainy
2023-03-03,1.7193548387096773,77.1,28.34,16.17,1,2023,3,3,62,9,hot_rainy
2023-03-04,1.7193548387096773,77.1,28.34,16.17,1,2023,3,4,63,9,hot_rainy
2023-03-05,1.7193548387096773,77.1,28.34,16.17,1,2023,3,5,64,9,hot_rainy
2023-03-06,1.7193548387096773,77.1,28.34,16.17,1,2023,3,6,65,10,hot_rainy
2023-03-07,1.7193548387096773,77.1,28.34,16.17,1,2023,3,7,66,10,hot_rainy
2023-03-08,1.7193548387096773,77.1,28.34,16.17,1,2023,3,8,67,10,hot_rainy
2023-03-09,1.7193548387096773,77.1,28.34,16.17,1,2023,3,9,68,10,hot_rainy
2023-03-10,1.7193548387096773,77.1,28.34,16.17,1,2023,3,10,69,10,hot_rainy
2023-03-11,1.7193548387096773,77.1,28.34,16.17,1,2023,3,11,70,10,hot_rainy
2023-03-12,1.7193548387096773,77.1,28.34,16.17,1,2023,3,12,71,10,hot_rainy
2023-03-13,1.7193548387096773,77.1,28.34,16.17,1,2023,3,13,72,11,hot_rainy
2023-03-14,1.7193548387096773,77.1,28.34,16.17,1,2023,3,14,73,11,hot_rainy
2023-03-15,1.7193548387096773,77.1,28.34,16.17,1,2023,3,15,74,11,hot_rainy
2023-03-16,1.7193548387096773,77.1,28.34,16.17,1,2023,3,16,75,11,hot_rainy
2023-03-17,1.7193548387096773,77.1,28.34,16.17,1,2023,3,17,76,11,hot_rainy
2023-03-18,1.7193548387096773,77.1,28.34,16.17,1,2023,3,18,77,11,hot_rainy
2023-03-19,1.7193548387096773,77.1,28.34,16.17,1,2023,3,19,78,11,hot_rainy
2023-03-20,1.7193548387096773,77.1,28.34,16.17,1,2023,3,20,79,12,hot_rainy
2023-03-21,1.7193548387096773,77.1,28.34,16.17,1,2023,3,21,80,12,hot_rainy
2023-03-22,1.7193548387096773,77.1,28.34,16.17,1,2023,3,22,81,12,hot_rainy
2023-03-23,1.7193548387096773,77.1,28.34,16.17,1,2023,3,23,82,12,hot_rainy
2023-03-24,1.7193548387096773,77.1,28.34,16.17,1,2023,3,24,83,12,hot_rainy
2023-03-25,1.7193548387096773,77.1,28.34,16.17,1,2023,3,25,84,12,hot_rainy
2023-03-26,1.7193548387096773,77.1,28.34,16.17,1,2023,3,26,85,12,hot_rainy
2023-03-27,1.7193548387096773,77.1,28.34,16.17,1,2023,3,27,86,13,hot_rainy
2023-03-28,1.7193548387096773,77.1,28.34,16.17,1,2023,3,28,87,13,hot_rainy
2023-03-29,1.7193548387096773,77.1,28.34,16.17,1,2023,3,29,88,13,hot_rainy
2023-03-30,1.7193548387096773,77.1,28.34,16.17,1,2023,3,30,89,13,hot_rainy
2023-03-31,1.7193548387096773,77.1,28.34,16.17,1,2023,3,31,90,13,hot_rainy
2023-04-01,0.14,64.07,28.54,13.08,0,2023,4,1,91,13,hot_rainy
2023-04-02,0.14,64.07,28.54,13.08,0,2023,4,2,92,13,hot_rainy
2023-04-03,0.14,64.07,28.54,13.08,0,2023,4,3,93,14,hot_rainy
2023-04-04,0.14,64.07,28.54,13.08,0,2023,4,4,94,14,hot_rainy
2023-04-05,0.14,64.07,28.54,13.08,0,2023,4,5,95,14,hot_rainy
2023-04-06,0.14,64.07,28.54,13.08,0,2023,4,6,96,14,hot_rainy
2023-04-07,0.14,64.07,28.54,13.08,0,2023,4,7,97,14,hot_rainy
2023-04-08,0.14,64.07,28.54,13.08,0,2023,4,8,98,14,hot_rainy
2023-04-09,0.14,64.07,28.54,13.08,0,2023,4,9,99,14,hot_rainy
2023-04-10,0.14,64.07,28.54,13.08,0,2023,4,10,100,15,hot_rainy
2023-04-11,0.14,64.07,28.54,13.08,0,2023,4,11,101,15,hot_rainy
2023-04-12,0.14,64.07,28.54,13.08,0,2023,4,12,102,15,hot_rainy
2023-04-13,0.14,64.07,28.54,13.08,0,2023,4,13,103,15,hot_rainy
2023-04-14,0.14,64.07,28.54,13.08,0,2023,4,14,104,15,hot_rainy
2023-04-15,0.14,64.07,28.54,13.08,0,2023,4,15,105,15,hot_rainy
2023-04-16,0.14,64.07,28.54,13.08,0,2023,4,16,106,15,hot_rainy
2023-04-17,0.14,64.07,28.54,13.08,0,2023,4,17,107,16,hot_rainy
2023-04-18,0.14,64.07,28.54,13.08,0,2023,4,18,108,16,hot_rainy
2023-04-19,0.14,64.07,28.54,13.08,0,2023,4,19,109,16,hot_rainy
2023-04-20,0.14,64.07,28.54,13.08,0,2023,4,20,110,16,hot_rainy
2023-04-21,0.14,64.07,28.54,13.08,0,2023,4,21,111,16,hot_rainy
2023-04-22,0.14,64.07,28.54,13.08,0,2023,4,22,112,16,hot_rainy
2023-04-23,0.14,64.07,28.54,13.08,0,2023,4,23,113,16,hot_rainy
2023-04-24,0.14,64.07,28.54,13.08,0,2023,4,24,114,17,hot_rainy
2023-04-25,0.14,64.07,28.54,13.08,0,2023,4,25,115,17,hot_rainy
2023-04-26,0.14,64.07,28.54,13.08,0,2023,4,26,116,17,hot_rainy
2023-04-27,0.14,64.07,28.54,13.08,0,2023,4,27,117,17,hot_rainy
2023-04-28,0.14,64.07,28.54,13.08,0,2023,4,28,118,17,hot_rainy
2023-04-29,0.14,64.07,28.54,13.08,0,2023,4,29,119,17,hot_rainy
2023-04-30,0.14,64.07,28.54,13.08,0,2023,4,30,120,17,hot_rainy
2023-05-01,0.1662851196670135,61.221428571428575,25.666428571428572,9.065185185185186,0,2023,5,1,121,18,cool_dry
2023-05-02,0.1662851196670135,61.221428571428575,25.666428571428572,9.065185185185186,0,2023,5,2,122,18,cool_dry
2023-05-03,0.1662851196670135,61.221428571428575,25.666428571428572,9.065185185185186,0,2023,5,3,123,18,cool_dry
2023-05-04,0.1662851196670135,61.221428571428575,25.666428571428572,9.065185185185186,0,2023,5,4,124,18,cool_dry
2023-05-05,0.1662851196670135,61.221428571428575,25.666428571428572,9.065185185185186,0,2023,5,5,125,18,cool_dry
2023-05-06,0.1662851196670135,61.221428571428575,25.666428571428572,9.065185185185186,0,2023,5,6,126,18,cool_dry
2023-05-07,0.1662851196670135,61.221428571428575,25.666428571428572,9.065185185185186,0,2023,5,7,127,18,cool_dry
2023-05-08,0.1662851196670135,61.221428571428575,25.666428571428572,9.065185185185186,0,2023,5,8,128,19,cool_dry
2023-05-09,0.1662851196670135,61.221428571428575,25.666428571428572,9.065185185185186,0,2023,5,9,129,19,cool_dry
2023-05-10,0.1662851196670135,61.221428571428575,25.666428571428572,9.065185185185186,0,2023,5,10,130,19,cool_dry
2023-05-11,0.1662851196670135,61.221428571428575,25.666428571428572,9.065185185185186,0,2023,5,11,131,19,cool_dry
2023-05-12,0.1662851196670135,61.221428571428575,25.666428571428572,9.065185185185186,0,2023,5,12,132,19,cool_dry
2023-05-13,0.1662851196670135,61.221428571428575,25.666428571428572,9.065185185185186,0,2023,5,13,133,19,cool_dry
2023-05-14,0.1662851196670135,61.221428571428575,25.666428571428572,9.065185185185186,0,2023,5,14,134,19,cool_dry
2023-05-15,0.1662851196670135,61.221428571428575,25.666428571428572,9.065185185185186,0,2023,5,15,135,20,cool_dry
2023-05-16,0.1662851196670135,61.221428571428575,25.666428571428572,9.065185185185186,0,2023,5,16,136,20,cool_dry
2023-05-17,0.1662851196670135,61.221428571428575,25.666428571428572,9.065185185185186,0,2023,5,17,137,20,cool_dry
2023-05-18,0.1662851196670135,61.221428571428575,25.666428571428572,9.065185185185186,0,2023,5,18,138,20,cool_dry
2023-05-19,0.1662851196670135,61.221428571428575,25.666428571428572,9.065185185185186,0,2023,5,19,139,20,cool_dry
2023-05-20,0.1662851196670135,61.221428571428575,25.666428571428572,9.065185185185186,0,2023,5,20,140,20,cool_dry
2023-05-21,0.1662851196670135,61.221428571428575,25.666428571428572,9.065185185185186,0,2023,5,21,141,20,cool_dry
2023-05-22,0.1662851196670135,61.221428571428575,25.666428571428572,9.065185185185186,0,2023,5,22,142,21,cool_dry
2023-05-23,0.1662851196670135,61.221428571428575,25.666428571428572,9.065185185185186,0,2023,5,23,143,21,cool_dry
2023-05-24,0.1662851196670135,61.221428571428575,25.666428571428572,9.065185185185186,0,2023,5,24,144,21,cool_dry
2023-05-25,0.1662851196670135,61.221428571428575,25.666428571428572,9.065185185185186,0,2023,5,25,145,21,cool_dry
2023-05-26,0.1662851196670135,61.221428571428575,25.666428571428572,9.065185185185186,0,2023,5,26,146,21,cool_dry
2023-05-27,0.1662851196670135,61.221428571428575,25.666428571428572,9.065185185185186,0,2023,5,27,147,21,cool_dry
2023-05-28,0.1662851196670135,61.221428571428575,25.666428571428572,9.065185185185186,0,2023,5,28,148,21,cool_dry
2023-05-29,0.1662851196670135,61.221428571428575,25.666428571428572,9.065185185185186,0,2023,5,29,149,22,cool_dry
2023-05-30,0.1662851196670135,61.221428571428575,25.666428571428572,9.065185185185186,0,2023,5,30,150,22,cool_dry
2023-05-31,0.1662851196670135,61.221428571428575,25.666428571428572,9.065185185185186,0,2023,5,31,151,22,cool_dry
2023-06-01,0.04583333333333333,60.345,23.633999999999997,6.635862068965517,0,2023,6,1,152,22,cool_dry
2023-06-02,0.04583333333333333,60.345,23.633999999999997,6.635862068965517,0,2023,6,2,153,22,cool_dry
2023-06-03,0.04583333333333333,60.345,23.633999999999997,6.635862068965517,0,2023,6,3,154,22,cool_dry
2023-06-04,0.04583333333333333,60.345,23.633999999999997,6.635862068965517,0,2023,6,4,155,22,cool_dry
2023-06-05,0.04583333333333333,60.345,23.633999999999997,6.635862068965517,0,2023,6,5,156,23,cool_dry
2023-06-06,0.04583333333333333,60.345,23.633999999999997,6.635862068965517,0,2023,6,6,157,23,cool_dry
2023-06-07,0.04583333333333333,60.345,23.633999999999997,6.635862068965517,0,2023,6,7,158,23,cool_dry
2023-06-08,0.04583333333333333,60.345,23.633999999999997,6.635862068965517,0,2023,6,8,159,23,cool_dry
2023-06-09,0.04583333333333333,60.345,23.633999999999997,6.635862068965517,0,2023,6,9,160,23,cool_dry
2023-06-10,0.04583333333333333,60.345,23.633999999999997,6.635862068965517,0,2023,6,10,161,23,cool_dry
2023-06-11,0.04583333333333333,60.345,23.633999999999997,6.635862068965517,0,2023,6,11,162,23,cool_dry
2023-06-12,0.04583333333333333,60.345,23.633999999999997,6.635862068965517,0,2023,6,12,163,24,cool_dry
2023-06-13,0.04583333333333333,60.345,23.633999999999997,6.635862068965517,0,2023,6,13,164,24,cool_dry
2023-06-14,0.04583333333333333,60.345,23.633999999999997,6.635862068965517,0,2023,6,14,165,24,cool_dry
2023-06-15,0.04583333333333333,60.345,23.633999999999997,6.635862068965517,0,2023,6,15,166,24,cool_dry
2023-06-16,0.04583333333333333,60.345,23.633999999999997,6.635862068965517,0,2023,6,16,167,24,cool_dry
2023-06-17,0.04583333333333333,60.345,23.633999999999997,6.635862068965517,0,2023,6,17,168,24,cool_dry
2023-06-18,0.04583333333333333,60.345,23.633999999999997,6.635862068965517,0,2023,6,18,169,24,cool_dry
2023-06-19,0.04583333333333333,60.345,23.633999999999997,6.635862068965517,0,2023,6,19,170,25,cool_dry
2023-06-20,0.04583333333333333,60.345,23.633999999999997,6.635862068965517,0,2023,6,20,171,25,cool_dry
2023-06-21,0.04583333333333333,60.345,23.633999999999997,6.635862068965517,0,2023,6,21,172,25,cool_dry
2023-06-22,0.04583333333333333,60.345,23.633999999999997,6.635862068965517,0,2023,6,22,173,25,cool_dry
2023-06-23,0.04583333333333333,60.345,23.633999999999997,6.635862068965517,0,2023,6,23,174,25,cool_dry
2023-06-24,0.04583333333333333,60.345,23.633999999999997,6.635862068965517,0,2023,6,24,175,25,cool_dry
2023-06-25,0.04583333333333333,60.345,23.633999999999997,6.635862068965517,0,2023,6,25,176,25,cool_dry
2023-06-26,0.04583333333333333,60.345,23.633999999999997,6.635862068965517,0,2023,6,26,177,26,cool_dry
2023-06-27,0.04583333333333333,60.345,23.633999999999997,6.635862068965517,0,2023,6,27,178,26,cool_dry
2023-06-28,0.04583333333333333,60.345,23.633999999999997,6.635862068965517,0,2023,6,28,179,26,cool_dry
2023-06-29,0.04583333333333333,60.345,23.633999999999997,6.635862068965517,0,2023,6,29,180,26,cool_dry
2023-06-30,0.04583333333333333,60.345,23.633999999999997,6.635862068965517,0,2023,6,30,181,26,cool_dry
2023-07-01,0.0,57.1,23.32,6.94,0,2023,7,1,182,26,cool_dry
2023-07-02,0.0,57.1,23.32,6.94,0,2023,7,2,183,26,cool_dry
2023-07-03,0.0,57.1,23.32,6.94,0,2023,7,3,184,27,cool_dry
2023-07-04,0.0,57.1,23.32,6.94,0,2023,7,4,185,27,cool_dry
2023-07-05,0.0,57.1,23.32,6.94,0,2023,7,5,186,27,cool_dry
2023-07-06,0.0,57.1,23.32,6.94,0,2023,7,6,187,27,cool_dry
2023-07-07,0.0,57.1,23.32,6.94,0,2023,7,7,188,27,cool_dry
2023-07-08,0.0,57.1,23.32,6.94,0,2023,7,8,189,27,cool_dry
2023-07-09,0.0,57.1,23.32,6.94,0,2023,7,9,190,27,cool_dry
2023-07-10,0.0,57.1,23.32,6.94,0,2023,7,10,191,28,cool_dry
2023-07-11,0.0,57.1,23.32,6.94,0,2023,7,11,192,28,cool_dry
2023-07-12,0.0,57.1,23.32,6.94,0,2023,7,12,193,28,cool_dry
2023-07-13,0.0,57.1,23.32,6.94,0,2023,7,13,194,28,cool_dry
2023-07-14,0.0,57.1,23.32,6.94,0,2023,7,14,195,28,cool_dry
2023-07-15,0.0,57.1,23.32,6.94,0,2023,7,15,196,28,cool_dry
2023-07-16,0.0,57.1,23.32,6.94,0,2023,7,16,197,28,cool_dry
2023-07-17,0.0,57.1,23.32,6.94,0,2023,7,17,198,29,cool_dry
2023-07-18,0.0,57.1,23.32,6.94,0,2023,7,18,199,29,cool_dry
2023-07-19,0.0,57.1,23.32,6.94,0,2023,7,19,200,29,cool_dry
2023-07-20,0.0,57.1,23.32,6.94,0,2023,7,20,201,29,cool_dry
2023-07-21,0.0,57.1,23.32,6.94,0,2023,7,21,202,29,cool_dry
2023-07-22,0.0,57.1,23.32,6.94,0,2023,7,22,203,29,cool_dry
2023-07-23,0.0,57.1,23.32,6.94,0,2023,7,23,204,29,cool_dry
2023-07-24,0.0,57.1,23.32,6.94,0,2023,7,24,205,30,cool_dry
2023-07-25,0.0,57.1,23.32,6.94,0,2023,7,25,206,30,cool_dry
2023-07-26,0.0,57.1,23.32,6.94,0,2023,7,26,207,30,cool_dry
2023-07-27,0.0,57.1,23.32,6.94,0,2023,7,27,208,30,cool_dry
2023-07-28,0.0,57.1,23.32,6.94,0,2023,7,28,209,30,cool_dry
2023-07-29,0.0,57.1,23.32,6.94,0,2023,7,29,210,30,cool_dry
2023-07-30,0.0,57.1,23.32,6.94,0,2023,7,30,211,30,cool_dry
2023-07-31,0.0,57.1,23.32,6.94,0,2023,7,31,212,31,cool_dry
2023-08-01,0.009781477627471384,49.68869565217391,26.582142857142856,8.906666666666666,0,2023,8,1,213,31,cool_dry
2023-08-02,0.009781477627471384,49.68869565217391,26.582142857142856,8.906666666666666,0,2023,8,2,214,31,cool_dry
2023-08-03,0.009781477627471384,49.68869565217391,26.582142857142856,8.906666666666666,0,2023,8,3,215,31,cool_dry
2023-08-04,0.009781477627471384,49.68869565217391,26.582142857142856,8.906666666666666,0,2023,8,4,216,31,cool_dry
2023-08-05,0.009781477627471384,49.68869565217391,26.582142857142856,8.906666666666666,0,2023,8,5,217,31,cool_dry
2023-08-06,0.009781477627471384,49.68869565217391,26.582142857142856,8.906666666666666,0,2023,8,6,218,31,cool_dry
2023-08-07,0.009781477627471384,49.68869565217391,26.582142857142856,8.906666666666666,0,2023,8,7,219,32,cool_dry
2023-08-08,0.009781477627471384,49.68869565217391,26.582142857142856,8.906666666666666,0,2023,8,8,220,32,cool_dry
2023-08-09,0.009781477627471384,49.68869565217391,26.582142857142856,8.906666666666666,0,2023,8,9,221,32,cool_dry
2023-08-10,0.009781477627471384,49.68869565217391,26.582142857142856,8.906666666666666,0,2023,8,10,222,32,cool_dry
2023-08-11,0.009781477627471384,49.68869565217391,26.582142857142856,8.906666666666666,0,2023,8,11,223,32,cool_dry
2023-08-12,0.009781477627471384,49.68869565217391,26.582142857142856,8.906666666666666,0,2023,8,12,224,32,cool_dry
2023-08-13,0.009781477627471384,49.68869565217391,26.582142857142856,8.906666666666666,0,2023,8,13,225,32,cool_dry
2023-08-14,0.009781477627471384,49.68869565217391,26.582142857142856,8.906666666666666,0,2023,8,14,226,33,cool_dry
2023-08-15,0.009781477627471384,49.68869565217391,26.582142857142856,8.906666666666666,0,2023,8,15,227,33,cool_dry
2023-08-16,0.009781477627471384,49.68869565217391,26.582142857142856,8.906666666666666,0,2023,8,16,228,33,cool_dry
2023-08-17,0.009781477627471384,49.68869565217391,26.582142857142856,8.906666666666666,0,2023,8,17,229,33,cool_dry
2023-08-18,0.009781477627471384,49.68869565217391,26.582142857142856,8.906666666666666,0,2023,8,18,230,33,cool_dry
2023-08-19,0.009781477627471384,49.68869565217391,26.582142857142856,8.906666666666666,0,2023,8,19,231,33,cool_dry
2023-08-20,0.009781477627471384,49.68869565217391,26.582142857142856,8.906666666666666,0,2023,8,20,232,33,cool_dry
2023-08-21,0.009781477627471384,49.68869565217391,26.582142857142856,8.906666666666666,0,2023,8,21,233,34,cool_dry
2023-08-22,0.009781477627471384,49.68869565217391,26.582142857142856,8.906666666666666,0,2023,8,22,234,34,cool_dry
2023-08-23,0.009781477627471384,49.68869565217391,26.582142857142856,8.906666666666666,0,2023,8,23,235,34,cool_dry
2023-08-24,0.009781477627471384,49.68869565217391,26.582142857142856,8.906666666666666,0,2023,8,24,236,34,cool_dry
2023-08-25,0.009781477627471384,49.68869565217391,26.582142857142856,8.906666666666666,0,2023,8,25,237,34,cool_dry
2023-08-26,0.009781477627471384,49.68869565217391,26.582142857142856,8.906666666666666,0,2023,8,26,238,34,cool_dry
2023-08-27,0.009781477627471384,49.68869565217391,26.582142857142856,8.906666666666666,0,2023,8,27,239,34,cool_dry
2023-08-28,0.009781477627471384,49.68869565217391,26.582142857142856,8.906666666666666,0,2023,8,28,240,35,cool_dry
2023-08-29,0.009781477627471384,49.68869565217391,26.582142857142856,8.906666666666666,0,2023,8,29,241,35,cool_dry
2023-08-30,0.009781477627471384,49.68869565217391,26.582142857142856,8.906666666666666,0,2023,8,30,242,35,cool_dry
2023-08-31,0.009781477627471384,49.68869565217391,26.582142857142856,8.906666666666666,0,2023,8,31,243,35,cool_dry
2023-09-01,0.04580645161290322,42.211363636363636,30.173793103448276,12.774285714285714,0,2023,9,1,244,35,hot_dry
2023-09-02,0.04580645161290322,42.211363636363636,30.173793103448276,12.774285714285714,0,2023,9,2,245,35,hot_dry
2023-09-03,0.04580645161290322,42.211363636363636,30.173793103448276,12.774285714285714,0,2023,9,3,246,35,hot_dry
2023-09-04,0.04580645161290322,42.211363636363636,30.173793103448276,12.774285714285714,0,2023,9,4,247,36,hot_dry
2023-09-05,0.04580645161290322,42.211363636363636,30.173793103448276,12.774285714285714,0,2023,9,5,248,36,hot_dry
2023-09-06,0.04580645161290322,42.211363636363636,30.173793103448276,12.774285714285714,0,2023,9,6,249,36,hot_dry
2023-09-07,0.04580645161290322,42.211363636363636,30.173793103448276,12.774285714285714,0,2023,9,7,250,36,hot_dry
2023-09-08,0.04580645161290322,42.211363636363636,30.173793103448276,12.774285714285714,0,2023,9,8,251,36,hot_dry
2023-09-09,0.04580645161290322,42.211363636363636,30.173793103448276,12.774285714285714,0,2023,9,9,252,36,hot_dry
2023-09-10,0.04580645161290322,42.211363636363636,30.173793103448276,12.774285714285714,0,2023,9,10,253,36,hot_dry
2023-09-11,0.04580645161290322,42.211363636363636,30.173793103448276,12.774285714285714,0,2023,9,11,254,37,hot_dry
2023-09-12,0.04580645161290322,42.211363636363636,30.173793103448276,12.774285714285714,0,2023,9,12,255,37,hot_dry
2023-09-13,0.04580645161290322,42.211363636363636,30.173793103448276,12.774285714285714,0,2023,9,13,256,37,hot_dry
2023-09-14,0.04580645161290322,42.211363636363636,30.173793103448276,12.774285714285714,0,2023,9,14,257,37,hot_dry
2023-09-15,0.04580645161290322,42.211363636363636,30.173793103448276,12.774285714285714,0,2023,9,15,258,37,hot_dry
2023-09-16,0.04580645161290322,42.211363636363636,30.173793103448276,12.774285714285714,0,2023,9,16,259,37,hot_dry
2023-09-17,0.04580645161290322,42.211363636363636,30.173793103448276,12.774285714285714,0,2023,9,17,260,37,hot_dry
2023-09-18,0.04580645161290322,42.211363636363636,30.173793103448276,12.774285714285714,0,2023,9,18,261,38,hot_dry
2023-09-19,0.04580645161290322,42.211363636363636,30.173793103448276,12.774285714285714,0,2023,9,19,262,38,hot_dry
2023-09-20,0.04580645161290322,42.211363636363636,30.173793103448276,12.774285714285714,0,2023,9,20,263,38,hot_dry
2023-09-21,0.04580645161290322,42.211363636363636,30.173793103448276,12.774285714285714,0,2023,9,21,264,38,hot_dry
2023-09-22,0.04580645161290322,42.211363636363636,30.173793103448276,12.774285714285714,0,2023,9,22,265,38,hot_dry
2023-09-23,0.04580645161290322,42.211363636363636,30.173793103448276,12.774285714285714,0,2023,9,23,266,38,hot_dry
2023-09-24,0.04580645161290322,42.211363636363636,30.173793103448276,12.774285714285714,0,2023,9,24,267,38,hot_dry
2023-09-25,0.04580645161290322,42.211363636363636,30.173793103448276,12.774285714285714,0,2023,9,25,268,39,hot_dry
2023-09-26,0.04580645161290322,42.211363636363636,30.173793103448276,12.774285714285714,0,2023,9,26,269,39,hot_dry
2023-09-27,0.04580645161290322,42.211363636363636,30.173793103448276,12.774285714285714,0,2023,9,27,270,39,hot_dry
2023-09-28,0.04580645161290322,42.211363636363636,30.173793103448276,12.774285714285714,0,2023,9,28,271,39,hot_dry
2023-09-29,0.04580645161290322,42.211363636363636,30.173793103448276,12.774285714285714,0,2023,9,29,272,39,hot_dry
2023-09-30,0.04580645161290322,42.211363636363636,30.173793103448276,12.774285714285714,0,2023,9,30,273,39,hot_dry
2023-10-01,0.38761706555671177,44.34952380952381,32.03296296296296,16.126923076923077,0,2023,10,1,274,39,hot_dry
2023-10-02,0.38761706555671177,44.34952380952381,32.03296296296296,16.126923076923077,0,2023,10,2,275,40,hot_dry
2023-10-03,0.38761706555671177,44.34952380952381,32.03296296296296,16.126923076923077,0,2023,10,3,276,40,hot_dry
2023-10-04,0.38761706555671177,44.34952380952381,32.03296296296296,16.126923076923077,0,2023,10,4,277,40,hot_dry
2023-10-05,0.38761706555671177,44.34952380952381,32.03296296296296,16.126923076923077,0,2023,10,5,278,40,hot_dry
2023-10-06,0.38761706555671177,44.34952380952381,32.03296296296296,16.126923076923077,0,2023,10,6,279,40,hot_dry
2023-10-07,0.38761706555671177,44.34952380952381,32.03296296296296,16.126923076923077,0,2023,10,7,280,40,hot_dry
2023-10-08,0.38761706555671177,44.34952380952381,32.03296296296296,16.126923076923077,0,2023,10,8,281,40,hot_dry
2023-10-09,0.38761706555671177,44.34952380952381,32.03296296296296,16.126923076923077,0,2023,10,9,282,41,hot_dry
2023-10-10,0.38761706555671177,44.34952380952381,32.03296296296296,16.126923076923077,0,2023,10,10,283,41,hot_dry
2023-10-11,0.38761706555671177,44.34952380952381,32.03296296296296,16.126923076923077,0,2023,10,11,284,41,hot_dry
2023-10-12,0.38761706555671177,44.34952380952381,32.03296296296296,16.126923076923077,0,2023,10,12,285,41,hot_dry
2023-10-13,0.38761706555671177,44.34952380952381,32.03296296296296,16.126923076923077,0,2023,10,13,286,41,hot_dry
2023-10-14,0.38761706555671177,44.34952380952381,32.03296296296296,16.126923076923077,0,2023,10,14,287,41,hot_dry
2023-10-15,0.38761706555671177,44.34952380952381,32.03296296296296,16.126923076923077,0,2023,10,15,288,41,hot_dry
2023-10-16,0.38761706555671177,44.34952380952381,32.03296296296296,16.126923076923077,0,2023,10,16,289,42,hot_dry
2023-10-17,0.38761706555671177,44.34952380952381,32.03296296296296,16.126923076923077,0,2023,10,17,290,42,hot_dry
2023-10-18,0.38761706555671177,44.34952380952381,32.03296296296296,16.126923076923077,0,2023,10,18,291,42,hot_dry
2023-10-19,0.38761706555671177,44.34952380952381,32.03296296296296,16.126923076923077,0,2023,10,19,292,42,hot_dry
2023-10-20,0.38761706555671177,44.34952380952381,32.03296296296296,16.126923076923077,0,2023,10,20,293,42,hot_dry
2023-10-21,0.38761706555671177,44.34952380952381,32.03296296296296,16.126923076923077,0,2023,10,21,294,42,hot_dry
2023-10-22,0.38761706555671177,44.34952380952381,32.03296296296296,16.126923076923077,0,2023,10,22,295,42,hot_dry
2023-10-23,0.38761706555671177,44.34952380952381,32.03296296296296,16.126923076923077,0,2023,10,23,296,43,hot_dry
2023-10-24,0.38761706555671177,44.34952380952381,32.03296296296296,16.126923076923077,0,2023,10,24,297,43,hot_dry
2023-10-25,0.38761706555671177,44.34952380952381,32.03296296296296,16.126923076923077,0,2023,10,25,298,43,hot_dry
2023-10-26,0.38761706555671177,44.34952380952381,32.03296296296296,16.126923076923077,0,2023,10,26,299,43,hot_dry
2023-10-27,0.38761706555671177,44.34952380952381,32.03296296296296,16.126923076923077,0,2023,10,27,300,43,hot_dry
2023-10-28,0.38761706555671177,44.34952380952381,32.03296296296296,16.126923076923077,0,2023,10,28,301,43,hot_dry
2023-10-29,0.38761706555671177,44.34952380952381,32.03296296296296,16.126923076923077,0,2023,10,29,302,43,hot_dry
2023-10-30,0.38761706555671177,44.34952380952381,32.03296296296296,16.126923076923077,0,2023,10,30,303,44,hot_dry
2023-10-31,0.38761706555671177,44.34952380952381,32.03296296296296,16.126923076923077,0,2023,10,31,304,44,hot_dry
2023-11-01,2.511,58.865454545454554,30.724482758620688,17.476071428571426,1,2023,11,1,305,44,hot_rainy
2023-11-02,2.511,58.865454545454554,30.724482758620688,17.476071428571426,1,2023,11,2,306,44,hot_rainy
2023-11-03,2.511,58.865454545454554,30.724482758620688,17.476071428571426,1,2023,11,3,307,44,hot_rainy
2023-11-04,2.511,58.865454545454554,30.724482758620688,17.476071428571426,1,2023,11,4,308,44,hot_rainy
2023-11-05,2.511,58.865454545454554,30.724482758620688,17.476071428571426,1,2023,11,5,309,44,hot_rainy
2023-11-06,2.511,58.865454545454554,30.724482758620688,17.476071428571426,1,2023,11,6,310,45,hot_rainy
2023-11-07,2.511,58.865454545454554,30.724482758620688,17.476071428571426,1,2023,11,7,311,45,hot_rainy
2023-11-08,2.511,58.865454545454554,30.724482758620688,17.476071428571426,1,2023,11,8,312,45,hot_rainy
2023-11-09,2.511,58.865454545454554,30.724482758620688,17.476071428571426,1,2023,11,9,313,45,hot_rainy
2023-11-10,2.511,58.865454545454554,30.724482758620688,17.476071428571426,1,2023,11,10,314,45,hot_rainy
2023-11-11,2.511,58.865454545454554,30.724482758620688,17.476071428571426,1,2023,11,11,315,45,hot_rainy
2023-11-12,2.511,58.865454545454554,30.724482758620688,17.476071428571426,1,2023,11,12,316,45,hot_rainy
2023-11-13,2.511,58.865454545454554,30.724482758620688,17.476071428571426,1,2023,11,13,317,46,hot_rainy
2023-11-14,2.511,58.865454545454554,30.724482758620688,17.476071428571426,1,2023,11,14,318,46,hot_rainy
2023-11-15,2.511,58.865454545454554,30.724482758620688,17.476071428571426,1,2023,11,15,319,46,hot_rainy
2023-11-16,2.511,58.865454545454554,30.724482758620688,17.476071428571426,1,2023,11,16,320,46,hot_rainy
2023-11-17,2.511,58.865454545454554,30.724482758620688,17.476071428571426,1,2023,11,17,321,46,hot_rainy
2023-11-18,2.511,58.865454545454554,30.724482758620688,17.476071428571426,1,2023,11,18,322,46,hot_rainy
2023-11-19,2.511,58.865454545454554,30.724482758620688,17.476071428571426,1,2023,11,19,323,46,hot_rainy
2023-11-20,2.511,58.865454545454554,30.724482758620688,17.476071428571426,1,2023,11,20,324,47,hot_rainy
2023-11-21,2.511,58.865454545454554,30.724482758620688,17.476071428571426,1,2023,11,21,325,47,hot_rainy
2023-11-22,2.511,58.865454545454554,30.724482758620688,17.476071428571426,1,2023,11,22,326,47,hot_rainy
2023-11-23,2.511,58.865454545454554,30.724482758620688,17.476071428571426,1,2023,11,23,327,47,hot_rainy
2023-11-24,2.511,58.865454545454554,30.724482758620688,17.476071428571426,1,2023,11,24,328,47,hot_rainy
2023-11-25,2.511,58.865454545454554,30.724482758620688,17.476071428571426,1,2023,11,25,329,47,hot_rainy
2023-11-26,2.511,58.865454545454554,30.724482758620688,17.476071428571426,1,2023,11,26,330,47,hot_rainy
2023-11-27,2.511,58.865454545454554,30.724482758620688,17.476071428571426,1,2023,11,27,331,48,hot_rainy
2023-11-28,2.511,58.865454545454554,30.724482758620688,17.476071428571426,1,2023,11,28,332,48,hot_rainy
2023-11-29,2.511,58.865454545454554,30.724482758620688,17.476071428571426,1,2023,11,29,333,48,hot_rainy
2023-11-30,2.511,58.865454545454554,30.724482758620688,17.476071428571426,1,2023,11,30,334,48,hot_rainy
2023-12-01,4.735483870967743,67.35,30.82,19.2,1,2023,12,1,335,48,hot_rainy
2023-12-02,4.735483870967743,67.35,30.82,19.2,1,2023,12,2,336,48,hot_rainy
2023-12-03,4.735483870967743,67.35,30.82,19.2,1,2023,12,3,337,48,hot_rainy
2023-12-04,4.735483870967743,67.35,30.82,19.2,1,2023,12,4,338,49,hot_rainy
2023-12-05,4.735483870967743,67.35,30.82,19.2,1,2023,12,5,339,49,hot_rainy
2023-12-06,4.735483870967743,67.35,30.82,19.2,1,2023,12,6,340,49,hot_rainy
2023-12-07,4.735483870967743,67.35,30.82,19.2,1,2023,12,7,341,49,hot_rainy
2023-12-08,4.735483870967743,67.35,30.82,19.2,1,2023,12,8,342,49,hot_rainy
2023-12-09,4.735483870967743,67.35,30.82,19.2,1,2023,12,9,343,49,hot_rainy
2023-12-10,4.735483870967743,67.35,30.82,19.2,1,2023,12,10,344,49,hot_rainy
2023-12-11,4.735483870967743,67.35,30.82,19.2,1,2023,12,11,345,50,hot_rainy
2023-12-12,4.735483870967743,67.35,30.82,19.2,1,2023,12,12,346,50,hot_rainy
2023-12-13,4.735483870967743,67.35,30.82,19.2,1,2023,12,13,347,50,hot_rainy
2023-12-14,4.735483870967743,67.35,30.82,19.2,1,2023,12,14,348,50,hot_rainy
2023-12-15,4.735483870967743,67.35,30.82,19.2,1,2023,12,15,349,50,hot_rainy
2023-12-16,4.735483870967743,67.35,30.82,19.2,1,2023,12,16,350,50,hot_rainy
2023-12-17,4.735483870967743,67.35,30.82,19.2,1,2023,12,17,351,50,hot_rainy
2023-12-18,4.735483870967743,67.35,30.82,19.2,1,2023,12,18,352,51,hot_rainy
2023-12-19,4.735483870967743,67.35,30.82,19.2,1,2023,12,19,353,51,hot_rainy
2023-12-20,4.735483870967743,67.35,30.82,19.2,1,2023,12,20,354,51,hot_rainy
2023-12-21,4.735483870967743,67.35,30.82,19.2,1,2023,12,21,355,51,hot_rainy
2023-12-22,4.735483870967743,67.35,30.82,19.2,1,2023,12,22,356,51,hot_rainy
2023-12-23,4.735483870967743,67.35,30.82,19.2,1,2023,12,23,357,51,hot_rainy
2023-12-24,4.735483870967743,67.35,30.82,19.2,1,2023,12,24,358,51,hot_rainy
2023-12-25,4.735483870967743,67.35,30.82,19.2,1,2023,12,25,359,52,hot_rainy
2023-12-26,4.735483870967743,67.35,30.82,19.2,1,2023,12,26,360,52,hot_rainy
2023-12-27,4.735483870967743,67.35,30.82,19.2,1,2023,12,27,361,52,hot_rainy
2023-12-28,4.735483870967743,67.35,30.82,19.2,1,2023,12,28,362,52,hot_rainy
2023-12-29,4.735483870967743,67.35,30.82,19.2,1,2023,12,29,363,52,hot_rainy
2023-12-30,4.735483870967743,67.35,30.82,19.2,1,2023,12,30,364,52,hot_rainy
2023-12-31,4.735483870967743,67.35,30.82,19.2,1,2023,12,31,365,52,hot_rainy
