date,precipitation
1990-01-01,78.147
1990-01-02,74.799
1990-01-03,18.686
1990-01-04,11.077
1990-01-05,9.638
1990-01-06,26.651
1990-01-07,20.509
1990-01-08,31.499
1990-01-09,41.989
1990-01-10,41.835
1990-01-11,43.761
1990-01-12,35.3
1990-01-13,40.76
1990-01-14,92.447
1990-01-15,34.414
1990-01-16,47.722
1990-01-17,24.848
1990-01-18,3.242
1990-01-19,2.805
1990-01-20,0.365
1990-01-21,16.521
1990-01-22,36.394
1990-01-23,26.062
1990-01-24,19.835
1990-01-25,12.819
1990-01-26,17.105
1990-01-27,19.788
1990-01-28,15.856
1990-01-29,8.338
1990-01-30,8.253
1990-01-31,9.02
1990-02-01,14.705
1990-02-02,4.746
1990-02-03,40.512
1990-02-04,20.664
1990-02-05,8.296
1990-02-06,23.178
1990-02-07,54.934
1990-02-08,15.42
1990-02-09,17.319
1990-02-10,42.775
1990-02-11,37.766
1990-02-12,14.67
1990-02-13,29.801
1990-02-14,51.342
1990-02-15,22.054
1990-02-16,1.485
1990-02-17,44.114
1990-02-18,13.854
1990-02-19,0.126
1990-02-20,0.33
1990-02-21,10.13
1990-02-22,3.81
1990-02-23,12.545
1990-02-24,7.557
1990-02-25,16.953
1990-02-26,6.091
1990-02-27,0.16
1990-02-28,0.0
1990-03-01,0.131
1990-03-02,0.072
1990-03-03,0.0
1990-03-04,0.14
1990-03-05,0.697
1990-03-06,1.344
1990-03-07,0.406
1990-03-08,0.768
1990-03-09,1.342
1990-03-10,1.487
1990-03-11,0.13
1990-03-12,0.003
1990-03-13,0.0
1990-03-14,0.659
1990-03-15,0.352
1990-03-16,0.137
1990-03-17,0.2
1990-03-18,0.196
1990-03-19,0.975
1990-03-20,19.764
1990-03-21,8.26
1990-03-22,0.958
1990-03-23,0.515
1990-03-24,1.342
1990-03-25,4.366
1990-03-26,0.644
1990-03-27,19.996
1990-03-28,11.021
1990-03-29,36.742
1990-03-30,16.528
1990-03-31,1.311
1990-04-01,0.446
1990-04-02,0.387
1990-04-03,21.519
1990-04-04,8.509
1990-04-05,0.169
1990-04-06,1.248
1990-04-07,16.964
1990-04-08,11.361
1990-04-09,0.828
1990-04-10,0.076
1990-04-11,0.607
1990-04-12,0.055
1990-04-13,0.0
1990-04-14,0.395
1990-04-15,0.485
1990-04-16,0.008
1990-04-17,0.804
1990-04-18,1.041
1990-04-19,1.27
1990-04-20,1.428
1990-04-21,2.202
1990-04-22,0.807
1990-04-23,0.288
1990-04-24,0.266
1990-04-25,0.602
1990-04-26,0.413
1990-04-27,0.725
1990-04-28,2.369
1990-04-29,11.893
1990-04-30,6.2
1990-05-01,0.148
1990-05-02,0.0
1990-05-03,0.0
1990-05-04,0.0
1990-05-05,0.392
1990-05-06,0.025
1990-05-07,0.001
1990-05-08,0.344
1990-05-09,0.075
1990-05-10,0.011
1990-05-11,0.044
1990-05-12,0.04
1990-05-13,0.896
1990-05-14,2.652
1990-05-15,3.016
1990-05-16,2.069
1990-05-17,2.725
1990-05-18,1.197
1990-05-19,2.723
1990-05-20,2.296
1990-05-21,0.044
1990-05-22,0.0
1990-05-23,0.0
1990-05-24,1.813
1990-05-25,1.454
1990-05-26,0.502
1990-05-27,0.516
1990-05-28,0.242
1990-05-29,0.0
1990-05-30,0.03
1990-05-31,0.788
1990-06-01,0.172
1990-06-02,0.012
1990-06-03,0.155
1990-06-04,0.047
1990-06-05,0.042
1990-06-06,0.035
1990-06-07,0.01
1990-06-08,0.364
1990-06-09,0.362
1990-06-10,1.36
1990-06-11,0.05
1990-06-12,0.0
1990-06-13,0.667
1990-06-14,1.846
1990-06-15,0.334
1990-06-16,0.173
1990-06-17,0.01
1990-06-18,0.0
1990-06-19,0.304
1990-06-20,1.06
1990-06-21,0.0
1990-06-22,0.0
1990-06-23,0.0
1990-06-24,0.0
1990-06-25,0.0
1990-06-26,0.0
1990-06-27,0.0
1990-06-28,0.0
1990-06-29,0.0
1990-06-30,0.0
1990-07-01,0.0
1990-07-02,0.0
1990-07-03,0.0
1990-07-04,0.0
1990-07-05,0.0
1990-07-06,0.0
1990-07-07,0.0
1990-07-08,0.0
1990-07-09,0.0
1990-07-10,0.0
1990-07-11,0.0
1990-07-12,0.0
1990-07-13,0.0
1990-07-14,0.0
1990-07-15,0.0
1990-07-16,0.0
1990-07-17,0.0
1990-07-18,0.0
1990-07-19,0.0
1990-07-20,0.0
1990-07-21,0.0
1990-07-22,0.146
1990-07-23,0.023
1990-07-24,0.001
1990-07-25,0.0
1990-07-26,0.0
1990-07-27,1.559
1990-07-28,0.206
1990-07-29,0.077
1990-07-30,0.025
1990-07-31,0.0
1990-08-01,0.0
1990-08-02,0.0
1990-08-03,0.0
1990-08-04,0.0
1990-08-05,0.0
1990-08-06,0.028
1990-08-07,0.004
1990-08-08,0.007
1990-08-09,0.0
1990-08-10,0.0
1990-08-11,0.0
1990-08-12,0.0
1990-08-13,0.963
1990-08-14,1.58
1990-08-15,0.088
1990-08-16,0.0
1990-08-17,0.0
1990-08-18,0.0
1990-08-19,0.0
1990-08-20,0.0
1990-08-21,0.0
1990-08-22,0.0
1990-08-23,0.0
1990-08-24,0.0
1990-08-25,0.0
1990-08-26,0.0
1990-08-27,0.0
1990-08-28,0.0
1990-08-29,0.0
1990-08-30,0.0
1990-08-31,0.0
1990-09-01,0.0
1990-09-02,0.001
1990-09-03,0.0
1990-09-04,0.0
1990-09-05,0.0
1990-09-06,0.0
1990-09-07,0.0
1990-09-08,0.0
1990-09-09,0.0
1990-09-10,0.0
1990-09-11,0.0
1990-09-12,0.0
1990-09-13,0.0
1990-09-14,0.0
1990-09-15,0.0
1990-09-16,0.0
1990-09-17,0.0
1990-09-18,0.048
1990-09-19,1.041
1990-09-20,0.048
1990-09-21,0.803
1990-09-22,0.0
1990-09-23,0.0
1990-09-24,0.0
1990-09-25,0.0
1990-09-26,0.0
1990-09-27,0.0
1990-09-28,0.0
1990-09-29,0.0
1990-09-30,0.598
1990-10-01,6.03
1990-10-02,0.0
1990-10-03,0.0
1990-10-04,0.0
1990-10-05,0.002
1990-10-06,0.0
1990-10-07,0.063
1990-10-08,0.01
1990-10-09,0.001
1990-10-10,0.0
1990-10-11,0.0
1990-10-12,0.0
1990-10-13,0.0
1990-10-14,0.0
1990-10-15,0.0
1990-10-16,0.006
1990-10-17,0.104
1990-10-18,0.011
1990-10-19,8.974
1990-10-20,5.75
1990-10-21,9.091
1990-10-22,0.082
1990-10-23,0.0
1990-10-24,0.0
1990-10-25,0.002
1990-10-26,0.15
1990-10-27,0.005
1990-10-28,0.051
1990-10-29,0.0
1990-10-30,0.0
1990-10-31,0.0
1990-11-01,0.0
1990-11-02,0.0
1990-11-03,0.0
1990-11-04,0.0
1990-11-05,0.0
1990-11-06,0.0
1990-11-07,0.156
1990-11-08,0.169
1990-11-09,0.053
1990-11-10,0.0
1990-11-11,0.0
1990-11-12,0.0
1990-11-13,0.0
1990-11-14,0.043
1990-11-15,12.989
1990-11-16,5.051
1990-11-17,14.29
1990-11-18,3.961
1990-11-19,0.115
1990-11-20,0.025
1990-11-21,1.698
1990-11-22,21.656
1990-11-23,61.972
1990-11-24,8.842
1990-11-25,49.659
1990-11-26,11.224
1990-11-27,5.858
1990-11-28,0.723
1990-11-29,0.001
1990-11-30,0.0
1990-12-01,0.0
1990-12-02,9.145
1990-12-03,22.038
1990-12-04,9.379
1990-12-05,0.114
1990-12-06,0.004
1990-12-07,0.03
1990-12-08,1.001
1990-12-09,14.523
1990-12-10,11.884
1990-12-11,3.304
1990-12-12,0.033
1990-12-13,0.06
1990-12-14,0.108
1990-12-15,1.4
1990-12-16,15.167
1990-12-17,1.499
1990-12-18,2.338
1990-12-19,12.599
1990-12-20,3.413
1990-12-21,40.811
1990-12-22,17.217
1990-12-23,27.567
1990-12-24,21.009
1990-12-25,4.632
1990-12-26,31.769
1990-12-27,25.643
1990-12-28,24.371
1990-12-29,11.608
1990-12-30,15.083
1990-12-31,16.045
1991-01-01,1.165
1991-01-02,23.275
1991-01-03,33.468
1991-01-04,0.834
1991-01-05,12.225
1991-01-06,42.327
1991-01-07,23.459
1991-01-08,4.56
1991-01-09,26.83
1991-01-10,33.346
1991-01-11,5.823
1991-01-12,50.831
1991-01-13,8.093
1991-01-14,3.229
1991-01-15,18.419
1991-01-16,4.275
1991-01-17,1.197
1991-01-18,12.269
1991-01-19,20.056
1991-01-20,22.755
1991-01-21,21.753
1991-01-22,14.514
1991-01-23,25.359
1991-01-24,5.719
1991-01-25,55.14
1991-01-26,21.845
1991-01-27,25.799
1991-01-28,23.074
1991-01-29,17.755
1991-01-30,20.464
1991-01-31,5.352
1991-02-01,1.674
1991-02-02,1.772
1991-02-03,1.569
1991-02-04,21.699
1991-02-05,3.38
1991-02-06,21.652
1991-02-07,25.354
1991-02-08,60.61
1991-02-09,27.637
1991-02-10,36.942
1991-02-11,76.526
1991-02-12,35.372
1991-02-13,2.583
1991-02-14,31.398
1991-02-15,1.06
1991-02-16,18.154
1991-02-17,27.57
1991-02-18,34.354
1991-02-19,0.0
1991-02-20,0.848
1991-02-21,0.148
1991-02-22,0.0
1991-02-23,0.754
1991-02-24,12.717
1991-02-25,0.443
1991-02-26,0.8
1991-02-27,3.895
1991-02-28,0.395
1991-03-01,0.027
1991-03-02,0.509
1991-03-03,0.159
1991-03-04,0.056
1991-03-05,9.67
1991-03-06,4.307
1991-03-07,1.082
1991-03-08,0.6
1991-03-09,1.239
1991-03-10,16.016
1991-03-11,0.666
1991-03-12,2.938
1991-03-13,1.91
1991-03-14,19.841
1991-03-15,20.741
1991-03-16,23.542
1991-03-17,18.948
1991-03-18,18.188
1991-03-19,25.027
1991-03-20,19.05
1991-03-21,0.18
1991-03-22,12.778
1991-03-23,17.879
1991-03-24,19.779
1991-03-25,12.329
1991-03-26,54.831
1991-03-27,5.036
1991-03-28,7.4
1991-03-29,3.276
1991-03-30,1.748
1991-03-31,1.883
1991-04-01,0.48
1991-04-02,0.075
1991-04-03,1.509
1991-04-04,0.175
1991-04-05,0.003
1991-04-06,0.005
1991-04-07,0.0
1991-04-08,0.937
1991-04-09,0.701
1991-04-10,0.0
1991-04-11,0.001
1991-04-12,0.007
1991-04-13,0.911
1991-04-14,1.611
1991-04-15,1.218
1991-04-16,0.535
1991-04-17,0.0
1991-04-18,2.447
1991-04-19,1.281
1991-04-20,3.546
1991-04-21,0.014
1991-04-22,0.637
1991-04-23,2.576
1991-04-24,1.95
1991-04-25,1.586
1991-04-26,0.302
1991-04-27,0.237
1991-04-28,0.638
1991-04-29,0.765
1991-04-30,0.352
1991-05-01,0.126
1991-05-02,2.005
1991-05-03,0.316
1991-05-04,0.043
1991-05-05,0.037
1991-05-06,0.0
1991-05-07,1.459
1991-05-08,0.463
1991-05-09,0.026
1991-05-10,0.0
1991-05-11,0.195
1991-05-12,0.0
1991-05-13,0.052
1991-05-14,0.186
1991-05-15,0.683
1991-05-16,2.054
1991-05-17,0.032
1991-05-18,0.051
1991-05-19,0.428
1991-05-20,0.207
1991-05-21,0.0
1991-05-22,0.121
1991-05-23,0.003
1991-05-24,0.129
1991-05-25,0.0
1991-05-26,0.0
1991-05-27,0.0
1991-05-28,0.001
1991-05-29,3.039
1991-05-30,0.306
1991-05-31,0.0
1991-06-01,0.0
1991-06-02,0.0
1991-06-03,0.351
1991-06-04,3.825
1991-06-05,0.049
1991-06-06,0.003
1991-06-07,0.0
1991-06-08,0.0
1991-06-09,0.0
1991-06-10,0.102
1991-06-11,0.17
1991-06-12,0.262
1991-06-13,0.056
1991-06-14,0.0
1991-06-15,0.126
1991-06-16,0.01
1991-06-17,0.0
1991-06-18,0.0
1991-06-19,0.0
1991-06-20,0.0
1991-06-21,0.0
1991-06-22,0.0
1991-06-23,0.0
1991-06-24,0.0
1991-06-25,0.0
1991-06-26,0.0
1991-06-27,0.0
1991-06-28,0.0
1991-06-29,0.0
1991-06-30,0.0
1991-07-01,0.0
1991-07-02,0.0
1991-07-03,0.0
1991-07-04,0.002
1991-07-05,0.0
1991-07-06,0.014
1991-07-07,0.0
1991-07-08,0.0
1991-07-09,0.0
1991-07-10,0.0
1991-07-11,0.0
1991-07-12,0.027
1991-07-13,0.005
1991-07-14,0.005
1991-07-15,0.03
1991-07-16,0.0
1991-07-17,0.006
1991-07-18,0.014
1991-07-19,0.0
1991-07-20,0.0
1991-07-21,0.0
1991-07-22,0.0
1991-07-23,0.0
1991-07-24,0.0
1991-07-25,0.0
1991-07-26,0.0
1991-07-27,0.0
1991-07-28,0.0
1991-07-29,1.416
1991-07-30,0.248
1991-07-31,0.026
1991-08-01,0.0
1991-08-02,0.0
1991-08-03,0.0
1991-08-04,0.0
1991-08-05,0.0
1991-08-06,0.0
1991-08-07,0.0
1991-08-08,0.0
1991-08-09,0.0
1991-08-10,0.0
1991-08-11,0.0
1991-08-12,0.0
1991-08-13,1.563
1991-08-14,0.0
1991-08-15,0.0
1991-08-16,0.0
1991-08-17,0.0
1991-08-18,0.0
1991-08-19,0.0
1991-08-20,0.0
1991-08-21,0.0
1991-08-22,0.0
1991-08-23,0.0
1991-08-24,0.0
1991-08-25,0.0
1991-08-26,0.0
1991-08-27,0.0
1991-08-28,0.0
1991-08-29,0.0
1991-08-30,0.0
1991-08-31,0.0
1991-09-01,0.0
1991-09-02,0.0
1991-09-03,0.001
1991-09-04,0.0
1991-09-05,0.0
1991-09-06,0.0
1991-09-07,0.0
1991-09-08,0.0
1991-09-09,0.0
1991-09-10,0.0
1991-09-11,0.0
1991-09-12,0.0
1991-09-13,0.0
1991-09-14,0.0
1991-09-15,0.0
1991-09-16,0.0
1991-09-17,0.0
1991-09-18,0.0
1991-09-19,0.0
1991-09-20,0.0
1991-09-21,0.053
1991-09-22,0.0
1991-09-23,0.0
1991-09-24,0.0
1991-09-25,0.0
1991-09-26,0.0
1991-09-27,0.0
1991-09-28,0.28
1991-09-29,0.0
1991-09-30,0.022
1991-10-01,0.681
1991-10-02,0.0
1991-10-03,0.0
1991-10-04,0.0
1991-10-05,0.0
1991-10-06,0.0
1991-10-07,0.0
1991-10-08,0.0
1991-10-09,0.0
1991-10-10,0.0
1991-10-11,2.478
1991-10-12,8.838
1991-10-13,4.748
1991-10-14,18.586
1991-10-15,20.515
1991-10-16,25.884
1991-10-17,0.739
1991-10-18,0.019
1991-10-19,0.0
1991-10-20,0.006
1991-10-21,0.83
1991-10-22,0.0
1991-10-23,0.01
1991-10-24,8.229
1991-10-25,26.365
1991-10-26,1.195
1991-10-27,1.214
1991-10-28,0.553
1991-10-29,0.567
1991-10-30,0.395
1991-10-31,0.077
1991-11-01,1.905
1991-11-02,1.124
1991-11-03,0.108
1991-11-04,0.058
1991-11-05,4.366
1991-11-06,0.017
1991-11-07,0.0
1991-11-08,0.0
1991-11-09,0.0
1991-11-10,0.007
1991-11-11,0.0
1991-11-12,0.003
1991-11-13,7.786
1991-11-14,5.319
1991-11-15,25.662
1991-11-16,3.796
1991-11-17,1.206
1991-11-18,31.682
1991-11-19,11.354
1991-11-20,9.768
1991-11-21,45.549
1991-11-22,10.858
1991-11-23,6.077
1991-11-24,16.116
1991-11-25,31.94
1991-11-26,44.326
1991-11-27,0.163
1991-11-28,0.136
1991-11-29,0.0
1991-11-30,0.045
1991-12-01,0.0
1991-12-02,0.002
1991-12-03,0.001
1991-12-04,0.005
1991-12-05,5.107
1991-12-06,2.064
1991-12-07,0.528
1991-12-08,5.842
1991-12-09,6.972
1991-12-10,1.532
1991-12-11,1.842
1991-12-12,0.152
1991-12-13,2.118
1991-12-14,1.766
1991-12-15,6.378
1991-12-16,3.425
1991-12-17,4.714
1991-12-18,10.963
1991-12-19,44.351
1991-12-20,32.899
1991-12-21,42.063
1991-12-22,24.243
1991-12-23,74.262
1991-12-24,55.446
1991-12-25,90.748
1991-12-26,11.814
1991-12-27,37.739
1991-12-28,19.97
1991-12-29,34.437
1991-12-30,0.083
1991-12-31,0.0
1992-01-01,0.144
1992-01-02,0.863
1992-01-03,2.609
1992-01-04,11.739
1992-01-05,6.834
1992-01-06,5.312
1992-01-07,1.433
1992-01-08,0.59
1992-01-09,0.798
1992-01-10,1.118
1992-01-11,15.254
1992-01-12,1.522
1992-01-13,0.144
1992-01-14,0.096
1992-01-15,0.08
1992-01-16,4.661
1992-01-17,1.925
1992-01-18,8.389
1992-01-19,19.327
1992-01-20,9.93
1992-01-21,13.1
1992-01-22,28.74
1992-01-23,26.949
1992-01-24,40.575
1992-01-25,55.912
1992-01-26,6.714
1992-01-27,0.528
1992-01-28,0.115
1992-01-29,0.166
1992-01-30,0.003
1992-01-31,0.194
1992-02-01,0.911
1992-02-02,5.478
1992-02-03,3.204
1992-02-04,1.068
1992-02-05,0.008
1992-02-06,0.744
1992-02-07,0.471
1992-02-08,1.478
1992-02-09,0.092
1992-02-10,0.69
1992-02-11,2.958
1992-02-12,0.557
1992-02-13,0.071
1992-02-14,0.0
1992-02-15,5.535
1992-02-16,0.294
1992-02-17,0.151
1992-02-18,0.826
1992-02-19,0.147
1992-02-20,0.001
1992-02-21,0.054
1992-02-22,0.158
1992-02-23,0.0
1992-02-24,0.361
1992-02-25,15.633
1992-02-26,3.56
1992-02-27,2.337
1992-02-28,1.03
1992-02-29,0.321
1992-03-01,1.166
1992-03-02,4.96
1992-03-03,40.763
1992-03-04,25.654
1992-03-05,2.022
1992-03-06,0.854
1992-03-07,0.252
1992-03-08,0.103
1992-03-09,0.029
1992-03-10,0.351
1992-03-11,15.841
1992-03-12,18.795
1992-03-13,10.5
1992-03-14,20.454
1992-03-15,12.603
1992-03-16,13.334
1992-03-17,17.984
1992-03-18,6.877
1992-03-19,2.036
1992-03-20,29.585
1992-03-21,25.743
1992-03-22,65.335
1992-03-23,50.045
1992-03-24,30.8
1992-03-25,87.131
1992-03-26,49.354
1992-03-27,3.841
1992-03-28,2.105
1992-03-29,0.84
1992-03-30,2.921
1992-03-31,0.01
1992-04-01,0.206
1992-04-02,0.692
1992-04-03,0.015
1992-04-04,0.455
1992-04-05,0.144
1992-04-06,0.713
1992-04-07,0.642
1992-04-08,1.223
1992-04-09,1.045
1992-04-10,0.006
1992-04-11,0.159
1992-04-12,0.352
1992-04-13,0.0
1992-04-14,0.0
1992-04-15,0.0
1992-04-16,0.0
1992-04-17,0.001
1992-04-18,0.0
1992-04-19,0.0
1992-04-20,0.038
1992-04-21,0.029
1992-04-22,0.105
1992-04-23,0.263
1992-04-24,0.243
1992-04-25,0.781
1992-04-26,0.525
1992-04-27,1.2
1992-04-28,24.65
1992-04-29,1.518
1992-04-30,2.154
1992-05-01,0.103
1992-05-02,0.0
1992-05-03,0.0
1992-05-04,0.0
1992-05-05,0.0
1992-05-06,0.0
1992-05-07,0.0
1992-05-08,0.0
1992-05-09,0.0
1992-05-10,0.0
1992-05-11,0.562
1992-05-12,0.0
1992-05-13,1.999
1992-05-14,0.207
1992-05-15,0.743
1992-05-16,0.69
1992-05-17,0.056
1992-05-18,0.0
1992-05-19,0.0
1992-05-20,0.0
1992-05-21,0.0
1992-05-22,0.0
1992-05-23,0.0
1992-05-24,0.0
1992-05-25,0.015
1992-05-26,0.0
1992-05-27,0.0
1992-05-28,0.0
1992-05-29,0.727
1992-05-30,1.824
1992-05-31,0.673
1992-06-01,0.006
1992-06-02,0.0
1992-06-03,0.0
1992-06-04,0.0
1992-06-05,0.0
1992-06-06,0.0
1992-06-07,0.21
1992-06-08,0.037
1992-06-09,0.037
1992-06-10,0.082
1992-06-11,0.01
1992-06-12,0.025
1992-06-13,0.0
1992-06-14,0.01
1992-06-15,0.002
1992-06-16,0.0
1992-06-17,0.001
1992-06-18,0.0
1992-06-19,0.0
1992-06-20,0.04
1992-06-21,0.0
1992-06-22,0.0
1992-06-23,0.0
1992-06-24,0.0
1992-06-25,0.0
1992-06-26,0.0
1992-06-27,0.0
1992-06-28,0.0
1992-06-29,0.0
1992-06-30,0.0
1992-07-01,0.0
1992-07-02,0.0
1992-07-03,0.0
1992-07-04,0.0
1992-07-05,0.0
1992-07-06,0.0
1992-07-07,0.0
1992-07-08,0.0
1992-07-09,0.0
1992-07-10,0.0
1992-07-11,0.0
1992-07-12,0.0
1992-07-13,0.0
1992-07-14,0.0
1992-07-15,0.0
1992-07-16,0.0
1992-07-17,0.781
1992-07-18,0.0
1992-07-19,0.001
1992-07-20,0.004
1992-07-21,0.0
1992-07-22,0.0
1992-07-23,0.0
1992-07-24,0.0
1992-07-25,0.0
1992-07-26,0.0
1992-07-27,0.0
1992-07-28,0.0
1992-07-29,0.0
1992-07-30,0.0
1992-07-31,1.0
1992-08-01,0.125
1992-08-02,0.002
1992-08-03,0.0
1992-08-04,0.0
1992-08-05,0.0
1992-08-06,0.0
1992-08-07,0.0
1992-08-08,0.0
1992-08-09,0.0
1992-08-10,0.0
1992-08-11,0.0
1992-08-12,1.01
1992-08-13,0.263
1992-08-14,0.0
1992-08-15,0.0
1992-08-16,0.0
1992-08-17,0.0
1992-08-18,0.0
1992-08-19,0.0
1992-08-20,0.0
1992-08-21,0.0
1992-08-22,0.0
1992-08-23,0.0
1992-08-24,0.0
1992-08-25,0.0
1992-08-26,0.0
1992-08-27,0.0
1992-08-28,0.0
1992-08-29,0.0
1992-08-30,0.0
1992-08-31,0.0
1992-09-01,0.0
1992-09-02,0.0
1992-09-03,0.0
1992-09-04,0.0
1992-09-05,0.0
1992-09-06,0.0
1992-09-07,0.0
1992-09-08,0.0
1992-09-09,0.0
1992-09-10,0.0
1992-09-11,0.0
1992-09-12,0.0
1992-09-13,0.0
1992-09-14,0.0
1992-09-15,0.0
1992-09-16,0.0
1992-09-17,0.0
1992-09-18,0.0
1992-09-19,0.0
1992-09-20,0.0
1992-09-21,0.0
1992-09-22,0.0
1992-09-23,0.0
1992-09-24,0.0
1992-09-25,0.0
1992-09-26,0.0
1992-09-27,0.001
1992-09-28,0.0
1992-09-29,0.0
1992-09-30,0.0
1992-10-01,0.0
1992-10-02,0.0
1992-10-03,0.0
1992-10-04,0.003
1992-10-05,0.0
1992-10-06,0.0
1992-10-07,0.0
1992-10-08,0.0
1992-10-09,0.0
1992-10-10,0.0
1992-10-11,0.0
1992-10-12,0.016
1992-10-13,0.0
1992-10-14,0.0
1992-10-15,0.0
1992-10-16,0.0
1992-10-17,0.0
1992-10-18,0.0
1992-10-19,0.0
1992-10-20,0.003
1992-10-21,0.003
1992-10-22,0.009
1992-10-23,0.0
1992-10-24,0.0
1992-10-25,30.199
1992-10-26,18.762
1992-10-27,2.404
1992-10-28,0.0
1992-10-29,1.533
1992-10-30,9.436
1992-10-31,4.128
1992-11-01,4.661
1992-11-02,1.312
1992-11-03,3.079
1992-11-04,0.409
1992-11-05,0.08
1992-11-06,3.685
1992-11-07,3.247
1992-11-08,19.805
1992-11-09,14.189
1992-11-10,30.525
1992-11-11,0.08
1992-11-12,0.048
1992-11-13,0.001
1992-11-14,0.018
1992-11-15,1.403
1992-11-16,20.361
1992-11-17,18.349
1992-11-18,22.977
1992-11-19,0.865
1992-11-20,0.05
1992-11-21,4.32
1992-11-22,11.313
1992-11-23,13.354
1992-11-24,49.294
1992-11-25,36.036
1992-11-26,2.454
1992-11-27,13.059
1992-11-28,0.005
1992-11-29,0.002
1992-11-30,0.0
1992-12-01,0.0
1992-12-02,0.0
1992-12-03,0.0
1992-12-04,3.234
1992-12-05,7.8
1992-12-06,0.309
1992-12-07,6.535
1992-12-08,31.135
1992-12-09,16.781
1992-12-10,42.459
1992-12-11,5.755
1992-12-12,40.803
1992-12-13,22.806
1992-12-14,8.351
1992-12-15,7.22
1992-12-16,21.414
1992-12-17,31.763
1992-12-18,14.811
1992-12-19,36.54
1992-12-20,88.691
1992-12-21,78.399
1992-12-22,29.761
1992-12-23,22.483
1992-12-24,26.632
1992-12-25,1.396
1992-12-26,0.623
1992-12-27,16.664
1992-12-28,10.896
1992-12-29,12.423
1992-12-30,23.597
1992-12-31,58.463
1993-01-01,8.661
1993-01-02,21.909
1993-01-03,7.354
1993-01-04,22.398
1993-01-05,15.038
1993-01-06,35.885
1993-01-07,26.394
1993-01-08,1.823
1993-01-09,11.697
1993-01-10,33.988
1993-01-11,21.512
1993-01-12,36.631
1993-01-13,19.991
1993-01-14,0.004
1993-01-15,2.138
1993-01-16,1.564
1993-01-17,0.309
1993-01-18,0.0
1993-01-19,0.484
1993-01-20,1.938
1993-01-21,2.074
1993-01-22,5.112
1993-01-23,5.052
1993-01-24,12.765
1993-01-25,49.169
1993-01-26,13.633
1993-01-27,22.227
1993-01-28,18.155
1993-01-29,3.367
1993-01-30,19.167
1993-01-31,8.019
1993-02-01,41.226
1993-02-02,13.35
1993-02-03,11.69
1993-02-04,54.296
1993-02-05,25.916
1993-02-06,34.685
1993-02-07,28.571
1993-02-08,27.049
1993-02-09,24.392
1993-02-10,3.675
1993-02-11,2.205
1993-02-12,21.681
1993-02-13,13.727
1993-02-14,13.085
1993-02-15,32.019
1993-02-16,38.643
1993-02-17,26.844
1993-02-18,79.214
1993-02-19,29.905
1993-02-20,14.54
1993-02-21,9.24
1993-02-22,83.323
1993-02-23,56.817
1993-02-24,53.507
1993-02-25,63.093
1993-02-26,26.444
1993-02-27,3.133
1993-02-28,1.549
1993-03-01,0.563
1993-03-02,10.345
1993-03-03,14.369
1993-03-04,14.964
1993-03-05,24.944
1993-03-06,7.374
1993-03-07,13.352
1993-03-08,10.908
1993-03-09,14.819
1993-03-10,4.15
1993-03-11,1.912
1993-03-12,18.281
1993-03-13,9.319
1993-03-14,33.107
1993-03-15,47.195
1993-03-16,3.794
1993-03-17,3.97
1993-03-18,3.512
1993-03-19,4.251
1993-03-20,2.383
1993-03-21,2.695
1993-03-22,1.137
1993-03-23,2.103
1993-03-24,7.874
1993-03-25,33.006
1993-03-26,24.282
1993-03-27,11.357
1993-03-28,0.954
1993-03-29,1.13
1993-03-30,4.52
1993-03-31,16.23
1993-04-01,13.135
1993-04-02,1.476
1993-04-03,4.17
1993-04-04,0.812
1993-04-05,1.049
1993-04-06,1.533
1993-04-07,0.329
1993-04-08,8.637
1993-04-09,0.792
1993-04-10,0.054
1993-04-11,0.004
1993-04-12,13.041
1993-04-13,48.849
1993-04-14,0.383
1993-04-15,5.069
1993-04-16,10.16
1993-04-17,0.262
1993-04-18,1.804
1993-04-19,0.517
1993-04-20,0.988
1993-04-21,0.883
1993-04-22,0.031
1993-04-23,0.647
1993-04-24,0.151
1993-04-25,1.133
1993-04-26,0.078
1993-04-27,0.165
1993-04-28,0.187
1993-04-29,0.51
1993-04-30,1.403
1993-05-01,2.8
1993-05-02,0.736
1993-05-03,0.001
1993-05-04,0.0
1993-05-05,0.0
1993-05-06,0.01
1993-05-07,0.0
1993-05-08,0.0
1993-05-09,0.0
1993-05-10,0.0
1993-05-11,0.0
1993-05-12,0.001
1993-05-13,0.008
1993-05-14,0.0
1993-05-15,0.028
1993-05-16,0.0
1993-05-17,0.001
1993-05-18,0.0
1993-05-19,0.0
1993-05-20,0.0
1993-05-21,0.0
1993-05-22,0.0
1993-05-23,0.0
1993-05-24,0.035
1993-05-25,0.003
1993-05-26,0.0
1993-05-27,0.0
1993-05-28,0.0
1993-05-29,0.0
1993-05-30,0.0
1993-05-31,0.0
1993-06-01,0.015
1993-06-02,0.751
1993-06-03,0.0
1993-06-04,0.001
1993-06-05,1.118
1993-06-06,0.002
1993-06-07,0.0
1993-06-08,0.0
1993-06-09,0.0
1993-06-10,0.0
1993-06-11,0.0
1993-06-12,0.0
1993-06-13,0.0
1993-06-14,0.0
1993-06-15,0.0
1993-06-16,0.0
1993-06-17,0.0
1993-06-18,0.0
1993-06-19,0.0
1993-06-20,0.0
1993-06-21,0.001
1993-06-22,0.0
1993-06-23,0.0
1993-06-24,0.0
1993-06-25,0.043
1993-06-26,0.101
1993-06-27,1.519
1993-06-28,0.692
1993-06-29,0.065
1993-06-30,0.44
1993-07-01,2.365
1993-07-02,4.684
1993-07-03,2.107
1993-07-04,2.61
1993-07-05,1.788
1993-07-06,1.99
1993-07-07,0.258
1993-07-08,0.0
1993-07-09,0.0
1993-07-10,0.0
1993-07-11,0.0
1993-07-12,0.0
1993-07-13,0.0
1993-07-14,0.06
1993-07-15,0.0
1993-07-16,0.0
1993-07-17,0.437
1993-07-18,0.569
1993-07-19,0.449
1993-07-20,0.002
1993-07-21,0.0
1993-07-22,0.0
1993-07-23,0.0
1993-07-24,0.006
1993-07-25,0.048
1993-07-26,0.0
1993-07-27,0.0
1993-07-28,0.0
1993-07-29,0.0
1993-07-30,0.0
1993-07-31,0.0
1993-08-01,0.0
1993-08-02,0.0
1993-08-03,0.0
1993-08-04,0.0
1993-08-05,0.0
1993-08-06,0.0
1993-08-07,0.0
1993-08-08,0.0
1993-08-09,0.0
1993-08-10,0.0
1993-08-11,0.0
1993-08-12,0.0
1993-08-13,0.185
1993-08-14,0.028
1993-08-15,0.068
1993-08-16,0.0
1993-08-17,0.0
1993-08-18,0.0
1993-08-19,0.0
1993-08-20,0.0
1993-08-21,0.0
1993-08-22,0.0
1993-08-23,0.0
1993-08-24,0.048
1993-08-25,0.0
1993-08-26,0.0
1993-08-27,0.0
1993-08-28,0.0
1993-08-29,0.121
1993-08-30,0.349
1993-08-31,0.065
1993-09-01,0.0
1993-09-02,0.001
1993-09-03,0.005
1993-09-04,0.0
1993-09-05,0.0
1993-09-06,0.0
1993-09-07,0.048
1993-09-08,0.0
1993-09-09,0.0
1993-09-10,0.0
1993-09-11,0.0
1993-09-12,0.0
1993-09-13,0.0
1993-09-14,0.0
1993-09-15,0.0
1993-09-16,0.0
1993-09-17,0.0
1993-09-18,0.0
1993-09-19,0.0
1993-09-20,0.0
1993-09-21,0.0
1993-09-22,0.0
1993-09-23,0.0
1993-09-24,0.0
1993-09-25,0.031
1993-09-26,0.019
1993-09-27,0.345
1993-09-28,1.841
1993-09-29,5.049
1993-09-30,0.122
1993-10-01,0.133
1993-10-02,0.001
1993-10-03,0.0
1993-10-04,0.0
1993-10-05,0.0
1993-10-06,0.0
1993-10-07,0.0
1993-10-08,0.168
1993-10-09,0.008
1993-10-10,0.0
1993-10-11,0.0
1993-10-12,0.004
1993-10-13,0.0
1993-10-14,0.0
1993-10-15,0.0
1993-10-16,0.0
1993-10-17,0.0
1993-10-18,0.0
1993-10-19,0.0
1993-10-20,0.0
1993-10-21,0.0
1993-10-22,0.0
1993-10-23,0.0
1993-10-24,0.015
1993-10-25,7.107
1993-10-26,0.0
1993-10-27,0.028
1993-10-28,9.229
1993-10-29,0.0
1993-10-30,0.0
1993-10-31,0.0
1993-11-01,1.673
1993-11-02,0.0
1993-11-03,0.0
1993-11-04,1.002
1993-11-05,0.131
1993-11-06,17.426
1993-11-07,49.762
1993-11-08,3.784
1993-11-09,2.717
1993-11-10,5.754
1993-11-11,40.464
1993-11-12,35.83
1993-11-13,1.116
1993-11-14,32.011
1993-11-15,6.762
1993-11-16,0.328
1993-11-17,0.454
1993-11-18,0.279
1993-11-19,0.099
1993-11-20,0.44
1993-11-21,0.006
1993-11-22,5.504
1993-11-23,5.804
1993-11-24,39.811
1993-11-25,50.622
1993-11-26,37.348
1993-11-27,43.148
1993-11-28,34.119
1993-11-29,24.219
1993-11-30,28.022
1993-12-01,19.672
1993-12-02,0.723
1993-12-03,41.049
1993-12-04,8.687
1993-12-05,1.129
1993-12-06,5.961
1993-12-07,31.603
1993-12-08,14.481
1993-12-09,13.026
1993-12-10,52.47
1993-12-11,30.828
1993-12-12,7.357
1993-12-13,21.203
1993-12-14,0.745
1993-12-15,0.411
1993-12-16,1.439
1993-12-17,1.767
1993-12-18,0.2
1993-12-19,35.271
1993-12-20,11.457
1993-12-21,3.048
1993-12-22,30.161
1993-12-23,15.363
1993-12-24,22.395
1993-12-25,2.707
1993-12-26,22.682
1993-12-27,30.163
1993-12-28,33.529
1993-12-29,17.542
1993-12-30,38.483
1993-12-31,10.032
1994-01-01,14.555
1994-01-02,25.071
1994-01-03,53.102
1994-01-04,28.791
1994-01-05,33.967
1994-01-06,34.523
1994-01-07,2.577
1994-01-08,0.36
1994-01-09,1.651
1994-01-10,0.384
1994-01-11,0.702
1994-01-12,9.732
1994-01-13,19.587
1994-01-14,4.136
1994-01-15,16.006
1994-01-16,38.373
1994-01-17,49.805
1994-01-18,62.067
1994-01-19,23.514
1994-01-20,40.4
1994-01-21,37.537
1994-01-22,33.962
1994-01-23,26.392
1994-01-24,35.811
1994-01-25,46.548
1994-01-26,24.434
1994-01-27,23.412
1994-01-28,15.318
1994-01-29,85.42
1994-01-30,12.942
1994-01-31,10.824
1994-02-01,1.961
1994-02-02,1.502
1994-02-03,2.675
1994-02-04,8.245
1994-02-05,27.751
1994-02-06,17.514
1994-02-07,68.884
1994-02-08,98.537
1994-02-09,26.13
1994-02-10,6.146
1994-02-11,4.517
1994-02-12,2.824
1994-02-13,39.9
1994-02-14,18.767
1994-02-15,3.769
1994-02-16,4.298
1994-02-17,1.63
1994-02-18,1.691
1994-02-19,0.926
1994-02-20,19.064
1994-02-21,25.598
1994-02-22,23.178
1994-02-23,5.019
1994-02-24,1.289
1994-02-25,2.71
1994-02-26,0.711
1994-02-27,0.594
1994-02-28,2.076
1994-03-01,3.87
1994-03-02,2.151
1994-03-03,3.842
1994-03-04,2.856
1994-03-05,0.99
1994-03-06,2.862
1994-03-07,0.088
1994-03-08,0.008
1994-03-09,0.239
1994-03-10,0.035
1994-03-11,0.032
1994-03-12,0.363
1994-03-13,0.725
1994-03-14,0.37
1994-03-15,0.587
1994-03-16,0.644
1994-03-17,0.523
1994-03-18,0.308
1994-03-19,0.702
1994-03-20,0.517
1994-03-21,0.841
1994-03-22,0.731
1994-03-23,0.628
1994-03-24,0.0
1994-03-25,0.0
1994-03-26,0.0
1994-03-27,0.0
1994-03-28,0.001
1994-03-29,0.054
1994-03-30,0.025
1994-03-31,0.025
1994-04-01,0.087
1994-04-02,0.249
1994-04-03,0.861
1994-04-04,2.964
1994-04-05,0.231
1994-04-06,0.005
1994-04-07,0.003
1994-04-08,0.052
1994-04-09,0.052
1994-04-10,0.115
1994-04-11,0.202
1994-04-12,0.518
1994-04-13,0.004
1994-04-14,0.012
1994-04-15,0.087
1994-04-16,0.0
1994-04-17,0.0
1994-04-18,0.0
1994-04-19,0.0
1994-04-20,0.0
1994-04-21,0.156
1994-04-22,2.621
1994-04-23,10.025
1994-04-24,0.051
1994-04-25,17.154
1994-04-26,1.546
1994-04-27,0.158
1994-04-28,0.0
1994-04-29,0.0
1994-04-30,0.001
1994-05-01,0.029
1994-05-02,0.0
1994-05-03,0.0
1994-05-04,0.0
1994-05-05,0.0
1994-05-06,0.0
1994-05-07,0.0
1994-05-08,0.001
1994-05-09,0.0
1994-05-10,0.0
1994-05-11,0.0
1994-05-12,0.0
1994-05-13,0.0
1994-05-14,0.0
1994-05-15,0.011
1994-05-16,0.062
1994-05-17,0.616
1994-05-18,0.249
1994-05-19,0.283
1994-05-20,0.754
1994-05-21,0.054
1994-05-22,0.096
1994-05-23,0.0
1994-05-24,0.244
1994-05-25,0.017
1994-05-26,0.0
1994-05-27,0.0
1994-05-28,0.0
1994-05-29,0.0
1994-05-30,0.0
1994-05-31,0.0
1994-06-01,0.0
1994-06-02,0.0
1994-06-03,0.0
1994-06-04,0.0
1994-06-05,0.0
1994-06-06,0.0
1994-06-07,0.0
1994-06-08,0.0
1994-06-09,0.0
1994-06-10,0.355
1994-06-11,0.049
1994-06-12,0.0
1994-06-13,0.0
1994-06-14,0.0
1994-06-15,1.702
1994-06-16,0.082
1994-06-17,0.026
1994-06-18,0.0
1994-06-19,0.0
1994-06-20,0.0
1994-06-21,0.0
1994-06-22,0.0
1994-06-23,0.034
1994-06-24,0.597
1994-06-25,0.0
1994-06-26,0.0
1994-06-27,0.0
1994-06-28,0.0
1994-06-29,0.0
1994-06-30,0.0
1994-07-01,0.0
1994-07-02,0.0
1994-07-03,0.0
1994-07-04,0.0
1994-07-05,0.0
1994-07-06,0.0
1994-07-07,0.0
1994-07-08,0.001
1994-07-09,0.0
1994-07-10,0.0
1994-07-11,0.0
1994-07-12,0.0
1994-07-13,0.0
1994-07-14,0.0
1994-07-15,0.0
1994-07-16,0.0
1994-07-17,0.0
1994-07-18,0.0
1994-07-19,0.0
1994-07-20,0.0
1994-07-21,0.0
1994-07-22,0.0
1994-07-23,0.0
1994-07-24,0.0
1994-07-25,0.0
1994-07-26,0.0
1994-07-27,0.0
1994-07-28,0.0
1994-07-29,0.042
1994-07-30,0.386
1994-07-31,0.136
1994-08-01,0.105
1994-08-02,0.0
1994-08-03,0.0
1994-08-04,0.398
1994-08-05,0.0
1994-08-06,0.0
1994-08-07,0.0
1994-08-08,0.0
1994-08-09,0.0
1994-08-10,0.0
1994-08-11,0.0
1994-08-12,0.0
1994-08-13,0.0
1994-08-14,0.0
1994-08-15,0.0
1994-08-16,0.0
1994-08-17,0.0
1994-08-18,0.0
1994-08-19,0.0
1994-08-20,0.0
1994-08-21,0.0
1994-08-22,0.001
1994-08-23,1.685
1994-08-24,0.0
1994-08-25,0.0
1994-08-26,0.008
1994-08-27,0.0
1994-08-28,0.0
1994-08-29,0.0
1994-08-30,0.0
1994-08-31,0.0
1994-09-01,0.0
1994-09-02,0.0
1994-09-03,0.0
1994-09-04,0.0
1994-09-05,0.0
1994-09-06,0.0
1994-09-07,0.0
1994-09-08,0.0
1994-09-09,0.0
1994-09-10,0.945
1994-09-11,0.039
1994-09-12,0.0
1994-09-13,0.0
1994-09-14,0.0
1994-09-15,0.0
1994-09-16,0.0
1994-09-17,0.0
1994-09-18,0.0
1994-09-19,0.0
1994-09-20,0.0
1994-09-21,0.0
1994-09-22,0.0
1994-09-23,0.0
1994-09-24,0.0
1994-09-25,0.0
1994-09-26,0.0
1994-09-27,0.0
1994-09-28,0.0
1994-09-29,5.582
1994-09-30,0.122
1994-10-01,0.0
1994-10-02,0.0
1994-10-03,0.0
1994-10-04,0.0
1994-10-05,0.0
1994-10-06,0.527
1994-10-07,0.009
1994-10-08,0.0
1994-10-09,0.0
1994-10-10,0.0
1994-10-11,0.0
1994-10-12,0.006
1994-10-13,0.7
1994-10-14,41.963
1994-10-15,1.455
1994-10-16,49.928
1994-10-17,30.427
1994-10-18,2.216
1994-10-19,0.007
1994-10-20,0.201
1994-10-21,5.473
1994-10-22,0.095
1994-10-23,0.569
1994-10-24,0.649
1994-10-25,0.0
1994-10-26,0.091
1994-10-27,0.0
1994-10-28,0.0
1994-10-29,0.0
1994-10-30,6.722
1994-10-31,58.547
1994-11-01,36.38
1994-11-02,10.931
1994-11-03,0.896
1994-11-04,0.041
1994-11-05,1.981
1994-11-06,0.011
1994-11-07,0.0
1994-11-08,0.0
1994-11-09,0.0
1994-11-10,0.0
1994-11-11,0.0
1994-11-12,0.0
1994-11-13,0.0
1994-11-14,0.0
1994-11-15,0.008
1994-11-16,0.0
1994-11-17,0.0
1994-11-18,0.015
1994-11-19,0.0
1994-11-20,0.115
1994-11-21,0.124
1994-11-22,0.203
1994-11-23,0.209
1994-11-24,11.316
1994-11-25,2.658
1994-11-26,3.978
1994-11-27,0.495
1994-11-28,0.031
1994-11-29,6.43
1994-11-30,54.483
1994-12-01,10.118
1994-12-02,11.551
1994-12-03,10.846
1994-12-04,2.227
1994-12-05,0.004
1994-12-06,0.004
1994-12-07,0.065
1994-12-08,10.823
1994-12-09,2.736
1994-12-10,27.254
1994-12-11,3.542
1994-12-12,0.53
1994-12-13,0.534
1994-12-14,0.0
1994-12-15,0.0
1994-12-16,0.0
1994-12-17,0.0
1994-12-18,0.104
1994-12-19,3.923
1994-12-20,0.0
1994-12-21,3.258
1994-12-22,3.957
1994-12-23,9.096
1994-12-24,46.779
1994-12-25,0.045
1994-12-26,24.528
1994-12-27,41.59
1994-12-28,39.958
1994-12-29,40.413
1994-12-30,24.508
1994-12-31,14.181
1995-01-01,0.549
1995-01-02,0.259
1995-01-03,3.383
1995-01-04,3.885
1995-01-05,2.373
1995-01-06,2.141
1995-01-07,0.332
1995-01-08,0.063
1995-01-09,0.887
1995-01-10,9.353
1995-01-11,4.247
1995-01-12,5.641
1995-01-13,18.563
1995-01-14,18.116
1995-01-15,17.949
1995-01-16,51.682
1995-01-17,29.376
1995-01-18,60.461
1995-01-19,78.619
1995-01-20,38.863
1995-01-21,28.6
1995-01-22,22.628
1995-01-23,1.006
1995-01-24,0.252
1995-01-25,0.154
1995-01-26,0.001
1995-01-27,0.277
1995-01-28,28.228
1995-01-29,0.004
1995-01-30,0.027
1995-01-31,1.21
1995-02-01,20.187
1995-02-02,33.223
1995-02-03,2.427
1995-02-04,2.144
1995-02-05,0.96
1995-02-06,1.039
1995-02-07,25.147
1995-02-08,30.213
1995-02-09,26.925
1995-02-10,36.9
1995-02-11,26.953
1995-02-12,3.529
1995-02-13,10.697
1995-02-14,2.299
1995-02-15,0.302
1995-02-16,0.303
1995-02-17,2.029
1995-02-18,22.326
1995-02-19,23.978
1995-02-20,9.124
1995-02-21,16.073
1995-02-22,36.904
1995-02-23,18.129
1995-02-24,28.146
1995-02-25,11.331
1995-02-26,2.069
1995-02-27,10.315
1995-02-28,1.311
1995-03-01,15.203
1995-03-02,2.004
1995-03-03,1.807
1995-03-04,2.521
1995-03-05,1.929
1995-03-06,0.226
1995-03-07,9.391
1995-03-08,2.416
1995-03-09,0.34
1995-03-10,0.87
1995-03-11,0.927
1995-03-12,1.161
1995-03-13,1.146
1995-03-14,0.027
1995-03-15,0.343
1995-03-16,0.748
1995-03-17,0.796
1995-03-18,0.219
1995-03-19,0.0
1995-03-20,0.0
1995-03-21,0.0
1995-03-22,0.003
1995-03-23,0.031
1995-03-24,9.281
1995-03-25,82.837
1995-03-26,26.269
1995-03-27,17.046
1995-03-28,30.295
1995-03-29,3.924
1995-03-30,0.819
1995-03-31,1.004
1995-04-01,2.389
1995-04-02,5.073
1995-04-03,4.037
1995-04-04,1.123
1995-04-05,1.637
1995-04-06,1.575
1995-04-07,0.565
1995-04-08,0.429
1995-04-09,0.805
1995-04-10,0.57
1995-04-11,0.03
1995-04-12,0.139
1995-04-13,0.073
1995-04-14,0.0
1995-04-15,0.0
1995-04-16,0.0
1995-04-17,0.0
1995-04-18,0.0
1995-04-19,0.0
1995-04-20,0.005
1995-04-21,0.0
1995-04-22,0.0
1995-04-23,0.0
1995-04-24,0.0
1995-04-25,0.0
1995-04-26,0.0
1995-04-27,0.0
1995-04-28,0.0
1995-04-29,0.033
1995-04-30,0.163
1995-05-01,0.022
1995-05-02,0.351
1995-05-03,0.1
1995-05-04,0.002
1995-05-05,0.039
1995-05-06,0.051
1995-05-07,0.058
1995-05-08,0.063
1995-05-09,0.452
1995-05-10,0.096
1995-05-11,0.195
1995-05-12,0.336
1995-05-13,0.129
1995-05-14,0.047
1995-05-15,0.369
1995-05-16,0.284
1995-05-17,0.033
1995-05-18,2.089
1995-05-19,0.467
1995-05-20,0.03
1995-05-21,0.001
1995-05-22,0.006
1995-05-23,0.028
1995-05-24,0.275
1995-05-25,3.337
1995-05-26,3.691
1995-05-27,0.011
1995-05-28,0.664
1995-05-29,0.139
1995-05-30,0.0
1995-05-31,0.0
1995-06-01,0.01
1995-06-02,0.0
1995-06-03,0.93
1995-06-04,0.0
1995-06-05,0.004
1995-06-06,0.0
1995-06-07,0.0
1995-06-08,0.468
1995-06-09,0.0
1995-06-10,0.0
1995-06-11,0.0
1995-06-12,0.0
1995-06-13,0.0
1995-06-14,0.0
1995-06-15,0.0
1995-06-16,0.0
1995-06-17,0.0
1995-06-18,0.0
1995-06-19,0.0
1995-06-20,0.0
1995-06-21,0.0
1995-06-22,0.007
1995-06-23,0.0
1995-06-24,0.0
1995-06-25,0.001
1995-06-26,0.0
1995-06-27,0.0
1995-06-28,0.0
1995-06-29,0.0
1995-06-30,0.0
1995-07-01,0.0
1995-07-02,0.0
1995-07-03,0.0
1995-07-04,0.0
1995-07-05,0.0
1995-07-06,0.0
1995-07-07,0.002
1995-07-08,0.0
1995-07-09,0.0
1995-07-10,0.0
1995-07-11,0.0
1995-07-12,0.0
1995-07-13,0.0
1995-07-14,0.0
1995-07-15,1.402
1995-07-16,0.005
1995-07-17,0.0
1995-07-18,0.0
1995-07-19,0.0
1995-07-20,0.001
1995-07-21,0.004
1995-07-22,0.0
1995-07-23,0.0
1995-07-24,0.0
1995-07-25,0.0
1995-07-26,0.0
1995-07-27,0.0
1995-07-28,0.0
1995-07-29,0.001
1995-07-30,0.0
1995-07-31,0.001
1995-08-01,0.0
1995-08-02,0.0
1995-08-03,0.0
1995-08-04,0.0
1995-08-05,0.0
1995-08-06,0.0
1995-08-07,0.0
1995-08-08,0.0
1995-08-09,0.0
1995-08-10,0.0
1995-08-11,0.0
1995-08-12,0.0
1995-08-13,0.0
1995-08-14,0.0
1995-08-15,0.0
1995-08-16,0.013
1995-08-17,0.002
1995-08-18,0.048
1995-08-19,0.076
1995-08-20,0.0
1995-08-21,0.0
1995-08-22,0.0
1995-08-23,0.0
1995-08-24,0.0
1995-08-25,0.142
1995-08-26,0.0
1995-08-27,0.0
1995-08-28,0.0
1995-08-29,0.0
1995-08-30,0.0
1995-08-31,0.0
1995-09-01,0.0
1995-09-02,0.0
1995-09-03,0.0
1995-09-04,0.0
1995-09-05,0.0
1995-09-06,0.0
1995-09-07,0.0
1995-09-08,0.0
1995-09-09,0.0
1995-09-10,0.0
1995-09-11,0.0
1995-09-12,0.0
1995-09-13,0.0
1995-09-14,0.291
1995-09-15,0.009
1995-09-16,0.0
1995-09-17,0.0
1995-09-18,0.0
1995-09-19,0.0
1995-09-20,0.292
1995-09-21,0.0
1995-09-22,0.0
1995-09-23,0.0
1995-09-24,0.0
1995-09-25,0.0
1995-09-26,0.0
1995-09-27,0.0
1995-09-28,0.0
1995-09-29,0.0
1995-09-30,0.0
1995-10-01,0.0
1995-10-02,0.0
1995-10-03,0.0
1995-10-04,0.0
1995-10-05,0.0
1995-10-06,0.0
1995-10-07,0.0
1995-10-08,0.0
1995-10-09,0.0
1995-10-10,0.0
1995-10-11,0.0
1995-10-12,0.0
1995-10-13,0.0
1995-10-14,0.0
1995-10-15,0.0
1995-10-16,0.0
1995-10-17,0.0
1995-10-18,0.0
1995-10-19,0.0
1995-10-20,4.926
1995-10-21,2.158
1995-10-22,0.118
1995-10-23,1.571
1995-10-24,7.199
1995-10-25,19.278
1995-10-26,12.231
1995-10-27,4.206
1995-10-28,18.628
1995-10-29,20.463
1995-10-30,7.123
1995-10-31,1.398
1995-11-01,0.015
1995-11-02,0.0
1995-11-03,0.0
1995-11-04,0.0
1995-11-05,0.509
1995-11-06,0.0
1995-11-07,0.0
1995-11-08,0.0
1995-11-09,0.0
1995-11-10,0.0
1995-11-11,4.488
1995-11-12,0.066
1995-11-13,7.678
1995-11-14,0.0
1995-11-15,0.0
1995-11-16,0.031
1995-11-17,12.069
1995-11-18,29.131
1995-11-19,30.282
1995-11-20,42.472
1995-11-21,20.756
1995-11-22,33.89
1995-11-23,5.207
1995-11-24,0.481
1995-11-25,14.942
1995-11-26,4.713
1995-11-27,19.602
1995-11-28,1.367
1995-11-29,19.483
1995-11-30,4.999
1995-12-01,26.831
1995-12-02,27.065
1995-12-03,3.457
1995-12-04,0.124
1995-12-05,0.061
1995-12-06,2.136
1995-12-07,17.786
1995-12-08,12.231
1995-12-09,4.103
1995-12-10,18.423
1995-12-11,18.921
1995-12-12,41.931
1995-12-13,8.749
1995-12-14,45.361
1995-12-15,22.187
1995-12-16,26.609
1995-12-17,14.119
1995-12-18,16.654
1995-12-19,14.365
1995-12-20,26.582
1995-12-21,43.635
1995-12-22,17.351
1995-12-23,1.015
1995-12-24,2.914
1995-12-25,6.057
1995-12-26,20.55
1995-12-27,4.649
1995-12-28,3.142
1995-12-29,0.485
1995-12-30,6.63
1995-12-31,1.548
1996-01-01,1.139
1996-01-02,0.314
1996-01-03,10.317
1996-01-04,0.819
1996-01-05,0.0
1996-01-06,0.619
1996-01-07,0.305
1996-01-08,0.585
1996-01-09,6.032
1996-01-10,4.797
1996-01-11,21.911
1996-01-12,9.832
1996-01-13,38.628
1996-01-14,5.338
1996-01-15,2.851
1996-01-16,108.52
1996-01-17,174.032
1996-01-18,1.371
1996-01-19,9.788
1996-01-20,14.644
1996-01-21,16.412
1996-01-22,26.795
1996-01-23,5.82
1996-01-24,34.114
1996-01-25,2.372
1996-01-26,6.028
1996-01-27,0.184
1996-01-28,4.955
1996-01-29,6.386
1996-01-30,2.448
1996-01-31,0.41
1996-02-01,19.689
1996-02-02,1.297
1996-02-03,16.607
1996-02-04,7.407
1996-02-05,2.352
1996-02-06,18.939
1996-02-07,1.155
1996-02-08,5.214
1996-02-09,50.574
1996-02-10,34.698
1996-02-11,17.886
1996-02-12,19.523
1996-02-13,20.093
1996-02-14,34.968
1996-02-15,57.942
1996-02-16,21.371
1996-02-17,27.071
1996-02-18,21.396
1996-02-19,21.948
1996-02-20,23.08
1996-02-21,3.79
1996-02-22,39.861
1996-02-23,10.093
1996-02-24,9.222
1996-02-25,17.184
1996-02-26,11.497
1996-02-27,8.336
1996-02-28,8.008
1996-02-29,20.896
1996-03-01,13.259
1996-03-02,17.29
1996-03-03,39.647
1996-03-04,7.648
1996-03-05,21.988
1996-03-06,33.964
1996-03-07,7.49
1996-03-08,4.585
1996-03-09,12.495
1996-03-10,1.907
1996-03-11,2.093
1996-03-12,2.175
1996-03-13,0.427
1996-03-14,8.818
1996-03-15,8.042
1996-03-16,2.599
1996-03-17,6.41
1996-03-18,4.129
1996-03-19,2.699
1996-03-20,2.234
1996-03-21,1.888
1996-03-22,4.998
1996-03-23,2.078
1996-03-24,0.0
1996-03-25,0.051
1996-03-26,2.016
1996-03-27,0.664
1996-03-28,0.913
1996-03-29,3.654
1996-03-30,1.031
1996-03-31,2.902
1996-04-01,1.335
1996-04-02,1.061
1996-04-03,0.796
1996-04-04,4.526
1996-04-05,1.432
1996-04-06,7.184
1996-04-07,2.134
1996-04-08,1.462
1996-04-09,0.617
1996-04-10,0.117
1996-04-11,1.356
1996-04-12,2.171
1996-04-13,0.208
1996-04-14,0.221
1996-04-15,0.001
1996-04-16,0.0
1996-04-17,0.114
1996-04-18,0.0
1996-04-19,0.0
1996-04-20,0.0
1996-04-21,0.051
1996-04-22,1.425
1996-04-23,1.512
1996-04-24,1.504
1996-04-25,0.0
1996-04-26,0.042
1996-04-27,0.015
1996-04-28,0.0
1996-04-29,1.45
1996-04-30,2.66
1996-05-01,1.048
1996-05-02,0.047
1996-05-03,0.0
1996-05-04,0.0
1996-05-05,0.0
1996-05-06,0.077
1996-05-07,10.903
1996-05-08,1.808
1996-05-09,1.153
1996-05-10,0.683
1996-05-11,0.004
1996-05-12,0.001
1996-05-13,0.054
1996-05-14,1.879
1996-05-15,0.0
1996-05-16,0.063
1996-05-17,0.297
1996-05-18,0.063
1996-05-19,0.165
1996-05-20,0.147
1996-05-21,3.462
1996-05-22,0.19
1996-05-23,0.248
1996-05-24,0.0
1996-05-25,0.016
1996-05-26,35.804
1996-05-27,39.57
1996-05-28,1.515
1996-05-29,0.309
1996-05-30,0.003
1996-05-31,0.006
1996-06-01,0.0
1996-06-02,0.0
1996-06-03,0.0
1996-06-04,0.0
1996-06-05,0.266
1996-06-06,0.702
1996-06-07,0.0
1996-06-08,0.0
1996-06-09,0.0
1996-06-10,0.0
1996-06-11,0.0
1996-06-12,0.0
1996-06-13,0.0
1996-06-14,0.0
1996-06-15,0.0
1996-06-16,0.0
1996-06-17,0.0
1996-06-18,0.0
1996-06-19,0.0
1996-06-20,0.004
1996-06-21,1.006
1996-06-22,1.891
1996-06-23,2.934
1996-06-24,0.647
1996-06-25,0.063
1996-06-26,0.036
1996-06-27,0.0
1996-06-28,0.0
1996-06-29,0.0
1996-06-30,0.0
1996-07-01,0.0
1996-07-02,0.0
1996-07-03,0.0
1996-07-04,0.0
1996-07-05,0.0
1996-07-06,0.0
1996-07-07,0.0
1996-07-08,0.0
1996-07-09,0.0
1996-07-10,0.0
1996-07-11,0.0
1996-07-12,0.0
1996-07-13,0.0
1996-07-14,0.0
1996-07-15,0.0
1996-07-16,0.0
1996-07-17,0.741
1996-07-18,0.03
1996-07-19,1.727
1996-07-20,3.01
1996-07-21,0.277
1996-07-22,0.0
1996-07-23,0.418
1996-07-24,0.108
1996-07-25,0.0
1996-07-26,0.0
1996-07-27,0.0
1996-07-28,0.0
1996-07-29,0.0
1996-07-30,0.0
1996-07-31,0.0
1996-08-01,0.0
1996-08-02,0.0
1996-08-03,0.0
1996-08-04,0.0
1996-08-05,0.0
1996-08-06,0.0
1996-08-07,0.0
1996-08-08,0.0
1996-08-09,0.0
1996-08-10,0.0
1996-08-11,0.0
1996-08-12,0.0
1996-08-13,0.0
1996-08-14,0.0
1996-08-15,0.0
1996-08-16,0.0
1996-08-17,0.0
1996-08-18,0.0
1996-08-19,0.0
1996-08-20,0.0
1996-08-21,0.0
1996-08-22,0.031
1996-08-23,0.046
1996-08-24,0.0
1996-08-25,0.0
1996-08-26,0.0
1996-08-27,0.0
1996-08-28,0.0
1996-08-29,0.0
1996-08-30,0.0
1996-08-31,0.0
1996-09-01,0.0
1996-09-02,0.0
1996-09-03,0.0
1996-09-04,0.0
1996-09-05,0.0
1996-09-06,0.0
1996-09-07,0.0
1996-09-08,0.0
1996-09-09,0.0
1996-09-10,0.0
1996-09-11,0.0
1996-09-12,0.0
1996-09-13,0.0
1996-09-14,0.0
1996-09-15,0.0
1996-09-16,0.0
1996-09-17,0.0
1996-09-18,0.0
1996-09-19,0.002
1996-09-20,0.013
1996-09-21,0.0
1996-09-22,0.0
1996-09-23,0.0
1996-09-24,0.0
1996-09-25,0.0
1996-09-26,0.009
1996-09-27,5.188
1996-09-28,0.002
1996-09-29,0.009
1996-09-30,0.0
1996-10-01,0.0
1996-10-02,0.0
1996-10-03,0.0
1996-10-04,0.0
1996-10-05,0.0
1996-10-06,0.0
1996-10-07,0.0
1996-10-08,0.0
1996-10-09,0.0
1996-10-10,0.0
1996-10-11,0.0
1996-10-12,0.0
1996-10-13,0.003
1996-10-14,0.0
1996-10-15,0.0
1996-10-16,0.0
1996-10-17,0.353
1996-10-18,0.0
1996-10-19,0.0
1996-10-20,0.0
1996-10-21,0.0
1996-10-22,0.001
1996-10-23,0.0
1996-10-24,0.0
1996-10-25,0.0
1996-10-26,0.002
1996-10-27,0.105
1996-10-28,1.659
1996-10-29,0.0
1996-10-30,0.0
1996-10-31,0.044
1996-11-01,0.183
1996-11-02,0.0
1996-11-03,0.0
1996-11-04,0.0
1996-11-05,0.0
1996-11-06,0.0
1996-11-07,0.0
1996-11-08,0.0
1996-11-09,0.045
1996-11-10,0.0
1996-11-11,0.0
1996-11-12,0.0
1996-11-13,0.0
1996-11-14,0.028
1996-11-15,0.376
1996-11-16,42.269
1996-11-17,13.588
1996-11-18,27.527
1996-11-19,21.941
1996-11-20,42.679
1996-11-21,3.776
1996-11-22,52.174
1996-11-23,7.657
1996-11-24,39.663
1996-11-25,17.248
1996-11-26,0.496
1996-11-27,6.29
1996-11-28,31.035
1996-11-29,11.72
1996-11-30,11.833
1996-12-01,7.433
1996-12-02,0.498
1996-12-03,1.911
1996-12-04,10.278
1996-12-05,0.491
1996-12-06,0.601
1996-12-07,0.321
1996-12-08,0.144
1996-12-09,2.27
1996-12-10,37.873
1996-12-11,16.526
1996-12-12,37.056
1996-12-13,26.155
1996-12-14,33.903
1996-12-15,11.729
1996-12-16,8.004
1996-12-17,0.625
1996-12-18,0.117
1996-12-19,26.349
1996-12-20,37.984
1996-12-21,12.022
1996-12-22,37.536
1996-12-23,21.057
1996-12-24,21.169
1996-12-25,11.352
1996-12-26,29.839
1996-12-27,31.455
1996-12-28,1.488
1996-12-29,18.719
1996-12-30,29.422
1996-12-31,12.982
1997-01-01,46.321
1997-01-02,36.81
1997-01-03,5.076
1997-01-04,52.598
1997-01-05,9.637
1997-01-06,18.77
1997-01-07,3.138
1997-01-08,9.981
1997-01-09,31.363
1997-01-10,21.622
1997-01-11,18.093
1997-01-12,13.507
1997-01-13,23.422
1997-01-14,37.414
1997-01-15,40.342
1997-01-16,14.514
1997-01-17,3.06
1997-01-18,28.457
1997-01-19,9.921
1997-01-20,33.916
1997-01-21,53.677
1997-01-22,23.638
1997-01-23,1.657
1997-01-24,80.973
1997-01-25,36.77
1997-01-26,31.579
1997-01-27,13.948
1997-01-28,6.41
1997-01-29,28.409
1997-01-30,19.01
1997-01-31,37.17
1997-02-01,0.176
1997-02-02,1.458
1997-02-03,10.396
1997-02-04,1.076
1997-02-05,11.004
1997-02-06,67.517
1997-02-07,44.786
1997-02-08,63.483
1997-02-09,19.726
1997-02-10,6.222
1997-02-11,31.136
1997-02-12,37.646
1997-02-13,37.648
1997-02-14,50.37
1997-02-15,66.493
1997-02-16,10.245
1997-02-17,22.592
1997-02-18,51.295
1997-02-19,5.128
1997-02-20,2.547
1997-02-21,0.389
1997-02-22,1.623
1997-02-23,0.527
1997-02-24,7.227
1997-02-25,6.722
1997-02-26,1.318
1997-02-27,2.044
1997-02-28,3.089
1997-03-01,1.87
1997-03-02,1.061
1997-03-03,25.606
1997-03-04,38.903
1997-03-05,11.15
1997-03-06,19.705
1997-03-07,1.995
1997-03-08,0.711
1997-03-09,1.578
1997-03-10,3.422
1997-03-11,1.545
1997-03-12,2.645
1997-03-13,15.089
1997-03-14,21.719
1997-03-15,16.571
1997-03-16,11.502
1997-03-17,11.016
1997-03-18,0.418
1997-03-19,40.504
1997-03-20,20.05
1997-03-21,8.341
1997-03-22,10.583
1997-03-23,36.006
1997-03-24,8.048
1997-03-25,3.243
1997-03-26,0.732
1997-03-27,1.142
1997-03-28,1.433
1997-03-29,1.578
1997-03-30,17.562
1997-03-31,13.231
1997-04-01,42.606
1997-04-02,50.9
1997-04-03,39.249
1997-04-04,7.224
1997-04-05,0.714
1997-04-06,0.222
1997-04-07,0.0
1997-04-08,0.0
1997-04-09,0.0
1997-04-10,4.306
1997-04-11,2.26
1997-04-12,0.69
1997-04-13,4.403
1997-04-14,0.616
1997-04-15,0.711
1997-04-16,1.092
1997-04-17,0.401
1997-04-18,0.278
1997-04-19,0.0
1997-04-20,0.0
1997-04-21,0.0
1997-04-22,0.0
1997-04-23,0.0
1997-04-24,0.0
1997-04-25,0.466
1997-04-26,0.874
1997-04-27,0.344
1997-04-28,0.0
1997-04-29,0.0
1997-04-30,0.062
1997-05-01,0.013
1997-05-02,0.0
1997-05-03,0.0
1997-05-04,0.0
1997-05-05,0.0
1997-05-06,0.556
1997-05-07,0.072
1997-05-08,0.004
1997-05-09,0.0
1997-05-10,0.0
1997-05-11,0.0
1997-05-12,0.007
1997-05-13,0.0
1997-05-14,0.0
1997-05-15,0.0
1997-05-16,0.17
1997-05-17,0.062
1997-05-18,0.0
1997-05-19,0.0
1997-05-20,0.0
1997-05-21,0.18
1997-05-22,0.221
1997-05-23,0.114
1997-05-24,0.0
1997-05-25,0.0
1997-05-26,0.396
1997-05-27,0.0
1997-05-28,0.0
1997-05-29,0.0
1997-05-30,0.026
1997-05-31,0.799
1997-06-01,0.0
1997-06-02,0.485
1997-06-03,0.766
1997-06-04,1.245
1997-06-05,1.13
1997-06-06,0.031
1997-06-07,0.0
1997-06-08,0.0
1997-06-09,0.0
1997-06-10,0.0
1997-06-11,0.0
1997-06-12,0.0
1997-06-13,0.001
1997-06-14,0.0
1997-06-15,0.0
1997-06-16,0.0
1997-06-17,0.0
1997-06-18,0.0
1997-06-19,0.0
1997-06-20,0.0
1997-06-21,0.0
1997-06-22,0.0
1997-06-23,0.0
1997-06-24,0.01
1997-06-25,0.136
1997-06-26,1.039
1997-06-27,0.064
1997-06-28,0.0
1997-06-29,0.0
1997-06-30,0.0
1997-07-01,0.0
1997-07-02,0.334
1997-07-03,4.246
1997-07-04,0.043
1997-07-05,0.261
1997-07-06,1.094
1997-07-07,0.866
1997-07-08,1.828
1997-07-09,0.285
1997-07-10,0.626
1997-07-11,0.125
1997-07-12,0.414
1997-07-13,0.457
1997-07-14,0.677
1997-07-15,0.016
1997-07-16,0.162
1997-07-17,0.086
1997-07-18,0.0
1997-07-19,0.004
1997-07-20,0.166
1997-07-21,0.0
1997-07-22,0.0
1997-07-23,0.0
1997-07-24,0.0
1997-07-25,0.0
1997-07-26,0.0
1997-07-27,0.0
1997-07-28,0.0
1997-07-29,0.0
1997-07-30,0.0
1997-07-31,0.0
1997-08-01,0.0
1997-08-02,0.0
1997-08-03,0.0
1997-08-04,0.0
1997-08-05,0.42
1997-08-06,0.0
1997-08-07,0.0
1997-08-08,0.0
1997-08-09,0.0
1997-08-10,0.0
1997-08-11,0.0
1997-08-12,0.214
1997-08-13,0.0
1997-08-14,0.0
1997-08-15,0.0
1997-08-16,0.0
1997-08-17,0.0
1997-08-18,0.0
1997-08-19,0.0
1997-08-20,0.0
1997-08-21,0.0
1997-08-22,0.0
1997-08-23,0.0
1997-08-24,0.0
1997-08-25,0.0
1997-08-26,0.0
1997-08-27,0.0
1997-08-28,0.0
1997-08-29,0.0
1997-08-30,0.0
1997-08-31,0.041
1997-09-01,0.0
1997-09-02,0.0
1997-09-03,0.0
1997-09-04,0.0
1997-09-05,0.001
1997-09-06,0.0
1997-09-07,0.0
1997-09-08,0.0
1997-09-09,0.0
1997-09-10,0.0
1997-09-11,0.002
1997-09-12,0.0
1997-09-13,0.144
1997-09-14,12.708
1997-09-15,57.88
1997-09-16,3.14
1997-09-17,3.639
1997-09-18,1.98
1997-09-19,1.102
1997-09-20,0.276
1997-09-21,0.114
1997-09-22,0.278
1997-09-23,0.374
1997-09-24,0.0
1997-09-25,0.0
1997-09-26,0.009
1997-09-27,0.0
1997-09-28,0.0
1997-09-29,0.0
1997-09-30,0.0
1997-10-01,0.0
1997-10-02,0.0
1997-10-03,0.0
1997-10-04,0.0
1997-10-05,0.0
1997-10-06,0.0
1997-10-07,0.0
1997-10-08,0.002
1997-10-09,1.461
1997-10-10,4.226
1997-10-11,0.008
1997-10-12,0.048
1997-10-13,0.651
1997-10-14,0.102
1997-10-15,0.14
1997-10-16,0.102
1997-10-17,3.789
1997-10-18,2.438
1997-10-19,0.771
1997-10-20,0.0
1997-10-21,0.0
1997-10-22,0.0
1997-10-23,0.0
1997-10-24,0.0
1997-10-25,0.0
1997-10-26,0.0
1997-10-27,0.13
1997-10-28,0.617
1997-10-29,1.017
1997-10-30,0.144
1997-10-31,0.0
1997-11-01,0.0
1997-11-02,0.0
1997-11-03,0.0
1997-11-04,0.072
1997-11-05,0.481
1997-11-06,0.01
1997-11-07,0.0
1997-11-08,0.0
1997-11-09,0.0
1997-11-10,0.0
1997-11-11,0.0
1997-11-12,0.0
1997-11-13,0.0
1997-11-14,29.287
1997-11-15,40.135
1997-11-16,24.827
1997-11-17,22.911
1997-11-18,2.995
1997-11-19,2.156
1997-11-20,2.132
1997-11-21,0.021
1997-11-22,26.426
1997-11-23,4.097
1997-11-24,0.001
1997-11-25,7.168
1997-11-26,55.871
1997-11-27,34.831
1997-11-28,62.599
1997-11-29,11.597
1997-11-30,1.896
1997-12-01,4.722
1997-12-02,0.161
1997-12-03,0.28
1997-12-04,5.701
1997-12-05,22.604
1997-12-06,22.384
1997-12-07,6.568
1997-12-08,4.704
1997-12-09,0.253
1997-12-10,0.034
1997-12-11,0.04
1997-12-12,0.093
1997-12-13,0.113
1997-12-14,0.0
1997-12-15,0.864
1997-12-16,1.211
1997-12-17,2.822
1997-12-18,32.105
1997-12-19,26.931
1997-12-20,4.688
1997-12-21,8.024
1997-12-22,3.509
1997-12-23,3.997
1997-12-24,1.503
1997-12-25,5.316
1997-12-26,38.162
1997-12-27,28.198
1997-12-28,24.447
1997-12-29,1.012
1997-12-30,21.841
1997-12-31,1.49
1998-01-01,32.237
1998-01-02,50.469
1998-01-03,26.984
1998-01-04,30.009
1998-01-05,41.076
1998-01-06,9.432
1998-01-07,47.652
1998-01-08,5.815
1998-01-09,19.608
1998-01-10,2.409
1998-01-11,6.669
1998-01-12,43.169
1998-01-13,28.259
1998-01-14,52.161
1998-01-15,75.583
1998-01-16,24.276
1998-01-17,10.417
1998-01-18,2.612
1998-01-19,0.857
1998-01-20,2.929
1998-01-21,3.353
1998-01-22,11.514
1998-01-23,10.956
1998-01-24,37.889
1998-01-25,46.517
1998-01-26,69.934
1998-01-27,52.001
1998-01-28,156.36
1998-01-29,52.833
1998-01-30,9.191
1998-01-31,34.624
1998-02-01,12.34
1998-02-02,2.219
1998-02-03,0.796
1998-02-04,0.333
1998-02-05,5.971
1998-02-06,2.453
1998-02-07,5.386
1998-02-08,0.858
1998-02-09,1.775
1998-02-10,7.743
1998-02-11,5.139
1998-02-12,2.216
1998-02-13,0.556
1998-02-14,1.146
1998-02-15,0.711
1998-02-16,22.371
1998-02-17,25.594
1998-02-18,33.529
1998-02-19,37.024
1998-02-20,18.061
1998-02-21,3.13
1998-02-22,1.756
1998-02-23,9.419
1998-02-24,0.835
1998-02-25,2.743
1998-02-26,11.188
1998-02-27,19.473
1998-02-28,17.416
1998-03-01,5.357
1998-03-02,0.695
1998-03-03,1.113
1998-03-04,5.491
1998-03-05,41.356
1998-03-06,1.398
1998-03-07,0.001
1998-03-08,1.432
1998-03-09,0.792
1998-03-10,1.008
1998-03-11,33.673
1998-03-12,8.697
1998-03-13,30.833
1998-03-14,31.191
1998-03-15,4.072
1998-03-16,41.999
1998-03-17,44.627
1998-03-18,20.595
1998-03-19,4.815
1998-03-20,6.491
1998-03-21,1.543
1998-03-22,0.018
1998-03-23,0.258
1998-03-24,4.711
1998-03-25,0.716
1998-03-26,1.659
1998-03-27,2.643
1998-03-28,0.546
1998-03-29,0.663
1998-03-30,1.431
1998-03-31,0.147
1998-04-01,0.49
1998-04-02,12.935
1998-04-03,3.241
1998-04-04,0.0
1998-04-05,0.169
1998-04-06,0.021
1998-04-07,0.151
1998-04-08,0.003
1998-04-09,2.303
1998-04-10,2.007
1998-04-11,1.058
1998-04-12,1.357
1998-04-13,0.239
1998-04-14,0.0
1998-04-15,0.032
1998-04-16,0.102
1998-04-17,0.001
1998-04-18,1.937
1998-04-19,0.149
1998-04-20,1.825
1998-04-21,0.0
1998-04-22,0.0
1998-04-23,0.0
1998-04-24,0.012
1998-04-25,0.0
1998-04-26,0.148
1998-04-27,0.0
1998-04-28,0.0
1998-04-29,0.0
1998-04-30,0.0
1998-05-01,0.0
1998-05-02,0.0
1998-05-03,0.0
1998-05-04,0.0
1998-05-05,0.0
1998-05-06,0.0
1998-05-07,0.0
1998-05-08,0.0
1998-05-09,0.0
1998-05-10,0.0
1998-05-11,0.0
1998-05-12,0.0
1998-05-13,0.0
1998-05-14,0.0
1998-05-15,0.0
1998-05-16,0.0
1998-05-17,0.021
1998-05-18,0.005
1998-05-19,0.0
1998-05-20,0.0
1998-05-21,0.0
1998-05-22,0.007
1998-05-23,0.0
1998-05-24,0.0
1998-05-25,0.0
1998-05-26,0.0
1998-05-27,0.0
1998-05-28,0.0
1998-05-29,0.0
1998-05-30,0.0
1998-05-31,0.0
1998-06-01,0.0
1998-06-02,0.0
1998-06-03,0.0
1998-06-04,0.0
1998-06-05,0.0
1998-06-06,0.0
1998-06-07,0.0
1998-06-08,0.0
1998-06-09,0.0
1998-06-10,0.0
1998-06-11,0.0
1998-06-12,0.0
1998-06-13,0.0
1998-06-14,0.0
1998-06-15,0.0
1998-06-16,0.0
1998-06-17,0.0
1998-06-18,0.0
1998-06-19,0.0
1998-06-20,0.0
1998-06-21,0.0
1998-06-22,0.406
1998-06-23,0.0
1998-06-24,0.0
1998-06-25,0.0
1998-06-26,0.0
1998-06-27,0.0
1998-06-28,0.0
1998-06-29,0.0
1998-06-30,1.686
1998-07-01,0.064
1998-07-02,0.0
1998-07-03,0.0
1998-07-04,0.0
1998-07-05,0.0
1998-07-06,0.0
1998-07-07,0.0
1998-07-08,0.0
1998-07-09,0.0
1998-07-10,0.0
1998-07-11,0.001
1998-07-12,0.052
1998-07-13,0.156
1998-07-14,0.0
1998-07-15,0.0
1998-07-16,0.0
1998-07-17,0.0
1998-07-18,0.0
1998-07-19,0.0
1998-07-20,0.0
1998-07-21,0.0
1998-07-22,0.0
1998-07-23,0.0
1998-07-24,0.0
1998-07-25,0.0
1998-07-26,0.0
1998-07-27,0.0
1998-07-28,0.0
1998-07-29,0.0
1998-07-30,0.0
1998-07-31,0.265
1998-08-01,0.911
1998-08-02,2.229
1998-08-03,0.22
1998-08-04,0.096
1998-08-05,0.02
1998-08-06,0.0
1998-08-07,0.0
1998-08-08,0.0
1998-08-09,0.0
1998-08-10,0.0
1998-08-11,0.0
1998-08-12,0.0
1998-08-13,0.0
1998-08-14,0.0
1998-08-15,0.0
1998-08-16,0.0
1998-08-17,0.0
1998-08-18,0.0
1998-08-19,0.0
1998-08-20,0.0
1998-08-21,0.0
1998-08-22,0.0
1998-08-23,0.0
1998-08-24,0.0
1998-08-25,0.0
1998-08-26,0.083
1998-08-27,0.0
1998-08-28,0.186
1998-08-29,0.0
1998-08-30,0.0
1998-08-31,0.0
1998-09-01,0.0
1998-09-02,0.0
1998-09-03,0.0
1998-09-04,0.0
1998-09-05,0.0
1998-09-06,0.0
1998-09-07,0.0
1998-09-08,0.0
1998-09-09,0.0
1998-09-10,0.0
1998-09-11,0.0
1998-09-12,0.0
1998-09-13,0.0
1998-09-14,0.0
1998-09-15,0.0
1998-09-16,0.0
1998-09-17,0.0
1998-09-18,0.0
1998-09-19,0.0
1998-09-20,0.0
1998-09-21,0.0
1998-09-22,0.0
1998-09-23,0.0
1998-09-24,0.0
1998-09-25,0.0
1998-09-26,0.0
1998-09-27,0.031
1998-09-28,0.004
1998-09-29,0.13
1998-09-30,0.0
1998-10-01,0.0
1998-10-02,0.0
1998-10-03,0.0
1998-10-04,0.014
1998-10-05,0.0
1998-10-06,0.0
1998-10-07,0.0
1998-10-08,0.0
1998-10-09,0.0
1998-10-10,0.0
1998-10-11,0.0
1998-10-12,0.0
1998-10-13,0.0
1998-10-14,0.0
1998-10-15,0.003
1998-10-16,0.0
1998-10-17,0.002
1998-10-18,0.985
1998-10-19,0.879
1998-10-20,0.009
1998-10-21,0.003
1998-10-22,0.001
1998-10-23,0.0
1998-10-24,0.0
1998-10-25,0.0
1998-10-26,0.0
1998-10-27,0.001
1998-10-28,0.001
1998-10-29,0.023
1998-10-30,0.0
1998-10-31,0.0
1998-11-01,0.0
1998-11-02,0.0
1998-11-03,0.0
1998-11-04,0.0
1998-11-05,0.0
1998-11-06,0.214
1998-11-07,1.175
1998-11-08,0.073
1998-11-09,0.708
1998-11-10,0.145
1998-11-11,0.314
1998-11-12,0.641
1998-11-13,0.034
1998-11-14,0.106
1998-11-15,13.798
1998-11-16,6.148
1998-11-17,21.22
1998-11-18,18.159
1998-11-19,11.627
1998-11-20,10.766
1998-11-21,13.399
1998-11-22,25.902
1998-11-23,1.024
1998-11-24,0.625
1998-11-25,15.298
1998-11-26,21.356
1998-11-27,78.522
1998-11-28,51.165
1998-11-29,4.237
1998-11-30,25.952
1998-12-01,32.058
1998-12-02,80.231
1998-12-03,30.902
1998-12-04,39.022
1998-12-05,4.099
1998-12-06,3.697
1998-12-07,1.166
1998-12-08,0.908
1998-12-09,54.042
1998-12-10,15.656
1998-12-11,30.545
1998-12-12,16.155
1998-12-13,13.624
1998-12-14,15.306
1998-12-15,10.039
1998-12-16,23.457
1998-12-17,18.617
1998-12-18,9.294
1998-12-19,20.481
1998-12-20,3.098
1998-12-21,34.806
1998-12-22,21.779
1998-12-23,14.939
1998-12-24,12.498
1998-12-25,19.633
1998-12-26,7.37
1998-12-27,45.333
1998-12-28,12.379
1998-12-29,19.511
1998-12-30,4.504
1998-12-31,25.733
1999-01-01,28.064
1999-01-02,24.703
1999-01-03,15.686
1999-01-04,11.271
1999-01-05,30.061
1999-01-06,61.934
1999-01-07,28.269
1999-01-08,57.125
1999-01-09,48.045
1999-01-10,32.621
1999-01-11,6.697
1999-01-12,18.269
1999-01-13,14.044
1999-01-14,57.196
1999-01-15,34.04
1999-01-16,9.344
1999-01-17,33.423
1999-01-18,33.419
1999-01-19,39.534
1999-01-20,37.885
1999-01-21,22.564
1999-01-22,6.43
1999-01-23,23.111
1999-01-24,17.377
1999-01-25,15.152
1999-01-26,2.112
1999-01-27,4.104
1999-01-28,10.769
1999-01-29,0.982
1999-01-30,29.498
1999-01-31,2.986
1999-02-01,35.286
1999-02-02,4.471
1999-02-03,28.481
1999-02-04,49.233
1999-02-05,33.444
1999-02-06,17.229
1999-02-07,17.962
1999-02-08,56.1
1999-02-09,3.9
1999-02-10,4.717
1999-02-11,0.062
1999-02-12,0.059
1999-02-13,1.685
1999-02-14,14.032
1999-02-15,49.759
1999-02-16,10.484
1999-02-17,20.894
1999-02-18,2.035
1999-02-19,13.297
1999-02-20,11.395
1999-02-21,31.455
1999-02-22,43.955
1999-02-23,10.193
1999-02-24,7.321
1999-02-25,2.053
1999-02-26,3.149
1999-02-27,6.33
1999-02-28,3.005
1999-03-01,11.274
1999-03-02,5.357
1999-03-03,10.928
1999-03-04,3.559
1999-03-05,1.357
1999-03-06,9.569
1999-03-07,12.766
1999-03-08,5.442
1999-03-09,2.738
1999-03-10,3.089
1999-03-11,2.378
1999-03-12,2.139
1999-03-13,2.269
1999-03-14,5.481
1999-03-15,8.314
1999-03-16,11.106
1999-03-17,25.952
1999-03-18,9.384
1999-03-19,7.71
1999-03-20,9.295
1999-03-21,3.995
1999-03-22,15.155
1999-03-23,19.23
1999-03-24,26.134
1999-03-25,46.848
1999-03-26,18.03
1999-03-27,3.071
1999-03-28,2.08
1999-03-29,1.513
1999-03-30,2.359
1999-03-31,0.857
1999-04-01,5.352
1999-04-02,2.609
1999-04-03,3.643
1999-04-04,12.907
1999-04-05,1.103
1999-04-06,2.534
1999-04-07,0.646
1999-04-08,0.171
1999-04-09,0.062
1999-04-10,0.558
1999-04-11,0.523
1999-04-12,6.119
1999-04-13,1.932
1999-04-14,8.897
1999-04-15,0.13
1999-04-16,0.031
1999-04-17,0.124
1999-04-18,0.0
1999-04-19,0.0
1999-04-20,0.0
1999-04-21,0.0
1999-04-22,0.0
1999-04-23,0.0
1999-04-24,0.0
1999-04-25,0.0
1999-04-26,0.061
1999-04-27,0.034
1999-04-28,2.032
1999-04-29,1.3
1999-04-30,3.241
1999-05-01,0.303
1999-05-02,0.0
1999-05-03,0.0
1999-05-04,0.0
1999-05-05,0.0
1999-05-06,0.034
1999-05-07,0.341
1999-05-08,0.002
1999-05-09,0.0
1999-05-10,0.0
1999-05-11,0.0
1999-05-12,0.0
1999-05-13,0.0
1999-05-14,0.011
1999-05-15,0.0
1999-05-16,0.005
1999-05-17,0.017
1999-05-18,0.0
1999-05-19,0.0
1999-05-20,0.0
1999-05-21,0.0
1999-05-22,0.0
1999-05-23,0.012
1999-05-24,0.0
1999-05-25,0.0
1999-05-26,0.0
1999-05-27,0.0
1999-05-28,0.0
1999-05-29,0.0
1999-05-30,0.0
1999-05-31,0.0
1999-06-01,0.047
1999-06-02,0.0
1999-06-03,0.07
1999-06-04,0.208
1999-06-05,0.051
1999-06-06,0.0
1999-06-07,0.0
1999-06-08,0.0
1999-06-09,0.0
1999-06-10,0.006
1999-06-11,0.046
1999-06-12,0.0
1999-06-13,0.0
1999-06-14,0.0
1999-06-15,0.0
1999-06-16,0.046
1999-06-17,0.004
1999-06-18,0.015
1999-06-19,0.0
1999-06-20,0.0
1999-06-21,0.0
1999-06-22,0.021
1999-06-23,0.0
1999-06-24,0.0
1999-06-25,0.0
1999-06-26,0.0
1999-06-27,0.209
1999-06-28,1.006
1999-06-29,0.0
1999-06-30,0.0
1999-07-01,0.0
1999-07-02,0.0
1999-07-03,0.0
1999-07-04,0.0
1999-07-05,0.019
1999-07-06,0.97
1999-07-07,0.343
1999-07-08,2.139
1999-07-09,1.413
1999-07-10,0.121
1999-07-11,0.154
1999-07-12,0.816
1999-07-13,0.797
1999-07-14,0.026
1999-07-15,0.47
1999-07-16,0.115
1999-07-17,0.07
1999-07-18,0.0
1999-07-19,0.0
1999-07-20,1.354
1999-07-21,0.916
1999-07-22,0.086
1999-07-23,0.0
1999-07-24,0.0
1999-07-25,0.44
1999-07-26,0.0
1999-07-27,0.0
1999-07-28,0.0
1999-07-29,0.0
1999-07-30,0.0
1999-07-31,0.008
1999-08-01,0.002
1999-08-02,0.0
1999-08-03,0.0
1999-08-04,0.0
1999-08-05,0.0
1999-08-06,0.0
1999-08-07,0.186
1999-08-08,0.0
1999-08-09,0.075
1999-08-10,0.001
1999-08-11,0.0
1999-08-12,0.0
1999-08-13,0.0
1999-08-14,0.0
1999-08-15,0.0
1999-08-16,0.0
1999-08-17,0.0
1999-08-18,0.0
1999-08-19,1.448
1999-08-20,0.652
1999-08-21,0.422
1999-08-22,0.0
1999-08-23,0.0
1999-08-24,0.0
1999-08-25,0.077
1999-08-26,0.702
1999-08-27,1.599
1999-08-28,0.01
1999-08-29,0.0
1999-08-30,0.0
1999-08-31,0.0
1999-09-01,0.0
1999-09-02,0.0
1999-09-03,0.0
1999-09-04,0.0
1999-09-05,0.0
1999-09-06,0.0
1999-09-07,0.0
1999-09-08,0.0
1999-09-09,0.0
1999-09-10,0.0
1999-09-11,0.0
1999-09-12,0.0
1999-09-13,0.0
1999-09-14,0.0
1999-09-15,0.0
1999-09-16,0.0
1999-09-17,0.0
1999-09-18,0.0
1999-09-19,0.265
1999-09-20,0.0
1999-09-21,0.0
1999-09-22,0.0
1999-09-23,0.0
1999-09-24,0.0
1999-09-25,0.0
1999-09-26,0.0
1999-09-27,0.0
1999-09-28,0.0
1999-09-29,3.612
1999-09-30,4.076
1999-10-01,4.272
1999-10-02,0.0
1999-10-03,0.0
1999-10-04,0.0
1999-10-05,0.0
1999-10-06,0.0
1999-10-07,0.169
1999-10-08,0.0
1999-10-09,0.363
1999-10-10,0.0
1999-10-11,0.0
1999-10-12,0.0
1999-10-13,0.0
1999-10-14,0.432
1999-10-15,0.0
1999-10-16,0.0
1999-10-17,0.002
1999-10-18,0.016
1999-10-19,0.006
1999-10-20,0.0
1999-10-21,0.001
1999-10-22,0.212
1999-10-23,0.568
1999-10-24,0.063
1999-10-25,1.108
1999-10-26,1.983
1999-10-27,13.75
1999-10-28,6.826
1999-10-29,2.105
1999-10-30,0.021
1999-10-31,0.029
1999-11-01,0.0
1999-11-02,0.0
1999-11-03,0.0
1999-11-04,0.0
1999-11-05,0.0
1999-11-06,0.0
1999-11-07,0.036
1999-11-08,11.913
1999-11-09,15.609
1999-11-10,2.342
1999-11-11,14.811
1999-11-12,18.202
1999-11-13,0.395
1999-11-14,0.015
1999-11-15,0.0
1999-11-16,0.0
1999-11-17,0.0
1999-11-18,3.378
1999-11-19,1.75
1999-11-20,19.553
1999-11-21,27.031
1999-11-22,10.255
1999-11-23,69.557
1999-11-24,28.358
1999-11-25,5.676
1999-11-26,12.895
1999-11-27,15.648
1999-11-28,0.741
1999-11-29,0.213
1999-11-30,2.489
1999-12-01,0.368
1999-12-02,0.726
1999-12-03,0.003
1999-12-04,0.379
1999-12-05,28.691
1999-12-06,38.96
1999-12-07,16.484
1999-12-08,19.068
1999-12-09,25.673
1999-12-10,10.059
1999-12-11,35.471
1999-12-12,33.607
1999-12-13,49.98
1999-12-14,17.44
1999-12-15,3.563
1999-12-16,3.702
1999-12-17,1.629
1999-12-18,0.017
1999-12-19,0.021
1999-12-20,0.693
1999-12-21,10.974
1999-12-22,0.26
1999-12-23,0.538
1999-12-24,0.581
1999-12-25,7.043
1999-12-26,1.159
1999-12-27,0.945
1999-12-28,0.051
1999-12-29,0.344
1999-12-30,12.152
1999-12-31,2.951
2000-01-01,43.612
2000-01-02,1.813
2000-01-03,8.702
2000-01-04,14.43
2000-01-05,19.899
2000-01-06,2.296
2000-01-07,17.44
2000-01-08,7.957
2000-01-09,30.254
2000-01-10,54.389
2000-01-11,5.885
2000-01-12,6.667
2000-01-13,40.697
2000-01-14,70.945
2000-01-15,26.716
2000-01-16,12.338
2000-01-17,0.713
2000-01-18,10.741
2000-01-19,11.279
2000-01-20,52.873
2000-01-21,42.558
2000-01-22,47.173
2000-01-23,32.672
2000-01-24,12.82
2000-01-25,17.856
2000-01-26,23.602
2000-01-27,10.35
2000-01-28,18.586
2000-01-29,8.778
2000-01-30,1.688
2000-01-31,1.145
2000-02-01,1.139
2000-02-02,1.735
2000-02-03,3.942
2000-02-04,3.856
2000-02-05,21.283
2000-02-06,36.987
2000-02-07,18.155
2000-02-08,1.913
2000-02-09,21.774
2000-02-10,18.182
2000-02-11,3.912
2000-02-12,47.904
2000-02-13,31.357
2000-02-14,9.636
2000-02-15,43.444
2000-02-16,20.665
2000-02-17,45.154
2000-02-18,53.609
2000-02-19,12.33
2000-02-20,5.857
2000-02-21,5.755
2000-02-22,2.271
2000-02-23,7.127
2000-02-24,30.843
2000-02-25,15.558
2000-02-26,2.387
2000-02-27,49.932
2000-02-28,27.351
2000-02-29,14.551
2000-03-01,17.792
2000-03-02,16.96
2000-03-03,3.45
2000-03-04,3.125
2000-03-05,7.652
2000-03-06,29.284
2000-03-07,14.469
2000-03-08,7.273
2000-03-09,37.963
2000-03-10,21.121
2000-03-11,38.398
2000-03-12,49.883
2000-03-13,42.299
2000-03-14,27.637
2000-03-15,4.417
2000-03-16,25.108
2000-03-17,28.586
2000-03-18,9.017
2000-03-19,5.774
2000-03-20,32.799
2000-03-21,14.635
2000-03-22,5.151
2000-03-23,5.809
2000-03-24,2.939
2000-03-25,6.871
2000-03-26,0.838
2000-03-27,0.787
2000-03-28,12.856
2000-03-29,1.637
2000-03-30,1.653
2000-03-31,4.525
2000-04-01,4.28
2000-04-02,7.383
2000-04-03,2.154
2000-04-04,0.768
2000-04-05,26.308
2000-04-06,9.392
2000-04-07,27.191
2000-04-08,5.11
2000-04-09,3.069
2000-04-10,3.19
2000-04-11,4.723
2000-04-12,3.344
2000-04-13,2.603
2000-04-14,1.631
2000-04-15,2.789
2000-04-16,3.236
2000-04-17,2.127
2000-04-18,2.441
2000-04-19,2.147
2000-04-20,0.275
2000-04-21,0.009
2000-04-22,0.512
2000-04-23,0.616
2000-04-24,0.0
2000-04-25,0.067
2000-04-26,0.0
2000-04-27,0.0
2000-04-28,1.454
2000-04-29,1.855
2000-04-30,2.346
2000-05-01,0.172
2000-05-02,0.004
2000-05-03,0.056
2000-05-04,0.18
2000-05-05,7.81
2000-05-06,8.226
2000-05-07,3.872
2000-05-08,2.674
2000-05-09,3.936
2000-05-10,9.079
2000-05-11,2.293
2000-05-12,2.284
2000-05-13,1.525
2000-05-14,0.494
2000-05-15,2.428
2000-05-16,0.259
2000-05-17,0.078
2000-05-18,0.065
2000-05-19,0.301
2000-05-20,0.425
2000-05-21,0.273
2000-05-22,0.001
2000-05-23,0.0
2000-05-24,0.0
2000-05-25,0.0
2000-05-26,0.0
2000-05-27,0.0
2000-05-28,0.0
2000-05-29,0.0
2000-05-30,0.0
2000-05-31,0.0
2000-06-01,0.0
2000-06-02,0.0
2000-06-03,0.061
2000-06-04,0.339
2000-06-05,2.527
2000-06-06,1.488
2000-06-07,1.059
2000-06-08,1.467
2000-06-09,0.02
2000-06-10,0.045
2000-06-11,0.504
2000-06-12,0.725
2000-06-13,0.309
2000-06-14,0.0
2000-06-15,0.645
2000-06-16,1.028
2000-06-17,0.14
2000-06-18,0.189
2000-06-19,1.704
2000-06-20,1.137
2000-06-21,0.099
2000-06-22,0.252
2000-06-23,0.0
2000-06-24,0.036
2000-06-25,2.638
2000-06-26,0.498
2000-06-27,0.018
2000-06-28,0.0
2000-06-29,0.007
2000-06-30,3.004
2000-07-01,0.069
2000-07-02,0.002
2000-07-03,0.217
2000-07-04,0.187
2000-07-05,0.0
2000-07-06,0.0
2000-07-07,0.013
2000-07-08,0.004
2000-07-09,0.903
2000-07-10,0.964
2000-07-11,0.86
2000-07-12,0.251
2000-07-13,0.16
2000-07-14,0.074
2000-07-15,0.0
2000-07-16,0.0
2000-07-17,0.0
2000-07-18,0.0
2000-07-19,0.0
2000-07-20,0.0
2000-07-21,0.0
2000-07-22,0.0
2000-07-23,0.0
2000-07-24,3.875
2000-07-25,0.0
2000-07-26,0.0
2000-07-27,0.129
2000-07-28,0.0
2000-07-29,0.017
2000-07-30,0.05
2000-07-31,0.082
2000-08-01,0.197
2000-08-02,0.113
2000-08-03,0.0
2000-08-04,0.0
2000-08-05,0.052
2000-08-06,0.091
2000-08-07,0.0
2000-08-08,0.0
2000-08-09,0.154
2000-08-10,0.0
2000-08-11,0.0
2000-08-12,0.0
2000-08-13,0.005
2000-08-14,0.037
2000-08-15,0.001
2000-08-16,0.21
2000-08-17,0.255
2000-08-18,0.006
2000-08-19,0.03
2000-08-20,0.01
2000-08-21,0.205
2000-08-22,0.096
2000-08-23,0.0
2000-08-24,0.0
2000-08-25,0.0
2000-08-26,0.0
2000-08-27,0.0
2000-08-28,0.0
2000-08-29,0.0
2000-08-30,0.0
2000-08-31,0.0
2000-09-01,0.0
2000-09-02,0.0
2000-09-03,0.0
2000-09-04,0.0
2000-09-05,0.0
2000-09-06,0.0
2000-09-07,0.0
2000-09-08,0.014
2000-09-09,0.0
2000-09-10,0.0
2000-09-11,0.0
2000-09-12,0.0
2000-09-13,0.0
2000-09-14,0.0
2000-09-15,0.0
2000-09-16,0.03
2000-09-17,0.0
2000-09-18,0.015
2000-09-19,0.0
2000-09-20,0.0
2000-09-21,0.011
2000-09-22,0.036
2000-09-23,0.052
2000-09-24,0.0
2000-09-25,0.0
2000-09-26,0.0
2000-09-27,0.0
2000-09-28,0.0
2000-09-29,0.0
2000-09-30,0.0
2000-10-01,0.0
2000-10-02,0.0
2000-10-03,0.001
2000-10-04,0.0
2000-10-05,0.001
2000-10-06,0.0
2000-10-07,0.0
2000-10-08,0.0
2000-10-09,0.0
2000-10-10,0.0
2000-10-11,1.196
2000-10-12,0.0
2000-10-13,0.006
2000-10-14,0.0
2000-10-15,0.0
2000-10-16,0.0
2000-10-17,0.0
2000-10-18,0.0
2000-10-19,0.0
2000-10-20,0.0
2000-10-21,0.0
2000-10-22,0.0
2000-10-23,0.0
2000-10-24,0.0
2000-10-25,0.0
2000-10-26,0.001
2000-10-27,0.676
2000-10-28,4.251
2000-10-29,21.788
2000-10-30,21.471
2000-10-31,10.697
2000-11-01,4.378
2000-11-02,38.181
2000-11-03,27.551
2000-11-04,4.593
2000-11-05,0.164
2000-11-06,0.936
2000-11-07,0.043
2000-11-08,0.135
2000-11-09,22.692
2000-11-10,0.844
2000-11-11,0.122
2000-11-12,2.951
2000-11-13,43.861
2000-11-14,16.055
2000-11-15,0.274
2000-11-16,1.214
2000-11-17,5.664
2000-11-18,26.838
2000-11-19,0.0
2000-11-20,0.0
2000-11-21,0.0
2000-11-22,0.334
2000-11-23,1.595
2000-11-24,0.001
2000-11-25,0.035
2000-11-26,7.594
2000-11-27,51.515
2000-11-28,10.729
2000-11-29,37.273
2000-11-30,16.397
2000-12-01,19.568
2000-12-02,8.426
2000-12-03,6.245
2000-12-04,1.82
2000-12-05,5.413
2000-12-06,0.665
2000-12-07,12.954
2000-12-08,1.013
2000-12-09,28.506
2000-12-10,6.968
2000-12-11,4.046
2000-12-12,7.961
2000-12-13,84.172
2000-12-14,114.854
2000-12-15,20.504
2000-12-16,5.939
2000-12-17,0.576
2000-12-18,42.799
2000-12-19,27.328
2000-12-20,20.869
2000-12-21,34.327
2000-12-22,35.385
2000-12-23,12.035
2000-12-24,43.232
2000-12-25,2.683
2000-12-26,0.502
2000-12-27,42.507
2000-12-28,10.45
2000-12-29,26.971
2000-12-30,2.5
2000-12-31,10.967
2001-01-01,4.375
2001-01-02,9.002
2001-01-03,35.802
2001-01-04,91.114
2001-01-05,27.654
2001-01-06,2.636
2001-01-07,0.748
2001-01-08,1.489
2001-01-09,2.506
2001-01-10,0.082
2001-01-11,1.06
2001-01-12,0.804
2001-01-13,2.445
2001-01-14,1.144
2001-01-15,3.895
2001-01-16,29.78
2001-01-17,30.683
2001-01-18,17.975
2001-01-19,26.735
2001-01-20,45.728
2001-01-21,5.219
2001-01-22,11.522
2001-01-23,9.918
2001-01-24,1.095
2001-01-25,1.886
2001-01-26,1.678
2001-01-27,4.235
2001-01-28,2.104
2001-01-29,0.247
2001-01-30,4.551
2001-01-31,1.687
2001-02-01,43.303
2001-02-02,14.704
2001-02-03,27.301
2001-02-04,9.785
2001-02-05,39.578
2001-02-06,14.775
2001-02-07,34.425
2001-02-08,7.188
2001-02-09,39.073
2001-02-10,50.762
2001-02-11,22.631
2001-02-12,54.173
2001-02-13,18.847
2001-02-14,26.396
2001-02-15,10.394
2001-02-16,16.863
2001-02-17,53.399
2001-02-18,32.316
2001-02-19,20.078
2001-02-20,41.277
2001-02-21,72.481
2001-02-22,15.073
2001-02-23,19.264
2001-02-24,23.448
2001-02-25,14.373
2001-02-26,20.845
2001-02-27,4.672
2001-02-28,22.136
2001-03-01,54.888
2001-03-02,53.571
2001-03-03,1.169
2001-03-04,0.57
2001-03-05,19.494
2001-03-06,22.123
2001-03-07,15.267
2001-03-08,7.243
2001-03-09,14.036
2001-03-10,14.269
2001-03-11,3.121
2001-03-12,1.765
2001-03-13,44.946
2001-03-14,25.856
2001-03-15,15.46
2001-03-16,18.392
2001-03-17,30.913
2001-03-18,40.178
2001-03-19,20.073
2001-03-20,46.597
2001-03-21,53.901
2001-03-22,20.706
2001-03-23,17.994
2001-03-24,2.634
2001-03-25,17.495
2001-03-26,34.007
2001-03-27,0.454
2001-03-28,1.298
2001-03-29,1.246
2001-03-30,2.553
2001-03-31,8.715
2001-04-01,3.351
2001-04-02,1.214
2001-04-03,1.569
2001-04-04,6.442
2001-04-05,12.292
2001-04-06,14.81
2001-04-07,2.289
2001-04-08,1.078
2001-04-09,0.362
2001-04-10,0.51
2001-04-11,1.46
2001-04-12,0.871
2001-04-13,1.422
2001-04-14,0.004
2001-04-15,1.43
2001-04-16,0.271
2001-04-17,0.446
2001-04-18,0.0
2001-04-19,0.269
2001-04-20,0.012
2001-04-21,0.83
2001-04-22,2.28
2001-04-23,1.027
2001-04-24,0.489
2001-04-25,0.113
2001-04-26,0.078
2001-04-27,0.062
2001-04-28,0.0
2001-04-29,0.607
2001-04-30,0.008
2001-05-01,0.0
2001-05-02,0.069
2001-05-03,0.014
2001-05-04,0.324
2001-05-05,0.086
2001-05-06,0.433
2001-05-07,0.0
2001-05-08,0.0
2001-05-09,0.036
2001-05-10,0.0
2001-05-11,0.0
2001-05-12,0.021
2001-05-13,0.29
2001-05-14,2.296
2001-05-15,0.52
2001-05-16,0.991
2001-05-17,0.39
2001-05-18,0.166
2001-05-19,0.469
2001-05-20,0.683
2001-05-21,0.174
2001-05-22,0.035
2001-05-23,0.0
2001-05-24,0.072
2001-05-25,0.0
2001-05-26,0.0
2001-05-27,0.0
2001-05-28,0.014
2001-05-29,0.102
2001-05-30,0.647
2001-05-31,0.0
2001-06-01,0.0
2001-06-02,0.0
2001-06-03,0.0
2001-06-04,0.0
2001-06-05,0.0
2001-06-06,0.002
2001-06-07,0.935
2001-06-08,0.567
2001-06-09,0.167
2001-06-10,0.795
2001-06-11,1.035
2001-06-12,0.193
2001-06-13,1.244
2001-06-14,1.348
2001-06-15,0.0
2001-06-16,0.0
2001-06-17,0.0
2001-06-18,0.0
2001-06-19,0.0
2001-06-20,0.0
2001-06-21,0.0
2001-06-22,0.0
2001-06-23,0.0
2001-06-24,0.0
2001-06-25,0.0
2001-06-26,1.012
2001-06-27,0.001
2001-06-28,0.0
2001-06-29,0.0
2001-06-30,0.0
2001-07-01,0.0
2001-07-02,0.01
2001-07-03,0.0
2001-07-04,0.0
2001-07-05,0.0
2001-07-06,0.0
2001-07-07,0.004
2001-07-08,0.04
2001-07-09,0.619
2001-07-10,0.0
2001-07-11,0.0
2001-07-12,0.051
2001-07-13,0.55
2001-07-14,0.006
2001-07-15,0.0
2001-07-16,0.0
2001-07-17,0.0
2001-07-18,0.0
2001-07-19,0.0
2001-07-20,0.0
2001-07-21,0.0
2001-07-22,0.0
2001-07-23,0.0
2001-07-24,0.0
2001-07-25,0.0
2001-07-26,0.0
2001-07-27,0.0
2001-07-28,0.151
2001-07-29,0.0
2001-07-30,0.503
2001-07-31,0.611
2001-08-01,0.808
2001-08-02,0.916
2001-08-03,0.023
2001-08-04,0.001
2001-08-05,0.134
2001-08-06,0.0
2001-08-07,0.001
2001-08-08,0.332
2001-08-09,0.339
2001-08-10,0.0
2001-08-11,0.0
2001-08-12,0.0
2001-08-13,0.0
2001-08-14,0.0
2001-08-15,0.0
2001-08-16,0.0
2001-08-17,0.0
2001-08-18,0.0
2001-08-19,0.0
2001-08-20,0.0
2001-08-21,0.0
2001-08-22,0.0
2001-08-23,0.0
2001-08-24,0.0
2001-08-25,0.0
2001-08-26,0.0
2001-08-27,0.0
2001-08-28,0.0
2001-08-29,0.0
2001-08-30,0.0
2001-08-31,0.0
2001-09-01,0.0
2001-09-02,0.0
2001-09-03,0.0
2001-09-04,0.0
2001-09-05,0.0
2001-09-06,0.0
2001-09-07,0.0
2001-09-08,0.006
2001-09-09,0.0
2001-09-10,0.0
2001-09-11,0.0
2001-09-12,0.0
2001-09-13,0.0
2001-09-14,2.556
2001-09-15,13.397
2001-09-16,0.429
2001-09-17,0.0
2001-09-18,0.0
2001-09-19,0.0
2001-09-20,0.0
2001-09-21,0.0
2001-09-22,0.0
2001-09-23,0.0
2001-09-24,0.0
2001-09-25,0.0
2001-09-26,0.0
2001-09-27,0.0
2001-09-28,0.0
2001-09-29,0.0
2001-09-30,0.0
2001-10-01,0.0
2001-10-02,0.0
2001-10-03,0.0
2001-10-04,0.0
2001-10-05,0.0
2001-10-06,0.0
2001-10-07,0.0
2001-10-08,0.0
2001-10-09,0.0
2001-10-10,0.0
2001-10-11,0.0
2001-10-12,0.0
2001-10-13,0.0
2001-10-14,0.0
2001-10-15,0.0
2001-10-16,0.0
2001-10-17,0.0
2001-10-18,0.0
2001-10-19,0.0
2001-10-20,4.154
2001-10-21,0.134
2001-10-22,0.053
2001-10-23,0.019
2001-10-24,0.0
2001-10-25,0.143
2001-10-26,0.0
2001-10-27,0.0
2001-10-28,0.002
2001-10-29,0.075
2001-10-30,9.628
2001-10-31,9.605
2001-11-01,1.252
2001-11-02,0.909
2001-11-03,0.0
2001-11-04,0.035
2001-11-05,0.012
2001-11-06,0.849
2001-11-07,0.544
2001-11-08,0.003
2001-11-09,1.839
2001-11-10,1.569
2001-11-11,0.033
2001-11-12,2.441
2001-11-13,3.156
2001-11-14,44.338
2001-11-15,31.997
2001-11-16,20.848
2001-11-17,13.186
2001-11-18,49.244
2001-11-19,14.536
2001-11-20,49.485
2001-11-21,21.009
2001-11-22,43.163
2001-11-23,23.235
2001-11-24,7.141
2001-11-25,30.129
2001-11-26,12.41
2001-11-27,27.115
2001-11-28,3.369
2001-11-29,0.609
2001-11-30,0.269
2001-12-01,2.035
2001-12-02,45.064
2001-12-03,34.734
2001-12-04,33.784
2001-12-05,10.516
2001-12-06,11.624
2001-12-07,21.908
2001-12-08,5.592
2001-12-09,65.155
2001-12-10,0.714
2001-12-11,14.818
2001-12-12,6.626
2001-12-13,7.446
2001-12-14,12.161
2001-12-15,10.905
2001-12-16,17.047
2001-12-17,43.238
2001-12-18,4.248
2001-12-19,0.362
2001-12-20,0.001
2001-12-21,0.062
2001-12-22,34.909
2001-12-23,4.089
2001-12-24,7.513
2001-12-25,10.066
2001-12-26,7.269
2001-12-27,69.331
2001-12-28,2.69
2001-12-29,2.347
2001-12-30,1.318
2001-12-31,10.311
2002-01-01,1.42
2002-01-02,0.0
2002-01-03,11.455
2002-01-04,3.565
2002-01-05,0.863
2002-01-06,1.116
2002-01-07,0.354
2002-01-08,0.923
2002-01-09,15.536
2002-01-10,5.986
2002-01-11,0.47
2002-01-12,20.627
2002-01-13,22.845
2002-01-14,12.409
2002-01-15,20.713
2002-01-16,3.394
2002-01-17,25.899
2002-01-18,23.861
2002-01-19,31.084
2002-01-20,4.547
2002-01-21,15.879
2002-01-22,44.687
2002-01-23,30.244
2002-01-24,15.615
2002-01-25,7.09
2002-01-26,29.63
2002-01-27,25.471
2002-01-28,1.326
2002-01-29,1.49
2002-01-30,1.132
2002-01-31,5.808
2002-02-01,3.81
2002-02-02,7.351
2002-02-03,1.758
2002-02-04,1.826
2002-02-05,0.949
2002-02-06,0.58
2002-02-07,8.008
2002-02-08,40.397
2002-02-09,11.656
2002-02-10,3.274
2002-02-11,1.26
2002-02-12,0.654
2002-02-13,4.226
2002-02-14,1.003
2002-02-15,1.66
2002-02-16,4.237
2002-02-17,4.04
2002-02-18,28.627
2002-02-19,30.531
2002-02-20,5.646
2002-02-21,0.36
2002-02-22,1.052
2002-02-23,0.919
2002-02-24,0.71
2002-02-25,1.304
2002-02-26,1.308
2002-02-27,0.593
2002-02-28,0.593
2002-03-01,0.47
2002-03-02,4.154
2002-03-03,1.652
2002-03-04,1.784
2002-03-05,0.534
2002-03-06,0.354
2002-03-07,24.446
2002-03-08,16.125
2002-03-09,9.747
2002-03-10,1.277
2002-03-11,1.657
2002-03-12,0.0
2002-03-13,0.21
2002-03-14,7.022
2002-03-15,22.232
2002-03-16,1.343
2002-03-17,1.054
2002-03-18,5.34
2002-03-19,0.501
2002-03-20,0.679
2002-03-21,1.05
2002-03-22,0.229
2002-03-23,0.299
2002-03-24,1.587
2002-03-25,0.986
2002-03-26,1.048
2002-03-27,0.397
2002-03-28,0.034
2002-03-29,0.15
2002-03-30,0.441
2002-03-31,0.534
2002-04-01,0.0
2002-04-02,0.0
2002-04-03,0.0
2002-04-04,0.0
2002-04-05,0.755
2002-04-06,0.015
2002-04-07,0.021
2002-04-08,0.719
2002-04-09,0.481
2002-04-10,13.251
2002-04-11,19.18
2002-04-12,24.72
2002-04-13,18.134
2002-04-14,27.174
2002-04-15,29.013
2002-04-16,49.327
2002-04-17,3.501
2002-04-18,0.378
2002-04-19,0.0
2002-04-20,0.0
2002-04-21,0.397
2002-04-22,0.525
2002-04-23,0.074
2002-04-24,0.0
2002-04-25,0.0
2002-04-26,0.0
2002-04-27,0.0
2002-04-28,0.0
2002-04-29,0.0
2002-04-30,0.0
2002-05-01,0.249
2002-05-02,0.011
2002-05-03,0.0
2002-05-04,0.001
2002-05-05,0.0
2002-05-06,0.0
2002-05-07,0.0
2002-05-08,0.0
2002-05-09,0.0
2002-05-10,0.0
2002-05-11,0.0
2002-05-12,0.0
2002-05-13,0.0
2002-05-14,0.0
2002-05-15,0.0
2002-05-16,0.0
2002-05-17,0.0
2002-05-18,0.203
2002-05-19,0.0
2002-05-20,0.664
2002-05-21,0.252
2002-05-22,0.0
2002-05-23,0.01
2002-05-24,0.0
2002-05-25,0.0
2002-05-26,0.0
2002-05-27,0.033
2002-05-28,0.116
2002-05-29,0.0
2002-05-30,0.209
2002-05-31,0.245
2002-06-01,0.762
2002-06-02,0.001
2002-06-03,0.317
2002-06-04,1.991
2002-06-05,1.033
2002-06-06,0.139
2002-06-07,0.336
2002-06-08,0.128
2002-06-09,0.017
2002-06-10,0.019
2002-06-11,0.008
2002-06-12,0.0
2002-06-13,0.0
2002-06-14,0.0
2002-06-15,0.0
2002-06-16,0.0
2002-06-17,0.002
2002-06-18,0.314
2002-06-19,0.0
2002-06-20,0.006
2002-06-21,1.371
2002-06-22,5.085
2002-06-23,0.437
2002-06-24,0.0
2002-06-25,0.0
2002-06-26,0.039
2002-06-27,0.0
2002-06-28,0.0
2002-06-29,0.0
2002-06-30,0.0
2002-07-01,2.361
2002-07-02,1.47
2002-07-03,0.179
2002-07-04,0.191
2002-07-05,0.113
2002-07-06,0.0
2002-07-07,0.0
2002-07-08,0.0
2002-07-09,0.0
2002-07-10,0.0
2002-07-11,0.0
2002-07-12,0.0
2002-07-13,0.001
2002-07-14,0.0
2002-07-15,0.0
2002-07-16,0.0
2002-07-17,0.0
2002-07-18,0.0
2002-07-19,0.04
2002-07-20,0.04
2002-07-21,0.083
2002-07-22,0.032
2002-07-23,0.0
2002-07-24,0.0
2002-07-25,0.0
2002-07-26,0.0
2002-07-27,0.0
2002-07-28,0.0
2002-07-29,0.0
2002-07-30,0.0
2002-07-31,0.0
2002-08-01,0.12
2002-08-02,0.147
2002-08-03,0.0
2002-08-04,0.0
2002-08-05,0.607
2002-08-06,0.0
2002-08-07,0.0
2002-08-08,0.001
2002-08-09,0.001
2002-08-10,0.015
2002-08-11,0.0
2002-08-12,0.0
2002-08-13,0.004
2002-08-14,0.0
2002-08-15,0.0
2002-08-16,0.0
2002-08-17,0.0
2002-08-18,0.0
2002-08-19,0.0
2002-08-20,0.0
2002-08-21,0.0
2002-08-22,0.0
2002-08-23,0.0
2002-08-24,0.0
2002-08-25,0.002
2002-08-26,0.013
2002-08-27,0.0
2002-08-28,0.002
2002-08-29,0.0
2002-08-30,0.175
2002-08-31,0.007
2002-09-01,0.001
2002-09-02,0.0
2002-09-03,0.0
2002-09-04,0.0
2002-09-05,0.0
2002-09-06,0.0
2002-09-07,0.037
2002-09-08,0.004
2002-09-09,0.774
2002-09-10,2.793
2002-09-11,0.0
2002-09-12,0.0
2002-09-13,0.082
2002-09-14,0.044
2002-09-15,0.26
2002-09-16,0.0
2002-09-17,0.001
2002-09-18,0.0
2002-09-19,0.0
2002-09-20,0.0
2002-09-21,0.0
2002-09-22,0.021
2002-09-23,0.0
2002-09-24,0.0
2002-09-25,0.0
2002-09-26,0.164
2002-09-27,2.59
2002-09-28,0.041
2002-09-29,0.0
2002-09-30,0.0
2002-10-01,0.0
2002-10-02,3.213
2002-10-03,34.68
2002-10-04,1.181
2002-10-05,0.076
2002-10-06,0.195
2002-10-07,6.496
2002-10-08,1.167
2002-10-09,1.136
2002-10-10,4.14
2002-10-11,0.0
2002-10-12,0.0
2002-10-13,0.0
2002-10-14,0.0
2002-10-15,0.0
2002-10-16,0.0
2002-10-17,0.0
2002-10-18,0.0
2002-10-19,0.0
2002-10-20,0.0
2002-10-21,0.0
2002-10-22,0.0
2002-10-23,0.0
2002-10-24,0.0
2002-10-25,8.686
2002-10-26,0.237
2002-10-27,0.266
2002-10-28,0.532
2002-10-29,24.61
2002-10-30,18.84
2002-10-31,4.888
2002-11-01,0.208
2002-11-02,14.474
2002-11-03,6.368
2002-11-04,0.491
2002-11-05,26.667
2002-11-06,159.454
2002-11-07,3.612
2002-11-08,8.788
2002-11-09,0.219
2002-11-10,21.347
2002-11-11,6.69
2002-11-12,0.601
2002-11-13,0.0
2002-11-14,0.0
2002-11-15,0.002
2002-11-16,0.0
2002-11-17,0.0
2002-11-18,0.01
2002-11-19,0.0
2002-11-20,0.0
2002-11-21,0.0
2002-11-22,0.0
2002-11-23,0.001
2002-11-24,1.205
2002-11-25,3.541
2002-11-26,0.612
2002-11-27,0.031
2002-11-28,0.0
2002-11-29,0.001
2002-11-30,0.337
2002-12-01,0.0
2002-12-02,0.0
2002-12-03,0.0
2002-12-04,0.0
2002-12-05,0.001
2002-12-06,0.079
2002-12-07,0.269
2002-12-08,5.019
2002-12-09,26.315
2002-12-10,36.131
2002-12-11,7.532
2002-12-12,1.559
2002-12-13,3.73
2002-12-14,19.715
2002-12-15,3.0
2002-12-16,41.024
2002-12-17,10.378
2002-12-18,45.567
2002-12-19,26.454
2002-12-20,34.176
2002-12-21,14.975
2002-12-22,20.036
2002-12-23,2.154
2002-12-24,19.568
2002-12-25,42.308
2002-12-26,37.892
2002-12-27,12.358
2002-12-28,1.052
2002-12-29,9.575
2002-12-30,10.26
2002-12-31,1.376
2003-01-01,1.335
2003-01-02,2.708
2003-01-03,23.077
2003-01-04,6.438
2003-01-05,0.773
2003-01-06,7.372
2003-01-07,0.037
2003-01-08,0.925
2003-01-09,34.961
2003-01-10,30.336
2003-01-11,4.956
2003-01-12,4.505
2003-01-13,0.843
2003-01-14,0.0
2003-01-15,0.289
2003-01-16,0.0
2003-01-17,0.11
2003-01-18,0.567
2003-01-19,9.943
2003-01-20,0.54
2003-01-21,5.234
2003-01-22,42.058
2003-01-23,10.853
2003-01-24,15.33
2003-01-25,4.966
2003-01-26,32.18
2003-01-27,18.337
2003-01-28,29.049
2003-01-29,4.101
2003-01-30,37.458
2003-01-31,1.388
2003-02-01,2.758
2003-02-02,2.48
2003-02-03,27.823
2003-02-04,5.881
2003-02-05,6.537
2003-02-06,2.083
2003-02-07,3.918
2003-02-08,24.956
2003-02-09,3.103
2003-02-10,1.13
2003-02-11,13.335
2003-02-12,33.271
2003-02-13,11.9
2003-02-14,19.475
2003-02-15,51.232
2003-02-16,4.008
2003-02-17,43.165
2003-02-18,33.42
2003-02-19,4.261
2003-02-20,17.422
2003-02-21,3.965
2003-02-22,40.061
2003-02-23,56.229
2003-02-24,72.994
2003-02-25,39.931
2003-02-26,49.707
2003-02-27,262.526
2003-02-28,9.211
2003-03-01,0.627
2003-03-02,2.947
2003-03-03,0.023
2003-03-04,1.229
2003-03-05,7.648
2003-03-06,0.374
2003-03-07,0.51
2003-03-08,128.179
2003-03-09,186.073
2003-03-10,150.842
2003-03-11,64.538
2003-03-12,9.981
2003-03-13,10.609
2003-03-14,6.236
2003-03-15,0.383
2003-03-16,0.002
2003-03-17,0.207
2003-03-18,0.428
2003-03-19,0.538
2003-03-20,2.02
2003-03-21,8.777
2003-03-22,1.16
2003-03-23,0.457
2003-03-24,24.189
2003-03-25,28.532
2003-03-26,1.091
2003-03-27,0.296
2003-03-28,11.044
2003-03-29,24.324
2003-03-30,21.51
2003-03-31,1.041
2003-04-01,15.45
2003-04-02,5.11
2003-04-03,7.132
2003-04-04,2.824
2003-04-05,3.573
2003-04-06,0.501
2003-04-07,0.06
2003-04-08,0.0
2003-04-09,0.0
2003-04-10,0.0
2003-04-11,0.155
2003-04-12,0.15
2003-04-13,0.871
2003-04-14,1.545
2003-04-15,1.145
2003-04-16,0.174
2003-04-17,0.304
2003-04-18,0.0
2003-04-19,2.097
2003-04-20,0.463
2003-04-21,0.027
2003-04-22,0.0
2003-04-23,0.0
2003-04-24,0.0
2003-04-25,0.0
2003-04-26,0.0
2003-04-27,0.012
2003-04-28,0.203
2003-04-29,0.0
2003-04-30,0.0
2003-05-01,0.0
2003-05-02,0.0
2003-05-03,0.003
2003-05-04,0.0
2003-05-05,0.0
2003-05-06,0.001
2003-05-07,0.041
2003-05-08,0.0
2003-05-09,0.0
2003-05-10,0.0
2003-05-11,0.0
2003-05-12,0.0
2003-05-13,0.0
2003-05-14,0.0
2003-05-15,3.187
2003-05-16,4.462
2003-05-17,0.029
2003-05-18,0.0
2003-05-19,0.136
2003-05-20,0.057
2003-05-21,0.19
2003-05-22,0.179
2003-05-23,0.568
2003-05-24,0.004
2003-05-25,0.0
2003-05-26,0.0
2003-05-27,0.0
2003-05-28,0.0
2003-05-29,0.001
2003-05-30,0.549
2003-05-31,0.487
2003-06-01,0.036
2003-06-02,0.332
2003-06-03,0.0
2003-06-04,0.0
2003-06-05,0.0
2003-06-06,0.0
2003-06-07,0.0
2003-06-08,0.0
2003-06-09,0.0
2003-06-10,0.006
2003-06-11,0.419
2003-06-12,0.021
2003-06-13,0.016
2003-06-14,0.376
2003-06-15,0.018
2003-06-16,0.814
2003-06-17,1.198
2003-06-18,0.4
2003-06-19,0.596
2003-06-20,0.475
2003-06-21,0.043
2003-06-22,0.161
2003-06-23,0.925
2003-06-24,0.639
2003-06-25,0.998
2003-06-26,1.507
2003-06-27,0.297
2003-06-28,0.645
2003-06-29,1.383
2003-06-30,2.246
2003-07-01,0.024
2003-07-02,0.0
2003-07-03,0.0
2003-07-04,0.0
2003-07-05,0.001
2003-07-06,0.987
2003-07-07,3.78
2003-07-08,0.027
2003-07-09,0.0
2003-07-10,0.0
2003-07-11,0.0
2003-07-12,0.0
2003-07-13,0.023
2003-07-14,0.012
2003-07-15,0.0
2003-07-16,0.0
2003-07-17,0.0
2003-07-18,0.0
2003-07-19,0.0
2003-07-20,0.0
2003-07-21,0.0
2003-07-22,0.0
2003-07-23,0.0
2003-07-24,0.0
2003-07-25,0.0
2003-07-26,0.0
2003-07-27,0.0
2003-07-28,0.0
2003-07-29,0.0
2003-07-30,0.0
2003-07-31,0.0
2003-08-01,0.0
2003-08-02,0.0
2003-08-03,0.0
2003-08-04,0.0
2003-08-05,0.0
2003-08-06,0.0
2003-08-07,0.047
2003-08-08,0.0
2003-08-09,0.0
2003-08-10,0.0
2003-08-11,0.0
2003-08-12,0.0
2003-08-13,0.0
2003-08-14,0.0
2003-08-15,0.0
2003-08-16,0.0
2003-08-17,0.0
2003-08-18,0.0
2003-08-19,0.0
2003-08-20,0.0
2003-08-21,0.0
2003-08-22,0.0
2003-08-23,0.0
2003-08-24,0.0
2003-08-25,0.0
2003-08-26,0.0
2003-08-27,0.0
2003-08-28,0.0
2003-08-29,0.0
2003-08-30,0.0
2003-08-31,0.0
2003-09-01,0.0
2003-09-02,0.0
2003-09-03,0.0
2003-09-04,0.0
2003-09-05,0.0
2003-09-06,0.0
2003-09-07,0.005
2003-09-08,0.0
2003-09-09,0.0
2003-09-10,0.0
2003-09-11,0.0
2003-09-12,0.006
2003-09-13,1.68
2003-09-14,0.641
2003-09-15,0.648
2003-09-16,0.0
2003-09-17,0.0
2003-09-18,0.0
2003-09-19,0.0
2003-09-20,0.0
2003-09-21,0.0
2003-09-22,0.0
2003-09-23,0.0
2003-09-24,0.003
2003-09-25,0.0
2003-09-26,0.0
2003-09-27,0.0
2003-09-28,0.0
2003-09-29,0.0
2003-09-30,0.0
2003-10-01,0.0
2003-10-02,0.0
2003-10-03,0.0
2003-10-04,0.0
2003-10-05,0.0
2003-10-06,0.0
2003-10-07,0.0
2003-10-08,0.0
2003-10-09,0.0
2003-10-10,0.0
2003-10-11,0.0
2003-10-12,0.0
2003-10-13,0.0
2003-10-14,0.0
2003-10-15,1.398
2003-10-16,0.0
2003-10-17,0.082
2003-10-18,4.372
2003-10-19,5.298
2003-10-20,47.747
2003-10-21,36.922
2003-10-22,9.641
2003-10-23,0.702
2003-10-24,6.837
2003-10-25,11.023
2003-10-26,0.065
2003-10-27,0.005
2003-10-28,0.028
2003-10-29,0.02
2003-10-30,0.0
2003-10-31,0.0
2003-11-01,0.0
2003-11-02,0.067
2003-11-03,0.0
2003-11-04,0.001
2003-11-05,0.249
2003-11-06,9.997
2003-11-07,8.659
2003-11-08,0.114
2003-11-09,0.01
2003-11-10,0.805
2003-11-11,0.0
2003-11-12,3.234
2003-11-13,0.691
2003-11-14,1.091
2003-11-15,1.4
2003-11-16,12.248
2003-11-17,2.412
2003-11-18,0.043
2003-11-19,0.0
2003-11-20,0.14
2003-11-21,16.039
2003-11-22,65.125
2003-11-23,2.877
2003-11-24,0.0
2003-11-25,0.006
2003-11-26,0.332
2003-11-27,19.864
2003-11-28,23.009
2003-11-29,27.296
2003-11-30,22.705
2003-12-01,12.568
2003-12-02,36.539
2003-12-03,0.676
2003-12-04,0.0
2003-12-05,1.068
2003-12-06,0.202
2003-12-07,0.0
2003-12-08,0.011
2003-12-09,11.914
2003-12-10,24.302
2003-12-11,40.699
2003-12-12,43.142
2003-12-13,12.286
2003-12-14,22.719
2003-12-15,0.795
2003-12-16,35.576
2003-12-17,17.496
2003-12-18,0.0
2003-12-19,2.669
2003-12-20,2.163
2003-12-21,1.644
2003-12-22,28.09
2003-12-23,39.071
2003-12-24,13.665
2003-12-25,17.95
2003-12-26,11.653
2003-12-27,4.972
2003-12-28,35.995
2003-12-29,44.559
2003-12-30,14.003
2003-12-31,8.13
2004-01-01,8.749
2004-01-02,11.781
2004-01-03,0.218
2004-01-04,3.36
2004-01-05,2.607
2004-01-06,0.715
2004-01-07,1.139
2004-01-08,0.471
2004-01-09,1.756
2004-01-10,12.354
2004-01-11,7.931
2004-01-12,11.133
2004-01-13,42.943
2004-01-14,1.696
2004-01-15,7.486
2004-01-16,1.373
2004-01-17,10.528
2004-01-18,43.779
2004-01-19,47.779
2004-01-20,17.541
2004-01-21,48.153
2004-01-22,20.909
2004-01-23,19.65
2004-01-24,9.096
2004-01-25,16.732
2004-01-26,43.956
2004-01-27,30.911
2004-01-28,126.472
2004-01-29,125.464
2004-01-30,51.811
2004-01-31,25.126
2004-02-01,2.372
2004-02-02,0.0
2004-02-03,0.104
2004-02-04,0.603
2004-02-05,0.0
2004-02-06,0.207
2004-02-07,0.917
2004-02-08,0.538
2004-02-09,2.039
2004-02-10,1.348
2004-02-11,0.394
2004-02-12,29.322
2004-02-13,13.638
2004-02-14,18.915
2004-02-15,39.721
2004-02-16,8.805
2004-02-17,20.408
2004-02-18,10.81
2004-02-19,24.4
2004-02-20,22.497
2004-02-21,10.986
2004-02-22,20.614
2004-02-23,21.935
2004-02-24,39.172
2004-02-25,50.942
2004-02-26,18.325
2004-02-27,4.047
2004-02-28,8.112
2004-02-29,11.011
2004-03-01,57.425
2004-03-02,29.757
2004-03-03,84.413
2004-03-04,39.111
2004-03-05,13.927
2004-03-06,37.307
2004-03-07,167.415
2004-03-08,33.995
2004-03-09,0.38
2004-03-10,0.874
2004-03-11,0.43
2004-03-12,1.437
2004-03-13,18.671
2004-03-14,17.707
2004-03-15,39.654
2004-03-16,3.078
2004-03-17,14.317
2004-03-18,22.577
2004-03-19,0.693
2004-03-20,1.202
2004-03-21,0.503
2004-03-22,8.246
2004-03-23,18.773
2004-03-24,11.55
2004-03-25,2.286
2004-03-26,10.469
2004-03-27,2.77
2004-03-28,2.691
2004-03-29,25.366
2004-03-30,9.459
2004-03-31,1.801
2004-04-01,7.073
2004-04-02,9.729
2004-04-03,1.502
2004-04-04,1.601
2004-04-05,3.021
2004-04-06,9.593
2004-04-07,2.459
2004-04-08,1.806
2004-04-09,1.379
2004-04-10,0.026
2004-04-11,0.472
2004-04-12,5.137
2004-04-13,0.252
2004-04-14,2.934
2004-04-15,1.397
2004-04-16,1.853
2004-04-17,1.836
2004-04-18,1.321
2004-04-19,17.652
2004-04-20,0.947
2004-04-21,1.909
2004-04-22,0.627
2004-04-23,0.073
2004-04-24,2.452
2004-04-25,3.872
2004-04-26,1.215
2004-04-27,0.179
2004-04-28,0.164
2004-04-29,0.002
2004-04-30,0.615
2004-05-01,0.735
2004-05-02,0.066
2004-05-03,0.0
2004-05-04,0.319
2004-05-05,0.049
2004-05-06,0.0
2004-05-07,0.0
2004-05-08,0.0
2004-05-09,0.0
2004-05-10,0.05
2004-05-11,1.004
2004-05-12,0.508
2004-05-13,0.073
2004-05-14,0.0
2004-05-15,0.035
2004-05-16,0.0
2004-05-17,0.048
2004-05-18,0.006
2004-05-19,0.0
2004-05-20,0.061
2004-05-21,0.0
2004-05-22,0.033
2004-05-23,0.167
2004-05-24,0.017
2004-05-25,0.021
2004-05-26,0.149
2004-05-27,0.091
2004-05-28,0.017
2004-05-29,0.0
2004-05-30,0.0
2004-05-31,2.514
2004-06-01,0.586
2004-06-02,0.004
2004-06-03,0.039
2004-06-04,1.569
2004-06-05,0.361
2004-06-06,0.003
2004-06-07,0.0
2004-06-08,0.0
2004-06-09,0.0
2004-06-10,0.346
2004-06-11,1.486
2004-06-12,0.478
2004-06-13,0.071
2004-06-14,0.0
2004-06-15,0.0
2004-06-16,0.0
2004-06-17,0.0
2004-06-18,0.0
2004-06-19,1.42
2004-06-20,0.337
2004-06-21,0.915
2004-06-22,1.179
2004-06-23,0.706
2004-06-24,0.01
2004-06-25,0.154
2004-06-26,0.486
2004-06-27,0.416
2004-06-28,0.954
2004-06-29,0.764
2004-06-30,0.098
2004-07-01,0.0
2004-07-02,0.0
2004-07-03,0.0
2004-07-04,0.0
2004-07-05,0.0
2004-07-06,1.718
2004-07-07,1.3
2004-07-08,1.547
2004-07-09,0.175
2004-07-10,0.14
2004-07-11,0.089
2004-07-12,1.886
2004-07-13,0.0
2004-07-14,0.0
2004-07-15,0.0
2004-07-16,1.884
2004-07-17,0.072
2004-07-18,0.0
2004-07-19,0.0
2004-07-20,0.0
2004-07-21,0.0
2004-07-22,0.0
2004-07-23,0.0
2004-07-24,0.0
2004-07-25,0.0
2004-07-26,0.0
2004-07-27,0.0
2004-07-28,0.055
2004-07-29,0.0
2004-07-30,0.0
2004-07-31,0.0
2004-08-01,0.0
2004-08-02,0.0
2004-08-03,0.0
2004-08-04,0.0
2004-08-05,0.0
2004-08-06,0.0
2004-08-07,0.0
2004-08-08,0.0
2004-08-09,0.0
2004-08-10,0.0
2004-08-11,0.015
2004-08-12,0.094
2004-08-13,0.0
2004-08-14,0.01
2004-08-15,0.0
2004-08-16,0.0
2004-08-17,0.0
2004-08-18,0.0
2004-08-19,0.0
2004-08-20,0.0
2004-08-21,0.0
2004-08-22,0.0
2004-08-23,0.0
2004-08-24,0.0
2004-08-25,0.0
2004-08-26,0.0
2004-08-27,0.0
2004-08-28,0.03
2004-08-29,0.096
2004-08-30,0.027
2004-08-31,0.0
2004-09-01,0.0
2004-09-02,0.0
2004-09-03,0.0
2004-09-04,0.0
2004-09-05,0.0
2004-09-06,0.0
2004-09-07,0.0
2004-09-08,0.0
2004-09-09,0.0
2004-09-10,0.008
2004-09-11,0.0
2004-09-12,0.0
2004-09-13,0.0
2004-09-14,0.0
2004-09-15,0.0
2004-09-16,0.0
2004-09-17,0.0
2004-09-18,0.0
2004-09-19,0.0
2004-09-20,0.01
2004-09-21,1.215
2004-09-22,0.013
2004-09-23,0.0
2004-09-24,0.0
2004-09-25,0.0
2004-09-26,0.0
2004-09-27,0.0
2004-09-28,0.042
2004-09-29,0.07
2004-09-30,0.068
2004-10-01,0.0
2004-10-02,0.0
2004-10-03,0.0
2004-10-04,0.0
2004-10-05,0.0
2004-10-06,0.0
2004-10-07,0.0
2004-10-08,0.0
2004-10-09,0.009
2004-10-10,29.84
2004-10-11,24.708
2004-10-12,2.793
2004-10-13,1.08
2004-10-14,9.077
2004-10-15,0.295
2004-10-16,0.871
2004-10-17,0.677
2004-10-18,0.009
2004-10-19,0.024
2004-10-20,0.249
2004-10-21,0.0
2004-10-22,0.0
2004-10-23,0.0
2004-10-24,0.0
2004-10-25,0.0
2004-10-26,0.199
2004-10-27,0.16
2004-10-28,1.293
2004-10-29,0.196
2004-10-30,7.401
2004-10-31,1.004
2004-11-01,1.994
2004-11-02,0.0
2004-11-03,0.0
2004-11-04,0.0
2004-11-05,0.0
2004-11-06,0.0
2004-11-07,5.724
2004-11-08,15.945
2004-11-09,6.646
2004-11-10,1.323
2004-11-11,1.812
2004-11-12,0.089
2004-11-13,0.1
2004-11-14,0.003
2004-11-15,0.01
2004-11-16,8.816
2004-11-17,0.0
2004-11-18,1.687
2004-11-19,4.426
2004-11-20,3.158
2004-11-21,2.424
2004-11-22,30.262
2004-11-23,6.664
2004-11-24,38.131
2004-11-25,9.706
2004-11-26,0.782
2004-11-27,1.064
2004-11-28,1.786
2004-11-29,0.301
2004-11-30,0.218
2004-12-01,2.475
2004-12-02,28.929
2004-12-03,17.205
2004-12-04,28.408
2004-12-05,60.668
2004-12-06,42.017
2004-12-07,10.418
2004-12-08,15.877
2004-12-09,55.377
2004-12-10,41.521
2004-12-11,6.581
2004-12-12,3.342
2004-12-13,10.239
2004-12-14,20.067
2004-12-15,0.694
2004-12-16,3.828
2004-12-17,7.731
2004-12-18,0.027
2004-12-19,0.5
2004-12-20,0.573
2004-12-21,0.285
2004-12-22,0.056
2004-12-23,6.956
2004-12-24,49.456
2004-12-25,12.915
2004-12-26,31.607
2004-12-27,29.244
2004-12-28,3.71
2004-12-29,11.907
2004-12-30,41.565
2004-12-31,26.968
2005-01-01,5.221
2005-01-02,1.655
2005-01-03,0.656
2005-01-04,0.899
2005-01-05,0.544
2005-01-06,0.973
2005-01-07,0.919
2005-01-08,1.349
2005-01-09,2.006
2005-01-10,2.766
2005-01-11,1.308
2005-01-12,1.122
2005-01-13,25.349
2005-01-14,11.719
2005-01-15,39.507
2005-01-16,24.249
2005-01-17,82.706
2005-01-18,13.844
2005-01-19,7.007
2005-01-20,2.944
2005-01-21,0.301
2005-01-22,19.368
2005-01-23,17.283
2005-01-24,42.109
2005-01-25,64.713
2005-01-26,24.776
2005-01-27,15.074
2005-01-28,35.916
2005-01-29,42.603
2005-01-30,62.354
2005-01-31,0.018
2005-02-01,0.279
2005-02-02,1.696
2005-02-03,12.609
2005-02-04,1.802
2005-02-05,1.888
2005-02-06,7.945
2005-02-07,6.189
2005-02-08,1.827
2005-02-09,17.072
2005-02-10,0.498
2005-02-11,0.433
2005-02-12,0.348
2005-02-13,16.353
2005-02-14,12.594
2005-02-15,1.129
2005-02-16,31.091
2005-02-17,5.082
2005-02-18,28.183
2005-02-19,18.547
2005-02-20,15.307
2005-02-21,11.251
2005-02-22,44.475
2005-02-23,0.789
2005-02-24,13.776
2005-02-25,11.96
2005-02-26,10.742
2005-02-27,3.654
2005-02-28,2.554
2005-03-01,0.933
2005-03-02,1.706
2005-03-03,1.095
2005-03-04,1.029
2005-03-05,0.944
2005-03-06,0.381
2005-03-07,0.023
2005-03-08,0.549
2005-03-09,0.449
2005-03-10,0.031
2005-03-11,0.191
2005-03-12,16.788
2005-03-13,18.692
2005-03-14,0.706
2005-03-15,1.972
2005-03-16,14.711
2005-03-17,0.928
2005-03-18,2.583
2005-03-19,2.191
2005-03-20,0.719
2005-03-21,0.774
2005-03-22,3.064
2005-03-23,1.169
2005-03-24,1.877
2005-03-25,4.076
2005-03-26,2.337
2005-03-27,18.215
2005-03-28,37.056
2005-03-29,9.828
2005-03-30,5.692
2005-03-31,19.807
2005-04-01,0.751
2005-04-02,0.042
2005-04-03,2.255
2005-04-04,0.178
2005-04-05,1.215
2005-04-06,6.191
2005-04-07,0.503
2005-04-08,0.412
2005-04-09,0.087
2005-04-10,0.003
2005-04-11,0.01
2005-04-12,0.003
2005-04-13,0.002
2005-04-14,0.0
2005-04-15,0.0
2005-04-16,0.0
2005-04-17,0.0
2005-04-18,0.0
2005-04-19,0.062
2005-04-20,0.004
2005-04-21,0.007
2005-04-22,0.0
2005-04-23,0.0
2005-04-24,0.0
2005-04-25,0.0
2005-04-26,0.008
2005-04-27,17.611
2005-04-28,1.835
2005-04-29,0.584
2005-04-30,0.235
2005-05-01,0.006
2005-05-02,0.006
2005-05-03,0.006
2005-05-04,0.0
2005-05-05,0.0
2005-05-06,0.0
2005-05-07,0.0
2005-05-08,0.0
2005-05-09,0.0
2005-05-10,0.004
2005-05-11,0.0
2005-05-12,0.031
2005-05-13,0.003
2005-05-14,0.028
2005-05-15,0.0
2005-05-16,0.0
2005-05-17,0.023
2005-05-18,0.116
2005-05-19,0.001
2005-05-20,0.917
2005-05-21,0.94
2005-05-22,1.354
2005-05-23,0.647
2005-05-24,0.0
2005-05-25,0.0
2005-05-26,0.496
2005-05-27,0.0
2005-05-28,0.0
2005-05-29,0.0
2005-05-30,0.0
2005-05-31,0.0
2005-06-01,0.0
2005-06-02,0.0
2005-06-03,0.0
2005-06-04,0.0
2005-06-05,0.0
2005-06-06,0.0
2005-06-07,0.0
2005-06-08,0.0
2005-06-09,0.0
2005-06-10,0.0
2005-06-11,0.0
2005-06-12,0.0
2005-06-13,0.0
2005-06-14,0.0
2005-06-15,0.0
2005-06-16,0.0
2005-06-17,0.0
2005-06-18,0.428
2005-06-19,0.003
2005-06-20,0.0
2005-06-21,0.0
2005-06-22,0.0
2005-06-23,0.038
2005-06-24,0.176
2005-06-25,0.491
2005-06-26,0.004
2005-06-27,0.128
2005-06-28,0.007
2005-06-29,0.472
2005-06-30,0.0
2005-07-01,0.0
2005-07-02,0.0
2005-07-03,0.0
2005-07-04,0.211
2005-07-05,0.331
2005-07-06,0.0
2005-07-07,0.0
2005-07-08,0.01
2005-07-09,0.0
2005-07-10,0.74
2005-07-11,1.488
2005-07-12,1.988
2005-07-13,1.254
2005-07-14,0.473
2005-07-15,0.041
2005-07-16,0.0
2005-07-17,0.038
2005-07-18,0.0
2005-07-19,0.0
2005-07-20,0.0
2005-07-21,0.0
2005-07-22,0.0
2005-07-23,0.0
2005-07-24,0.0
2005-07-25,0.0
2005-07-26,0.0
2005-07-27,0.0
2005-07-28,0.0
2005-07-29,0.0
2005-07-30,0.0
2005-07-31,0.0
2005-08-01,0.0
2005-08-02,0.0
2005-08-03,0.0
2005-08-04,0.0
2005-08-05,0.0
2005-08-06,0.0
2005-08-07,0.078
2005-08-08,0.026
2005-08-09,0.0
2005-08-10,0.0
2005-08-11,0.0
2005-08-12,0.0
2005-08-13,0.0
2005-08-14,0.0
2005-08-15,0.0
2005-08-16,0.0
2005-08-17,0.0
2005-08-18,0.0
2005-08-19,0.0
2005-08-20,0.0
2005-08-21,0.0
2005-08-22,0.0
2005-08-23,0.0
2005-08-24,0.0
2005-08-25,0.0
2005-08-26,0.0
2005-08-27,0.0
2005-08-28,0.0
2005-08-29,0.0
2005-08-30,0.0
2005-08-31,0.0
2005-09-01,0.0
2005-09-02,0.0
2005-09-03,0.0
2005-09-04,0.0
2005-09-05,0.0
2005-09-06,0.0
2005-09-07,0.0
2005-09-08,0.0
2005-09-09,0.0
2005-09-10,0.0
2005-09-11,0.0
2005-09-12,0.0
2005-09-13,0.0
2005-09-14,0.0
2005-09-15,0.0
2005-09-16,0.0
2005-09-17,0.0
2005-09-18,0.0
2005-09-19,0.0
2005-09-20,0.0
2005-09-21,0.0
2005-09-22,0.0
2005-09-23,0.0
2005-09-24,0.0
2005-09-25,0.0
2005-09-26,0.0
2005-09-27,0.0
2005-09-28,0.0
2005-09-29,0.773
2005-09-30,0.015
2005-10-01,0.0
2005-10-02,0.0
2005-10-03,0.0
2005-10-04,0.0
2005-10-05,0.0
2005-10-06,0.0
2005-10-07,0.0
2005-10-08,0.0
2005-10-09,0.0
2005-10-10,0.0
2005-10-11,0.0
2005-10-12,0.0
2005-10-13,0.0
2005-10-14,0.0
2005-10-15,0.01
2005-10-16,0.0
2005-10-17,0.0
2005-10-18,0.0
2005-10-19,0.0
2005-10-20,0.0
2005-10-21,0.0
2005-10-22,0.0
2005-10-23,0.004
2005-10-24,0.0
2005-10-25,0.0
2005-10-26,0.761
2005-10-27,0.017
2005-10-28,0.01
2005-10-29,0.0
2005-10-30,0.0
2005-10-31,0.0
2005-11-01,0.0
2005-11-02,0.0
2005-11-03,0.131
2005-11-04,0.198
2005-11-05,3.465
2005-11-06,13.446
2005-11-07,1.059
2005-11-08,0.232
2005-11-09,33.397
2005-11-10,8.745
2005-11-11,3.153
2005-11-12,0.251
2005-11-13,0.034
2005-11-14,0.021
2005-11-15,0.077
2005-11-16,0.0
2005-11-17,6.003
2005-11-18,0.705
2005-11-19,0.197
2005-11-20,0.924
2005-11-21,0.71
2005-11-22,5.084
2005-11-23,3.552
2005-11-24,45.777
2005-11-25,44.595
2005-11-26,15.935
2005-11-27,31.6
2005-11-28,52.643
2005-11-29,33.232
2005-11-30,32.56
2005-12-01,42.776
2005-12-02,56.251
2005-12-03,100.875
2005-12-04,53.151
2005-12-05,22.74
2005-12-06,9.781
2005-12-07,35.188
2005-12-08,29.411
2005-12-09,20.439
2005-12-10,3.97
2005-12-11,22.366
2005-12-12,41.039
2005-12-13,9.677
2005-12-14,4.859
2005-12-15,0.25
2005-12-16,1.124
2005-12-17,11.911
2005-12-18,24.712
2005-12-19,20.519
2005-12-20,27.854
2005-12-21,15.474
2005-12-22,5.432
2005-12-23,34.397
2005-12-24,33.995
2005-12-25,26.339
2005-12-26,42.008
2005-12-27,56.065
2005-12-28,36.124
2005-12-29,45.149
2005-12-30,57.544
2005-12-31,3.41
2006-01-01,8.322
2006-01-02,40.741
2006-01-03,45.73
2006-01-04,55.485
2006-01-05,55.991
2006-01-06,15.634
2006-01-07,75.475
2006-01-08,32.973
2006-01-09,9.715
2006-01-10,28.255
2006-01-11,39.552
2006-01-12,45.947
2006-01-13,29.717
2006-01-14,49.543
2006-01-15,39.025
2006-01-16,39.035
2006-01-17,35.1
2006-01-18,44.513
2006-01-19,21.883
2006-01-20,7.883
2006-01-21,19.701
2006-01-22,14.846
2006-01-23,18.256
2006-01-24,2.523
2006-01-25,2.496
2006-01-26,6.547
2006-01-27,39.713
2006-01-28,26.687
2006-01-29,33.672
2006-01-30,10.513
2006-01-31,24.025
2006-02-01,4.756
2006-02-02,5.398
2006-02-03,13.032
2006-02-04,10.034
2006-02-05,19.647
2006-02-06,57.917
2006-02-07,46.741
2006-02-08,32.23
2006-02-09,8.668
2006-02-10,13.411
2006-02-11,2.586
2006-02-12,28.375
2006-02-13,0.489
2006-02-14,31.07
2006-02-15,13.985
2006-02-16,1.545
2006-02-17,20.297
2006-02-18,11.408
2006-02-19,25.248
2006-02-20,24.857
2006-02-21,6.628
2006-02-22,21.273
2006-02-23,30.538
2006-02-24,12.143
2006-02-25,12.938
2006-02-26,22.911
2006-02-27,10.021
2006-02-28,20.797
2006-03-01,1.157
2006-03-02,9.576
2006-03-03,23.749
2006-03-04,42.325
2006-03-05,35.536
2006-03-06,8.859
2006-03-07,3.067
2006-03-08,1.279
2006-03-09,6.279
2006-03-10,16.016
2006-03-11,0.792
2006-03-12,4.597
2006-03-13,14.511
2006-03-14,11.22
2006-03-15,12.947
2006-03-16,2.822
2006-03-17,0.616
2006-03-18,2.696
2006-03-19,2.381
2006-03-20,8.71
2006-03-21,5.782
2006-03-22,3.923
2006-03-23,3.464
2006-03-24,2.063
2006-03-25,1.978
2006-03-26,1.191
2006-03-27,9.089
2006-03-28,16.469
2006-03-29,11.125
2006-03-30,17.053
2006-03-31,4.887
2006-04-01,14.741
2006-04-02,13.24
2006-04-03,9.221
2006-04-04,3.043
2006-04-05,1.181
2006-04-06,2.326
2006-04-07,2.923
2006-04-08,0.867
2006-04-09,1.448
2006-04-10,2.014
2006-04-11,0.304
2006-04-12,0.91
2006-04-13,1.138
2006-04-14,1.372
2006-04-15,0.394
2006-04-16,0.204
2006-04-17,0.149
2006-04-18,0.0
2006-04-19,1.842
2006-04-20,1.644
2006-04-21,0.464
2006-04-22,0.082
2006-04-23,0.141
2006-04-24,0.328
2006-04-25,0.69
2006-04-26,1.934
2006-04-27,1.283
2006-04-28,3.916
2006-04-29,2.123
2006-04-30,0.042
2006-05-01,0.484
2006-05-02,0.966
2006-05-03,0.001
2006-05-04,0.316
2006-05-05,0.044
2006-05-06,0.0
2006-05-07,0.044
2006-05-08,1.246
2006-05-09,5.954
2006-05-10,1.885
2006-05-11,0.6
2006-05-12,0.207
2006-05-13,0.043
2006-05-14,0.001
2006-05-15,0.204
2006-05-16,0.053
2006-05-17,0.004
2006-05-18,0.022
2006-05-19,0.0
2006-05-20,0.0
2006-05-21,0.0
2006-05-22,0.0
2006-05-23,0.0
2006-05-24,0.86
2006-05-25,0.347
2006-05-26,0.272
2006-05-27,0.0
2006-05-28,0.0
2006-05-29,0.0
2006-05-30,0.015
2006-05-31,0.0
2006-06-01,0.0
2006-06-02,0.01
2006-06-03,0.0
2006-06-04,0.549
2006-06-05,0.0
2006-06-06,0.0
2006-06-07,0.0
2006-06-08,0.747
2006-06-09,0.072
2006-06-10,0.375
2006-06-11,0.082
2006-06-12,0.029
2006-06-13,0.001
2006-06-14,0.006
2006-06-15,0.105
2006-06-16,0.32
2006-06-17,0.419
2006-06-18,0.131
2006-06-19,0.738
2006-06-20,0.0
2006-06-21,0.903
2006-06-22,0.0
2006-06-23,0.0
2006-06-24,0.0
2006-06-25,0.0
2006-06-26,0.001
2006-06-27,0.067
2006-06-28,0.003
2006-06-29,0.015
2006-06-30,0.0
2006-07-01,0.0
2006-07-02,0.021
2006-07-03,0.0
2006-07-04,0.0
2006-07-05,0.0
2006-07-06,0.0
2006-07-07,0.0
2006-07-08,0.002
2006-07-09,0.004
2006-07-10,0.0
2006-07-11,0.0
2006-07-12,0.0
2006-07-13,0.0
2006-07-14,0.0
2006-07-15,0.242
2006-07-16,0.383
2006-07-17,0.054
2006-07-18,0.0
2006-07-19,0.0
2006-07-20,0.001
2006-07-21,0.0
2006-07-22,0.002
2006-07-23,0.0
2006-07-24,0.0
2006-07-25,0.0
2006-07-26,0.0
2006-07-27,0.0
2006-07-28,0.0
2006-07-29,0.0
2006-07-30,0.644
2006-07-31,0.352
2006-08-01,0.0
2006-08-02,0.0
2006-08-03,0.0
2006-08-04,0.0
2006-08-05,0.0
2006-08-06,0.0
2006-08-07,0.0
2006-08-08,0.0
2006-08-09,0.0
2006-08-10,0.0
2006-08-11,0.0
2006-08-12,0.0
2006-08-13,0.0
2006-08-14,0.018
2006-08-15,0.0
2006-08-16,0.0
2006-08-17,0.0
2006-08-18,0.0
2006-08-19,0.0
2006-08-20,0.098
2006-08-21,0.0
2006-08-22,0.0
2006-08-23,0.0
2006-08-24,0.0
2006-08-25,0.016
2006-08-26,0.0
2006-08-27,0.119
2006-08-28,1.402
2006-08-29,0.0
2006-08-30,0.0
2006-08-31,0.0
2006-09-01,2.702
2006-09-02,0.0
2006-09-03,0.0
2006-09-04,0.0
2006-09-05,0.0
2006-09-06,0.0
2006-09-07,0.0
2006-09-08,0.0
2006-09-09,0.0
2006-09-10,0.0
2006-09-11,0.0
2006-09-12,0.0
2006-09-13,0.0
2006-09-14,0.0
2006-09-15,0.0
2006-09-16,0.0
2006-09-17,0.0
2006-09-18,0.0
2006-09-19,0.0
2006-09-20,0.0
2006-09-21,0.0
2006-09-22,0.0
2006-09-23,0.0
2006-09-24,0.0
2006-09-25,0.0
2006-09-26,0.0
2006-09-27,0.0
2006-09-28,0.0
2006-09-29,0.042
2006-09-30,0.0
2006-10-01,0.021
2006-10-02,3.036
2006-10-03,1.489
2006-10-04,0.717
2006-10-05,0.0
2006-10-06,0.0
2006-10-07,0.0
2006-10-08,0.0
2006-10-09,0.0
2006-10-10,0.0
2006-10-11,0.506
2006-10-12,0.0
2006-10-13,0.0
2006-10-14,0.0
2006-10-15,0.001
2006-10-16,0.037
2006-10-17,0.91
2006-10-18,6.862
2006-10-19,0.841
2006-10-20,0.332
2006-10-21,0.08
2006-10-22,0.003
2006-10-23,0.0
2006-10-24,0.0
2006-10-25,0.0
2006-10-26,0.0
2006-10-27,0.0
2006-10-28,0.29
2006-10-29,0.003
2006-10-30,0.0
2006-10-31,0.001
2006-11-01,0.0
2006-11-02,0.0
2006-11-03,0.075
2006-11-04,15.107
2006-11-05,0.174
2006-11-06,20.047
2006-11-07,0.458
2006-11-08,0.006
2006-11-09,0.0
2006-11-10,0.137
2006-11-11,1.008
2006-11-12,1.147
2006-11-13,6.08
2006-11-14,3.374
2006-11-15,51.001
2006-11-16,38.403
2006-11-17,12.755
2006-11-18,32.994
2006-11-19,8.77
2006-11-20,2.242
2006-11-21,0.321
2006-11-22,18.127
2006-11-23,5.021
2006-11-24,17.089
2006-11-25,43.872
2006-11-26,31.291
2006-11-27,4.715
2006-11-28,0.02
2006-11-29,1.143
2006-11-30,0.0
2006-12-01,0.0
2006-12-02,0.0
2006-12-03,0.001
2006-12-04,0.076
2006-12-05,0.382
2006-12-06,25.506
2006-12-07,3.226
2006-12-08,0.053
2006-12-09,0.447
2006-12-10,5.336
2006-12-11,38.56
2006-12-12,2.535
2006-12-13,2.446
2006-12-14,22.354
2006-12-15,17.995
2006-12-16,17.539
2006-12-17,16.999
2006-12-18,2.854
2006-12-19,24.622
2006-12-20,62.376
2006-12-21,17.495
2006-12-22,9.369
2006-12-23,1.88
2006-12-24,0.842
2006-12-25,7.424
2006-12-26,8.322
2006-12-27,23.78
2006-12-28,20.522
2006-12-29,16.937
2006-12-30,19.147
2006-12-31,40.594
2007-01-01,69.211
2007-01-02,75.131
2007-01-03,2.636
2007-01-04,1.364
2007-01-05,39.476
2007-01-06,50.548
2007-01-07,63.853
2007-01-08,7.01
2007-01-09,2.725
2007-01-10,4.325
2007-01-11,6.088
2007-01-12,0.659
2007-01-13,0.128
2007-01-14,1.789
2007-01-15,1.069
2007-01-16,7.063
2007-01-17,54.079
2007-01-18,16.653
2007-01-19,15.878
2007-01-20,46.374
2007-01-21,117.349
2007-01-22,54.445
2007-01-23,27.023
2007-01-24,2.708
2007-01-25,38.194
2007-01-26,17.739
2007-01-27,29.96
2007-01-28,17.789
2007-01-29,30.134
2007-01-30,26.56
2007-01-31,55.179
2007-02-01,102.725
2007-02-02,60.32
2007-02-03,3.14
2007-02-04,0.232
2007-02-05,20.515
2007-02-06,46.385
2007-02-07,44.256
2007-02-08,46.109
2007-02-09,11.953
2007-02-10,10.303
2007-02-11,2.183
2007-02-12,97.846
2007-02-13,0.0
2007-02-14,0.094
2007-02-15,0.767
2007-02-16,0.417
2007-02-17,0.177
2007-02-18,3.058
2007-02-19,1.285
2007-02-20,42.908
2007-02-21,22.099
2007-02-22,1.788
2007-02-23,1.101
2007-02-24,2.666
2007-02-25,38.305
2007-02-26,6.695
2007-02-27,105.406
2007-02-28,12.451
2007-03-01,10.322
2007-03-02,14.443
2007-03-03,1.358
2007-03-04,14.946
2007-03-05,35.317
2007-03-06,33.148
2007-03-07,59.727
2007-03-08,10.79
2007-03-09,10.231
2007-03-10,4.059
2007-03-11,3.036
2007-03-12,1.774
2007-03-13,0.629
2007-03-14,1.339
2007-03-15,1.667
2007-03-16,0.483
2007-03-17,0.043
2007-03-18,0.187
2007-03-19,1.787
2007-03-20,1.853
2007-03-21,1.361
2007-03-22,0.123
2007-03-23,0.491
2007-03-24,26.014
2007-03-25,0.866
2007-03-26,8.9
2007-03-27,20.954
2007-03-28,0.319
2007-03-29,1.975
2007-03-30,1.289
2007-03-31,9.377
2007-04-01,41.93
2007-04-02,10.917
2007-04-03,21.539
2007-04-04,17.937
2007-04-05,6.177
2007-04-06,16.785
2007-04-07,2.847
2007-04-08,1.458
2007-04-09,1.508
2007-04-10,0.684
2007-04-11,0.352
2007-04-12,1.132
2007-04-13,1.411
2007-04-14,2.195
2007-04-15,0.427
2007-04-16,0.379
2007-04-17,0.278
2007-04-18,0.502
2007-04-19,0.648
2007-04-20,1.69
2007-04-21,1.529
2007-04-22,0.56
2007-04-23,0.911
2007-04-24,1.48
2007-04-25,0.0
2007-04-26,0.0
2007-04-27,0.0
2007-04-28,0.0
2007-04-29,0.0
2007-04-30,0.0
2007-05-01,0.028
2007-05-02,0.0
2007-05-03,0.0
2007-05-04,0.001
2007-05-05,0.0
2007-05-06,0.013
2007-05-07,1.129
2007-05-08,1.424
2007-05-09,0.282
2007-05-10,0.153
2007-05-11,0.0
2007-05-12,0.001
2007-05-13,0.0
2007-05-14,0.0
2007-05-15,0.0
2007-05-16,0.0
2007-05-17,0.0
2007-05-18,0.0
2007-05-19,0.0
2007-05-20,0.0
2007-05-21,0.0
2007-05-22,0.0
2007-05-23,0.0
2007-05-24,0.0
2007-05-25,0.0
2007-05-26,0.103
2007-05-27,0.605
2007-05-28,0.0
2007-05-29,0.0
2007-05-30,0.0
2007-05-31,0.179
2007-06-01,0.063
2007-06-02,3.403
2007-06-03,2.592
2007-06-04,0.271
2007-06-05,0.0
2007-06-06,0.0
2007-06-07,0.0
2007-06-08,0.0
2007-06-09,0.041
2007-06-10,0.055
2007-06-11,0.001
2007-06-12,0.0
2007-06-13,0.0
2007-06-14,0.0
2007-06-15,0.0
2007-06-16,0.0
2007-06-17,0.0
2007-06-18,0.0
2007-06-19,0.0
2007-06-20,0.03
2007-06-21,0.0
2007-06-22,1.828
2007-06-23,0.006
2007-06-24,0.242
2007-06-25,0.374
2007-06-26,0.07
2007-06-27,0.0
2007-06-28,0.0
2007-06-29,0.0
2007-06-30,0.0
2007-07-01,0.0
2007-07-02,0.456
2007-07-03,3.449
2007-07-04,4.519
2007-07-05,1.755
2007-07-06,0.783
2007-07-07,0.142
2007-07-08,0.0
2007-07-09,0.0
2007-07-10,0.0
2007-07-11,0.0
2007-07-12,0.0
2007-07-13,0.0
2007-07-14,0.0
2007-07-15,0.08
2007-07-16,0.0
2007-07-17,0.0
2007-07-18,0.239
2007-07-19,0.554
2007-07-20,0.0
2007-07-21,0.0
2007-07-22,0.0
2007-07-23,0.0
2007-07-24,0.0
2007-07-25,0.0
2007-07-26,0.0
2007-07-27,0.0
2007-07-28,0.0
2007-07-29,0.0
2007-07-30,0.0
2007-07-31,0.0
2007-08-01,0.0
2007-08-02,0.0
2007-08-03,0.0
2007-08-04,0.0
2007-08-05,0.0
2007-08-06,0.062
2007-08-07,0.0
2007-08-08,0.0
2007-08-09,0.0
2007-08-10,0.084
2007-08-11,0.0
2007-08-12,0.0
2007-08-13,0.0
2007-08-14,0.0
2007-08-15,0.0
2007-08-16,0.0
2007-08-17,0.0
2007-08-18,0.0
2007-08-19,0.0
2007-08-20,0.0
2007-08-21,0.0
2007-08-22,0.0
2007-08-23,0.0
2007-08-24,0.0
2007-08-25,0.0
2007-08-26,0.0
2007-08-27,0.0
2007-08-28,0.0
2007-08-29,0.0
2007-08-30,0.0
2007-08-31,0.0
2007-09-01,0.0
2007-09-02,0.0
2007-09-03,0.0
2007-09-04,0.0
2007-09-05,0.0
2007-09-06,0.0
2007-09-07,0.0
2007-09-08,0.0
2007-09-09,0.0
2007-09-10,0.0
2007-09-11,0.0
2007-09-12,0.0
2007-09-13,0.0
2007-09-14,0.0
2007-09-15,0.0
2007-09-16,0.0
2007-09-17,0.0
2007-09-18,0.0
2007-09-19,0.0
2007-09-20,0.0
2007-09-21,0.002
2007-09-22,0.084
2007-09-23,0.0
2007-09-24,0.0
2007-09-25,0.033
2007-09-26,0.007
2007-09-27,0.001
2007-09-28,0.294
2007-09-29,0.022
2007-09-30,0.013
2007-10-01,0.771
2007-10-02,0.113
2007-10-03,0.226
2007-10-04,0.054
2007-10-05,0.0
2007-10-06,0.0
2007-10-07,0.0
2007-10-08,0.0
2007-10-09,0.0
2007-10-10,0.0
2007-10-11,0.355
2007-10-12,0.001
2007-10-13,0.0
2007-10-14,0.0
2007-10-15,0.0
2007-10-16,0.0
2007-10-17,0.0
2007-10-18,0.0
2007-10-19,0.0
2007-10-20,0.0
2007-10-21,0.003
2007-10-22,0.052
2007-10-23,0.0
2007-10-24,0.0
2007-10-25,0.299
2007-10-26,1.184
2007-10-27,0.567
2007-10-28,0.01
2007-10-29,0.026
2007-10-30,0.176
2007-10-31,0.017
2007-11-01,0.093
2007-11-02,0.109
2007-11-03,0.0
2007-11-04,0.0
2007-11-05,13.452
2007-11-06,13.059
2007-11-07,28.687
2007-11-08,11.176
2007-11-09,0.0
2007-11-10,0.0
2007-11-11,4.863
2007-11-12,1.409
2007-11-13,1.015
2007-11-14,0.225
2007-11-15,12.587
2007-11-16,4.148
2007-11-17,13.961
2007-11-18,5.501
2007-11-19,0.523
2007-11-20,0.108
2007-11-21,0.023
2007-11-22,0.005
2007-11-23,1.416
2007-11-24,9.607
2007-11-25,46.568
2007-11-26,34.991
2007-11-27,0.236
2007-11-28,54.461
2007-11-29,4.088
2007-11-30,0.914
2007-12-01,0.6
2007-12-02,0.096
2007-12-03,22.128
2007-12-04,70.495
2007-12-05,47.893
2007-12-06,37.076
2007-12-07,13.277
2007-12-08,30.067
2007-12-09,24.424
2007-12-10,13.485
2007-12-11,8.451
2007-12-12,22.454
2007-12-13,50.559
2007-12-14,43.519
2007-12-15,0.729
2007-12-16,21.59
2007-12-17,53.757
2007-12-18,11.457
2007-12-19,101.328
2007-12-20,9.523
2007-12-21,7.037
2007-12-22,22.303
2007-12-23,16.963
2007-12-24,26.625
2007-12-25,33.244
2007-12-26,55.529
2007-12-27,84.652
2007-12-28,190.661
2007-12-29,50.953
2007-12-30,146.688
2007-12-31,136.836
2008-01-01,52.27
2008-01-02,138.572
2008-01-03,45.131
2008-01-04,47.607
2008-01-05,80.107
2008-01-06,34.173
2008-01-07,18.385
2008-01-08,18.467
2008-01-09,37.051
2008-01-10,33.546
2008-01-11,9.934
2008-01-12,17.854
2008-01-13,77.907
2008-01-14,13.613
2008-01-15,5.044
2008-01-16,5.479
2008-01-17,18.447
2008-01-18,9.374
2008-01-19,48.214
2008-01-20,12.335
2008-01-21,7.171
2008-01-22,7.476
2008-01-23,5.995
2008-01-24,16.362
2008-01-25,48.846
2008-01-26,26.238
2008-01-27,66.086
2008-01-28,29.511
2008-01-29,10.68
2008-01-30,43.585
2008-01-31,43.307
2008-02-01,18.14
2008-02-02,21.302
2008-02-03,6.769
2008-02-04,18.592
2008-02-05,8.797
2008-02-06,9.099
2008-02-07,32.569
2008-02-08,11.009
2008-02-09,27.223
2008-02-10,3.424
2008-02-11,3.332
2008-02-12,1.565
2008-02-13,0.825
2008-02-14,1.156
2008-02-15,0.834
2008-02-16,6.607
2008-02-17,1.903
2008-02-18,2.515
2008-02-19,0.671
2008-02-20,1.0
2008-02-21,3.4
2008-02-22,1.243
2008-02-23,1.266
2008-02-24,0.945
2008-02-25,2.767
2008-02-26,0.677
2008-02-27,0.246
2008-02-28,0.051
2008-02-29,6.378
2008-03-01,4.507
2008-03-02,26.909
2008-03-03,3.059
2008-03-04,1.864
2008-03-05,2.665
2008-03-06,2.943
2008-03-07,2.752
2008-03-08,10.376
2008-03-09,13.442
2008-03-10,3.02
2008-03-11,1.377
2008-03-12,1.266
2008-03-13,4.052
2008-03-14,5.552
2008-03-15,2.03
2008-03-16,46.186
2008-03-17,37.907
2008-03-18,24.464
2008-03-19,2.821
2008-03-20,2.433
2008-03-21,1.523
2008-03-22,1.081
2008-03-23,1.519
2008-03-24,2.349
2008-03-25,1.735
2008-03-26,0.517
2008-03-27,1.711
2008-03-28,0.0
2008-03-29,0.0
2008-03-30,0.046
2008-03-31,0.166
2008-04-01,0.023
2008-04-02,0.455
2008-04-03,1.267
2008-04-04,0.01
2008-04-05,0.0
2008-04-06,0.0
2008-04-07,0.238
2008-04-08,23.856
2008-04-09,11.342
2008-04-10,0.539
2008-04-11,0.59
2008-04-12,1.251
2008-04-13,0.01
2008-04-14,0.924
2008-04-15,0.648
2008-04-16,1.077
2008-04-17,0.729
2008-04-18,0.568
2008-04-19,0.0
2008-04-20,0.0
2008-04-21,0.0
2008-04-22,0.0
2008-04-23,0.018
2008-04-24,0.32
2008-04-25,0.015
2008-04-26,0.0
2008-04-27,0.0
2008-04-28,0.093
2008-04-29,0.0
2008-04-30,0.0
2008-05-01,0.0
2008-05-02,0.0
2008-05-03,0.398
2008-05-04,25.963
2008-05-05,3.217
2008-05-06,1.185
2008-05-07,0.012
2008-05-08,0.0
2008-05-09,0.807
2008-05-10,0.0
2008-05-11,0.0
2008-05-12,0.0
2008-05-13,0.0
2008-05-14,0.0
2008-05-15,0.0
2008-05-16,0.0
2008-05-17,0.0
2008-05-18,0.193
2008-05-19,0.0
2008-05-20,0.109
2008-05-21,0.004
2008-05-22,0.336
2008-05-23,0.788
2008-05-24,0.208
2008-05-25,0.0
2008-05-26,0.0
2008-05-27,0.0
2008-05-28,0.29
2008-05-29,0.122
2008-05-30,0.071
2008-05-31,0.0
2008-06-01,0.0
2008-06-02,0.0
2008-06-03,0.0
2008-06-04,0.0
2008-06-05,0.0
2008-06-06,0.0
2008-06-07,0.0
2008-06-08,0.0
2008-06-09,0.0
2008-06-10,0.047
2008-06-11,0.044
2008-06-12,0.0
2008-06-13,0.0
2008-06-14,0.0
2008-06-15,0.254
2008-06-16,0.382
2008-06-17,0.0
2008-06-18,0.0
2008-06-19,0.06
2008-06-20,0.036
2008-06-21,0.0
2008-06-22,0.0
2008-06-23,0.0
2008-06-24,0.0
2008-06-25,0.0
2008-06-26,0.585
2008-06-27,0.0
2008-06-28,0.0
2008-06-29,0.0
2008-06-30,0.0
2008-07-01,0.0
2008-07-02,0.0
2008-07-03,0.0
2008-07-04,0.0
2008-07-05,0.0
2008-07-06,0.0
2008-07-07,0.0
2008-07-08,0.0
2008-07-09,0.0
2008-07-10,0.0
2008-07-11,0.0
2008-07-12,0.0
2008-07-13,0.0
2008-07-14,0.01
2008-07-15,0.025
2008-07-16,0.0
2008-07-17,0.0
2008-07-18,0.001
2008-07-19,0.0
2008-07-20,0.638
2008-07-21,0.261
2008-07-22,0.164
2008-07-23,0.015
2008-07-24,0.698
2008-07-25,1.494
2008-07-26,0.998
2008-07-27,0.592
2008-07-28,0.0
2008-07-29,0.019
2008-07-30,0.002
2008-07-31,0.0
2008-08-01,0.0
2008-08-02,0.0
2008-08-03,0.0
2008-08-04,0.09
2008-08-05,0.536
2008-08-06,0.318
2008-08-07,0.127
2008-08-08,0.123
2008-08-09,0.01
2008-08-10,0.001
2008-08-11,0.0
2008-08-12,0.0
2008-08-13,0.0
2008-08-14,0.0
2008-08-15,0.0
2008-08-16,0.0
2008-08-17,0.0
2008-08-18,0.0
2008-08-19,0.0
2008-08-20,0.0
2008-08-21,0.0
2008-08-22,0.0
2008-08-23,0.0
2008-08-24,0.0
2008-08-25,0.0
2008-08-26,0.0
2008-08-27,0.0
2008-08-28,0.0
2008-08-29,0.0
2008-08-30,0.0
2008-08-31,0.0
2008-09-01,0.0
2008-09-02,0.0
2008-09-03,0.0
2008-09-04,0.0
2008-09-05,0.0
2008-09-06,0.0
2008-09-07,0.0
2008-09-08,0.0
2008-09-09,0.0
2008-09-10,0.0
2008-09-11,0.0
2008-09-12,0.0
2008-09-13,0.652
2008-09-14,0.0
2008-09-15,0.0
2008-09-16,0.0
2008-09-17,0.0
2008-09-18,0.0
2008-09-19,0.0
2008-09-20,0.0
2008-09-21,0.0
2008-09-22,0.0
2008-09-23,0.0
2008-09-24,0.0
2008-09-25,0.0
2008-09-26,0.0
2008-09-27,0.0
2008-09-28,0.0
2008-09-29,0.0
2008-09-30,0.0
2008-10-01,0.0
2008-10-02,0.0
2008-10-03,0.0
2008-10-04,0.0
2008-10-05,0.0
2008-10-06,0.0
2008-10-07,0.246
2008-10-08,0.0
2008-10-09,0.0
2008-10-10,0.127
2008-10-11,0.0
2008-10-12,0.0
2008-10-13,0.0
2008-10-14,0.0
2008-10-15,0.0
2008-10-16,0.0
2008-10-17,0.0
2008-10-18,0.0
2008-10-19,0.001
2008-10-20,0.099
2008-10-21,8.945
2008-10-22,7.442
2008-10-23,0.201
2008-10-24,0.0
2008-10-25,0.0
2008-10-26,0.0
2008-10-27,0.0
2008-10-28,0.0
2008-10-29,0.0
2008-10-30,0.057
2008-10-31,0.052
2008-11-01,0.269
2008-11-02,0.011
2008-11-03,0.0
2008-11-04,0.471
2008-11-05,3.422
2008-11-06,0.976
2008-11-07,0.31
2008-11-08,2.671
2008-11-09,0.513
2008-11-10,0.028
2008-11-11,2.816
2008-11-12,6.792
2008-11-13,0.858
2008-11-14,9.011
2008-11-15,3.053
2008-11-16,13.2
2008-11-17,5.013
2008-11-18,41.959
2008-11-19,89.688
2008-11-20,2.273
2008-11-21,46.669
2008-11-22,14.967
2008-11-23,29.928
2008-11-24,18.003
2008-11-25,32.001
2008-11-26,41.63
2008-11-27,5.415
2008-11-28,3.553
2008-11-29,32.077
2008-11-30,0.486
2008-12-01,0.481
2008-12-02,2.659
2008-12-03,0.398
2008-12-04,1.325
2008-12-05,0.576
2008-12-06,3.278
2008-12-07,3.961
2008-12-08,5.929
2008-12-09,17.18
2008-12-10,12.786
2008-12-11,21.016
2008-12-12,27.537
2008-12-13,27.748
2008-12-14,37.518
2008-12-15,26.961
2008-12-16,72.452
2008-12-17,65.099
2008-12-18,30.239
2008-12-19,70.338
2008-12-20,24.559
2008-12-21,9.73
2008-12-22,105.21
2008-12-23,61.564
2008-12-24,42.274
2008-12-25,124.094
2008-12-26,39.197
2008-12-27,21.213
2008-12-28,21.628
2008-12-29,32.25
2008-12-30,28.748
2008-12-31,35.364
2009-01-01,42.153
2009-01-02,1.942
2009-01-03,0.049
2009-01-04,0.052
2009-01-05,0.315
2009-01-06,7.693
2009-01-07,9.611
2009-01-08,67.631
2009-01-09,21.005
2009-01-10,3.253
2009-01-11,20.494
2009-01-12,37.951
2009-01-13,31.87
2009-01-14,37.897
2009-01-15,30.525
2009-01-16,47.631
2009-01-17,13.767
2009-01-18,31.47
2009-01-19,29.235
2009-01-20,95.092
2009-01-21,30.605
2009-01-22,20.041
2009-01-23,5.689
2009-01-24,7.561
2009-01-25,15.736
2009-01-26,28.666
2009-01-27,9.096
2009-01-28,2.12
2009-01-29,17.352
2009-01-30,5.785
2009-01-31,3.162
2009-02-01,15.038
2009-02-02,22.466
2009-02-03,18.343
2009-02-04,25.756
2009-02-05,24.751
2009-02-06,9.671
2009-02-07,5.07
2009-02-08,21.491
2009-02-09,8.435
2009-02-10,1.317
2009-02-11,13.479
2009-02-12,4.279
2009-02-13,10.694
2009-02-14,36.593
2009-02-15,34.617
2009-02-16,7.173
2009-02-17,20.301
2009-02-18,18.321
2009-02-19,2.286
2009-02-20,4.931
2009-02-21,1.928
2009-02-22,0.958
2009-02-23,2.113
2009-02-24,37.244
2009-02-25,13.339
2009-02-26,6.571
2009-02-27,9.275
2009-02-28,8.069
2009-03-01,22.372
2009-03-02,13.894
2009-03-03,15.111
2009-03-04,18.302
2009-03-05,6.728
2009-03-06,3.363
2009-03-07,3.79
2009-03-08,62.374
2009-03-09,4.201
2009-03-10,5.447
2009-03-11,0.6
2009-03-12,4.01
2009-03-13,18.051
2009-03-14,6.49
2009-03-15,28.95
2009-03-16,69.214
2009-03-17,33.686
2009-03-18,59.925
2009-03-19,13.188
2009-03-20,20.496
2009-03-21,6.539
2009-03-22,1.153
2009-03-23,0.004
2009-03-24,0.0
2009-03-25,0.0
2009-03-26,0.0
2009-03-27,0.0
2009-03-28,0.0
2009-03-29,1.336
2009-03-30,3.685
2009-03-31,1.457
2009-04-01,17.733
2009-04-02,9.281
2009-04-03,3.003
2009-04-04,1.225
2009-04-05,3.64
2009-04-06,1.654
2009-04-07,0.0
2009-04-08,1.273
2009-04-09,0.001
2009-04-10,0.0
2009-04-11,0.097
2009-04-12,1.265
2009-04-13,0.0
2009-04-14,0.011
2009-04-15,0.866
2009-04-16,3.054
2009-04-17,0.074
2009-04-18,0.0
2009-04-19,0.0
2009-04-20,0.0
2009-04-21,0.0
2009-04-22,4.739
2009-04-23,3.7
2009-04-24,0.003
2009-04-25,0.0
2009-04-26,0.0
2009-04-27,0.0
2009-04-28,0.0
2009-04-29,0.45
2009-04-30,0.551
2009-05-01,0.013
2009-05-02,0.19
2009-05-03,0.613
2009-05-04,0.303
2009-05-05,0.359
2009-05-06,0.068
2009-05-07,0.0
2009-05-08,0.0
2009-05-09,2.149
2009-05-10,2.684
2009-05-11,1.818
2009-05-12,1.977
2009-05-13,1.495
2009-05-14,0.201
2009-05-15,0.0
2009-05-16,0.0
2009-05-17,0.0
2009-05-18,0.0
2009-05-19,0.0
2009-05-20,0.0
2009-05-21,2.075
2009-05-22,0.85
2009-05-23,0.076
2009-05-24,0.0
2009-05-25,0.0
2009-05-26,0.0
2009-05-27,0.026
2009-05-28,0.0
2009-05-29,0.0
2009-05-30,0.0
2009-05-31,0.0
2009-06-01,0.0
2009-06-02,0.0
2009-06-03,0.0
2009-06-04,0.0
2009-06-05,0.0
2009-06-06,0.0
2009-06-07,0.0
2009-06-08,0.381
2009-06-09,4.101
2009-06-10,0.648
2009-06-11,1.042
2009-06-12,0.0
2009-06-13,0.034
2009-06-14,0.0
2009-06-15,0.0
2009-06-16,0.0
2009-06-17,0.0
2009-06-18,0.0
2009-06-19,0.686
2009-06-20,0.116
2009-06-21,0.0
2009-06-22,0.0
2009-06-23,0.0
2009-06-24,0.0
2009-06-25,0.0
2009-06-26,0.0
2009-06-27,0.0
2009-06-28,0.0
2009-06-29,0.0
2009-06-30,0.037
2009-07-01,0.035
2009-07-02,1.035
2009-07-03,0.758
2009-07-04,0.0
2009-07-05,0.095
2009-07-06,1.871
2009-07-07,0.595
2009-07-08,0.383
2009-07-09,0.119
2009-07-10,0.301
2009-07-11,0.272
2009-07-12,0.013
2009-07-13,0.0
2009-07-14,0.0
2009-07-15,0.033
2009-07-16,0.006
2009-07-17,0.133
2009-07-18,1.261
2009-07-19,0.001
2009-07-20,0.002
2009-07-21,0.009
2009-07-22,0.0
2009-07-23,0.016
2009-07-24,0.0
2009-07-25,1.019
2009-07-26,2.379
2009-07-27,0.365
2009-07-28,0.0
2009-07-29,0.0
2009-07-30,0.0
2009-07-31,0.0
2009-08-01,0.0
2009-08-02,0.0
2009-08-03,0.0
2009-08-04,0.0
2009-08-05,0.001
2009-08-06,0.0
2009-08-07,0.0
2009-08-08,0.0
2009-08-09,0.0
2009-08-10,0.0
2009-08-11,0.0
2009-08-12,0.0
2009-08-13,0.0
2009-08-14,0.0
2009-08-15,0.0
2009-08-16,0.0
2009-08-17,0.104
2009-08-18,0.0
2009-08-19,0.0
2009-08-20,0.0
2009-08-21,0.0
2009-08-22,0.0
2009-08-23,0.0
2009-08-24,0.0
2009-08-25,0.042
2009-08-26,0.0
2009-08-27,0.0
2009-08-28,0.0
2009-08-29,0.0
2009-08-30,0.0
2009-08-31,0.0
2009-09-01,0.0
2009-09-02,0.0
2009-09-03,0.0
2009-09-04,0.0
2009-09-05,0.0
2009-09-06,0.0
2009-09-07,0.0
2009-09-08,0.0
2009-09-09,0.0
2009-09-10,0.0
2009-09-11,0.0
2009-09-12,0.0
2009-09-13,0.0
2009-09-14,0.0
2009-09-15,0.0
2009-09-16,0.0
2009-09-17,0.0
2009-09-18,0.0
2009-09-19,0.0
2009-09-20,0.0
2009-09-21,0.01
2009-09-22,0.0
2009-09-23,0.0
2009-09-24,0.0
2009-09-25,0.031
2009-09-26,0.0
2009-09-27,0.0
2009-09-28,0.0
2009-09-29,0.278
2009-09-30,0.788
2009-10-01,0.074
2009-10-02,0.031
2009-10-03,3.563
2009-10-04,18.151
2009-10-05,0.011
2009-10-06,0.0
2009-10-07,0.0
2009-10-08,0.0
2009-10-09,0.0
2009-10-10,0.21
2009-10-11,0.007
2009-10-12,0.0
2009-10-13,0.0
2009-10-14,0.002
2009-10-15,0.0
2009-10-16,0.0
2009-10-17,0.0
2009-10-18,0.0
2009-10-19,0.101
2009-10-20,0.044
2009-10-21,0.0
2009-10-22,0.0
2009-10-23,0.0
2009-10-24,0.0
2009-10-25,0.0
2009-10-26,0.0
2009-10-27,0.792
2009-10-28,0.0
2009-10-29,0.0
2009-10-30,0.011
2009-10-31,0.184
2009-11-01,0.023
2009-11-02,3.53
2009-11-03,0.038
2009-11-04,0.0
2009-11-05,0.302
2009-11-06,1.645
2009-11-07,13.59
2009-11-08,36.422
2009-11-09,0.671
2009-11-10,62.645
2009-11-11,4.448
2009-11-12,59.134
2009-11-13,0.073
2009-11-14,13.29
2009-11-15,17.887
2009-11-16,21.638
2009-11-17,31.459
2009-11-18,10.086
2009-11-19,21.528
2009-11-20,25.131
2009-11-21,68.356
2009-11-22,15.449
2009-11-23,23.331
2009-11-24,56.32
2009-11-25,12.985
2009-11-26,0.039
2009-11-27,0.0
2009-11-28,0.613
2009-11-29,23.847
2009-11-30,25.171
2009-12-01,25.495
2009-12-02,14.447
2009-12-03,7.395
2009-12-04,38.995
2009-12-05,7.686
2009-12-06,19.067
2009-12-07,3.797
2009-12-08,28.357
2009-12-09,0.745
2009-12-10,1.423
2009-12-11,22.895
2009-12-12,41.018
2009-12-13,42.528
2009-12-14,38.815
2009-12-15,10.586
2009-12-16,0.494
2009-12-17,0.274
2009-12-18,0.175
2009-12-19,1.729
2009-12-20,18.618
2009-12-21,20.978
2009-12-22,26.917
2009-12-23,19.525
2009-12-24,23.679
2009-12-25,19.264
2009-12-26,1.329
2009-12-27,1.026
2009-12-28,22.365
2009-12-29,4.467
2009-12-30,5.709
2009-12-31,15.985
2010-01-01,1.437
2010-01-02,1.258
2010-01-03,15.771
2010-01-04,0.774
2010-01-05,16.264
2010-01-06,86.263
2010-01-07,50.423
2010-01-08,18.259
2010-01-09,49.913
2010-01-10,53.495
2010-01-11,19.66
2010-01-12,2.734
2010-01-13,3.079
2010-01-14,2.997
2010-01-15,0.879
2010-01-16,29.226
2010-01-17,4.474
2010-01-18,18.2
2010-01-19,3.37
2010-01-20,12.382
2010-01-21,50.71
2010-01-22,4.674
2010-01-23,6.783
2010-01-24,13.792
2010-01-25,6.699
2010-01-26,0.6
2010-01-27,2.398
2010-01-28,26.081
2010-01-29,23.432
2010-01-30,72.218
2010-01-31,24.36
2010-02-01,12.825
2010-02-02,43.728
2010-02-03,29.608
2010-02-04,49.664
2010-02-05,82.905
2010-02-06,38.371
2010-02-07,20.07
2010-02-08,1.204
2010-02-09,1.031
2010-02-10,3.152
2010-02-11,0.688
2010-02-12,0.675
2010-02-13,0.985
2010-02-14,3.936
2010-02-15,27.112
2010-02-16,15.862
2010-02-17,20.113
2010-02-18,24.113
2010-02-19,31.183
2010-02-20,45.293
2010-02-21,37.338
2010-02-22,111.232
2010-02-23,33.548
2010-02-24,60.646
2010-02-25,50.127
2010-02-26,34.189
2010-02-27,22.15
2010-02-28,3.769
2010-03-01,2.807
2010-03-02,48.692
2010-03-03,30.752
2010-03-04,70.714
2010-03-05,31.476
2010-03-06,15.973
2010-03-07,4.73
2010-03-08,3.719
2010-03-09,1.504
2010-03-10,1.191
2010-03-11,0.0
2010-03-12,0.0
2010-03-13,0.384
2010-03-14,0.235
2010-03-15,2.703
2010-03-16,21.62
2010-03-17,1.858
2010-03-18,52.22
2010-03-19,54.699
2010-03-20,7.31
2010-03-21,10.062
2010-03-22,20.406
2010-03-23,3.251
2010-03-24,2.591
2010-03-25,1.541
2010-03-26,20.655
2010-03-27,19.915
2010-03-28,2.97
2010-03-29,21.085
2010-03-30,1.644
2010-03-31,13.587
2010-04-01,17.5
2010-04-02,24.821
2010-04-03,3.623
2010-04-04,14.379
2010-04-05,2.756
2010-04-06,2.366
2010-04-07,16.479
2010-04-08,5.798
2010-04-09,24.262
2010-04-10,1.983
2010-04-11,3.826
2010-04-12,2.159
2010-04-13,3.001
2010-04-14,4.447
2010-04-15,0.033
2010-04-16,1.291
2010-04-17,1.151
2010-04-18,1.513
2010-04-19,0.69
2010-04-20,15.21
2010-04-21,0.801
2010-04-22,3.62
2010-04-23,0.914
2010-04-24,3.109
2010-04-25,10.421
2010-04-26,0.414
2010-04-27,0.664
2010-04-28,0.399
2010-04-29,0.147
2010-04-30,6.228
2010-05-01,0.077
2010-05-02,0.002
2010-05-03,0.0
2010-05-04,0.134
2010-05-05,0.0
2010-05-06,0.001
2010-05-07,0.0
2010-05-08,0.0
2010-05-09,0.0
2010-05-10,0.0
2010-05-11,0.0
2010-05-12,0.0
2010-05-13,1.077
2010-05-14,0.0
2010-05-15,0.01
2010-05-16,0.809
2010-05-17,0.127
2010-05-18,1.323
2010-05-19,1.006
2010-05-20,6.027
2010-05-21,2.335
2010-05-22,1.701
2010-05-23,0.098
2010-05-24,0.007
2010-05-25,0.228
2010-05-26,0.185
2010-05-27,0.064
2010-05-28,0.325
2010-05-29,1.004
2010-05-30,4.596
2010-05-31,2.978
2010-06-01,4.672
2010-06-02,0.093
2010-06-03,0.0
2010-06-04,0.0
2010-06-05,0.0
2010-06-06,0.0
2010-06-07,0.0
2010-06-08,0.0
2010-06-09,0.0
2010-06-10,0.0
2010-06-11,0.005
2010-06-12,0.585
2010-06-13,0.044
2010-06-14,0.0
2010-06-15,0.0
2010-06-16,0.0
2010-06-17,0.0
2010-06-18,1.638
2010-06-19,0.342
2010-06-20,0.291
2010-06-21,0.01
2010-06-22,0.0
2010-06-23,0.0
2010-06-24,0.0
2010-06-25,0.034
2010-06-26,0.0
2010-06-27,0.0
2010-06-28,0.714
2010-06-29,0.402
2010-06-30,1.637
2010-07-01,0.322
2010-07-02,1.48
2010-07-03,2.304
2010-07-04,0.428
2010-07-05,0.175
2010-07-06,0.004
2010-07-07,0.002
2010-07-08,0.071
2010-07-09,0.0
2010-07-10,0.146
2010-07-11,0.019
2010-07-12,0.0
2010-07-13,0.0
2010-07-14,0.038
2010-07-15,0.014
2010-07-16,0.0
2010-07-17,0.0
2010-07-18,0.109
2010-07-19,0.547
2010-07-20,0.98
2010-07-21,0.52
2010-07-22,0.0
2010-07-23,0.068
2010-07-24,0.002
2010-07-25,0.023
2010-07-26,1.41
2010-07-27,0.499
2010-07-28,0.071
2010-07-29,0.034
2010-07-30,0.159
2010-07-31,0.742
2010-08-01,0.804
2010-08-02,0.002
2010-08-03,0.0
2010-08-04,0.0
2010-08-05,0.0
2010-08-06,0.0
2010-08-07,0.0
2010-08-08,0.01
2010-08-09,0.0
2010-08-10,0.0
2010-08-11,0.031
2010-08-12,0.101
2010-08-13,0.282
2010-08-14,0.0
2010-08-15,0.0
2010-08-16,0.0
2010-08-17,0.0
2010-08-18,0.0
2010-08-19,0.0
2010-08-20,0.0
2010-08-21,0.0
2010-08-22,0.0
2010-08-23,0.0
2010-08-24,0.0
2010-08-25,0.0
2010-08-26,0.0
2010-08-27,0.0
2010-08-28,0.0
2010-08-29,0.0
2010-08-30,0.0
2010-08-31,0.0
2010-09-01,0.0
2010-09-02,0.0
2010-09-03,0.0
2010-09-04,0.0
2010-09-05,0.0
2010-09-06,0.0
2010-09-07,0.0
2010-09-08,0.0
2010-09-09,0.0
2010-09-10,0.0
2010-09-11,0.0
2010-09-12,0.324
2010-09-13,0.0
2010-09-14,0.0
2010-09-15,0.0
2010-09-16,0.0
2010-09-17,0.0
2010-09-18,0.0
2010-09-19,0.0
2010-09-20,0.0
2010-09-21,0.0
2010-09-22,0.0
2010-09-23,0.0
2010-09-24,0.0
2010-09-25,0.0
2010-09-26,0.0
2010-09-27,0.0
2010-09-28,0.0
2010-09-29,0.0
2010-09-30,0.0
2010-10-01,0.0
2010-10-02,0.0
2010-10-03,0.0
2010-10-04,0.0
2010-10-05,0.0
2010-10-06,0.0
2010-10-07,0.0
2010-10-08,0.0
2010-10-09,0.0
2010-10-10,0.0
2010-10-11,0.0
2010-10-12,0.0
2010-10-13,0.0
2010-10-14,0.0
2010-10-15,0.005
2010-10-16,0.0
2010-10-17,0.0
2010-10-18,0.005
2010-10-19,0.0
2010-10-20,0.0
2010-10-21,0.0
2010-10-22,0.0
2010-10-23,0.0
2010-10-24,0.001
2010-10-25,0.0
2010-10-26,5.804
2010-10-27,0.306
2010-10-28,0.03
2010-10-29,0.0
2010-10-30,0.204
2010-10-31,0.475
2010-11-01,3.145
2010-11-02,15.576
2010-11-03,3.023
2010-11-04,2.984
2010-11-05,5.16
2010-11-06,15.742
2010-11-07,7.45
2010-11-08,0.328
2010-11-09,46.948
2010-11-10,1.316
2010-11-11,0.142
2010-11-12,0.396
2010-11-13,1.755
2010-11-14,0.71
2010-11-15,1.139
2010-11-16,0.08
2010-11-17,0.0
2010-11-18,0.0
2010-11-19,6.192
2010-11-20,25.686
2010-11-21,27.958
2010-11-22,1.951
2010-11-23,1.98
2010-11-24,23.881
2010-11-25,18.041
2010-11-26,35.781
2010-11-27,26.234
2010-11-28,12.69
2010-11-29,5.696
2010-11-30,9.499
2010-12-01,12.371
2010-12-02,8.941
2010-12-03,1.639
2010-12-04,54.69
2010-12-05,32.546
2010-12-06,44.104
2010-12-07,99.813
2010-12-08,71.279
2010-12-09,49.462
2010-12-10,31.271
2010-12-11,36.0
2010-12-12,17.708
2010-12-13,11.13
2010-12-14,21.622
2010-12-15,0.987
2010-12-16,2.142
2010-12-17,8.073
2010-12-18,3.978
2010-12-19,22.088
2010-12-20,12.299
2010-12-21,25.228
2010-12-22,6.383
2010-12-23,13.009
2010-12-24,0.359
2010-12-25,8.623
2010-12-26,28.779
2010-12-27,36.382
2010-12-28,22.297
2010-12-29,32.295
2010-12-30,46.278
2010-12-31,9.721
2011-01-01,25.374
2011-01-02,21.245
2011-01-03,2.168
2011-01-04,4.167
2011-01-05,3.963
2011-01-06,1.146
2011-01-07,62.025
2011-01-08,47.546
2011-01-09,43.621
2011-01-10,29.681
2011-01-11,36.062
2011-01-12,19.186
2011-01-13,13.115
2011-01-14,22.865
2011-01-15,32.629
2011-01-16,22.679
2011-01-17,12.888
2011-01-18,14.43
2011-01-19,33.35
2011-01-20,25.986
2011-01-21,14.019
2011-01-22,5.191
2011-01-23,35.82
2011-01-24,16.093
2011-01-25,30.404
2011-01-26,28.624
2011-01-27,36.339
2011-01-28,65.104
2011-01-29,34.956
2011-01-30,5.517
2011-01-31,35.446
2011-02-01,29.227
2011-02-02,60.72
2011-02-03,10.98
2011-02-04,0.92
2011-02-05,5.362
2011-02-06,2.395
2011-02-07,2.892
2011-02-08,2.004
2011-02-09,2.294
2011-02-10,2.958
2011-02-11,6.411
2011-02-12,10.789
2011-02-13,2.684
2011-02-14,10.448
2011-02-15,4.045
2011-02-16,2.046
2011-02-17,0.267
2011-02-18,0.484
2011-02-19,1.899
2011-02-20,0.66
2011-02-21,27.761
2011-02-22,5.733
2011-02-23,1.55
2011-02-24,1.844
2011-02-25,12.563
2011-02-26,50.9
2011-02-27,6.93
2011-02-28,35.742
2011-03-01,16.639
2011-03-02,39.435
2011-03-03,4.077
2011-03-04,26.823
2011-03-05,12.133
2011-03-06,38.338
2011-03-07,37.377
2011-03-08,9.963
2011-03-09,3.661
2011-03-10,36.285
2011-03-11,2.856
2011-03-12,1.398
2011-03-13,24.971
2011-03-14,20.032
2011-03-15,9.109
2011-03-16,0.443
2011-03-17,1.611
2011-03-18,1.771
2011-03-19,19.941
2011-03-20,11.456
2011-03-21,2.249
2011-03-22,26.612
2011-03-23,31.986
2011-03-24,4.778
2011-03-25,10.696
2011-03-26,23.52
2011-03-27,16.736
2011-03-28,6.998
2011-03-29,0.0
2011-03-30,0.864
2011-03-31,1.925
2011-04-01,0.643
2011-04-02,0.0
2011-04-03,1.001
2011-04-04,0.513
2011-04-05,3.148
2011-04-06,28.057
2011-04-07,22.448
2011-04-08,16.387
2011-04-09,2.915
2011-04-10,1.65
2011-04-11,3.978
2011-04-12,0.717
2011-04-13,0.621
2011-04-14,0.865
2011-04-15,0.068
2011-04-16,0.038
2011-04-17,0.0
2011-04-18,0.001
2011-04-19,0.006
2011-04-20,0.005
2011-04-21,0.001
2011-04-22,0.0
2011-04-23,0.122
2011-04-24,0.008
2011-04-25,0.247
2011-04-26,0.057
2011-04-27,0.151
2011-04-28,0.018
2011-04-29,3.304
2011-04-30,28.455
2011-05-01,4.165
2011-05-02,1.532
2011-05-03,2.174
2011-05-04,0.971
2011-05-05,0.146
2011-05-06,0.0
2011-05-07,0.0
2011-05-08,0.0
2011-05-09,0.04
2011-05-10,1.079
2011-05-11,0.188
2011-05-12,0.0
2011-05-13,0.0
2011-05-14,0.0
2011-05-15,0.0
2011-05-16,0.0
2011-05-17,0.0
2011-05-18,0.023
2011-05-19,0.2
2011-05-20,9.089
2011-05-21,1.047
2011-05-22,1.863
2011-05-23,0.219
2011-05-24,0.061
2011-05-25,0.011
2011-05-26,0.0
2011-05-27,0.0
2011-05-28,0.022
2011-05-29,0.048
2011-05-30,0.044
2011-05-31,0.0
2011-06-01,0.0
2011-06-02,0.0
2011-06-03,0.131
2011-06-04,0.0
2011-06-05,0.125
2011-06-06,0.223
2011-06-07,0.179
2011-06-08,0.223
2011-06-09,0.0
2011-06-10,0.0
2011-06-11,0.0
2011-06-12,0.0
2011-06-13,0.0
2011-06-14,0.0
2011-06-15,0.0
2011-06-16,0.0
2011-06-17,0.0
2011-06-18,0.0
2011-06-19,0.0
2011-06-20,0.0
2011-06-21,0.0
2011-06-22,0.0
2011-06-23,0.0
2011-06-24,0.0
2011-06-25,0.0
2011-06-26,0.0
2011-06-27,0.0
2011-06-28,0.0
2011-06-29,0.0
2011-06-30,0.0
2011-07-01,0.0
2011-07-02,0.0
2011-07-03,0.0
2011-07-04,0.0
2011-07-05,0.0
2011-07-06,0.0
2011-07-07,1.606
2011-07-08,0.019
2011-07-09,0.023
2011-07-10,0.638
2011-07-11,3.201
2011-07-12,5.184
2011-07-13,0.87
2011-07-14,0.954
2011-07-15,0.142
2011-07-16,0.016
2011-07-17,0.0
2011-07-18,0.0
2011-07-19,0.0
2011-07-20,0.0
2011-07-21,0.0
2011-07-22,0.0
2011-07-23,0.0
2011-07-24,0.0
2011-07-25,0.0
2011-07-26,0.0
2011-07-27,0.0
2011-07-28,0.0
2011-07-29,0.0
2011-07-30,0.0
2011-07-31,0.0
2011-08-01,0.023
2011-08-02,0.007
2011-08-03,0.007
2011-08-04,0.0
2011-08-05,0.0
2011-08-06,0.0
2011-08-07,0.0
2011-08-08,0.0
2011-08-09,0.0
2011-08-10,0.0
2011-08-11,0.0
2011-08-12,0.0
2011-08-13,0.0
2011-08-14,0.0
2011-08-15,0.0
2011-08-16,0.0
2011-08-17,0.042
2011-08-18,0.001
2011-08-19,0.0
2011-08-20,0.0
2011-08-21,0.0
2011-08-22,0.0
2011-08-23,0.0
2011-08-24,0.0
2011-08-25,0.0
2011-08-26,0.0
2011-08-27,0.0
2011-08-28,0.0
2011-08-29,0.0
2011-08-30,0.0
2011-08-31,0.0
2011-09-01,0.0
2011-09-02,0.0
2011-09-03,0.0
2011-09-04,0.0
2011-09-05,0.0
2011-09-06,0.0
2011-09-07,0.0
2011-09-08,0.0
2011-09-09,0.0
2011-09-10,0.0
2011-09-11,0.0
2011-09-12,0.0
2011-09-13,0.0
2011-09-14,0.0
2011-09-15,0.0
2011-09-16,0.0
2011-09-17,0.051
2011-09-18,0.0
2011-09-19,0.0
2011-09-20,0.0
2011-09-21,0.0
2011-09-22,0.0
2011-09-23,0.0
2011-09-24,0.0
2011-09-25,0.103
2011-09-26,0.0
2011-09-27,0.0
2011-09-28,0.0
2011-09-29,0.0
2011-09-30,0.02
2011-10-01,0.774
2011-10-02,0.415
2011-10-03,1.373
2011-10-04,3.591
2011-10-05,8.727
2011-10-06,14.644
2011-10-07,0.304
2011-10-08,0.0
2011-10-09,0.0
2011-10-10,0.0
2011-10-11,0.012
2011-10-12,0.017
2011-10-13,0.024
2011-10-14,0.0
2011-10-15,0.001
2011-10-16,0.0
2011-10-17,0.003
2011-10-18,0.012
2011-10-19,0.009
2011-10-20,1.297
2011-10-21,0.35
2011-10-22,0.0
2011-10-23,0.0
2011-10-24,0.0
2011-10-25,0.0
2011-10-26,0.0
2011-10-27,0.0
2011-10-28,0.0
2011-10-29,0.0
2011-10-30,0.0
2011-10-31,0.0
2011-11-01,0.0
2011-11-02,10.935
2011-11-03,6.592
2011-11-04,0.522
2011-11-05,3.256
2011-11-06,20.339
2011-11-07,0.422
2011-11-08,0.204
2011-11-09,0.0
2011-11-10,0.0
2011-11-11,0.0
2011-11-12,0.0
2011-11-13,0.0
2011-11-14,8.796
2011-11-15,5.106
2011-11-16,10.664
2011-11-17,1.135
2011-11-18,3.59
2011-11-19,0.933
2011-11-20,0.632
2011-11-21,0.06
2011-11-22,33.224
2011-11-23,7.756
2011-11-24,22.057
2011-11-25,42.943
2011-11-26,30.087
2011-11-27,59.885
2011-11-28,38.769
2011-11-29,0.406
2011-11-30,0.135
2011-12-01,0.165
2011-12-02,0.769
2011-12-03,5.808
2011-12-04,16.852
2011-12-05,13.874
2011-12-06,7.063
2011-12-07,12.113
2011-12-08,0.969
2011-12-09,7.265
2011-12-10,176.889
2011-12-11,18.743
2011-12-12,16.271
2011-12-13,10.55
2011-12-14,20.451
2011-12-15,5.893
2011-12-16,31.645
2011-12-17,10.035
2011-12-18,16.988
2011-12-19,3.322
2011-12-20,2.259
2011-12-21,2.549
2011-12-22,0.128
2011-12-23,0.107
2011-12-24,1.015
2011-12-25,11.52
2011-12-26,24.62
2011-12-27,31.644
2011-12-28,23.991
2011-12-29,36.734
2011-12-30,55.987
2011-12-31,68.543
2012-01-01,28.919
2012-01-02,6.505
2012-01-03,0.393
2012-01-04,0.5
2012-01-05,1.978
2012-01-06,2.274
2012-01-07,2.013
2012-01-08,1.129
2012-01-09,1.15
2012-01-10,1.9
2012-01-11,7.822
2012-01-12,14.241
2012-01-13,12.486
2012-01-14,29.313
2012-01-15,15.256
2012-01-16,4.183
2012-01-17,16.652
2012-01-18,21.905
2012-01-19,39.019
2012-01-20,62.925
2012-01-21,20.507
2012-01-22,11.182
2012-01-23,3.103
2012-01-24,40.969
2012-01-25,0.055
2012-01-26,34.274
2012-01-27,40.611
2012-01-28,42.198
2012-01-29,46.964
2012-01-30,68.584
2012-01-31,2.446
2012-02-01,5.526
2012-02-02,16.735
2012-02-03,37.768
2012-02-04,8.108
2012-02-05,18.026
2012-02-06,15.13
2012-02-07,4.899
2012-02-08,12.602
2012-02-09,16.75
2012-02-10,5.422
2012-02-11,9.525
2012-02-12,7.742
2012-02-13,21.399
2012-02-14,23.829
2012-02-15,3.987
2012-02-16,37.091
2012-02-17,14.593
2012-02-18,39.303
2012-02-19,29.521
2012-02-20,30.751
2012-02-21,17.547
2012-02-22,3.488
2012-02-23,15.769
2012-02-24,37.044
2012-02-25,12.785
2012-02-26,0.989
2012-02-27,4.663
2012-02-28,1.604
2012-02-29,2.482
2012-03-01,2.212
2012-03-02,2.421
2012-03-03,10.141
2012-03-04,6.666
2012-03-05,6.068
2012-03-06,18.327
2012-03-07,54.023
2012-03-08,20.181
2012-03-09,16.233
2012-03-10,26.824
2012-03-11,1.13
2012-03-12,2.269
2012-03-13,0.721
2012-03-14,0.254
2012-03-15,4.966
2012-03-16,11.549
2012-03-17,8.438
2012-03-18,30.128
2012-03-19,2.911
2012-03-20,11.225
2012-03-21,18.456
2012-03-22,29.478
2012-03-23,7.958
2012-03-24,2.281
2012-03-25,1.311
2012-03-26,4.216
2012-03-27,0.144
2012-03-28,0.397
2012-03-29,0.623
2012-03-30,33.181
2012-03-31,70.542
2012-04-01,20.007
2012-04-02,3.592
2012-04-03,0.021
2012-04-04,0.761
2012-04-05,4.756
2012-04-06,6.171
2012-04-07,0.308
2012-04-08,0.834
2012-04-09,10.432
2012-04-10,1.178
2012-04-11,9.988
2012-04-12,7.329
2012-04-13,5.547
2012-04-14,2.12
2012-04-15,0.023
2012-04-16,0.0
2012-04-17,0.166
2012-04-18,0.019
2012-04-19,0.0
2012-04-20,0.003
2012-04-21,0.001
2012-04-22,0.0
2012-04-23,0.0
2012-04-24,0.0
2012-04-25,0.863
2012-04-26,2.306
2012-04-27,0.003
2012-04-28,0.0
2012-04-29,0.0
2012-04-30,0.0
2012-05-01,0.0
2012-05-02,0.0
2012-05-03,0.0
2012-05-04,0.0
2012-05-05,0.0
2012-05-06,0.0
2012-05-07,0.0
2012-05-08,0.0
2012-05-09,0.747
2012-05-10,0.007
2012-05-11,0.0
2012-05-12,0.23
2012-05-13,0.647
2012-05-14,0.245
2012-05-15,0.353
2012-05-16,0.463
2012-05-17,0.0
2012-05-18,0.0
2012-05-19,0.0
2012-05-20,0.0
2012-05-21,0.0
2012-05-22,0.0
2012-05-23,0.0
2012-05-24,0.0
2012-05-25,0.0
2012-05-26,0.0
2012-05-27,0.0
2012-05-28,0.0
2012-05-29,0.019
2012-05-30,0.234
2012-05-31,1.122
2012-06-01,1.182
2012-06-02,0.001
2012-06-03,0.0
2012-06-04,0.0
2012-06-05,3.312
2012-06-06,0.001
2012-06-07,0.0
2012-06-08,0.0
2012-06-09,0.0
2012-06-10,0.0
2012-06-11,0.0
2012-06-12,0.0
2012-06-13,0.0
2012-06-14,0.0
2012-06-15,0.281
2012-06-16,0.012
2012-06-17,0.006
2012-06-18,0.028
2012-06-19,0.0
2012-06-20,0.001
2012-06-21,0.0
2012-06-22,0.0
2012-06-23,0.0
2012-06-24,0.0
2012-06-25,0.0
2012-06-26,0.0
2012-06-27,0.0
2012-06-28,0.0
2012-06-29,0.0
2012-06-30,0.0
2012-07-01,0.0
2012-07-02,0.0
2012-07-03,0.0
2012-07-04,0.0
2012-07-05,0.0
2012-07-06,0.0
2012-07-07,0.0
2012-07-08,0.0
2012-07-09,0.0
2012-07-10,0.0
2012-07-11,0.0
2012-07-12,0.0
2012-07-13,0.019
2012-07-14,0.0
2012-07-15,0.0
2012-07-16,0.0
2012-07-17,0.0
2012-07-18,0.0
2012-07-19,0.0
2012-07-20,0.0
2012-07-21,0.0
2012-07-22,0.0
2012-07-23,0.0
2012-07-24,0.0
2012-07-25,0.0
2012-07-26,0.009
2012-07-27,0.0
2012-07-28,0.0
2012-07-29,0.0
2012-07-30,0.0
2012-07-31,0.0
2012-08-01,0.0
2012-08-02,0.0
2012-08-03,0.0
2012-08-04,0.0
2012-08-05,0.0
2012-08-06,0.0
2012-08-07,0.0
2012-08-08,0.077
2012-08-09,0.0
2012-08-10,0.0
2012-08-11,0.0
2012-08-12,0.0
2012-08-13,0.0
2012-08-14,0.0
2012-08-15,0.0
2012-08-16,0.0
2012-08-17,0.0
2012-08-18,0.0
2012-08-19,0.107
2012-08-20,0.478
2012-08-21,0.54
2012-08-22,0.018
2012-08-23,0.001
2012-08-24,0.0
2012-08-25,0.0
2012-08-26,0.0
2012-08-27,0.0
2012-08-28,0.0
2012-08-29,0.0
2012-08-30,0.01
2012-08-31,0.0
2012-09-01,0.0
2012-09-02,0.0
2012-09-03,0.0
2012-09-04,0.0
2012-09-05,0.0
2012-09-06,0.0
2012-09-07,0.0
2012-09-08,0.0
2012-09-09,0.0
2012-09-10,0.0
2012-09-11,0.0
2012-09-12,0.0
2012-09-13,0.0
2012-09-14,0.0
2012-09-15,0.0
2012-09-16,0.0
2012-09-17,0.086
2012-09-18,0.0
2012-09-19,0.0
2012-09-20,0.0
2012-09-21,0.0
2012-09-22,0.0
2012-09-23,0.0
2012-09-24,0.0
2012-09-25,0.0
2012-09-26,0.136
2012-09-27,0.0
2012-09-28,0.0
2012-09-29,0.0
2012-09-30,0.249
2012-10-01,0.014
2012-10-02,0.0
2012-10-03,0.0
2012-10-04,0.0
2012-10-05,0.0
2012-10-06,0.0
2012-10-07,0.0
2012-10-08,0.0
2012-10-09,0.0
2012-10-10,0.0
2012-10-11,0.0
2012-10-12,0.0
2012-10-13,5.357
2012-10-14,1.652
2012-10-15,2.523
2012-10-16,0.009
2012-10-17,0.004
2012-10-18,0.0
2012-10-19,1.414
2012-10-20,1.323
2012-10-21,10.042
2012-10-22,0.102
2012-10-23,0.734
2012-10-24,0.355
2012-10-25,0.703
2012-10-26,0.0
2012-10-27,0.0
2012-10-28,0.0
2012-10-29,0.0
2012-10-30,0.0
2012-10-31,0.083
2012-11-01,6.55
2012-11-02,16.184
2012-11-03,0.027
2012-11-04,0.0
2012-11-05,0.0
2012-11-06,0.0
2012-11-07,0.0
2012-11-08,0.0
2012-11-09,0.375
2012-11-10,0.314
2012-11-11,1.68
2012-11-12,0.08
2012-11-13,0.01
2012-11-14,2.034
2012-11-15,0.444
2012-11-16,5.71
2012-11-17,0.088
2012-11-18,6.862
2012-11-19,0.0
2012-11-20,0.0
2012-11-21,0.0
2012-11-22,0.053
2012-11-23,0.695
2012-11-24,25.121
2012-11-25,34.697
2012-11-26,40.291
2012-11-27,53.957
2012-11-28,15.064
2012-11-29,0.202
2012-11-30,0.347
2012-12-01,0.814
2012-12-02,0.482
2012-12-03,0.329
2012-12-04,11.414
2012-12-05,14.021
2012-12-06,5.693
2012-12-07,11.486
2012-12-08,7.15
2012-12-09,9.749
2012-12-10,28.361
2012-12-11,38.912
2012-12-12,133.996
2012-12-13,23.78
2012-12-14,3.782
2012-12-15,20.279
2012-12-16,14.194
2012-12-17,33.571
2012-12-18,43.668
2012-12-19,18.826
2012-12-20,13.635
2012-12-21,23.975
2012-12-22,38.726
2012-12-23,21.811
2012-12-24,31.54
2012-12-25,22.773
2012-12-26,0.246
2012-12-27,21.644
2012-12-28,38.941
2012-12-29,18.294
2012-12-30,45.223
2012-12-31,15.718
2013-01-01,41.188
2013-01-02,47.558
2013-01-03,55.135
2013-01-04,13.281
2013-01-05,16.511
2013-01-06,22.674
2013-01-07,68.983
2013-01-08,38.619
2013-01-09,24.494
2013-01-10,11.292
2013-01-11,16.831
2013-01-12,32.588
2013-01-13,36.379
2013-01-14,69.148
2013-01-15,36.897
2013-01-16,47.746
2013-01-17,21.903
2013-01-18,5.234
2013-01-19,55.891
2013-01-20,44.821
2013-01-21,2.644
2013-01-22,4.499
2013-01-23,4.241
2013-01-24,25.428
2013-01-25,64.512
2013-01-26,30.132
2013-01-27,3.083
2013-01-28,1.003
2013-01-29,0.915
2013-01-30,2.403
2013-01-31,0.601
2013-02-01,0.676
2013-02-02,14.146
2013-02-03,5.901
2013-02-04,34.836
2013-02-05,20.659
2013-02-06,56.386
2013-02-07,49.031
2013-02-08,27.688
2013-02-09,28.97
2013-02-10,91.384
2013-02-11,58.67
2013-02-12,44.816
2013-02-13,13.016
2013-02-14,19.598
2013-02-15,42.329
2013-02-16,27.25
2013-02-17,2.341
2013-02-18,13.709
2013-02-19,0.716
2013-02-20,0.525
2013-02-21,4.544
2013-02-22,25.911
2013-02-23,1.876
2013-02-24,0.011
2013-02-25,0.046
2013-02-26,3.514
2013-02-27,1.348
2013-02-28,0.868
2013-03-01,0.051
2013-03-02,2.648
2013-03-03,15.737
2013-03-04,6.138
2013-03-05,32.375
2013-03-06,5.084
2013-03-07,0.381
2013-03-08,0.84
2013-03-09,12.298
2013-03-10,6.124
2013-03-11,22.458
2013-03-12,3.607
2013-03-13,4.729
2013-03-14,2.561
2013-03-15,3.98
2013-03-16,1.276
2013-03-17,0.056
2013-03-18,0.255
2013-03-19,0.402
2013-03-20,10.318
2013-03-21,3.837
2013-03-22,0.005
2013-03-23,0.001
2013-03-24,0.174
2013-03-25,0.042
2013-03-26,1.007
2013-03-27,3.028
2013-03-28,1.423
2013-03-29,1.899
2013-03-30,0.557
2013-03-31,0.092
2013-04-01,0.036
2013-04-02,0.335
2013-04-03,0.0
2013-04-04,0.668
2013-04-05,19.596
2013-04-06,2.378
2013-04-07,0.0
2013-04-08,0.0
2013-04-09,0.0
2013-04-10,0.0
2013-04-11,0.0
2013-04-12,0.995
2013-04-13,0.358
2013-04-14,0.0
2013-04-15,0.177
2013-04-16,0.0
2013-04-17,0.0
2013-04-18,0.0
2013-04-19,0.0
2013-04-20,1.448
2013-04-21,10.589
2013-04-22,0.604
2013-04-23,0.0
2013-04-24,3.487
2013-04-25,3.551
2013-04-26,0.329
2013-04-27,0.168
2013-04-28,0.0
2013-04-29,0.0
2013-04-30,0.005
2013-05-01,0.0
2013-05-02,0.514
2013-05-03,0.0
2013-05-04,0.0
2013-05-05,0.0
2013-05-06,0.128
2013-05-07,0.075
2013-05-08,0.355
2013-05-09,0.031
2013-05-10,0.001
2013-05-11,0.012
2013-05-12,0.0
2013-05-13,0.0
2013-05-14,0.0
2013-05-15,0.0
2013-05-16,0.002
2013-05-17,0.004
2013-05-18,0.668
2013-05-19,0.485
2013-05-20,0.559
2013-05-21,1.397
2013-05-22,0.429
2013-05-23,0.733
2013-05-24,0.005
2013-05-25,0.0
2013-05-26,0.0
2013-05-27,0.0
2013-05-28,0.0
2013-05-29,0.0
2013-05-30,0.0
2013-05-31,0.0
2013-06-01,0.0
2013-06-02,0.0
2013-06-03,0.0
2013-06-04,0.0
2013-06-05,0.0
2013-06-06,0.0
2013-06-07,0.0
2013-06-08,0.0
2013-06-09,0.0
2013-06-10,0.0
2013-06-11,0.094
2013-06-12,0.326
2013-06-13,0.0
2013-06-14,0.0
2013-06-15,0.0
2013-06-16,0.0
2013-06-17,0.018
2013-06-18,0.896
2013-06-19,0.0
2013-06-20,0.0
2013-06-21,0.0
2013-06-22,0.0
2013-06-23,0.0
2013-06-24,0.0
2013-06-25,0.0
2013-06-26,0.0
2013-06-27,0.0
2013-06-28,0.0
2013-06-29,0.0
2013-06-30,0.0
2013-07-01,0.0
2013-07-02,0.0
2013-07-03,0.0
2013-07-04,0.0
2013-07-05,0.0
2013-07-06,0.0
2013-07-07,0.0
2013-07-08,0.0
2013-07-09,0.0
2013-07-10,0.0
2013-07-11,0.795
2013-07-12,1.757
2013-07-13,0.702
2013-07-14,0.0
2013-07-15,0.046
2013-07-16,0.0
2013-07-17,0.0
2013-07-18,0.0
2013-07-19,0.0
2013-07-20,0.0
2013-07-21,0.0
2013-07-22,0.0
2013-07-23,0.0
2013-07-24,0.0
2013-07-25,0.0
2013-07-26,0.0
2013-07-27,0.0
2013-07-28,0.0
2013-07-29,0.0
2013-07-30,0.0
2013-07-31,0.395
2013-08-01,1.149
2013-08-02,0.399
2013-08-03,1.032
2013-08-04,0.328
2013-08-05,0.309
2013-08-06,0.26
2013-08-07,0.06
2013-08-08,0.057
2013-08-09,0.0
2013-08-10,0.0
2013-08-11,0.0
2013-08-12,0.0
2013-08-13,0.0
2013-08-14,0.0
2013-08-15,0.0
2013-08-16,0.0
2013-08-17,0.0
2013-08-18,0.0
2013-08-19,0.0
2013-08-20,0.0
2013-08-21,0.0
2013-08-22,0.0
2013-08-23,0.0
2013-08-24,0.0
2013-08-25,0.0
2013-08-26,0.0
2013-08-27,0.0
2013-08-28,0.0
2013-08-29,0.0
2013-08-30,0.0
2013-08-31,0.0
2013-09-01,0.0
2013-09-02,0.0
2013-09-03,0.0
2013-09-04,0.005
2013-09-05,0.0
2013-09-06,0.0
2013-09-07,0.0
2013-09-08,0.0
2013-09-09,0.0
2013-09-10,0.0
2013-09-11,0.0
2013-09-12,0.0
2013-09-13,0.0
2013-09-14,0.0
2013-09-15,0.041
2013-09-16,0.0
2013-09-17,0.0
2013-09-18,0.0
2013-09-19,0.0
2013-09-20,0.0
2013-09-21,0.0
2013-09-22,0.0
2013-09-23,0.0
2013-09-24,0.0
2013-09-25,0.0
2013-09-26,0.0
2013-09-27,0.0
2013-09-28,0.0
2013-09-29,0.022
2013-09-30,10.83
2013-10-01,0.099
2013-10-02,1.302
2013-10-03,0.0
2013-10-04,0.0
2013-10-05,0.0
2013-10-06,0.0
2013-10-07,0.014
2013-10-08,0.074
2013-10-09,0.0
2013-10-10,0.0
2013-10-11,0.0
2013-10-12,0.0
2013-10-13,0.013
2013-10-14,0.001
2013-10-15,0.266
2013-10-16,1.614
2013-10-17,0.0
2013-10-18,0.0
2013-10-19,0.0
2013-10-20,0.0
2013-10-21,0.0
2013-10-22,2.809
2013-10-23,14.472
2013-10-24,26.309
2013-10-25,0.66
2013-10-26,0.034
2013-10-27,0.002
2013-10-28,0.375
2013-10-29,0.0
2013-10-30,0.264
2013-10-31,2.213
2013-11-01,0.696
2013-11-02,3.494
2013-11-03,16.803
2013-11-04,9.963
2013-11-05,0.111
2013-11-06,0.095
2013-11-07,0.51
2013-11-08,1.188
2013-11-09,0.23
2013-11-10,0.993
2013-11-11,0.121
2013-11-12,0.169
2013-11-13,0.0
2013-11-14,0.0
2013-11-15,0.0
2013-11-16,0.001
2013-11-17,0.0
2013-11-18,4.714
2013-11-19,6.34
2013-11-20,6.195
2013-11-21,36.372
2013-11-22,41.098
2013-11-23,27.477
2013-11-24,16.524
2013-11-25,23.303
2013-11-26,0.347
2013-11-27,0.0
2013-11-28,0.048
2013-11-29,0.28
2013-11-30,0.111
2013-12-01,0.0
2013-12-02,0.203
2013-12-03,0.076
2013-12-04,0.059
2013-12-05,1.525
2013-12-06,23.351
2013-12-07,18.988
2013-12-08,0.193
2013-12-09,0.237
2013-12-10,4.339
2013-12-11,37.2
2013-12-12,19.123
2013-12-13,46.51
2013-12-14,13.188
2013-12-15,6.436
2013-12-16,40.367
2013-12-17,45.318
2013-12-18,31.973
2013-12-19,51.998
2013-12-20,35.277
2013-12-21,17.655
2013-12-22,1.391
2013-12-23,2.76
2013-12-24,2.554
2013-12-25,1.222
2013-12-26,10.907
2013-12-27,14.847
2013-12-28,24.698
2013-12-29,25.537
2013-12-30,69.664
2013-12-31,28.839
2014-01-01,52.932
2014-01-02,46.718
2014-01-03,70.875
2014-01-04,54.389
2014-01-05,10.434
2014-01-06,0.216
2014-01-07,1.941
2014-01-08,21.266
2014-01-09,41.09
2014-01-10,16.823
2014-01-11,20.832
2014-01-12,37.828
2014-01-13,1.838
2014-01-14,33.936
2014-01-15,20.402
2014-01-16,17.423
2014-01-17,2.212
2014-01-18,1.668
2014-01-19,2.851
2014-01-20,1.204
2014-01-21,23.962
2014-01-22,6.462
2014-01-23,4.172
2014-01-24,33.628
2014-01-25,17.019
2014-01-26,76.291
2014-01-27,48.291
2014-01-28,5.055
2014-01-29,12.934
2014-01-30,36.857
2014-01-31,32.091
2014-02-01,56.862
2014-02-02,46.497
2014-02-03,18.188
2014-02-04,28.36
2014-02-05,22.342
2014-02-06,5.967
2014-02-07,3.831
2014-02-08,49.094
2014-02-09,61.408
2014-02-10,67.528
2014-02-11,47.401
2014-02-12,43.993
2014-02-13,28.571
2014-02-14,4.163
2014-02-15,12.225
2014-02-16,2.036
2014-02-17,4.516
2014-02-18,21.597
2014-02-19,1.647
2014-02-20,0.114
2014-02-21,2.281
2014-02-22,26.82
2014-02-23,15.348
2014-02-24,20.752
2014-02-25,10.67
2014-02-26,9.979
2014-02-27,2.542
2014-02-28,2.17
2014-03-01,8.776
2014-03-02,50.438
2014-03-03,18.011
2014-03-04,14.829
2014-03-05,1.028
2014-03-06,1.029
2014-03-07,7.245
2014-03-08,23.809
2014-03-09,15.278
2014-03-10,39.227
2014-03-11,22.975
2014-03-12,1.919
2014-03-13,0.694
2014-03-14,5.375
2014-03-15,14.947
2014-03-16,14.5
2014-03-17,3.14
2014-03-18,1.355
2014-03-19,0.611
2014-03-20,0.569
2014-03-21,8.197
2014-03-22,3.1
2014-03-23,1.715
2014-03-24,0.01
2014-03-25,1.966
2014-03-26,1.691
2014-03-27,7.316
2014-03-28,6.873
2014-03-29,11.964
2014-03-30,2.042
2014-03-31,1.832
2014-04-01,0.734
2014-04-02,0.059
2014-04-03,0.147
2014-04-04,0.267
2014-04-05,1.178
2014-04-06,4.177
2014-04-07,3.748
2014-04-08,1.664
2014-04-09,28.39
2014-04-10,11.995
2014-04-11,17.445
2014-04-12,3.878
2014-04-13,4.376
2014-04-14,0.988
2014-04-15,1.385
2014-04-16,3.942
2014-04-17,1.842
2014-04-18,3.305
2014-04-19,0.121
2014-04-20,0.006
2014-04-21,0.118
2014-04-22,0.069
2014-04-23,0.217
2014-04-24,0.127
2014-04-25,17.594
2014-04-26,30.049
2014-04-27,8.818
2014-04-28,0.074
2014-04-29,0.669
2014-04-30,0.0
2014-05-01,0.0
2014-05-02,0.0
2014-05-03,0.0
2014-05-04,0.0
2014-05-05,0.049
2014-05-06,1.456
2014-05-07,2.573
2014-05-08,2.145
2014-05-09,0.446
2014-05-10,0.066
2014-05-11,0.031
2014-05-12,0.006
2014-05-13,0.0
2014-05-14,0.0
2014-05-15,0.121
2014-05-16,0.0
2014-05-17,0.0
2014-05-18,0.1
2014-05-19,1.315
2014-05-20,0.048
2014-05-21,0.0
2014-05-22,0.399
2014-05-23,1.636
2014-05-24,1.026
2014-05-25,0.009
2014-05-26,0.258
2014-05-27,0.0
2014-05-28,0.062
2014-05-29,0.047
2014-05-30,0.0
2014-05-31,0.0
2014-06-01,0.126
2014-06-02,0.003
2014-06-03,0.022
2014-06-04,0.0
2014-06-05,0.0
2014-06-06,0.0
2014-06-07,0.0
2014-06-08,0.0
2014-06-09,0.461
2014-06-10,0.23
2014-06-11,0.808
2014-06-12,0.354
2014-06-13,0.019
2014-06-14,0.002
2014-06-15,0.0
2014-06-16,0.0
2014-06-17,0.0
2014-06-18,0.0
2014-06-19,0.0
2014-06-20,0.0
2014-06-21,1.909
2014-06-22,0.62
2014-06-23,0.582
2014-06-24,0.067
2014-06-25,0.0
2014-06-26,0.0
2014-06-27,0.0
2014-06-28,0.008
2014-06-29,0.368
2014-06-30,0.209
2014-07-01,0.134
2014-07-02,0.006
2014-07-03,0.014
2014-07-04,0.034
2014-07-05,0.0
2014-07-06,0.0
2014-07-07,0.0
2014-07-08,0.0
2014-07-09,0.0
2014-07-10,0.048
2014-07-11,0.0
2014-07-12,0.0
2014-07-13,0.0
2014-07-14,0.0
2014-07-15,0.0
2014-07-16,0.0
2014-07-17,0.0
2014-07-18,0.0
2014-07-19,0.0
2014-07-20,0.0
2014-07-21,0.0
2014-07-22,0.001
2014-07-23,0.0
2014-07-24,0.0
2014-07-25,0.0
2014-07-26,0.0
2014-07-27,0.0
2014-07-28,0.0
2014-07-29,0.287
2014-07-30,0.332
2014-07-31,0.0
2014-08-01,0.0
2014-08-02,0.0
2014-08-03,0.0
2014-08-04,0.0
2014-08-05,0.0
2014-08-06,0.0
2014-08-07,0.0
2014-08-08,0.0
2014-08-09,0.0
2014-08-10,0.0
2014-08-11,0.0
2014-08-12,0.0
2014-08-13,0.0
2014-08-14,0.0
2014-08-15,0.0
2014-08-16,0.068
2014-08-17,0.212
2014-08-18,0.021
2014-08-19,0.0
2014-08-20,0.0
2014-08-21,0.0
2014-08-22,0.0
2014-08-23,0.0
2014-08-24,0.0
2014-08-25,0.0
2014-08-26,0.0
2014-08-27,0.0
2014-08-28,0.0
2014-08-29,0.0
2014-08-30,0.0
2014-08-31,0.0
2014-09-01,0.0
2014-09-02,0.0
2014-09-03,0.0
2014-09-04,0.011
2014-09-05,0.0
2014-09-06,0.0
2014-09-07,0.0
2014-09-08,0.0
2014-09-09,0.0
2014-09-10,0.015
2014-09-11,0.594
2014-09-12,0.0
2014-09-13,0.0
2014-09-14,0.0
2014-09-15,0.0
2014-09-16,0.0
2014-09-17,0.0
2014-09-18,0.0
2014-09-19,0.042
2014-09-20,0.0
2014-09-21,0.016
2014-09-22,0.008
2014-09-23,0.0
2014-09-24,0.0
2014-09-25,0.0
2014-09-26,0.0
2014-09-27,0.0
2014-09-28,0.0
2014-09-29,0.0
2014-09-30,0.0
2014-10-01,0.0
2014-10-02,0.0
2014-10-03,0.0
2014-10-04,0.031
2014-10-05,0.814
2014-10-06,0.0
2014-10-07,0.0
2014-10-08,0.0
2014-10-09,0.0
2014-10-10,0.004
2014-10-11,0.12
2014-10-12,0.059
2014-10-13,0.0
2014-10-14,0.0
2014-10-15,0.001
2014-10-16,0.136
2014-10-17,0.158
2014-10-18,0.0
2014-10-19,0.0
2014-10-20,0.0
2014-10-21,0.0
2014-10-22,0.0
2014-10-23,0.0
2014-10-24,0.0
2014-10-25,0.0
2014-10-26,0.842
2014-10-27,0.004
2014-10-28,0.0
2014-10-29,0.0
2014-10-30,0.0
2014-10-31,0.0
2014-11-01,0.0
2014-11-02,0.0
2014-11-03,0.001
2014-11-04,0.039
2014-11-05,0.01
2014-11-06,10.033
2014-11-07,0.151
2014-11-08,0.044
2014-11-09,0.016
2014-11-10,0.033
2014-11-11,0.0
2014-11-12,7.99
2014-11-13,3.005
2014-11-14,0.023
2014-11-15,1.571
2014-11-16,0.331
2014-11-17,33.509
2014-11-18,14.903
2014-11-19,4.713
2014-11-20,0.499
2014-11-21,0.0
2014-11-22,0.005
2014-11-23,0.0
2014-11-24,0.0
2014-11-25,0.0
2014-11-26,0.0
2014-11-27,0.0
2014-11-28,0.007
2014-11-29,0.031
2014-11-30,11.215
2014-12-01,27.151
2014-12-02,2.508
2014-12-03,1.287
2014-12-04,0.0
2014-12-05,0.041
2014-12-06,0.0
2014-12-07,0.0
2014-12-08,0.01
2014-12-09,0.154
2014-12-10,35.347
2014-12-11,14.422
2014-12-12,25.726
2014-12-13,14.617
2014-12-14,14.016
2014-12-15,37.788
2014-12-16,18.503
2014-12-17,29.034
2014-12-18,35.308
2014-12-19,35.069
2014-12-20,21.066
2014-12-21,77.783
2014-12-22,24.203
2014-12-23,36.587
2014-12-24,38.321
2014-12-25,23.568
2014-12-26,19.98
2014-12-27,3.603
2014-12-28,13.838
2014-12-29,8.031
2014-12-30,30.119
2014-12-31,95.365
2015-01-01,40.662
2015-01-02,31.262
2015-01-03,18.268
2015-01-04,0.543
2015-01-05,0.587
2015-01-06,12.223
2015-01-07,42.363
2015-01-08,10.749
2015-01-09,11.768
2015-01-10,1.223
2015-01-11,0.256
2015-01-12,1.162
2015-01-13,4.539
2015-01-14,1.428
2015-01-15,26.593
2015-01-16,24.924
2015-01-17,20.205
2015-01-18,14.416
2015-01-19,20.631
2015-01-20,99.728
2015-01-21,8.744
2015-01-22,2.314
2015-01-23,1.681
2015-01-24,2.636
2015-01-25,1.818
2015-01-26,1.117
2015-01-27,4.086
2015-01-28,46.013
2015-01-29,6.7
2015-01-30,19.43
2015-01-31,23.813
2015-02-01,52.082
2015-02-02,30.857
2015-02-03,43.846
2015-02-04,8.648
2015-02-05,0.968
2015-02-06,0.289
2015-02-07,5.281
2015-02-08,0.222
2015-02-09,1.772
2015-02-10,1.613
2015-02-11,1.658
2015-02-12,18.976
2015-02-13,0.823
2015-02-14,6.813
2015-02-15,48.493
2015-02-16,15.96
2015-02-17,1.797
2015-02-18,0.073
2015-02-19,0.037
2015-02-20,1.194
2015-02-21,19.342
2015-02-22,1.838
2015-02-23,9.669
2015-02-24,7.596
2015-02-25,5.597
2015-02-26,26.859
2015-02-27,0.848
2015-02-28,27.067
2015-03-01,52.371
2015-03-02,20.498
2015-03-03,51.883
2015-03-04,7.386
2015-03-05,1.392
2015-03-06,0.0
2015-03-07,1.554
2015-03-08,0.018
2015-03-09,0.769
2015-03-10,5.002
2015-03-11,2.55
2015-03-12,1.276
2015-03-13,0.076
2015-03-14,0.013
2015-03-15,0.001
2015-03-16,0.055
2015-03-17,0.0
2015-03-18,0.484
2015-03-19,0.049
2015-03-20,0.151
2015-03-21,0.132
2015-03-22,0.02
2015-03-23,0.001
2015-03-24,0.272
2015-03-25,0.199
2015-03-26,0.16
2015-03-27,0.26
2015-03-28,10.395
2015-03-29,22.77
2015-03-30,27.86
2015-03-31,35.133
2015-04-01,49.612
2015-04-02,26.271
2015-04-03,2.862
2015-04-04,11.611
2015-04-05,37.187
2015-04-06,27.844
2015-04-07,11.281
2015-04-08,32.516
2015-04-09,1.415
2015-04-10,3.798
2015-04-11,1.722
2015-04-12,11.61
2015-04-13,6.271
2015-04-14,8.213
2015-04-15,1.329
2015-04-16,22.323
2015-04-17,29.375
2015-04-18,71.54
2015-04-19,17.178
2015-04-20,17.015
2015-04-21,22.934
2015-04-22,2.492
2015-04-23,1.369
2015-04-24,0.007
2015-04-25,0.808
2015-04-26,0.0
2015-04-27,0.0
2015-04-28,0.0
2015-04-29,0.0
2015-04-30,0.0
2015-05-01,0.0
2015-05-02,1.132
2015-05-03,0.167
2015-05-04,0.512
2015-05-05,0.164
2015-05-06,0.0
2015-05-07,0.013
2015-05-08,0.701
2015-05-09,2.161
2015-05-10,0.537
2015-05-11,0.005
2015-05-12,0.194
2015-05-13,0.102
2015-05-14,0.0
2015-05-15,0.0
2015-05-16,0.0
2015-05-17,0.0
2015-05-18,0.0
2015-05-19,0.0
2015-05-20,0.0
2015-05-21,0.0
2015-05-22,0.004
2015-05-23,0.339
2015-05-24,0.0
2015-05-25,0.0
2015-05-26,0.0
2015-05-27,0.0
2015-05-28,0.016
2015-05-29,0.0
2015-05-30,0.0
2015-05-31,0.0
2015-06-01,0.0
2015-06-02,0.0
2015-06-03,0.0
2015-06-04,0.45
2015-06-05,0.0
2015-06-06,0.025
2015-06-07,0.0
2015-06-08,0.002
2015-06-09,0.0
2015-06-10,0.0
2015-06-11,0.0
2015-06-12,0.0
2015-06-13,0.001
2015-06-14,0.0
2015-06-15,0.0
2015-06-16,0.0
2015-06-17,0.0
2015-06-18,0.0
2015-06-19,0.0
2015-06-20,0.139
2015-06-21,0.185
2015-06-22,0.0
2015-06-23,0.0
2015-06-24,0.0
2015-06-25,0.0
2015-06-26,0.316
2015-06-27,0.035
2015-06-28,0.0
2015-06-29,0.0
2015-06-30,0.0
2015-07-01,0.0
2015-07-02,0.494
2015-07-03,0.015
2015-07-04,0.0
2015-07-05,0.0
2015-07-06,0.0
2015-07-07,0.0
2015-07-08,0.0
2015-07-09,0.0
2015-07-10,0.0
2015-07-11,0.0
2015-07-12,0.0
2015-07-13,0.0
2015-07-14,0.0
2015-07-15,0.0
2015-07-16,0.0
2015-07-17,0.0
2015-07-18,0.0
2015-07-19,0.0
2015-07-20,0.0
2015-07-21,0.0
2015-07-22,0.106
2015-07-23,0.0
2015-07-24,0.0
2015-07-25,0.0
2015-07-26,0.0
2015-07-27,0.0
2015-07-28,0.0
2015-07-29,0.0
2015-07-30,0.0
2015-07-31,0.0
2015-08-01,0.0
2015-08-02,0.0
2015-08-03,0.0
2015-08-04,0.0
2015-08-05,0.0
2015-08-06,0.0
2015-08-07,0.0
2015-08-08,0.0
2015-08-09,0.0
2015-08-10,0.0
2015-08-11,0.0
2015-08-12,0.0
2015-08-13,0.0
2015-08-14,0.0
2015-08-15,0.0
2015-08-16,0.0
2015-08-17,0.0
2015-08-18,0.0
2015-08-19,0.0
2015-08-20,0.0
2015-08-21,0.0
2015-08-22,0.0
2015-08-23,0.0
2015-08-24,0.0
2015-08-25,0.0
2015-08-26,0.0
2015-08-27,0.0
2015-08-28,0.0
2015-08-29,0.0
2015-08-30,0.0
2015-08-31,0.0
2015-09-01,0.0
2015-09-02,0.0
2015-09-03,0.0
2015-09-04,0.0
2015-09-05,0.227
2015-09-06,0.049
2015-09-07,0.0
2015-09-08,0.0
2015-09-09,0.0
2015-09-10,0.0
2015-09-11,0.0
2015-09-12,0.0
2015-09-13,0.0
2015-09-14,0.072
2015-09-15,0.0
2015-09-16,0.0
2015-09-17,0.0
2015-09-18,0.0
2015-09-19,0.0
2015-09-20,0.0
2015-09-21,0.0
2015-09-22,0.0
2015-09-23,0.0
2015-09-24,0.0
2015-09-25,0.0
2015-09-26,0.0
2015-09-27,0.0
2015-09-28,0.0
2015-09-29,0.0
2015-09-30,0.0
2015-10-01,0.53
2015-10-02,4.588
2015-10-03,0.0
2015-10-04,0.0
2015-10-05,0.0
2015-10-06,0.0
2015-10-07,0.0
2015-10-08,0.0
2015-10-09,0.0
2015-10-10,0.0
2015-10-11,0.0
2015-10-12,0.001
2015-10-13,0.0
2015-10-14,0.003
2015-10-15,0.079
2015-10-16,3.374
2015-10-17,0.043
2015-10-18,0.0
2015-10-19,0.0
2015-10-20,0.0
2015-10-21,0.0
2015-10-22,0.0
2015-10-23,0.0
2015-10-24,0.0
2015-10-25,0.0
2015-10-26,0.0
2015-10-27,0.001
2015-10-28,0.008
2015-10-29,0.0
2015-10-30,0.0
2015-10-31,0.0
2015-11-01,0.0
2015-11-02,6.207
2015-11-03,0.14
2015-11-04,6.395
2015-11-05,3.443
2015-11-06,0.0
2015-11-07,0.0
2015-11-08,0.0
2015-11-09,0.0
2015-11-10,0.0
2015-11-11,0.0
2015-11-12,0.0
2015-11-13,0.0
2015-11-14,0.0
2015-11-15,0.245
2015-11-16,17.249
2015-11-17,1.184
2015-11-18,0.667
2015-11-19,12.511
2015-11-20,0.113
2015-11-21,0.954
2015-11-22,44.191
2015-11-23,9.101
2015-11-24,3.536
2015-11-25,0.0
2015-11-26,0.0
2015-11-27,0.0
2015-11-28,0.01
2015-11-29,66.721
2015-11-30,8.932
2015-12-01,16.38
2015-12-02,1.542
2015-12-03,3.909
2015-12-04,9.828
2015-12-05,8.165
2015-12-06,0.064
2015-12-07,0.0
2015-12-08,0.401
2015-12-09,0.78
2015-12-10,0.231
2015-12-11,0.229
2015-12-12,25.548
2015-12-13,44.05
2015-12-14,80.284
2015-12-15,40.024
2015-12-16,6.659
2015-12-17,16.921
2015-12-18,48.623
2015-12-19,39.557
2015-12-20,48.03
2015-12-21,1.733
2015-12-22,0.081
2015-12-23,21.528
2015-12-24,1.544
2015-12-25,1.014
2015-12-26,38.684
2015-12-27,8.691
2015-12-28,16.368
2015-12-29,12.265
2015-12-30,0.277
2015-12-31,0.96
2016-01-01,0.068
2016-01-02,0.437
2016-01-03,0.954
2016-01-04,0.058
2016-01-05,0.0
2016-01-06,0.0
2016-01-07,0.0
2016-01-08,0.0
2016-01-09,23.063
2016-01-10,2.433
2016-01-11,19.203
2016-01-12,13.071
2016-01-13,28.913
2016-01-14,47.498
2016-01-15,57.761
2016-01-16,23.68
2016-01-17,24.641
2016-01-18,71.495
2016-01-19,1.758
2016-01-20,0.648
2016-01-21,0.438
2016-01-22,1.034
2016-01-23,7.617
2016-01-24,34.738
2016-01-25,62.782
2016-01-26,26.474
2016-01-27,48.116
2016-01-28,61.16
2016-01-29,37.072
2016-01-30,63.325
2016-01-31,38.089
2016-02-01,37.237
2016-02-02,12.669
2016-02-03,35.478
2016-02-04,0.403
2016-02-05,2.458
2016-02-06,34.546
2016-02-07,1.953
2016-02-08,31.452
2016-02-09,37.418
2016-02-10,1.716
2016-02-11,15.208
2016-02-12,25.131
2016-02-13,33.638
2016-02-14,23.498
2016-02-15,7.724
2016-02-16,2.607
2016-02-17,13.702
2016-02-18,1.151
2016-02-19,1.265
2016-02-20,1.13
2016-02-21,0.201
2016-02-22,0.152
2016-02-23,6.927
2016-02-24,5.556
2016-02-25,6.539
2016-02-26,13.929
2016-02-27,30.672
2016-02-28,74.174
2016-02-29,51.012
2016-03-01,27.825
2016-03-02,10.999
2016-03-03,39.602
2016-03-04,50.86
2016-03-05,44.205
2016-03-06,9.213
2016-03-07,47.042
2016-03-08,29.727
2016-03-09,29.484
2016-03-10,41.827
2016-03-11,21.616
2016-03-12,13.348
2016-03-13,11.671
2016-03-14,20.74
2016-03-15,39.316
2016-03-16,13.532
2016-03-17,16.169
2016-03-18,5.557
2016-03-19,52.851
2016-03-20,37.367
2016-03-21,19.901
2016-03-22,3.807
2016-03-23,5.456
2016-03-24,10.895
2016-03-25,0.412
2016-03-26,0.132
2016-03-27,0.422
2016-03-28,0.236
2016-03-29,6.128
2016-03-30,0.712
2016-03-31,2.458
2016-04-01,0.037
2016-04-02,0.007
2016-04-03,3.872
2016-04-04,10.005
2016-04-05,3.129
2016-04-06,0.555
2016-04-07,8.124
2016-04-08,2.626
2016-04-09,16.883
2016-04-10,3.529
2016-04-11,3.125
2016-04-12,3.695
2016-04-13,3.009
2016-04-14,2.127
2016-04-15,1.631
2016-04-16,1.195
2016-04-17,0.434
2016-04-18,0.618
2016-04-19,0.068
2016-04-20,0.013
2016-04-21,0.007
2016-04-22,0.0
2016-04-23,0.0
2016-04-24,0.0
2016-04-25,0.0
2016-04-26,0.0
2016-04-27,0.704
2016-04-28,2.103
2016-04-29,0.498
2016-04-30,0.0
2016-05-01,0.0
2016-05-02,0.009
2016-05-03,0.0
2016-05-04,0.0
2016-05-05,0.393
2016-05-06,0.0
2016-05-07,0.0
2016-05-08,0.0
2016-05-09,0.305
2016-05-10,0.0
2016-05-11,0.0
2016-05-12,0.0
2016-05-13,0.0
2016-05-14,0.0
2016-05-15,0.0
2016-05-16,0.0
2016-05-17,0.849
2016-05-18,0.009
2016-05-19,0.104
2016-05-20,0.192
2016-05-21,0.143
2016-05-22,0.001
2016-05-23,0.334
2016-05-24,0.0
2016-05-25,0.563
2016-05-26,0.56
2016-05-27,0.912
2016-05-28,0.015
2016-05-29,0.005
2016-05-30,0.058
2016-05-31,0.024
2016-06-01,0.0
2016-06-02,0.0
2016-06-03,0.0
2016-06-04,0.0
2016-06-05,0.0
2016-06-06,0.074
2016-06-07,0.151
2016-06-08,0.051
2016-06-09,0.0
2016-06-10,0.0
2016-06-11,0.0
2016-06-12,0.004
2016-06-13,2.043
2016-06-14,0.0
2016-06-15,0.0
2016-06-16,0.0
2016-06-17,0.0
2016-06-18,0.0
2016-06-19,0.0
2016-06-20,0.0
2016-06-21,0.0
2016-06-22,0.0
2016-06-23,0.0
2016-06-24,0.077
2016-06-25,0.437
2016-06-26,0.229
2016-06-27,0.081
2016-06-28,0.0
2016-06-29,0.0
2016-06-30,0.0
2016-07-01,0.0
2016-07-02,0.0
2016-07-03,0.0
2016-07-04,2.341
2016-07-05,0.079
2016-07-06,0.0
2016-07-07,0.0
2016-07-08,0.0
2016-07-09,0.0
2016-07-10,0.118
2016-07-11,0.551
2016-07-12,0.809
2016-07-13,1.24
2016-07-14,0.912
2016-07-15,0.523
2016-07-16,0.011
2016-07-17,0.087
2016-07-18,0.0
2016-07-19,0.0
2016-07-20,0.017
2016-07-21,0.0
2016-07-22,0.0
2016-07-23,0.0
2016-07-24,0.0
2016-07-25,0.0
2016-07-26,0.004
2016-07-27,0.0
2016-07-28,0.047
2016-07-29,0.0
2016-07-30,0.0
2016-07-31,0.0
2016-08-01,0.0
2016-08-02,0.0
2016-08-03,0.0
2016-08-04,0.0
2016-08-05,0.0
2016-08-06,0.0
2016-08-07,0.0
2016-08-08,0.0
2016-08-09,0.0
2016-08-10,0.326
2016-08-11,0.0
2016-08-12,0.0
2016-08-13,0.0
2016-08-14,0.0
2016-08-15,0.0
2016-08-16,0.0
2016-08-17,0.146
2016-08-18,0.0
2016-08-19,0.0
2016-08-20,0.0
2016-08-21,0.0
2016-08-22,0.0
2016-08-23,0.008
2016-08-24,0.244
2016-08-25,0.0
2016-08-26,0.0
2016-08-27,0.0
2016-08-28,0.0
2016-08-29,0.0
2016-08-30,0.0
2016-08-31,0.0
2016-09-01,0.0
2016-09-02,0.0
2016-09-03,0.0
2016-09-04,0.0
2016-09-05,0.0
2016-09-06,0.0
2016-09-07,0.0
2016-09-08,0.0
2016-09-09,0.0
2016-09-10,0.0
2016-09-11,0.0
2016-09-12,0.0
2016-09-13,0.0
2016-09-14,0.0
2016-09-15,0.0
2016-09-16,0.0
2016-09-17,0.0
2016-09-18,0.0
2016-09-19,0.0
2016-09-20,0.0
2016-09-21,0.0
2016-09-22,0.0
2016-09-23,0.0
2016-09-24,0.0
2016-09-25,0.0
2016-09-26,0.0
2016-09-27,0.0
2016-09-28,0.0
2016-09-29,0.0
2016-09-30,0.0
2016-10-01,0.0
2016-10-02,0.029
2016-10-03,1.266
2016-10-04,0.248
2016-10-05,0.0
2016-10-06,0.0
2016-10-07,0.0
2016-10-08,0.0
2016-10-09,0.0
2016-10-10,0.0
2016-10-11,0.0
2016-10-12,0.0
2016-10-13,0.0
2016-10-14,0.0
2016-10-15,0.0
2016-10-16,0.0
2016-10-17,0.0
2016-10-18,0.0
2016-10-19,0.0
2016-10-20,0.0
2016-10-21,0.0
2016-10-22,0.0
2016-10-23,1.252
2016-10-24,0.118
2016-10-25,0.0
2016-10-26,0.016
2016-10-27,0.0
2016-10-28,0.0
2016-10-29,0.0
2016-10-30,0.0
2016-10-31,0.0
2016-11-01,0.0
2016-11-02,0.002
2016-11-03,0.28
2016-11-04,0.051
2016-11-05,0.01
2016-11-06,0.0
2016-11-07,3.013
2016-11-08,0.0
2016-11-09,0.076
2016-11-10,3.501
2016-11-11,12.346
2016-11-12,14.945
2016-11-13,0.556
2016-11-14,0.75
2016-11-15,1.846
2016-11-16,0.467
2016-11-17,0.022
2016-11-18,0.073
2016-11-19,0.239
2016-11-20,38.215
2016-11-21,36.211
2016-11-22,0.554
2016-11-23,6.194
2016-11-24,30.704
2016-11-25,43.628
2016-11-26,44.296
2016-11-27,18.62
2016-11-28,34.029
2016-11-29,1.155
2016-11-30,2.235
2016-12-01,0.804
2016-12-02,0.0
2016-12-03,0.071
2016-12-04,0.668
2016-12-05,2.481
2016-12-06,15.233
2016-12-07,3.862
2016-12-08,1.134
2016-12-09,23.568
2016-12-10,9.443
2016-12-11,31.618
2016-12-12,34.362
2016-12-13,36.944
2016-12-14,14.971
2016-12-15,21.757
2016-12-16,28.762
2016-12-17,14.214
2016-12-18,95.013
2016-12-19,38.475
2016-12-20,22.503
2016-12-21,34.31
2016-12-22,0.364
2016-12-23,18.871
2016-12-24,29.517
2016-12-25,20.367
2016-12-26,21.703
2016-12-27,26.74
2016-12-28,23.1
2016-12-29,33.097
2016-12-30,22.46
2016-12-31,15.701
2017-01-01,64.134
2017-01-02,33.325
2017-01-03,45.607
2017-01-04,50.498
2017-01-05,31.509
2017-01-06,54.719
2017-01-07,60.389
2017-01-08,16.203
2017-01-09,57.367
2017-01-10,49.115
2017-01-11,24.395
2017-01-12,48.825
2017-01-13,26.261
2017-01-14,37.338
2017-01-15,37.584
2017-01-16,19.068
2017-01-17,87.026
2017-01-18,64.27
2017-01-19,14.199
2017-01-20,25.521
2017-01-21,55.087
2017-01-22,43.562
2017-01-23,20.597
2017-01-24,6.082
2017-01-25,42.395
2017-01-26,71.057
2017-01-27,46.777
2017-01-28,9.715
2017-01-29,7.905
2017-01-30,15.603
2017-01-31,52.585
2017-02-01,22.718
2017-02-02,5.693
2017-02-03,40.25
2017-02-04,16.684
2017-02-05,26.927
2017-02-06,52.307
2017-02-07,33.072
2017-02-08,2.428
2017-02-09,3.783
2017-02-10,7.786
2017-02-11,7.26
2017-02-12,1.487
2017-02-13,1.448
2017-02-14,29.945
2017-02-15,6.651
2017-02-16,53.019
2017-02-17,23.121
2017-02-18,16.037
2017-02-19,8.652
2017-02-20,42.352
2017-02-21,60.517
2017-02-22,44.182
2017-02-23,15.76
2017-02-24,15.68
2017-02-25,8.917
2017-02-26,16.496
2017-02-27,25.187
2017-02-28,41.449
2017-03-01,41.344
2017-03-02,7.367
2017-03-03,23.593
2017-03-04,90.333
2017-03-05,36.691
2017-03-06,30.144
2017-03-07,22.537
2017-03-08,7.184
2017-03-09,12.094
2017-03-10,43.022
2017-03-11,8.472
2017-03-12,3.466
2017-03-13,6.496
2017-03-14,1.992
2017-03-15,0.111
2017-03-16,0.0
2017-03-17,1.166
2017-03-18,3.444
2017-03-19,0.716
2017-03-20,8.12
2017-03-21,5.081
2017-03-22,11.496
2017-03-23,26.369
2017-03-24,14.105
2017-03-25,5.737
2017-03-26,3.201
2017-03-27,8.812
2017-03-28,0.793
2017-03-29,0.161
2017-03-30,1.732
2017-03-31,0.1
2017-04-01,0.0
2017-04-02,0.012
2017-04-03,0.25
2017-04-04,1.001
2017-04-05,0.668
2017-04-06,0.129
2017-04-07,1.533
2017-04-08,0.213
2017-04-09,0.125
2017-04-10,0.001
2017-04-11,0.098
2017-04-12,0.022
2017-04-13,0.253
2017-04-14,8.047
2017-04-15,40.013
2017-04-16,23.569
2017-04-17,2.571
2017-04-18,2.44
2017-04-19,1.807
2017-04-20,2.175
2017-04-21,0.277
2017-04-22,1.793
2017-04-23,25.743
2017-04-24,21.698
2017-04-25,3.138
2017-04-26,2.151
2017-04-27,2.051
2017-04-28,2.887
2017-04-29,2.897
2017-04-30,0.955
2017-05-01,2.25
2017-05-02,1.583
2017-05-03,0.872
2017-05-04,0.001
2017-05-05,0.154
2017-05-06,0.158
2017-05-07,1.07
2017-05-08,0.428
2017-05-09,0.945
2017-05-10,0.737
2017-05-11,0.498
2017-05-12,0.435
2017-05-13,0.43
2017-05-14,1.081
2017-05-15,1.88
2017-05-16,0.275
2017-05-17,0.001
2017-05-18,0.369
2017-05-19,0.72
2017-05-20,0.239
2017-05-21,0.513
2017-05-22,0.726
2017-05-23,0.001
2017-05-24,0.0
2017-05-25,0.0
2017-05-26,0.0
2017-05-27,0.0
2017-05-28,0.0
2017-05-29,0.092
2017-05-30,2.649
2017-05-31,0.927
2017-06-01,0.669
2017-06-02,0.199
2017-06-03,0.0
2017-06-04,0.0
2017-06-05,0.01
2017-06-06,0.032
2017-06-07,0.0
2017-06-08,0.0
2017-06-09,0.0
2017-06-10,0.124
2017-06-11,0.49
2017-06-12,0.0
2017-06-13,0.0
2017-06-14,0.131
2017-06-15,0.305
2017-06-16,0.248
2017-06-17,0.731
2017-06-18,0.006
2017-06-19,0.874
2017-06-20,0.244
2017-06-21,0.772
2017-06-22,1.409
2017-06-23,0.0
2017-06-24,0.001
2017-06-25,0.0
2017-06-26,0.0
2017-06-27,0.182
2017-06-28,0.344
2017-06-29,0.0
2017-06-30,1.001
2017-07-01,0.361
2017-07-02,0.0
2017-07-03,0.181
2017-07-04,2.73
2017-07-05,1.362
2017-07-06,0.317
2017-07-07,0.358
2017-07-08,0.0
2017-07-09,0.017
2017-07-10,0.0
2017-07-11,0.041
2017-07-12,0.002
2017-07-13,0.0
2017-07-14,0.0
2017-07-15,0.0
2017-07-16,0.0
2017-07-17,0.0
2017-07-18,0.0
2017-07-19,0.0
2017-07-20,0.001
2017-07-21,0.0
2017-07-22,0.0
2017-07-23,0.0
2017-07-24,0.0
2017-07-25,0.0
2017-07-26,0.0
2017-07-27,0.0
2017-07-28,0.0
2017-07-29,0.118
2017-07-30,0.445
2017-07-31,0.324
2017-08-01,1.2
2017-08-02,0.361
2017-08-03,0.035
2017-08-04,0.065
2017-08-05,0.018
2017-08-06,0.0
2017-08-07,0.0
2017-08-08,0.0
2017-08-09,0.0
2017-08-10,0.0
2017-08-11,0.0
2017-08-12,0.0
2017-08-13,0.0
2017-08-14,0.0
2017-08-15,0.0
2017-08-16,0.0
2017-08-17,0.0
2017-08-18,0.0
2017-08-19,0.0
2017-08-20,0.039
2017-08-21,0.0
2017-08-22,0.0
2017-08-23,0.0
2017-08-24,0.0
2017-08-25,0.0
2017-08-26,0.0
2017-08-27,0.0
2017-08-28,0.0
2017-08-29,0.0
2017-08-30,0.0
2017-08-31,0.0
2017-09-01,0.0
2017-09-02,0.0
2017-09-03,0.0
2017-09-04,0.037
2017-09-05,0.0
2017-09-06,0.0
2017-09-07,0.0
2017-09-08,0.0
2017-09-09,0.0
2017-09-10,0.0
2017-09-11,0.0
2017-09-12,0.0
2017-09-13,0.0
2017-09-14,0.0
2017-09-15,0.0
2017-09-16,0.0
2017-09-17,0.0
2017-09-18,0.0
2017-09-19,0.0
2017-09-20,0.0
2017-09-21,0.0
2017-09-22,0.0
2017-09-23,0.0
2017-09-24,0.0
2017-09-25,0.0
2017-09-26,0.0
2017-09-27,0.0
2017-09-28,0.039
2017-09-29,0.0
2017-09-30,0.0
2017-10-01,0.0
2017-10-02,0.003
2017-10-03,0.0
2017-10-04,0.0
2017-10-05,0.0
2017-10-06,0.0
2017-10-07,0.17
2017-10-08,1.33
2017-10-09,9.038
2017-10-10,18.72
2017-10-11,0.0
2017-10-12,0.0
2017-10-13,0.0
2017-10-14,0.0
2017-10-15,0.0
2017-10-16,0.0
2017-10-17,0.0
2017-10-18,0.0
2017-10-19,0.157
2017-10-20,0.034
2017-10-21,0.064
2017-10-22,0.7
2017-10-23,0.0
2017-10-24,0.0
2017-10-25,0.0
2017-10-26,0.0
2017-10-27,0.122
2017-10-28,24.627
2017-10-29,24.157
2017-10-30,1.448
2017-10-31,0.722
2017-11-01,0.001
2017-11-02,0.109
2017-11-03,0.029
2017-11-04,0.045
2017-11-05,0.0
2017-11-06,0.0
2017-11-07,0.0
2017-11-08,0.0
2017-11-09,0.001
2017-11-10,31.602
2017-11-11,30.23
2017-11-12,27.02
2017-11-13,14.36
2017-11-14,35.319
2017-11-15,24.217
2017-11-16,16.284
2017-11-17,0.122
2017-11-18,17.921
2017-11-19,3.971
2017-11-20,0.23
2017-11-21,0.362
2017-11-22,0.092
2017-11-23,1.547
2017-11-24,35.504
2017-11-25,24.076
2017-11-26,16.287
2017-11-27,29.684
2017-11-28,26.376
2017-11-29,2.701
2017-11-30,1.607
2017-12-01,0.821
2017-12-02,0.468
2017-12-03,0.303
2017-12-04,0.263
2017-12-05,2.963
2017-12-06,17.709
2017-12-07,10.615
2017-12-08,4.433
2017-12-09,11.091
2017-12-10,5.835
2017-12-11,22.328
2017-12-12,0.793
2017-12-13,26.075
2017-12-14,34.871
2017-12-15,3.25
2017-12-16,3.229
2017-12-17,0.638
2017-12-18,0.345
2017-12-19,0.372
2017-12-20,32.391
2017-12-21,44.582
2017-12-22,2.702
2017-12-23,43.957
2017-12-24,35.797
2017-12-25,9.152
2017-12-26,50.677
2017-12-27,51.216
2017-12-28,2.403
2017-12-29,3.899
2017-12-30,2.937
2017-12-31,0.956
2018-01-01,3.264
2018-01-02,51.388
2018-01-03,33.044
2018-01-04,14.528
2018-01-05,0.009
2018-01-06,0.0
2018-01-07,0.0
2018-01-08,0.021
2018-01-09,9.954
2018-01-10,17.185
2018-01-11,20.487
2018-01-12,2.668
2018-01-13,1.698
2018-01-14,0.341
2018-01-15,0.426
2018-01-16,7.604
2018-01-17,10.022
2018-01-18,2.201
2018-01-19,2.919
2018-01-20,0.804
2018-01-21,0.485
2018-01-22,0.608
2018-01-23,0.711
2018-01-24,0.408
2018-01-25,9.057
2018-01-26,31.944
2018-01-27,5.337
2018-01-28,0.336
2018-01-29,3.891
2018-01-30,29.613
2018-01-31,25.743
2018-02-01,61.67
2018-02-02,45.543
2018-02-03,23.584
2018-02-04,24.39
2018-02-05,16.816
2018-02-06,26.592
2018-02-07,45.856
2018-02-08,58.445
2018-02-09,78.556
2018-02-10,12.724
2018-02-11,1.08
2018-02-12,66.149
2018-02-13,33.341
2018-02-14,9.884
2018-02-15,22.31
2018-02-16,5.414
2018-02-17,10.513
2018-02-18,2.999
2018-02-19,11.958
2018-02-20,39.065
2018-02-21,35.328
2018-02-22,14.426
2018-02-23,47.774
2018-02-24,25.174
2018-02-25,46.254
2018-02-26,42.517
2018-02-27,35.494
2018-02-28,54.181
2018-03-01,37.397
2018-03-02,38.68
2018-03-03,42.953
2018-03-04,20.47
2018-03-05,7.836
2018-03-06,7.28
2018-03-07,19.547
2018-03-08,4.755
2018-03-09,38.15
2018-03-10,26.069
2018-03-11,20.643
2018-03-12,6.703
2018-03-13,14.596
2018-03-14,20.909
2018-03-15,1.612
2018-03-16,14.256
2018-03-17,11.226
2018-03-18,6.732
2018-03-19,2.614
2018-03-20,1.087
2018-03-21,2.653
2018-03-22,6.805
2018-03-23,14.072
2018-03-24,42.259
2018-03-25,25.86
2018-03-26,18.669
2018-03-27,13.598
2018-03-28,7.709
2018-03-29,14.834
2018-03-30,25.228
2018-03-31,22.986
2018-04-01,3.053
2018-04-02,2.571
2018-04-03,0.134
2018-04-04,1.173
2018-04-05,19.979
2018-04-06,5.91
2018-04-07,12.686
2018-04-08,2.21
2018-04-09,2.638
2018-04-10,13.392
2018-04-11,9.562
2018-04-12,22.361
2018-04-13,5.578
2018-04-14,1.825
2018-04-15,1.365
2018-04-16,2.517
2018-04-17,1.52
2018-04-18,1.066
2018-04-19,0.179
2018-04-20,0.0
2018-04-21,0.644
2018-04-22,1.385
2018-04-23,0.563
2018-04-24,0.0
2018-04-25,0.0
2018-04-26,0.0
2018-04-27,0.004
2018-04-28,0.0
2018-04-29,0.668
2018-04-30,0.709
2018-05-01,0.796
2018-05-02,0.985
2018-05-03,0.903
2018-05-04,0.605
2018-05-05,0.71
2018-05-06,2.397
2018-05-07,0.575
2018-05-08,0.504
2018-05-09,0.975
2018-05-10,0.288
2018-05-11,0.553
2018-05-12,0.324
2018-05-13,0.032
2018-05-14,0.08
2018-05-15,0.879
2018-05-16,1.99
2018-05-17,1.769
2018-05-18,1.115
2018-05-19,1.865
2018-05-20,0.204
2018-05-21,0.037
2018-05-22,0.056
2018-05-23,0.363
2018-05-24,0.189
2018-05-25,0.207
2018-05-26,0.526
2018-05-27,0.579
2018-05-28,1.521
2018-05-29,0.006
2018-05-30,0.008
2018-05-31,0.0
2018-06-01,0.0
2018-06-02,0.0
2018-06-03,0.0
2018-06-04,0.0
2018-06-05,0.088
2018-06-06,0.0
2018-06-07,0.0
2018-06-08,0.0
2018-06-09,0.0
2018-06-10,0.0
2018-06-11,0.0
2018-06-12,0.136
2018-06-13,0.094
2018-06-14,0.007
2018-06-15,0.0
2018-06-16,0.0
2018-06-17,0.0
2018-06-18,0.0
2018-06-19,0.0
2018-06-20,0.0
2018-06-21,0.648
2018-06-22,0.411
2018-06-23,0.102
2018-06-24,0.274
2018-06-25,0.254
2018-06-26,0.006
2018-06-27,0.123
2018-06-28,0.0
2018-06-29,0.0
2018-06-30,0.0
2018-07-01,0.0
2018-07-02,0.0
2018-07-03,0.0
2018-07-04,0.0
2018-07-05,0.839
2018-07-06,2.123
2018-07-07,2.202
2018-07-08,2.584
2018-07-09,3.952
2018-07-10,0.71
2018-07-11,0.164
2018-07-12,0.061
2018-07-13,0.059
2018-07-14,0.029
2018-07-15,0.003
2018-07-16,4.242
2018-07-17,0.128
2018-07-18,1.43
2018-07-19,0.806
2018-07-20,0.706
2018-07-21,0.0
2018-07-22,0.0
2018-07-23,0.0
2018-07-24,0.006
2018-07-25,0.0
2018-07-26,0.0
2018-07-27,0.0
2018-07-28,0.0
2018-07-29,0.0
2018-07-30,0.0
2018-07-31,0.0
2018-08-01,0.0
2018-08-02,0.0
2018-08-03,0.0
2018-08-04,0.0
2018-08-05,0.0
2018-08-06,0.0
2018-08-07,0.0
2018-08-08,0.0
2018-08-09,0.0
2018-08-10,0.0
2018-08-11,0.0
2018-08-12,0.0
2018-08-13,0.0
2018-08-14,0.0
2018-08-15,0.0
2018-08-16,0.0
2018-08-17,0.0
2018-08-18,0.0
2018-08-19,0.0
2018-08-20,0.0
2018-08-21,0.0
2018-08-22,0.0
2018-08-23,0.0
2018-08-24,0.0
2018-08-25,0.0
2018-08-26,0.0
2018-08-27,0.0
2018-08-28,0.0
2018-08-29,0.26
2018-08-30,0.0
2018-08-31,0.0
2018-09-01,0.0
2018-09-02,0.0
2018-09-03,0.0
2018-09-04,0.0
2018-09-05,0.0
2018-09-06,0.0
2018-09-07,0.0
2018-09-08,0.159
2018-09-09,0.313
2018-09-10,0.0
2018-09-11,0.0
2018-09-12,0.0
2018-09-13,0.0
2018-09-14,0.0
2018-09-15,0.0
2018-09-16,0.0
2018-09-17,0.0
2018-09-18,0.0
2018-09-19,0.0
2018-09-20,0.0
2018-09-21,0.0
2018-09-22,0.0
2018-09-23,0.0
2018-09-24,0.0
2018-09-25,0.0
2018-09-26,0.0
2018-09-27,0.0
2018-09-28,0.0
2018-09-29,0.0
2018-09-30,0.001
2018-10-01,0.846
2018-10-02,0.0
2018-10-03,0.0
2018-10-04,0.0
2018-10-05,0.0
2018-10-06,0.0
2018-10-07,0.0
2018-10-08,0.0
2018-10-09,0.0
2018-10-10,0.0
2018-10-11,0.0
2018-10-12,0.0
2018-10-13,0.0
2018-10-14,0.0
2018-10-15,0.021
2018-10-16,0.345
2018-10-17,0.0
2018-10-18,0.003
2018-10-19,0.0
2018-10-20,0.261
2018-10-21,0.653
2018-10-22,1.391
2018-10-23,0.0
2018-10-24,0.0
2018-10-25,0.0
2018-10-26,0.0
2018-10-27,0.0
2018-10-28,0.0
2018-10-29,0.0
2018-10-30,0.0
2018-10-31,0.0
2018-11-01,0.0
2018-11-02,0.002
2018-11-03,0.072
2018-11-04,0.011
2018-11-05,0.0
2018-11-06,0.022
2018-11-07,3.163
2018-11-08,0.698
2018-11-09,0.0
2018-11-10,0.27
2018-11-11,0.0
2018-11-12,0.0
2018-11-13,0.0
2018-11-14,0.0
2018-11-15,0.0
2018-11-16,0.0
2018-11-17,0.0
2018-11-18,0.0
2018-11-19,0.598
2018-11-20,0.0
2018-11-21,0.0
2018-11-22,0.48
2018-11-23,17.196
2018-11-24,8.787
2018-11-25,8.962
2018-11-26,13.083
2018-11-27,11.34
2018-11-28,7.603
2018-11-29,6.202
2018-11-30,9.197
2018-12-01,1.319
2018-12-02,0.025
2018-12-03,0.0
2018-12-04,0.066
2018-12-05,1.989
2018-12-06,5.843
2018-12-07,11.73
2018-12-08,2.002
2018-12-09,13.606
2018-12-10,16.439
2018-12-11,32.558
2018-12-12,4.686
2018-12-13,0.0
2018-12-14,0.092
2018-12-15,1.561
2018-12-16,11.968
2018-12-17,16.37
2018-12-18,29.32
2018-12-19,13.149
2018-12-20,1.982
2018-12-21,10.396
2018-12-22,8.123
2018-12-23,1.099
2018-12-24,0.268
2018-12-25,2.416
2018-12-26,3.215
2018-12-27,56.748
2018-12-28,34.787
2018-12-29,3.875
2018-12-30,18.238
2018-12-31,43.581
2019-01-01,24.824
2019-01-02,15.659
2019-01-03,22.717
2019-01-04,61.262
2019-01-05,35.557
2019-01-06,15.469
2019-01-07,3.485
2019-01-08,34.043
2019-01-09,3.18
2019-01-10,7.756
2019-01-11,42.041
2019-01-12,3.368
2019-01-13,6.837
2019-01-14,45.151
2019-01-15,33.041
2019-01-16,44.13
2019-01-17,17.559
2019-01-18,14.393
2019-01-19,1.265
2019-01-20,48.579
2019-01-21,0.441
2019-01-22,0.161
2019-01-23,0.649
2019-01-24,0.271
2019-01-25,1.05
2019-01-26,0.207
2019-01-27,4.229
2019-01-28,0.149
2019-01-29,1.061
2019-01-30,0.912
2019-01-31,15.709
2019-02-01,1.582
2019-02-02,10.492
2019-02-03,1.721
2019-02-04,0.563
2019-02-05,38.655
2019-02-06,27.395
2019-02-07,15.249
2019-02-08,14.266
2019-02-09,4.123
2019-02-10,3.156
2019-02-11,11.681
2019-02-12,21.089
2019-02-13,7.599
2019-02-14,33.079
2019-02-15,11.782
2019-02-16,4.433
2019-02-17,20.649
2019-02-18,5.658
2019-02-19,0.049
2019-02-20,4.374
2019-02-21,1.974
2019-02-22,2.932
2019-02-23,3.605
2019-02-24,0.042
2019-02-25,0.023
2019-02-26,0.316
2019-02-27,0.0
2019-02-28,0.523
2019-03-01,0.0
2019-03-02,0.0
2019-03-03,0.0
2019-03-04,0.49
2019-03-05,0.118
2019-03-06,0.891
2019-03-07,0.068
2019-03-08,0.157
2019-03-09,0.586
2019-03-10,0.501
2019-03-11,0.537
2019-03-12,2.508
2019-03-13,0.0
2019-03-14,0.0
2019-03-15,0.0
2019-03-16,0.889
2019-03-17,0.066
2019-03-18,0.0
2019-03-19,0.0
2019-03-20,0.0
2019-03-21,0.0
2019-03-22,0.0
2019-03-23,0.963
2019-03-24,2.518
2019-03-25,0.117
2019-03-26,0.886
2019-03-27,0.049
2019-03-28,0.328
2019-03-29,0.0
2019-03-30,0.0
2019-03-31,0.0
2019-04-01,0.0
2019-04-02,0.0
2019-04-03,0.028
2019-04-04,0.0
2019-04-05,0.0
2019-04-06,0.0
2019-04-07,0.099
2019-04-08,1.758
2019-04-09,21.296
2019-04-10,28.305
2019-04-11,5.127
2019-04-12,19.857
2019-04-13,3.075
2019-04-14,1.635
2019-04-15,49.504
2019-04-16,24.391
2019-04-17,6.552
2019-04-18,43.32
2019-04-19,4.299
2019-04-20,0.113
2019-04-21,0.0
2019-04-22,0.248
2019-04-23,0.08
2019-04-24,0.062
2019-04-25,0.701
2019-04-26,0.0
2019-04-27,0.0
2019-04-28,0.046
2019-04-29,2.006
2019-04-30,0.002
2019-05-01,0.0
2019-05-02,0.009
2019-05-03,0.0
2019-05-04,0.448
2019-05-05,0.01
2019-05-06,0.0
2019-05-07,0.0
2019-05-08,0.0
2019-05-09,0.0
2019-05-10,0.0
2019-05-11,0.0
2019-05-12,0.005
2019-05-13,0.0
2019-05-14,0.0
2019-05-15,0.0
2019-05-16,0.0
2019-05-17,0.208
2019-05-18,0.205
2019-05-19,0.014
2019-05-20,0.267
2019-05-21,0.0
2019-05-22,0.0
2019-05-23,0.0
2019-05-24,0.0
2019-05-25,0.298
2019-05-26,0.757
2019-05-27,0.015
2019-05-28,0.048
2019-05-29,0.012
2019-05-30,0.207
2019-05-31,0.0
2019-06-01,0.0
2019-06-02,0.0
2019-06-03,0.0
2019-06-04,0.0
2019-06-05,0.0
2019-06-06,0.0
2019-06-07,0.0
2019-06-08,0.0
2019-06-09,0.0
2019-06-10,0.418
2019-06-11,0.0
2019-06-12,0.0
2019-06-13,0.0
2019-06-14,0.007
2019-06-15,0.557
2019-06-16,0.027
2019-06-17,0.0
2019-06-18,0.0
2019-06-19,0.0
2019-06-20,0.0
2019-06-21,0.0
2019-06-22,0.0
2019-06-23,0.0
2019-06-24,0.0
2019-06-25,0.068
2019-06-26,0.035
2019-06-27,0.039
2019-06-28,0.001
2019-06-29,0.0
2019-06-30,0.0
2019-07-01,0.0
2019-07-02,0.0
2019-07-03,0.0
2019-07-04,0.0
2019-07-05,0.0
2019-07-06,0.0
2019-07-07,0.0
2019-07-08,0.0
2019-07-09,0.0
2019-07-10,0.0
2019-07-11,0.0
2019-07-12,0.0
2019-07-13,0.0
2019-07-14,0.0
2019-07-15,0.0
2019-07-16,0.0
2019-07-17,0.0
2019-07-18,0.0
2019-07-19,0.0
2019-07-20,0.0
2019-07-21,0.0
2019-07-22,0.0
2019-07-23,0.0
2019-07-24,0.0
2019-07-25,0.0
2019-07-26,0.0
2019-07-27,0.0
2019-07-28,0.0
2019-07-29,0.0
2019-07-30,0.0
2019-07-31,0.0
2019-08-01,0.0
2019-08-02,0.154
2019-08-03,0.009
2019-08-04,0.0
2019-08-05,0.0
2019-08-06,0.0
2019-08-07,0.0
2019-08-08,0.0
2019-08-09,0.0
2019-08-10,0.0
2019-08-11,0.0
2019-08-12,0.0
2019-08-13,0.0
2019-08-14,0.0
2019-08-15,0.0
2019-08-16,0.0
2019-08-17,0.0
2019-08-18,0.0
2019-08-19,0.0
2019-08-20,0.0
2019-08-21,0.288
2019-08-22,4.238
2019-08-23,0.0
2019-08-24,0.0
2019-08-25,0.0
2019-08-26,0.0
2019-08-27,0.0
2019-08-28,0.019
2019-08-29,0.0
2019-08-30,0.0
2019-08-31,0.0
2019-09-01,0.0
2019-09-02,0.0
2019-09-03,0.0
2019-09-04,0.0
2019-09-05,0.0
2019-09-06,0.0
2019-09-07,0.0
2019-09-08,0.356
2019-09-09,0.0
2019-09-10,0.0
2019-09-11,0.0
2019-09-12,0.0
2019-09-13,0.0
2019-09-14,0.0
2019-09-15,0.0
2019-09-16,0.0
2019-09-17,0.0
2019-09-18,0.0
2019-09-19,0.0
2019-09-20,0.0
2019-09-21,0.0
2019-09-22,0.0
2019-09-23,0.0
2019-09-24,0.0
2019-09-25,0.185
2019-09-26,1.266
2019-09-27,0.0
2019-09-28,0.0
2019-09-29,0.0
2019-09-30,0.0
2019-10-01,0.0
2019-10-02,1.369
2019-10-03,1.619
2019-10-04,0.154
2019-10-05,0.003
2019-10-06,0.0
2019-10-07,0.0
2019-10-08,0.0
2019-10-09,0.054
2019-10-10,0.326
2019-10-11,0.395
2019-10-12,0.016
2019-10-13,0.0
2019-10-14,0.0
2019-10-15,0.0
2019-10-16,0.0
2019-10-17,0.0
2019-10-18,0.0
2019-10-19,0.0
2019-10-20,0.0
2019-10-21,0.0
2019-10-22,0.0
2019-10-23,0.006
2019-10-24,0.002
2019-10-25,0.0
2019-10-26,0.0
2019-10-27,0.0
2019-10-28,0.0
2019-10-29,0.095
2019-10-30,0.0
2019-10-31,0.24
2019-11-01,0.024
2019-11-02,0.329
2019-11-03,0.005
2019-11-04,3.004
2019-11-05,0.0
2019-11-06,0.0
2019-11-07,0.018
2019-11-08,0.0
2019-11-09,0.648
2019-11-10,0.133
2019-11-11,8.497
2019-11-12,28.055
2019-11-13,22.812
2019-11-14,12.813
2019-11-15,10.131
2019-11-16,1.207
2019-11-17,14.042
2019-11-18,18.346
2019-11-19,0.484
2019-11-20,21.123
2019-11-21,74.77
2019-11-22,27.515
2019-11-23,21.335
2019-11-24,10.023
2019-11-25,0.385
2019-11-26,0.428
2019-11-27,1.992
2019-11-28,4.889
2019-11-29,0.131
2019-11-30,0.0
2019-12-01,0.043
2019-12-02,0.132
2019-12-03,0.523
2019-12-04,1.11
2019-12-05,27.761
2019-12-06,7.802
2019-12-07,10.131
2019-12-08,25.688
2019-12-09,22.038
2019-12-10,89.193
2019-12-11,22.091
2019-12-12,3.581
2019-12-13,3.518
2019-12-14,2.245
2019-12-15,4.476
2019-12-16,0.131
2019-12-17,5.265
2019-12-18,0.11
2019-12-19,0.0
2019-12-20,0.003
2019-12-21,0.266
2019-12-22,1.045
2019-12-23,0.0
2019-12-24,0.0
2019-12-25,0.0
2019-12-26,0.035
2019-12-27,0.264
2019-12-28,16.515
2019-12-29,8.818
2019-12-30,2.384
2019-12-31,1.627
2020-01-01,4.072
2020-01-02,2.969
2020-01-03,15.057
2020-01-04,1.594
2020-01-05,3.865
2020-01-06,5.02
2020-01-07,31.118
2020-01-08,7.71
2020-01-09,45.478
2020-01-10,40.74
2020-01-11,85.37
2020-01-12,22.652
2020-01-13,45.493
2020-01-14,27.369
2020-01-15,50.817
2020-01-16,66.248
2020-01-17,37.076
2020-01-18,38.691
2020-01-19,6.146
2020-01-20,38.038
2020-01-21,3.213
2020-01-22,0.528
2020-01-23,1.841
2020-01-24,0.656
2020-01-25,1.6
2020-01-26,0.142
2020-01-27,0.325
2020-01-28,42.648
2020-01-29,17.811
2020-01-30,6.936
2020-01-31,15.491
2020-02-01,1.713
2020-02-02,0.379
2020-02-03,1.596
2020-02-04,15.329
2020-02-05,29.89
2020-02-06,21.835
2020-02-07,46.988
2020-02-08,44.972
2020-02-09,53.462
2020-02-10,41.374
2020-02-11,34.35
2020-02-12,2.759
2020-02-13,1.123
2020-02-14,14.481
2020-02-15,19.35
2020-02-16,39.081
2020-02-17,23.424
2020-02-18,28.095
2020-02-19,1.147
2020-02-20,1.217
2020-02-21,1.148
2020-02-22,0.627
2020-02-23,1.045
2020-02-24,98.099
2020-02-25,9.461
2020-02-26,2.936
2020-02-27,2.205
2020-02-28,1.542
2020-02-29,13.695
2020-03-01,10.507
2020-03-02,1.877
2020-03-03,9.829
2020-03-04,13.341
2020-03-05,13.636
2020-03-06,12.671
2020-03-07,5.431
2020-03-08,3.436
2020-03-09,2.321
2020-03-10,5.342
2020-03-11,0.524
2020-03-12,1.304
2020-03-13,1.705
2020-03-14,0.552
2020-03-15,0.724
2020-03-16,38.804
2020-03-17,33.583
2020-03-18,6.443
2020-03-19,0.581
2020-03-20,5.79
2020-03-21,0.145
2020-03-22,10.139
2020-03-23,10.18
2020-03-24,1.068
2020-03-25,10.18
2020-03-26,8.589
2020-03-27,65.92
2020-03-28,67.31
2020-03-29,1.061
2020-03-30,0.778
2020-03-31,0.031
2020-04-01,0.0
2020-04-02,1.412
2020-04-03,0.941
2020-04-04,0.144
2020-04-05,0.288
2020-04-06,0.385
2020-04-07,0.323
2020-04-08,0.252
2020-04-09,9.074
2020-04-10,5.953
2020-04-11,0.0
2020-04-12,0.005
2020-04-13,0.092
2020-04-14,0.429
2020-04-15,2.064
2020-04-16,0.021
2020-04-17,0.495
2020-04-18,0.007
2020-04-19,1.276
2020-04-20,0.033
2020-04-21,0.0
2020-04-22,0.0
2020-04-23,0.163
2020-04-24,1.05
2020-04-25,0.041
2020-04-26,0.0
2020-04-27,0.048
2020-04-28,0.0
2020-04-29,0.0
2020-04-30,0.155
2020-05-01,0.036
2020-05-02,0.001
2020-05-03,0.093
2020-05-04,1.725
2020-05-05,0.0
2020-05-06,0.056
2020-05-07,0.0
2020-05-08,0.318
2020-05-09,0.006
2020-05-10,0.001
2020-05-11,0.001
2020-05-12,0.0
2020-05-13,0.0
2020-05-14,0.0
2020-05-15,0.0
2020-05-16,0.0
2020-05-17,0.119
2020-05-18,0.0
2020-05-19,0.0
2020-05-20,0.0
2020-05-21,0.0
2020-05-22,0.0
2020-05-23,0.0
2020-05-24,0.0
2020-05-25,0.0
2020-05-26,0.0
2020-05-27,0.0
2020-05-28,0.0
2020-05-29,0.0
2020-05-30,0.0
2020-05-31,0.0
2020-06-01,0.0
2020-06-02,0.0
2020-06-03,0.0
2020-06-04,0.019
2020-06-05,0.441
2020-06-06,0.493
2020-06-07,0.279
2020-06-08,0.0
2020-06-09,0.0
2020-06-10,0.0
2020-06-11,0.0
2020-06-12,0.0
2020-06-13,0.0
2020-06-14,0.14
2020-06-15,0.247
2020-06-16,4.333
2020-06-17,1.733
2020-06-18,0.097
2020-06-19,1.662
2020-06-20,0.984
2020-06-21,0.648
2020-06-22,0.83
2020-06-23,0.464
2020-06-24,0.29
2020-06-25,0.517
2020-06-26,1.323
2020-06-27,0.086
2020-06-28,0.006
2020-06-29,0.0
2020-06-30,0.0
2020-07-01,0.0
2020-07-02,0.0
2020-07-03,0.0
2020-07-04,0.0
2020-07-05,0.0
2020-07-06,0.0
2020-07-07,0.0
2020-07-08,0.068
2020-07-09,0.0
2020-07-10,0.0
2020-07-11,0.0
2020-07-12,0.0
2020-07-13,0.0
2020-07-14,0.0
2020-07-15,0.0
2020-07-16,0.006
2020-07-17,0.006
2020-07-18,0.0
2020-07-19,0.0
2020-07-20,0.0
2020-07-21,0.0
2020-07-22,0.098
2020-07-23,0.0
2020-07-24,0.001
2020-07-25,0.134
2020-07-26,0.0
2020-07-27,0.0
2020-07-28,0.0
2020-07-29,0.152
2020-07-30,0.0
2020-07-31,0.0
2020-08-01,0.0
2020-08-02,0.0
2020-08-03,0.0
2020-08-04,0.02
2020-08-05,0.0
2020-08-06,0.0
2020-08-07,0.0
2020-08-08,0.059
2020-08-09,0.0
2020-08-10,0.0
2020-08-11,0.0
2020-08-12,0.0
2020-08-13,0.0
2020-08-14,0.0
2020-08-15,0.0
2020-08-16,0.0
2020-08-17,0.0
2020-08-18,0.0
2020-08-19,0.0
2020-08-20,0.042
2020-08-21,0.0
2020-08-22,0.014
2020-08-23,0.0
2020-08-24,0.0
2020-08-25,0.0
2020-08-26,0.0
2020-08-27,0.002
2020-08-28,0.0
2020-08-29,0.0
2020-08-30,0.0
2020-08-31,0.131
2020-09-01,0.0
2020-09-02,0.002
2020-09-03,0.0
2020-09-04,0.0
2020-09-05,0.003
2020-09-06,0.0
2020-09-07,0.0
2020-09-08,0.0
2020-09-09,0.001
2020-09-10,0.0
2020-09-11,0.0
2020-09-12,0.0
2020-09-13,0.057
2020-09-14,0.0
2020-09-15,0.0
2020-09-16,0.0
2020-09-17,0.0
2020-09-18,0.0
2020-09-19,0.0
2020-09-20,0.0
2020-09-21,0.0
2020-09-22,0.0
2020-09-23,0.0
2020-09-24,0.0
2020-09-25,0.0
2020-09-26,0.0
2020-09-27,0.0
2020-09-28,0.0
2020-09-29,0.019
2020-09-30,0.013
2020-10-01,0.003
2020-10-02,0.0
2020-10-03,0.381
2020-10-04,0.0
2020-10-05,0.0
2020-10-06,0.104
2020-10-07,0.594
2020-10-08,2.491
2020-10-09,0.679
2020-10-10,0.128
2020-10-11,0.107
2020-10-12,25.153
2020-10-13,1.549
2020-10-14,0.019
2020-10-15,0.583
2020-10-16,0.0
2020-10-17,0.0
2020-10-18,0.0
2020-10-19,0.0
2020-10-20,0.0
2020-10-21,0.0
2020-10-22,0.0
2020-10-23,0.0
2020-10-24,0.0
2020-10-25,0.0
2020-10-26,0.0
2020-10-27,0.0
2020-10-28,0.0
2020-10-29,0.0
2020-10-30,0.0
2020-10-31,0.0
2020-11-01,0.0
2020-11-02,0.005
2020-11-03,1.848
2020-11-04,6.297
2020-11-05,10.981
2020-11-06,0.179
2020-11-07,0.007
2020-11-08,0.0
2020-11-09,0.0
2020-11-10,0.694
2020-11-11,2.55
2020-11-12,8.274
2020-11-13,39.507
2020-11-14,0.059
2020-11-15,0.374
2020-11-16,1.159
2020-11-17,0.0
2020-11-18,24.894
2020-11-19,0.665
2020-11-20,13.561
2020-11-21,2.384
2020-11-22,3.411
2020-11-23,9.854
2020-11-24,2.706
2020-11-25,7.419
2020-11-26,5.864
2020-11-27,0.751
2020-11-28,9.907
2020-11-29,38.531
2020-11-30,34.292
2020-12-01,19.46
2020-12-02,26.403
2020-12-03,80.253
2020-12-04,32.285
2020-12-05,80.538
2020-12-06,55.686
2020-12-07,37.433
2020-12-08,14.871
2020-12-09,31.996
2020-12-10,57.263
2020-12-11,41.289
2020-12-12,25.568
2020-12-13,68.151
2020-12-14,11.009
2020-12-15,9.389
2020-12-16,38.172
2020-12-17,35.92
2020-12-18,29.152
2020-12-19,7.911
2020-12-20,32.396
2020-12-21,16.502
2020-12-22,10.817
2020-12-23,5.083
2020-12-24,1.318
2020-12-25,52.111
2020-12-26,23.803
2020-12-27,10.59
2020-12-28,4.815
2020-12-29,5.906
2020-12-30,2.596
2020-12-31,12.356
2021-01-01,25.299
2021-01-02,35.252
2021-01-03,18.845
2021-01-04,21.169
2021-01-05,24.347
2021-01-06,42.444
2021-01-07,13.275
2021-01-08,44.116
2021-01-09,16.272
2021-01-10,38.841
2021-01-11,9.049
2021-01-12,27.677
2021-01-13,43.365
2021-01-14,91.165
2021-01-15,14.688
2021-01-16,2.734
2021-01-17,47.383
2021-01-18,45.437
2021-01-19,130.528
2021-01-20,71.527
2021-01-21,46.571
2021-01-22,44.051
2021-01-23,0.911
2021-01-24,44.799
2021-01-25,110.467
2021-01-26,44.071
2021-01-27,15.469
2021-01-28,2.501
2021-01-29,8.902
2021-01-30,4.807
2021-01-31,26.725
2021-02-01,12.443
2021-02-02,22.803
2021-02-03,13.114
2021-02-04,4.617
2021-02-05,23.627
2021-02-06,17.123
2021-02-07,15.387
2021-02-08,15.579
2021-02-09,58.024
2021-02-10,15.017
2021-02-11,12.836
2021-02-12,19.917
2021-02-13,9.014
2021-02-14,0.587
2021-02-15,0.191
2021-02-16,13.139
2021-02-17,7.098
2021-02-18,1.409
2021-02-19,52.841
2021-02-20,2.17
2021-02-21,8.563
2021-02-22,1.416
2021-02-23,11.343
2021-02-24,6.514
2021-02-25,11.507
2021-02-26,24.744
2021-02-27,48.693
2021-02-28,31.298
2021-03-01,18.462
2021-03-02,22.414
2021-03-03,6.198
2021-03-04,14.831
2021-03-05,1.41
2021-03-06,0.904
2021-03-07,2.86
2021-03-08,1.141
2021-03-09,0.315
2021-03-10,0.002
2021-03-11,0.469
2021-03-12,0.858
2021-03-13,4.503
2021-03-14,4.268
2021-03-15,6.87
2021-03-16,0.839
2021-03-17,0.513
2021-03-18,0.122
2021-03-19,1.122
2021-03-20,2.175
2021-03-21,0.84
2021-03-22,1.397
2021-03-23,1.765
2021-03-24,9.915
2021-03-25,0.909
2021-03-26,3.808
2021-03-27,45.099
2021-03-28,0.039
2021-03-29,11.856
2021-03-30,1.42
2021-03-31,0.0
2021-04-01,0.0
2021-04-02,0.0
2021-04-03,0.0
2021-04-04,0.314
2021-04-05,0.185
2021-04-06,0.156
2021-04-07,0.451
2021-04-08,0.0
2021-04-09,0.0
2021-04-10,0.054
2021-04-11,0.061
2021-04-12,0.197
2021-04-13,0.887
2021-04-14,0.005
2021-04-15,0.0
2021-04-16,0.0
2021-04-17,0.032
2021-04-18,0.937
2021-04-19,0.028
2021-04-20,0.162
2021-04-21,0.287
2021-04-22,0.058
2021-04-23,0.409
2021-04-24,0.325
2021-04-25,0.182
2021-04-26,0.448
2021-04-27,0.016
2021-04-28,1.684
2021-04-29,0.047
2021-04-30,0.287
2021-05-01,43.797
2021-05-02,1.98
2021-05-03,1.55
2021-05-04,0.26
2021-05-05,0.0
2021-05-06,0.0
2021-05-07,0.0
2021-05-08,0.0
2021-05-09,0.0
2021-05-10,0.0
2021-05-11,0.0
2021-05-12,0.0
2021-05-13,0.0
2021-05-14,0.0
2021-05-15,0.0
2021-05-16,0.0
2021-05-17,0.0
2021-05-18,0.0
2021-05-19,0.0
2021-05-20,0.0
2021-05-21,0.0
2021-05-22,0.0
2021-05-23,0.038
2021-05-24,1.153
2021-05-25,0.0
2021-05-26,0.0
2021-05-27,0.0
2021-05-28,0.0
2021-05-29,0.0
2021-05-30,0.0
2021-05-31,0.0
2021-06-01,0.0
2021-06-02,0.08
2021-06-03,0.0
2021-06-04,0.0
2021-06-05,0.364
2021-06-06,0.086
2021-06-07,0.014
2021-06-08,0.0
2021-06-09,0.0
2021-06-10,0.0
2021-06-11,0.0
2021-06-12,0.0
2021-06-13,0.0
2021-06-14,0.0
2021-06-15,0.0
2021-06-16,0.0
2021-06-17,0.0
2021-06-18,0.0
2021-06-19,0.113
2021-06-20,1.76
2021-06-21,0.869
2021-06-22,0.303
2021-06-23,0.075
2021-06-24,0.0
2021-06-25,0.0
2021-06-26,0.0
2021-06-27,0.0
2021-06-28,0.0
2021-06-29,0.0
2021-06-30,0.0
2021-07-01,0.0
2021-07-02,0.0
2021-07-03,0.0
2021-07-04,0.0
2021-07-05,0.0
2021-07-06,0.0
2021-07-07,0.0
2021-07-08,0.002
2021-07-09,0.0
2021-07-10,0.0
2021-07-11,0.0
2021-07-12,0.0
2021-07-13,0.011
2021-07-14,0.164
2021-07-15,0.836
2021-07-16,1.162
2021-07-17,1.431
2021-07-18,0.024
2021-07-19,0.0
2021-07-20,0.0
2021-07-21,0.0
2021-07-22,0.0
2021-07-23,0.0
2021-07-24,1.429
2021-07-25,0.26
2021-07-26,0.009
2021-07-27,0.0
2021-07-28,0.0
2021-07-29,0.0
2021-07-30,0.0
2021-07-31,0.015
2021-08-01,0.515
2021-08-02,0.0
2021-08-03,0.0
2021-08-04,0.0
2021-08-05,0.0
2021-08-06,0.0
2021-08-07,0.0
2021-08-08,0.0
2021-08-09,0.0
2021-08-10,0.0
2021-08-11,0.0
2021-08-12,0.0
2021-08-13,0.0
2021-08-14,0.0
2021-08-15,0.065
2021-08-16,0.0
2021-08-17,0.0
2021-08-18,0.0
2021-08-19,0.0
2021-08-20,0.0
2021-08-21,0.0
2021-08-22,0.0
2021-08-23,0.422
2021-08-24,0.0
2021-08-25,0.0
2021-08-26,0.0
2021-08-27,0.0
2021-08-28,0.0
2021-08-29,0.0
2021-08-30,0.0
2021-08-31,0.0
2021-09-01,0.0
2021-09-02,0.023
2021-09-03,0.483
2021-09-04,0.0
2021-09-05,0.0
2021-09-06,0.0
2021-09-07,0.0
2021-09-08,0.0
2021-09-09,0.0
2021-09-10,0.0
2021-09-11,3.044
2021-09-12,0.0
2021-09-13,0.636
2021-09-14,0.0
2021-09-15,0.0
2021-09-16,0.0
2021-09-17,0.0
2021-09-18,0.044
2021-09-19,0.0
2021-09-20,0.0
2021-09-21,0.0
2021-09-22,0.0
2021-09-23,0.0
2021-09-24,0.0
2021-09-25,0.0
2021-09-26,0.0
2021-09-27,0.07
2021-09-28,0.0
2021-09-29,0.013
2021-09-30,0.004
2021-10-01,0.0
2021-10-02,0.055
2021-10-03,2.501
2021-10-04,0.081
2021-10-05,0.007
2021-10-06,0.0
2021-10-07,0.0
2021-10-08,0.0
2021-10-09,0.001
2021-10-10,0.0
2021-10-11,0.063
2021-10-12,0.004
2021-10-13,0.0
2021-10-14,0.0
2021-10-15,0.0
2021-10-16,0.0
2021-10-17,0.0
2021-10-18,3.992
2021-10-19,13.622
2021-10-20,2.873
2021-10-21,0.0
2021-10-22,0.218
2021-10-23,0.051
2021-10-24,0.076
2021-10-25,0.054
2021-10-26,0.113
2021-10-27,0.062
2021-10-28,0.0
2021-10-29,0.016
2021-10-30,0.002
2021-10-31,0.0
2021-11-01,0.104
2021-11-02,4.448
2021-11-03,0.925
2021-11-04,0.2
2021-11-05,0.0
2021-11-06,0.0
2021-11-07,0.0
2021-11-08,0.0
2021-11-09,0.001
2021-11-10,0.074
2021-11-11,3.974
2021-11-12,0.412
2021-11-13,0.139
2021-11-14,0.04
2021-11-15,0.026
2021-11-16,0.0
2021-11-17,0.0
2021-11-18,9.653
2021-11-19,1.402
2021-11-20,7.776
2021-11-21,18.769
2021-11-22,20.318
2021-11-23,1.545
2021-11-24,0.064
2021-11-25,20.663
2021-11-26,7.033
2021-11-27,1.758
2021-11-28,0.0
2021-11-29,0.0
2021-11-30,0.0
2021-12-01,0.0
2021-12-02,0.0
2021-12-03,0.0
2021-12-04,0.0
2021-12-05,0.0
2021-12-06,0.19
2021-12-07,0.075
2021-12-08,0.219
2021-12-09,1.347
2021-12-10,2.526
2021-12-11,0.0
2021-12-12,0.0
2021-12-13,0.0
2021-12-14,0.079
2021-12-15,14.809
2021-12-16,15.81
2021-12-17,44.161
2021-12-18,34.901
2021-12-19,90.17
2021-12-20,69.883
2021-12-21,30.831
2021-12-22,73.991
2021-12-23,3.806
2021-12-24,7.842
2021-12-25,21.924
2021-12-26,27.211
2021-12-27,2.973
2021-12-28,4.493
2021-12-29,0.919
2021-12-30,0.124
2021-12-31,16.367
2022-01-01,28.304
2022-01-02,0.454
2022-01-03,5.371
2022-01-04,13.019
2022-01-05,40.79
2022-01-06,20.166
2022-01-07,86.109
2022-01-08,59.631
2022-01-09,6.805
2022-01-10,20.042
2022-01-11,48.622
2022-01-12,57.333
2022-01-13,58.612
2022-01-14,69.52
2022-01-15,17.196
2022-01-16,1.25
2022-01-17,30.872
2022-01-18,28.669
2022-01-19,14.167
2022-01-20,17.801
2022-01-21,0.93
2022-01-22,20.95
2022-01-23,2.235
2022-01-24,1.721
2022-01-25,5.578
2022-01-26,153.199
2022-01-27,28.602
2022-01-28,11.224
2022-01-29,56.081
2022-01-30,98.77
2022-01-31,19.673
2022-02-01,26.033
2022-02-02,3.408
2022-02-03,27.149
2022-02-04,9.686
2022-02-05,27.063
2022-02-06,5.991
2022-02-07,12.144
2022-02-08,2.129
2022-02-09,1.725
2022-02-10,16.931
2022-02-11,16.784
2022-02-12,38.497
2022-02-13,3.788
2022-02-14,1.635
2022-02-15,10.456
2022-02-16,2.418
2022-02-17,1.89
2022-02-18,0.456
2022-02-19,2.609
2022-02-20,1.431
2022-02-21,0.309
2022-02-22,1.189
2022-02-23,5.175
2022-02-24,1.896
2022-02-25,0.647
2022-02-26,1.137
2022-02-27,1.423
2022-02-28,0.55
2022-03-01,0.86
2022-03-02,0.637
2022-03-03,0.542
2022-03-04,0.274
2022-03-05,10.324
2022-03-06,12.046
2022-03-07,0.224
2022-03-08,1.295
2022-03-09,1.493
2022-03-10,8.915
2022-03-11,2.037
2022-03-12,17.898
2022-03-13,5.209
2022-03-14,4.159
2022-03-15,12.591
2022-03-16,14.757
2022-03-17,74.953
2022-03-18,40.689
2022-03-19,6.094
2022-03-20,9.393
2022-03-21,3.731
2022-03-22,2.101
2022-03-23,1.53
2022-03-24,5.902
2022-03-25,38.342
2022-03-26,51.394
2022-03-27,41.523
2022-03-28,11.358
2022-03-29,7.162
2022-03-30,1.073
2022-03-31,0.467
2022-04-01,0.362
2022-04-02,0.177
2022-04-03,1.407
2022-04-04,12.945
2022-04-05,25.716
2022-04-06,27.92
2022-04-07,0.933
2022-04-08,16.392
2022-04-09,5.822
2022-04-10,4.574
2022-04-11,1.834
2022-04-12,1.854
2022-04-13,0.813
2022-04-14,0.299
2022-04-15,0.408
2022-04-16,1.067
2022-04-17,2.984
2022-04-18,0.984
2022-04-19,23.4
2022-04-20,14.503
2022-04-21,32.873
2022-04-22,1.742
2022-04-23,0.612
2022-04-24,0.25
2022-04-25,0.319
2022-04-26,1.461
2022-04-27,1.337
2022-04-28,4.434
2022-04-29,0.658
2022-04-30,0.0
2022-05-01,0.0
2022-05-02,1.712
2022-05-03,4.261
2022-05-04,1.118
2022-05-05,0.056
2022-05-06,0.423
2022-05-07,0.561
2022-05-08,0.162
2022-05-09,0.009
2022-05-10,0.002
2022-05-11,0.0
2022-05-12,0.033
2022-05-13,0.005
2022-05-14,0.0
2022-05-15,0.0
2022-05-16,0.0
2022-05-17,1.007
2022-05-18,1.003
2022-05-19,0.004
2022-05-20,0.155
2022-05-21,0.216
2022-05-22,0.0
2022-05-23,0.0
2022-05-24,0.0
2022-05-25,0.0
2022-05-26,0.0
2022-05-27,0.0
2022-05-28,0.0
2022-05-29,0.0
2022-05-30,0.0
2022-05-31,0.0
2022-06-01,0.001
2022-06-02,0.13
2022-06-03,0.745
2022-06-04,0.51
2022-06-05,0.0
2022-06-06,0.0
2022-06-07,0.0
2022-06-08,0.0
2022-06-09,0.533
2022-06-10,0.322
2022-06-11,0.289
2022-06-12,0.118
2022-06-13,0.0
2022-06-14,0.0
2022-06-15,0.0
2022-06-16,0.0
2022-06-17,0.0
2022-06-18,0.0
2022-06-19,0.0
2022-06-20,0.0
2022-06-21,0.0
2022-06-22,0.001
2022-06-23,0.0
2022-06-24,0.0
2022-06-25,0.0
2022-06-26,0.097
2022-06-27,1.35
2022-06-28,2.534
2022-06-29,6.536
2022-06-30,3.28
2022-07-01,3.128
2022-07-02,1.663
2022-07-03,0.114
2022-07-04,0.0
2022-07-05,0.0
2022-07-06,0.0
2022-07-07,0.0
2022-07-08,0.0
2022-07-09,0.0
2022-07-10,0.092
2022-07-11,0.016
2022-07-12,0.546
2022-07-13,0.216
2022-07-14,0.54
2022-07-15,0.024
2022-07-16,0.347
2022-07-17,0.0
2022-07-18,1.061
2022-07-19,1.09
2022-07-20,0.295
2022-07-21,0.063
2022-07-22,0.344
2022-07-23,0.0
2022-07-24,0.005
2022-07-25,0.0
2022-07-26,0.0
2022-07-27,0.0
2022-07-28,0.0
2022-07-29,0.0
2022-07-30,0.0
2022-07-31,0.0
2022-08-01,0.0
2022-08-02,0.001
2022-08-03,0.0
2022-08-04,0.0
2022-08-05,0.0
2022-08-06,0.0
2022-08-07,0.0
2022-08-08,0.0
2022-08-09,0.0
2022-08-10,0.0
2022-08-11,0.0
2022-08-12,0.0
2022-08-13,0.0
2022-08-14,0.0
2022-08-15,0.0
2022-08-16,0.0
2022-08-17,0.0
2022-08-18,0.0
2022-08-19,0.0
2022-08-20,0.0
2022-08-21,0.0
2022-08-22,0.0
2022-08-23,0.0
2022-08-24,0.001
2022-08-25,0.0
2022-08-26,0.0
2022-08-27,0.0
2022-08-28,0.0
2022-08-29,0.0
2022-08-30,0.0
2022-08-31,0.0
2022-09-01,1.19
2022-09-02,0.0
2022-09-03,0.0
2022-09-04,0.0
2022-09-05,0.0
2022-09-06,0.0
2022-09-07,0.0
2022-09-08,0.0
2022-09-09,0.0
2022-09-10,0.0
2022-09-11,0.0
2022-09-12,0.0
2022-09-13,0.0
2022-09-14,0.0
2022-09-15,0.0
2022-09-16,0.0
2022-09-17,0.0
2022-09-18,0.0
2022-09-19,0.0
2022-09-20,0.053
2022-09-21,0.106
2022-09-22,0.0
2022-09-23,0.0
2022-09-24,0.0
2022-09-25,0.001
2022-09-26,0.001
2022-09-27,0.0
2022-09-28,0.0
2022-09-29,0.0
2022-09-30,0.0
2022-10-01,0.0
2022-10-02,0.0
2022-10-03,0.0
2022-10-04,0.0
2022-10-05,0.0
2022-10-06,0.0
2022-10-07,0.0
2022-10-08,0.0
2022-10-09,0.0
2022-10-10,0.0
2022-10-11,0.044
2022-10-12,0.0
2022-10-13,0.0
2022-10-14,0.0
2022-10-15,0.0
2022-10-16,0.0
2022-10-17,0.0
2022-10-18,0.0
2022-10-19,0.003
2022-10-20,0.0
2022-10-21,0.0
2022-10-22,0.0
2022-10-23,0.0
2022-10-24,0.052
2022-10-25,0.144
2022-10-26,6.856
2022-10-27,0.005
2022-10-28,0.897
2022-10-29,0.025
2022-10-30,0.0
2022-10-31,1.793
2022-11-01,9.492
2022-11-02,19.359
2022-11-03,27.633
2022-11-04,3.077
2022-11-05,32.11
2022-11-06,1.854
2022-11-07,42.307
2022-11-08,4.486
2022-11-09,14.832
2022-11-10,37.745
2022-11-11,50.403
2022-11-12,23.409
2022-11-13,23.324
2022-11-14,32.172
2022-11-15,20.053
2022-11-16,0.862
2022-11-17,0.353
2022-11-18,0.006
2022-11-19,0.0
2022-11-20,0.0
2022-11-21,0.199
2022-11-22,8.643
2022-11-23,21.104
2022-11-24,18.667
2022-11-25,7.691
2022-11-26,0.902
2022-11-27,58.844
2022-11-28,57.047
2022-11-29,40.411
2022-11-30,9.708
2022-12-01,1.606
2022-12-02,0.0
2022-12-03,0.0
2022-12-04,0.01
2022-12-05,0.006
2022-12-06,15.776
2022-12-07,41.345
2022-12-08,16.644
2022-12-09,29.161
2022-12-10,31.145
2022-12-11,27.951
2022-12-12,4.15
2022-12-13,28.938
2022-12-14,12.643
2022-12-15,24.986
2022-12-16,14.612
2022-12-17,34.245
2022-12-18,44.805
2022-12-19,9.168
2022-12-20,36.561
2022-12-21,13.273
2022-12-22,5.437
2022-12-23,4.937
2022-12-24,2.254
2022-12-25,2.481
2022-12-26,2.183
2022-12-27,1.138
2022-12-28,0.0
2022-12-29,0.005
2022-12-30,28.337
2022-12-31,41.522
2023-01-01,35.578
2023-01-02,35.909
2023-01-03,23.477
2023-01-04,0.738
2023-01-05,4.199
2023-01-06,23.305
2023-01-07,66.471
2023-01-08,11.367
2023-01-09,44.432
2023-01-10,26.761
2023-01-11,34.372
2023-01-12,30.916
2023-01-13,19.732
2023-01-14,9.944
2023-01-15,29.18
2023-01-16,9.122
2023-01-17,41.684
2023-01-18,54.277
2023-01-19,37.753
2023-01-20,46.1
2023-01-21,111.109
2023-01-22,110.079
2023-01-23,64.405
2023-01-24,44.118
2023-01-25,60.067
2023-01-26,210.896
2023-01-27,43.907
2023-01-28,52.957
2023-01-29,0.725
2023-01-30,15.923
2023-01-31,40.554
2023-02-01,17.25
2023-02-02,27.015
2023-02-03,34.779
2023-02-04,2.152
2023-02-05,24.41
2023-02-06,54.865
2023-02-07,2.544
2023-02-08,6.382
2023-02-09,18.139
2023-02-10,17.335
2023-02-11,0.996
2023-02-12,0.006
2023-02-13,0.297
2023-02-14,3.962
2023-02-15,2.616
2023-02-16,49.329
2023-02-17,18.931
2023-02-18,15.577
2023-02-19,5.201
2023-02-20,6.941
2023-02-21,1.29
2023-02-22,8.066
2023-02-23,3.732
2023-02-24,2.746
2023-02-25,1.227
2023-02-26,0.073
2023-02-27,1.019
2023-02-28,1.458
2023-03-01,2.263
2023-03-02,2.017
2023-03-03,1.77
2023-03-04,0.716
2023-03-05,1.656
2023-03-06,1.387
2023-03-07,0.931
2023-03-08,2.555
2023-03-09,0.013
2023-03-10,0.0
2023-03-11,0.132
2023-03-12,0.802
2023-03-13,0.318
2023-03-14,0.857
2023-03-15,1.048
2023-03-16,0.669
2023-03-17,1.645
2023-03-18,1.334
2023-03-19,3.819
2023-03-20,11.698
2023-03-21,2.288
2023-03-22,28.779
2023-03-23,20.591
2023-03-24,2.171
2023-03-25,0.326
2023-03-26,0.012
2023-03-27,0.463
2023-03-28,10.068
2023-03-29,0.377
2023-03-30,0.726
2023-03-31,0.266
2023-04-01,0.531
2023-04-02,0.032
2023-04-03,0.377
2023-04-04,1.294
2023-04-05,0.203
2023-04-06,0.459
2023-04-07,0.001
2023-04-08,0.0
2023-04-09,0.0
2023-04-10,0.063
2023-04-11,0.22
2023-04-12,0.064
2023-04-13,0.459
2023-04-14,0.0
2023-04-15,0.007
2023-04-16,1.423
2023-04-17,0.416
2023-04-18,0.001
2023-04-19,0.015
2023-04-20,0.158
2023-04-21,0.175
2023-04-22,0.0
2023-04-23,0.008
2023-04-24,0.0
2023-04-25,0.0
2023-04-26,0.0
2023-04-27,0.0
2023-04-28,0.0
2023-04-29,0.0
2023-04-30,0.0
2023-05-01,0.0
2023-05-02,0.0
2023-05-03,0.0
2023-05-04,0.0
2023-05-05,0.0
2023-05-06,0.0
2023-05-07,0.0
2023-05-08,0.0
2023-05-09,0.0
2023-05-10,0.0
2023-05-11,0.0
2023-05-12,0.0
2023-05-13,0.0
2023-05-14,0.0
2023-05-15,0.0
2023-05-16,0.0
2023-05-17,0.0
2023-05-18,0.002
2023-05-19,0.0
2023-05-20,0.0
2023-05-21,0.0
2023-05-22,0.0
2023-05-23,0.0
2023-05-24,0.0
2023-05-25,0.0
2023-05-26,0.0
2023-05-27,0.0
2023-05-28,0.0
2023-05-29,0.0
2023-05-30,0.0
2023-05-31,0.0
2023-06-01,0.0
2023-06-02,0.0
2023-06-03,0.0
2023-06-04,0.0
2023-06-05,0.0
2023-06-06,0.0
2023-06-07,0.0
2023-06-08,0.01
2023-06-09,0.132
2023-06-10,0.0
2023-06-11,0.0
2023-06-12,0.0
2023-06-13,0.0
2023-06-14,0.0
2023-06-15,0.0
2023-06-16,0.0
2023-06-17,0.0
2023-06-18,0.0
2023-06-19,0.0
2023-06-20,0.0
2023-06-21,0.0
2023-06-22,0.0
2023-06-23,0.0
2023-06-24,0.0
2023-06-25,0.0
2023-06-26,0.0
2023-06-27,0.0
2023-06-28,0.0
2023-06-29,0.0
2023-06-30,0.0
2023-07-01,0.0
2023-07-02,0.0
2023-07-03,0.0
2023-07-04,0.005
2023-07-05,0.0
2023-07-06,0.001
2023-07-07,0.001
2023-07-08,0.009
2023-07-09,0.0
2023-07-10,0.0
2023-07-11,0.0
2023-07-12,0.048
2023-07-13,0.201
2023-07-14,0.0
2023-07-15,0.0
2023-07-16,0.0
2023-07-17,0.0
2023-07-18,0.0
2023-07-19,0.0
2023-07-20,0.0
2023-07-21,0.0
2023-07-22,0.0
2023-07-23,0.0
2023-07-24,0.0
2023-07-25,0.0
2023-07-26,0.0
2023-07-27,0.0
2023-07-28,0.0
2023-07-29,0.0
2023-07-30,0.0
2023-07-31,0.0
2023-08-01,0.0
2023-08-02,1.407
2023-08-03,0.445
2023-08-04,0.034
2023-08-05,0.0
2023-08-06,0.081
2023-08-07,0.128
2023-08-08,0.0
2023-08-09,0.0
2023-08-10,0.0
2023-08-11,0.833
2023-08-12,0.0
2023-08-13,0.0
2023-08-14,0.0
2023-08-15,0.0
2023-08-16,0.0
2023-08-17,0.0
2023-08-18,0.0
2023-08-19,0.0
2023-08-20,0.0
2023-08-21,0.0
2023-08-22,0.0
2023-08-23,0.0
2023-08-24,0.0
2023-08-25,0.0
2023-08-26,0.0
2023-08-27,0.069
2023-08-28,0.02
2023-08-29,2.501
2023-08-30,0.0
2023-08-31,0.0
2023-09-01,0.0
2023-09-02,0.0
2023-09-03,0.0
2023-09-04,0.0
2023-09-05,0.0
2023-09-06,0.0
2023-09-07,0.0
2023-09-08,0.0
2023-09-09,0.0
2023-09-10,0.0
2023-09-11,0.0
2023-09-12,0.0
2023-09-13,0.0
2023-09-14,0.0
2023-09-15,0.0
2023-09-16,0.0
2023-09-17,0.0
2023-09-18,0.0
2023-09-19,0.0
2023-09-20,0.05
2023-09-21,0.0
2023-09-22,0.0
2023-09-23,0.0
2023-09-24,0.0
2023-09-25,0.0
2023-09-26,0.0
2023-09-27,0.254
2023-09-28,0.0
2023-09-29,0.171
2023-09-30,0.0
2023-10-01,0.181
2023-10-02,0.0
2023-10-03,0.052
2023-10-04,0.0
2023-10-05,0.0
2023-10-06,0.0
2023-10-07,0.0
2023-10-08,0.0
2023-10-09,0.0
2023-10-10,0.0
2023-10-11,0.0
2023-10-12,0.0
2023-10-13,0.0
2023-10-14,0.01
2023-10-15,0.075
2023-10-16,3.389
2023-10-17,1.08
2023-10-18,1.518
2023-10-19,0.778
2023-10-20,1.476
2023-10-21,0.003
2023-10-22,0.022
2023-10-23,0.051
2023-10-24,0.0
2023-10-25,0.125
2023-10-26,0.0
2023-10-27,0.0
2023-10-28,0.0
2023-10-29,0.008
2023-10-30,5.97
2023-10-31,1.071
2023-11-01,0.166
2023-11-02,0.008
2023-11-03,0.025
2023-11-04,0.0
2023-11-05,0.0
2023-11-06,0.0
2023-11-07,0.0
2023-11-08,0.322
2023-11-09,0.11
2023-11-10,0.002
2023-11-11,0.0
2023-11-12,0.0
2023-11-13,0.021
2023-11-14,0.362
2023-11-15,0.003
2023-11-16,0.0
2023-11-17,0.0
2023-11-18,0.0
2023-11-19,0.0
2023-11-20,0.0
2023-11-21,4.053
2023-11-22,3.8
2023-11-23,0.001
2023-11-24,0.309
2023-11-25,3.213
2023-11-26,3.373
2023-11-27,4.104
2023-11-28,0.0
2023-11-29,4.57
2023-11-30,22.734
2023-12-01,22.284
2023-12-02,1.855
2023-12-03,0.009
2023-12-04,0.0
2023-12-05,0.0
2023-12-06,0.0
2023-12-07,0.006
2023-12-08,0.002
2023-12-09,0.0
2023-12-10,0.0
2023-12-11,4.837
2023-12-12,45.497
2023-12-13,3.891
2023-12-14,9.338
2023-12-15,5.892
2023-12-16,7.389
2023-12-17,26.596
2023-12-18,0.113
2023-12-19,24.883
2023-12-20,41.435
2023-12-21,4.259
2023-12-22,15.28
2023-12-23,16.943
2023-12-24,17.213
2023-12-25,1.013
2023-12-26,96.876
2023-12-27,71.648
2023-12-28,4.3
2023-12-29,2.497
2023-12-30,3.047
2023-12-31,1.244
